# OBJ generated by ONSHAPE BY PTC INC, 1.218 Units = meters
mtllib appendixM.mtl
g appendix
v -0.000973071 0.00894724 0 
v -2.20436e-18 0.009 0 
v -2.20436e-18 0.009 0.158 
v -0.00193473 0.00878959 0 
v -0.000973071 0.00894724 0.158 
v -0.00287371 0.00852888 0 
v -0.00193473 0.00878959 0.158 
v -0.003779 0.00816818 0 
v -0.00287371 0.00852888 0.158 
v -0.00463998 0.00771171 0 
v -0.003779 0.00816818 0.158 
v -0.00544657 0.00716484 0 
v -0.00463998 0.00771171 0.158 
v -0.0061893 0.00653396 0 
v -0.00544657 0.00716484 0.158 
v -0.00685946 0.00582648 0 
v -0.0061893 0.00653396 0.158 
v -0.0074492 0.00505068 0 
v -0.00685946 0.00582648 0.158 
v -0.00795161 0.00421568 0 
v -0.0074492 0.00505068 0.158 
v -0.00836079 0.00333124 0 
v -0.00795161 0.00421568 0.158 
v -0.00867195 0.00240776 0 
v -0.00836079 0.00333124 0.158 
v -0.00888144 0.00145604 0 
v -0.00867195 0.00240776 0.158 
v -0.0089868 0.00048725 0 
v -0.00888144 0.00145604 0.158 
v -0.0089868 -0.00048725 0 
v -0.0089868 0.00048725 0.158 
v -0.00888144 -0.00145604 0 
v -0.0089868 -0.00048725 0.158 
v -0.00867195 -0.00240776 0 
v -0.00888144 -0.00145604 0.158 
v -0.00836079 -0.00333124 0 
v -0.00867195 -0.00240776 0.158 
v -0.00795161 -0.00421568 0 
v -0.00836079 -0.00333124 0.158 
v -0.0074492 -0.00505068 0 
v -0.00795161 -0.00421568 0.158 
v -0.00685946 -0.00582648 0 
v -0.0074492 -0.00505068 0.158 
v -0.0061893 -0.00653396 0 
v -0.00685946 -0.00582648 0.158 
v -0.00544657 -0.00716484 0 
v -0.0061893 -0.00653396 0.158 
v -0.00463998 -0.00771171 0 
v -0.00544657 -0.00716484 0.158 
v -0.003779 -0.00816818 0 
v -0.00463998 -0.00771171 0.158 
v -0.00287371 -0.00852888 0 
v -0.003779 -0.00816818 0.158 
v -0.00193473 -0.00878959 0 
v -0.00287371 -0.00852888 0.158 
v -0.000973071 -0.00894724 0 
v -0.00193473 -0.00878959 0.158 
v 1.10218e-18 -0.009 0 
v -0.000973071 -0.00894724 0.158 
v 0.000973071 -0.00894724 0 
v -6.89142e-18 -0.009 0.158 
v 0.00193473 -0.00878959 0 
v 0.000973071 -0.00894724 0.158 
v 0.00287371 -0.00852888 0 
v 0.00193473 -0.00878959 0.158 
v 0.003779 -0.00816818 0 
v 0.00287371 -0.00852888 0.158 
v 0.00463998 -0.00771171 0 
v 0.003779 -0.00816818 0.158 
v 0.00544657 -0.00716484 0 
v 0.00463998 -0.00771171 0.158 
v 0.0061893 -0.00653396 0 
v 0.00544657 -0.00716484 0.158 
v 0.00685946 -0.00582648 0 
v 0.0061893 -0.00653396 0.158 
v 0.0074492 -0.00505068 0 
v 0.00685946 -0.00582648 0.158 
v 0.00795161 -0.00421568 0 
v 0.0074492 -0.00505068 0.158 
v 0.00836079 -0.00333124 0 
v 0.00795161 -0.00421568 0.158 
v 0.00867195 -0.00240776 0 
v 0.00836079 -0.00333124 0.158 
v 0.00888144 -0.00145604 0 
v 0.00867195 -0.00240776 0.158 
v 0.0089868 -0.00048725 0 
v 0.00888144 -0.00145604 0.158 
v 0.0089868 0.00048725 0 
v 0.0089868 -0.00048725 0.158 
v 0.00888144 0.00145604 0 
v 0.0089868 0.00048725 0.158 
v 0.00867195 0.00240776 0 
v 0.00888144 0.00145604 0.158 
v 0.00836079 0.00333124 0 
v 0.00867195 0.00240776 0.158 
v 0.00795161 0.00421568 0 
v 0.00836079 0.00333124 0.158 
v 0.0074492 0.00505068 0 
v 0.00795161 0.00421568 0.158 
v 0.00685946 0.00582648 0 
v 0.0074492 0.00505068 0.158 
v 0.0061893 0.00653396 0 
v 0.00685946 0.00582648 0.158 
v 0.00544657 0.00716484 0 
v 0.0061893 0.00653396 0.158 
v 0.00463998 0.00771171 0 
v 0.00544657 0.00716484 0.158 
v 0.003779 0.00816818 0 
v 0.00463998 0.00771171 0.158 
v 0.00287371 0.00852888 0 
v 0.003779 0.00816818 0.158 
v 0.00193473 0.00878959 0 
v 0.00287371 0.00852888 0.158 
v 0.000973071 0.00894724 0 
v 0.00193473 0.00878959 0.158 
v 0.000973071 0.00894724 0.158 
v -0.0167761 0.00275029 0 
v -0.0163803 0.00454798 0 
v -0.0036545 -0.0166025 0 
v -0.00542813 -0.0161101 0 
v -0.00713811 -0.0154288 0 
v -0.00876442 -0.0145666 0 
v -0.010288 -0.0135336 0 
v -0.0116909 -0.0123419 0 
v -0.0129568 -0.0110056 0 
v -0.0140707 -0.00954018 0 
v -0.0150197 -0.00796294 0 
v -0.0157926 -0.00629235 0 
v -0.0157926 0.00629235 0 
v -0.0140707 0.00954018 0 
v -0.0129568 0.0110056 0 
v -0.0116909 0.0123419 0 
v -0.00542813 0.0161101 0 
v -0.0036545 0.0166025 0 
v -0.00183802 0.0169003 0 
v 0 0.017 0 
v 0.0036545 0.0166025 0 
v 0.00542813 0.0161101 0 
v 0.00713811 -0.0154288 0 
v 0.00542813 -0.0161101 0 
v 0.0036545 -0.0166025 0 
v 0.00183802 -0.0169003 0 
v 2.0819e-18 -0.017 0 
v -0.00183802 -0.0169003 0 
v -0.0150197 0.00796294 0 
v -0.010288 0.0135336 0 
v -0.00876442 0.0145666 0 
v -0.00713811 0.0154288 0 
v 0.00183802 0.0169003 0 
v 0.010288 -0.0135336 0 
v 0.00876442 -0.0145666 0 
v -0.0163803 -0.00454798 0 
v -0.0167761 -0.00275029 0 
v 0.00713811 0.0154288 0 
v 0.00876442 0.0145666 0 
v 0.0157926 0.00629235 0 
v 0.0163803 0.00454798 0 
v 0.0167761 0.00275029 0 
v 0.0169751 0.000920361 0 
v 0.0169751 -0.000920361 0 
v -0.0169751 -0.000920361 0 
v 0.0167761 -0.00275029 0 
v 0.0157926 -0.00629235 0 
v 0.0150197 -0.00796294 0 
v 0.0140707 -0.00954018 0 
v 0.0129568 -0.0110056 0 
v -0.0169751 0.000920361 0 
v 0.010288 0.0135336 0 
v 0.0116909 0.0123419 0 
v 0.0140707 0.00954018 0 
v 0.0150197 0.00796294 0 
v 0.0163803 -0.00454798 0 
v 0.0116909 -0.0123419 0 
v 0.0129568 0.0110056 0 
v 0 0.017 0.158 
v 0.00183802 0.0169003 0.158 
v 0.0036545 0.0166025 0.158 
v 0.00542813 0.0161101 0.158 
v 0.00713811 0.0154288 0.158 
v 0.00876442 0.0145666 0.158 
v 0.010288 0.0135336 0.158 
v 0.0116909 0.0123419 0.158 
v 0.0129568 0.0110056 0.158 
v 0.0140707 0.00954018 0.158 
v 0.0150197 0.00796294 0.158 
v 0.0157926 0.00629235 0.158 
v 0.0163803 0.00454798 0.158 
v 0.0167761 0.00275029 0.158 
v 0.0169751 0.000920361 0.158 
v 0.0169751 -0.000920361 0.158 
v 0.0167761 -0.00275029 0.158 
v 0.0163803 -0.00454798 0.158 
v 0.0157926 -0.00629235 0.158 
v 0.0150197 -0.00796294 0.158 
v 0.0140707 -0.00954018 0.158 
v 0.0129568 -0.0110056 0.158 
v 0.0116909 -0.0123419 0.158 
v 0.010288 -0.0135336 0.158 
v 0.00876442 -0.0145666 0.158 
v 0.00713811 -0.0154288 0.158 
v 0.00542813 -0.0161101 0.158 
v 0.0036545 -0.0166025 0.158 
v 0.00183802 -0.0169003 0.158 
v -1.30171e-17 -0.017 0.158 
v -0.00183802 -0.0169003 0.158 
v -0.0036545 -0.0166025 0.158 
v -0.00542813 -0.0161101 0.158 
v -0.00713811 -0.0154288 0.158 
v -0.00876442 -0.0145666 0.158 
v -0.010288 -0.0135336 0.158 
v -0.0116909 -0.0123419 0.158 
v -0.0129568 -0.0110056 0.158 
v -0.0140707 -0.00954018 0.158 
v -0.0150197 -0.00796294 0.158 
v -0.0157926 -0.00629235 0.158 
v -0.0163803 -0.00454798 0.158 
v -0.0167761 -0.00275029 0.158 
v -0.0169751 -0.000920361 0.158 
v -0.0169751 0.000920361 0.158 
v -0.0167761 0.00275029 0.158 
v -0.0163803 0.00454798 0.158 
v -0.0157926 0.00629235 0.158 
v -0.0150197 0.00796294 0.158 
v -0.0140707 0.00954018 0.158 
v -0.0129568 0.0110056 0.158 
v -0.0116909 0.0123419 0.158 
v -0.010288 0.0135336 0.158 
v -0.00876442 0.0145666 0.158 
v -0.00713811 0.0154288 0.158 
v -0.00542813 0.0161101 0.158 
v -0.0036545 0.0166025 0.158 
v -0.00183802 0.0169003 0.158 
v 0 0.011 0.16 
v 0.00118931 0.0109355 0.16 
v 0.00236467 0.0107428 0.16 
v 0.00351232 0.0104242 0.16 
v 0.00461878 0.00998333 0.16 
v 0.00567109 0.00942543 0.16 
v 0.00665692 0.00875702 0.16 
v 0.00756469 0.00798595 0.16 
v 0.00838378 0.00712125 0.16 
v 0.00910458 0.00617306 0.16 
v 0.00971863 0.00515249 0.16 
v 0.0102187 0.00407152 0.16 
v 0.010599 0.00294281 0.16 
v 0.0108551 0.0017796 0.16 
v 0.0109839 0.000595528 0.16 
v 0.0109839 -0.000595528 0.16 
v 0.0108551 -0.0017796 0.16 
v 0.010599 -0.00294281 0.16 
v 0.0102187 -0.00407152 0.16 
v 0.00971863 -0.00515249 0.16 
v 0.00910458 -0.00617306 0.16 
v 0.00838378 -0.00712125 0.16 
v 0.00756469 -0.00798595 0.16 
v 0.00665692 -0.00875702 0.16 
v 0.00567109 -0.00942543 0.16 
v 0.00461878 -0.00998333 0.16 
v 0.00351232 -0.0104242 0.16 
v 0.00236467 -0.0107428 0.16 
v 0.00118931 -0.0109355 0.16 
v -8.42285e-18 -0.011 0.16 
v -0.00118931 -0.0109355 0.16 
v -0.00236467 -0.0107428 0.16 
v -0.00351232 -0.0104242 0.16 
v -0.00461878 -0.00998333 0.16 
v -0.00567109 -0.00942543 0.16 
v -0.00665692 -0.00875702 0.16 
v -0.00756469 -0.00798595 0.16 
v -0.00838378 -0.00712125 0.16 
v -0.00910458 -0.00617306 0.16 
v -0.00971863 -0.00515249 0.16 
v -0.0102187 -0.00407152 0.16 
v -0.010599 -0.00294281 0.16 
v -0.0108551 -0.0017796 0.16 
v -0.0109839 -0.000595528 0.16 
v -0.0109839 0.000595528 0.16 
v -0.0108551 0.0017796 0.16 
v -0.010599 0.00294281 0.16 
v -0.0102187 0.00407152 0.16 
v -0.00971863 0.00515249 0.16 
v -0.00910458 0.00617306 0.16 
v -0.00838378 0.00712125 0.16 
v -0.00756469 0.00798595 0.16 
v -0.00665692 0.00875702 0.16 
v -0.00567109 0.00942543 0.16 
v -0.00461878 0.00998333 0.16 
v -0.00351232 0.0104242 0.16 
v -0.00236467 0.0107428 0.16 
v -0.00118931 0.0109355 0.16 
v 0 0.00901096 0.158209 
v 0.000974256 0.00895813 0.158209 
v 0.00193709 0.00880029 0.158209 
v 0.00287721 0.00853926 0.158209 
v 0.0037836 0.00817812 0.158209 
v 0.00464563 0.0077211 0.158209 
v 0.0054532 0.00717356 0.158209 
v 0.00619683 0.00654191 0.158209 
v 0.00686781 0.00583357 0.158209 
v 0.00745827 0.00505683 0.158209 
v 0.00796129 0.00422081 0.158209 
v 0.00837097 0.0033353 0.158209 
v 0.00868251 0.00241069 0.158209 
v 0.00889225 0.00145781 0.158209 
v 0.00899774 0.000487843 0.158209 
v 0.00899774 -0.000487843 0.158209 
v 0.00889225 -0.00145781 0.158209 
v 0.00868251 -0.00241069 0.158209 
v 0.00837097 -0.0033353 0.158209 
v 0.00796129 -0.00422081 0.158209 
v 0.00745827 -0.00505683 0.158209 
v 0.00686781 -0.00583357 0.158209 
v 0.00619683 -0.00654191 0.158209 
v 0.0054532 -0.00717356 0.158209 
v 0.00464563 -0.0077211 0.158209 
v 0.0037836 -0.00817812 0.158209 
v 0.00287721 -0.00853926 0.158209 
v 0.00193709 -0.00880029 0.158209 
v 0.000974256 -0.00895813 0.158209 
v -1.87578e-18 -0.00901096 0.158209 
v -0.000974256 -0.00895813 0.158209 
v -0.00193709 -0.00880029 0.158209 
v -0.00287721 -0.00853926 0.158209 
v -0.0037836 -0.00817812 0.158209 
v -0.00464563 -0.0077211 0.158209 
v -0.0054532 -0.00717356 0.158209 
v -0.00619683 -0.00654191 0.158209 
v -0.00686781 -0.00583357 0.158209 
v -0.00745827 -0.00505683 0.158209 
v -0.00796129 -0.00422081 0.158209 
v -0.00837097 -0.0033353 0.158209 
v -0.00868251 -0.00241069 0.158209 
v -0.00889225 -0.00145781 0.158209 
v -0.00899774 -0.000487843 0.158209 
v -0.00899774 0.000487843 0.158209 
v -0.00889225 0.00145781 0.158209 
v -0.00868251 0.00241069 0.158209 
v -0.00837097 0.0033353 0.158209 
v -0.00796129 0.00422081 0.158209 
v -0.00745827 0.00505683 0.158209 
v -0.00686781 0.00583357 0.158209 
v -0.00619683 0.00654191 0.158209 
v -0.0054532 0.00717356 0.158209 
v -0.00464563 0.0077211 0.158209 
v -0.0037836 0.00817812 0.158209 
v -0.00287721 0.00853926 0.158209 
v -0.00193709 0.00880029 0.158209 
v -0.000974256 0.00895813 0.158209 
v 0 0.0090437 0.158416 
v 0.000977796 0.00899069 0.158416 
v 0.00194413 0.00883227 0.158416 
v 0.00288767 0.0085703 0.158416 
v 0.00379735 0.00820784 0.158416 
v 0.00466252 0.00774916 0.158416 
v 0.00547302 0.00719963 0.158416 
v 0.00621935 0.00656569 0.158416 
v 0.00689277 0.00585477 0.158416 
v 0.00748537 0.00507521 0.158416 
v 0.00799022 0.00423615 0.158416 
v 0.00840139 0.00334742 0.158416 
v 0.00871406 0.00241945 0.158416 
v 0.00892457 0.00146311 0.158416 
v 0.00903044 0.000489616 0.158416 
v 0.00903044 -0.000489616 0.158416 
v 0.00892457 -0.00146311 0.158416 
v 0.00871406 -0.00241945 0.158416 
v 0.00840139 -0.00334742 0.158416 
v 0.00799022 -0.00423615 0.158416 
v 0.00748537 -0.00507521 0.158416 
v 0.00689277 -0.00585477 0.158416 
v 0.00621935 -0.00656569 0.158416 
v 0.00547302 -0.00719963 0.158416 
v 0.00466252 -0.00774916 0.158416 
v 0.00379735 -0.00820784 0.158416 
v 0.00288767 -0.0085703 0.158416 
v 0.00194413 -0.00883227 0.158416 
v 0.000977796 -0.00899069 0.158416 
v -1.8826e-18 -0.0090437 0.158416 
v -0.000977796 -0.00899069 0.158416 
v -0.00194413 -0.00883227 0.158416 
v -0.00288767 -0.0085703 0.158416 
v -0.00379735 -0.00820784 0.158416 
v -0.00466252 -0.00774916 0.158416 
v -0.00547302 -0.00719963 0.158416 
v -0.00621935 -0.00656569 0.158416 
v -0.00689277 -0.00585477 0.158416 
v -0.00748537 -0.00507521 0.158416 
v -0.00799022 -0.00423615 0.158416 
v -0.00840139 -0.00334742 0.158416 
v -0.00871406 -0.00241945 0.158416 
v -0.00892457 -0.00146311 0.158416 
v -0.00903044 -0.000489616 0.158416 
v -0.00903044 0.000489616 0.158416 
v -0.00892457 0.00146311 0.158416 
v -0.00871406 0.00241945 0.158416 
v -0.00840139 0.00334742 0.158416 
v -0.00799022 0.00423615 0.158416 
v -0.00748537 0.00507521 0.158416 
v -0.00689277 0.00585477 0.158416 
v -0.00621935 0.00656569 0.158416 
v -0.00547302 0.00719963 0.158416 
v -0.00466252 0.00774916 0.158416 
v -0.00379735 0.00820784 0.158416 
v -0.00288767 0.0085703 0.158416 
v -0.00194413 0.00883227 0.158416 
v -0.000977796 0.00899069 0.158416 
v 0 0.00909789 0.158618 
v 0.000983655 0.00904455 0.158618 
v 0.00195578 0.00888518 0.158618 
v 0.00290497 0.00862164 0.158618 
v 0.0038201 0.00825702 0.158618 
v 0.00469045 0.00779559 0.158618 
v 0.00550581 0.00724276 0.158618 
v 0.00625661 0.00660502 0.158618 
v 0.00693406 0.00588985 0.158618 
v 0.00753022 0.00510562 0.158618 
v 0.00803809 0.00426153 0.158618 
v 0.00845173 0.00336748 0.158618 
v 0.00876627 0.00243394 0.158618 
v 0.00897804 0.00147187 0.158618 
v 0.00908454 0.00049255 0.158618 
v 0.00908454 -0.00049255 0.158618 
v 0.00897804 -0.00147187 0.158618 
v 0.00876627 -0.00243394 0.158618 
v 0.00845173 -0.00336748 0.158618 
v 0.00803809 -0.00426153 0.158618 
v 0.00753022 -0.00510562 0.158618 
v 0.00693406 -0.00588985 0.158618 
v 0.00625661 -0.00660502 0.158618 
v 0.00550581 -0.00724276 0.158618 
v 0.00469045 -0.00779559 0.158618 
v 0.0038201 -0.00825702 0.158618 
v 0.00290497 -0.00862164 0.158618 
v 0.00195578 -0.00888518 0.158618 
v 0.000983655 -0.00904455 0.158618 
v -1.89388e-18 -0.00909789 0.158618 
v -0.000983655 -0.00904455 0.158618 
v -0.00195578 -0.00888518 0.158618 
v -0.00290497 -0.00862164 0.158618 
v -0.0038201 -0.00825702 0.158618 
v -0.00469045 -0.00779559 0.158618 
v -0.00550581 -0.00724276 0.158618 
v -0.00625661 -0.00660502 0.158618 
v -0.00693406 -0.00588985 0.158618 
v -0.00753022 -0.00510562 0.158618 
v -0.00803809 -0.00426153 0.158618 
v -0.00845173 -0.00336748 0.158618 
v -0.00876627 -0.00243394 0.158618 
v -0.00897804 -0.00147187 0.158618 
v -0.00908454 -0.00049255 0.158618 
v -0.00908454 0.00049255 0.158618 
v -0.00897804 0.00147187 0.158618 
v -0.00876627 0.00243394 0.158618 
v -0.00845173 0.00336748 0.158618 
v -0.00803809 0.00426153 0.158618 
v -0.00753022 0.00510562 0.158618 
v -0.00693406 0.00588985 0.158618 
v -0.00625661 0.00660502 0.158618 
v -0.00550581 0.00724276 0.158618 
v -0.00469045 0.00779559 0.158618 
v -0.0038201 0.00825702 0.158618 
v -0.00290497 0.00862164 0.158618 
v -0.00195578 0.00888518 0.158618 
v -0.000983655 0.00904455 0.158618 
v 0 0.00917291 0.158813 
v 0.000991766 0.00911914 0.158813 
v 0.0019719 0.00895845 0.158813 
v 0.00292892 0.00869274 0.158813 
v 0.0038516 0.00832511 0.158813 
v 0.00472913 0.00785987 0.158813 
v 0.00555121 0.00730249 0.158813 
v 0.0063082 0.00665949 0.158813 
v 0.00699124 0.00593842 0.158813 
v 0.00759232 0.00514772 0.158813 
v 0.00810438 0.00429667 0.158813 
v 0.00852142 0.00339524 0.158813 
v 0.00883856 0.00245401 0.158813 
v 0.00905207 0.00148401 0.158813 
v 0.00915946 0.000496611 0.158813 
v 0.00915946 -0.000496611 0.158813 
v 0.00905207 -0.00148401 0.158813 
v 0.00883856 -0.00245401 0.158813 
v 0.00852142 -0.00339524 0.158813 
v 0.00810438 -0.00429667 0.158813 
v 0.00759232 -0.00514772 0.158813 
v 0.00699124 -0.00593842 0.158813 
v 0.0063082 -0.00665949 0.158813 
v 0.00555121 -0.00730249 0.158813 
v 0.00472913 -0.00785987 0.158813 
v 0.0038516 -0.00832511 0.158813 
v 0.00292892 -0.00869274 0.158813 
v 0.0019719 -0.00895845 0.158813 
v 0.000991766 -0.00911914 0.158813 
v -1.9095e-18 -0.00917291 0.158813 
v -0.000991766 -0.00911914 0.158813 
v -0.0019719 -0.00895845 0.158813 
v -0.00292892 -0.00869274 0.158813 
v -0.0038516 -0.00832511 0.158813 
v -0.00472913 -0.00785987 0.158813 
v -0.00555121 -0.00730249 0.158813 
v -0.0063082 -0.00665949 0.158813 
v -0.00699124 -0.00593842 0.158813 
v -0.00759232 -0.00514772 0.158813 
v -0.00810438 -0.00429667 0.158813 
v -0.00852142 -0.00339524 0.158813 
v -0.00883856 -0.00245401 0.158813 
v -0.00905207 -0.00148401 0.158813 
v -0.00915946 -0.000496611 0.158813 
v -0.00915946 0.000496611 0.158813 
v -0.00905207 0.00148401 0.158813 
v -0.00883856 0.00245401 0.158813 
v -0.00852142 0.00339524 0.158813 
v -0.00810438 0.00429667 0.158813 
v -0.00759232 0.00514772 0.158813 
v -0.00699124 0.00593842 0.158813 
v -0.0063082 0.00665949 0.158813 
v -0.00555121 0.00730249 0.158813 
v -0.00472913 0.00785987 0.158813 
v -0.0038516 0.00832511 0.158813 
v -0.00292892 0.00869274 0.158813 
v -0.0019719 0.00895845 0.158813 
v -0.000991766 0.00911914 0.158813 
v 0 0.00926795 0.159 
v 0.00100204 0.00921362 0.159 
v 0.00199234 0.00905127 0.159 
v 0.00295927 0.0087828 0.159 
v 0.00389151 0.00841136 0.159 
v 0.00477813 0.00794131 0.159 
v 0.00560872 0.00737815 0.159 
v 0.00637356 0.00672849 0.159 
v 0.00706368 0.00599994 0.159 
v 0.00767098 0.00520105 0.159 
v 0.00818834 0.00434119 0.159 
v 0.00860971 0.00343042 0.159 
v 0.00893013 0.00247944 0.159 
v 0.00914586 0.00149939 0.159 
v 0.00925436 0.000501757 0.159 
v 0.00925436 -0.000501757 0.159 
v 0.00914586 -0.00149939 0.159 
v 0.00893013 -0.00247944 0.159 
v 0.00860971 -0.00343042 0.159 
v 0.00818834 -0.00434119 0.159 
v 0.00767098 -0.00520105 0.159 
v 0.00706368 -0.00599994 0.159 
v 0.00637356 -0.00672849 0.159 
v 0.00560872 -0.00737815 0.159 
v 0.00477813 -0.00794131 0.159 
v 0.00389151 -0.00841136 0.159 
v 0.00295927 -0.0087828 0.159 
v 0.00199234 -0.00905127 0.159 
v 0.00100204 -0.00921362 0.159 
v -1.92928e-18 -0.00926795 0.159 
v -0.00100204 -0.00921362 0.159 
v -0.00199234 -0.00905127 0.159 
v -0.00295927 -0.0087828 0.159 
v -0.00389151 -0.00841136 0.159 
v -0.00477813 -0.00794131 0.159 
v -0.00560872 -0.00737815 0.159 
v -0.00637356 -0.00672849 0.159 
v -0.00706368 -0.00599994 0.159 
v -0.00767098 -0.00520105 0.159 
v -0.00818834 -0.00434119 0.159 
v -0.00860971 -0.00343042 0.159 
v -0.00893013 -0.00247944 0.159 
v -0.00914586 -0.00149939 0.159 
v -0.00925436 -0.000501757 0.159 
v -0.00925436 0.000501757 0.159 
v -0.00914586 0.00149939 0.159 
v -0.00893013 0.00247944 0.159 
v -0.00860971 0.00343042 0.159 
v -0.00818834 0.00434119 0.159 
v -0.00767098 0.00520105 0.159 
v -0.00706368 0.00599994 0.159 
v -0.00637356 0.00672849 0.159 
v -0.00560872 0.00737815 0.159 
v -0.00477813 0.00794131 0.159 
v -0.00389151 0.00841136 0.159 
v -0.00295927 0.0087828 0.159 
v -0.00199234 0.00905127 0.159 
v -0.00100204 0.00921362 0.159 
v 0 0.00938197 0.159176 
v 0.00101437 0.00932697 0.159176 
v 0.00201685 0.00916262 0.159176 
v 0.00299568 0.00889085 0.159176 
v 0.00393939 0.00851484 0.159176 
v 0.00483691 0.008039 0.159176 
v 0.00567772 0.00746892 0.159176 
v 0.00645197 0.00681127 0.159176 
v 0.00715058 0.00607376 0.159176 
v 0.00776535 0.00526504 0.159176 
v 0.00828908 0.00439459 0.159176 
v 0.00871563 0.00347262 0.159176 
v 0.00903999 0.00250994 0.159176 
v 0.00925837 0.00151783 0.159176 
v 0.00936821 0.000507929 0.159176 
v 0.00936821 -0.000507929 0.159176 
v 0.00925837 -0.00151783 0.159176 
v 0.00903999 -0.00250994 0.159176 
v 0.00871563 -0.00347262 0.159176 
v 0.00828908 -0.00439459 0.159176 
v 0.00776535 -0.00526504 0.159176 
v 0.00715058 -0.00607376 0.159176 
v 0.00645197 -0.00681127 0.159176 
v 0.00567772 -0.00746892 0.159176 
v 0.00483691 -0.008039 0.159176 
v 0.00393939 -0.00851484 0.159176 
v 0.00299568 -0.00889085 0.159176 
v 0.00201685 -0.00916262 0.159176 
v 0.00101437 -0.00932697 0.159176 
v -1.95301e-18 -0.00938197 0.159176 
v -0.00101437 -0.00932697 0.159176 
v -0.00201685 -0.00916262 0.159176 
v -0.00299568 -0.00889085 0.159176 
v -0.00393939 -0.00851484 0.159176 
v -0.00483691 -0.008039 0.159176 
v -0.00567772 -0.00746892 0.159176 
v -0.00645197 -0.00681127 0.159176 
v -0.00715058 -0.00607376 0.159176 
v -0.00776535 -0.00526504 0.159176 
v -0.00828908 -0.00439459 0.159176 
v -0.00871563 -0.00347262 0.159176 
v -0.00903999 -0.00250994 0.159176 
v -0.00925837 -0.00151783 0.159176 
v -0.00936821 -0.000507929 0.159176 
v -0.00936821 0.000507929 0.159176 
v -0.00925837 0.00151783 0.159176 
v -0.00903999 0.00250994 0.159176 
v -0.00871563 0.00347262 0.159176 
v -0.00828908 0.00439459 0.159176 
v -0.00776535 0.00526504 0.159176 
v -0.00715058 0.00607376 0.159176 
v -0.00645197 0.00681127 0.159176 
v -0.00567772 0.00746892 0.159176 
v -0.00483691 0.008039 0.159176 
v -0.00393939 0.00851484 0.159176 
v -0.00299568 0.00889085 0.159176 
v -0.00201685 0.00916262 0.159176 
v -0.00101437 0.00932697 0.159176 
v 0 0.00951371 0.159338 
v 0.00102861 0.00945794 0.159338 
v 0.00204517 0.00929129 0.159338 
v 0.00303774 0.0090157 0.159338 
v 0.0039947 0.00863441 0.159338 
v 0.00490483 0.00815189 0.159338 
v 0.00575745 0.0075738 0.159338 
v 0.00654257 0.00690691 0.159338 
v 0.00725099 0.00615905 0.159338 
v 0.00787439 0.00533897 0.159338 
v 0.00840548 0.0044563 0.159338 
v 0.00883802 0.00352139 0.159338 
v 0.00916694 0.00254519 0.159338 
v 0.00938838 0.00153915 0.159338 
v 0.00949976 0.000515062 0.159338 
v 0.00949976 -0.000515062 0.159338 
v 0.00938838 -0.00153915 0.159338 
v 0.00916694 -0.00254519 0.159338 
v 0.00883802 -0.00352139 0.159338 
v 0.00840548 -0.0044563 0.159338 
v 0.00787439 -0.00533897 0.159338 
v 0.00725099 -0.00615905 0.159338 
v 0.00654257 -0.00690691 0.159338 
v 0.00575745 -0.0075738 0.159338 
v 0.00490483 -0.00815189 0.159338 
v 0.0039947 -0.00863441 0.159338 
v 0.00303774 -0.0090157 0.159338 
v 0.00204517 -0.00929129 0.159338 
v 0.00102861 -0.00945794 0.159338 
v -1.98044e-18 -0.00951371 0.159338 
v -0.00102861 -0.00945794 0.159338 
v -0.00204517 -0.00929129 0.159338 
v -0.00303774 -0.0090157 0.159338 
v -0.0039947 -0.00863441 0.159338 
v -0.00490483 -0.00815189 0.159338 
v -0.00575745 -0.0075738 0.159338 
v -0.00654257 -0.00690691 0.159338 
v -0.00725099 -0.00615905 0.159338 
v -0.00787439 -0.00533897 0.159338 
v -0.00840548 -0.0044563 0.159338 
v -0.00883802 -0.00352139 0.159338 
v -0.00916694 -0.00254519 0.159338 
v -0.00938838 -0.00153915 0.159338 
v -0.00949976 -0.000515062 0.159338 
v -0.00949976 0.000515062 0.159338 
v -0.00938838 0.00153915 0.159338 
v -0.00916694 0.00254519 0.159338 
v -0.00883802 0.00352139 0.159338 
v -0.00840548 0.0044563 0.159338 
v -0.00787439 0.00533897 0.159338 
v -0.00725099 0.00615905 0.159338 
v -0.00654257 0.00690691 0.159338 
v -0.00575745 0.0075738 0.159338 
v -0.00490483 0.00815189 0.159338 
v -0.0039947 0.00863441 0.159338 
v -0.00303774 0.0090157 0.159338 
v -0.00204517 0.00929129 0.159338 
v -0.00102861 0.00945794 0.159338 
v 0 0.00966174 0.159486 
v 0.00104462 0.0096051 0.159486 
v 0.00207699 0.00943585 0.159486 
v 0.00308501 0.00915598 0.159486 
v 0.00405686 0.00876876 0.159486 
v 0.00498115 0.00827873 0.159486 
v 0.00584704 0.00769164 0.159486 
v 0.00664437 0.00701438 0.159486 
v 0.00736381 0.00625488 0.159486 
v 0.00799691 0.00542204 0.159486 
v 0.00853626 0.00452564 0.159486 
v 0.00897553 0.00357618 0.159486 
v 0.00930957 0.00258479 0.159486 
v 0.00953446 0.0015631 0.159486 
v 0.00964757 0.000523076 0.159486 
v 0.00964757 -0.000523076 0.159486 
v 0.00953446 -0.0015631 0.159486 
v 0.00930957 -0.00258479 0.159486 
v 0.00897553 -0.00357618 0.159486 
v 0.00853626 -0.00452564 0.159486 
v 0.00799691 -0.00542204 0.159486 
v 0.00736381 -0.00625488 0.159486 
v 0.00664437 -0.00701438 0.159486 
v 0.00584704 -0.00769164 0.159486 
v 0.00498115 -0.00827873 0.159486 
v 0.00405686 -0.00876876 0.159486 
v 0.00308501 -0.00915598 0.159486 
v 0.00207699 -0.00943585 0.159486 
v 0.00104462 -0.0096051 0.159486 
v -2.01125e-18 -0.00966174 0.159486 
v -0.00104462 -0.0096051 0.159486 
v -0.00207699 -0.00943585 0.159486 
v -0.00308501 -0.00915598 0.159486 
v -0.00405686 -0.00876876 0.159486 
v -0.00498115 -0.00827873 0.159486 
v -0.00584704 -0.00769164 0.159486 
v -0.00664437 -0.00701438 0.159486 
v -0.00736381 -0.00625488 0.159486 
v -0.00799691 -0.00542204 0.159486 
v -0.00853626 -0.00452564 0.159486 
v -0.00897553 -0.00357618 0.159486 
v -0.00930957 -0.00258479 0.159486 
v -0.00953446 -0.0015631 0.159486 
v -0.00964757 -0.000523076 0.159486 
v -0.00964757 0.000523076 0.159486 
v -0.00953446 0.0015631 0.159486 
v -0.00930957 0.00258479 0.159486 
v -0.00897553 0.00357618 0.159486 
v -0.00853626 0.00452564 0.159486 
v -0.00799691 0.00542204 0.159486 
v -0.00736381 0.00625488 0.159486 
v -0.00664437 0.00701438 0.159486 
v -0.00584704 0.00769164 0.159486 
v -0.00498115 0.00827873 0.159486 
v -0.00405686 0.00876876 0.159486 
v -0.00308501 0.00915598 0.159486 
v -0.00207699 0.00943585 0.159486 
v -0.00104462 0.0096051 0.159486 
v 0 0.00982443 0.159618 
v 0.00106221 0.00976684 0.159618 
v 0.00211196 0.00959474 0.159618 
v 0.00313696 0.00931015 0.159618 
v 0.00412517 0.00891641 0.159618 
v 0.00506502 0.00841813 0.159618 
v 0.00594549 0.00782116 0.159618 
v 0.00675625 0.00713249 0.159618 
v 0.00748781 0.0063602 0.159618 
v 0.00813157 0.00551334 0.159618 
v 0.00868 0.00460185 0.159618 
v 0.00912667 0.0036364 0.159618 
v 0.00946633 0.00262831 0.159618 
v 0.00969501 0.00158942 0.159618 
v 0.00981002 0.000531884 0.159618 
v 0.00981002 -0.000531884 0.159618 
v 0.00969501 -0.00158942 0.159618 
v 0.00946633 -0.00262831 0.159618 
v 0.00912667 -0.0036364 0.159618 
v 0.00868 -0.00460185 0.159618 
v 0.00813157 -0.00551334 0.159618 
v 0.00748781 -0.0063602 0.159618 
v 0.00675625 -0.00713249 0.159618 
v 0.00594549 -0.00782116 0.159618 
v 0.00506502 -0.00841813 0.159618 
v 0.00412517 -0.00891641 0.159618 
v 0.00313696 -0.00931015 0.159618 
v 0.00211196 -0.00959474 0.159618 
v 0.00106221 -0.00976684 0.159618 
v -2.04512e-18 -0.00982443 0.159618 
v -0.00106221 -0.00976684 0.159618 
v -0.00211196 -0.00959474 0.159618 
v -0.00313696 -0.00931015 0.159618 
v -0.00412517 -0.00891641 0.159618 
v -0.00506502 -0.00841813 0.159618 
v -0.00594549 -0.00782116 0.159618 
v -0.00675625 -0.00713249 0.159618 
v -0.00748781 -0.0063602 0.159618 
v -0.00813157 -0.00551334 0.159618 
v -0.00868 -0.00460185 0.159618 
v -0.00912667 -0.0036364 0.159618 
v -0.00946633 -0.00262831 0.159618 
v -0.00969501 -0.00158942 0.159618 
v -0.00981002 -0.000531884 0.159618 
v -0.00981002 0.000531884 0.159618 
v -0.00969501 0.00158942 0.159618 
v -0.00946633 0.00262831 0.159618 
v -0.00912667 0.0036364 0.159618 
v -0.00868 0.00460185 0.159618 
v -0.00813157 0.00551334 0.159618 
v -0.00748781 0.0063602 0.159618 
v -0.00675625 0.00713249 0.159618 
v -0.00594549 0.00782116 0.159618 
v -0.00506502 0.00841813 0.159618 
v -0.00412517 0.00891641 0.159618 
v -0.00313696 0.00931015 0.159618 
v -0.00211196 0.00959474 0.159618 
v -0.00106221 0.00976684 0.159618 
v 0 0.01 0.159732 
v 0.00108119 0.00994138 0.159732 
v 0.0021497 0.00976621 0.159732 
v 0.00319302 0.00947653 0.159732 
v 0.00419889 0.00907575 0.159732 
v 0.00515554 0.00856857 0.159732 
v 0.00605174 0.00796093 0.159732 
v 0.00687699 0.00725995 0.159732 
v 0.00762162 0.00647386 0.159732 
v 0.00827689 0.00561187 0.159732 
v 0.00883512 0.00468408 0.159732 
v 0.00928977 0.00370138 0.159732 
v 0.0096355 0.00267528 0.159732 
v 0.00986827 0.00161782 0.159732 
v 0.00998533 0.000541389 0.159732 
v 0.00998533 -0.000541389 0.159732 
v 0.00986827 -0.00161782 0.159732 
v 0.0096355 -0.00267528 0.159732 
v 0.00928977 -0.00370138 0.159732 
v 0.00883512 -0.00468408 0.159732 
v 0.00827689 -0.00561187 0.159732 
v 0.00762162 -0.00647386 0.159732 
v 0.00687699 -0.00725995 0.159732 
v 0.00605174 -0.00796093 0.159732 
v 0.00515554 -0.00856857 0.159732 
v 0.00419889 -0.00907575 0.159732 
v 0.00319302 -0.00947653 0.159732 
v 0.0021497 -0.00976621 0.159732 
v 0.00108119 -0.00994138 0.159732 
v -2.08167e-18 -0.01 0.159732 
v -0.00108119 -0.00994138 0.159732 
v -0.0021497 -0.00976621 0.159732 
v -0.00319302 -0.00947653 0.159732 
v -0.00419889 -0.00907575 0.159732 
v -0.00515554 -0.00856857 0.159732 
v -0.00605174 -0.00796093 0.159732 
v -0.00687699 -0.00725995 0.159732 
v -0.00762162 -0.00647386 0.159732 
v -0.00827689 -0.00561187 0.159732 
v -0.00883512 -0.00468408 0.159732 
v -0.00928977 -0.00370138 0.159732 
v -0.0096355 -0.00267528 0.159732 
v -0.00986827 -0.00161782 0.159732 
v -0.00998533 -0.000541389 0.159732 
v -0.00998533 0.000541389 0.159732 
v -0.00986827 0.00161782 0.159732 
v -0.0096355 0.00267528 0.159732 
v -0.00928977 0.00370138 0.159732 
v -0.00883512 0.00468408 0.159732 
v -0.00827689 0.00561187 0.159732 
v -0.00762162 0.00647386 0.159732 
v -0.00687699 0.00725995 0.159732 
v -0.00605174 0.00796093 0.159732 
v -0.00515554 0.00856857 0.159732 
v -0.00419889 0.00907575 0.159732 
v -0.00319302 0.00947653 0.159732 
v -0.0021497 0.00976621 0.159732 
v -0.00108119 0.00994138 0.159732 
v 0 0.0101865 0.159827 
v 0.00110136 0.0101268 0.159827 
v 0.0021898 0.00994837 0.159827 
v 0.00325257 0.00965329 0.159827 
v 0.00427721 0.00924504 0.159827 
v 0.0052517 0.0087284 0.159827 
v 0.00616462 0.00810942 0.159827 
v 0.00700527 0.00739537 0.159827 
v 0.00776378 0.00659462 0.159827 
v 0.00843128 0.00571655 0.159827 
v 0.00899992 0.00477146 0.159827 
v 0.00946305 0.00377042 0.159827 
v 0.00981523 0.00272518 0.159827 
v 0.0100523 0.001648 0.159827 
v 0.0101716 0.000551487 0.159827 
v 0.0101716 -0.000551487 0.159827 
v 0.0100523 -0.001648 0.159827 
v 0.00981523 -0.00272518 0.159827 
v 0.00946305 -0.00377042 0.159827 
v 0.00899992 -0.00477146 0.159827 
v 0.00843128 -0.00571655 0.159827 
v 0.00776378 -0.00659462 0.159827 
v 0.00700527 -0.00739537 0.159827 
v 0.00616462 -0.00810942 0.159827 
v 0.0052517 -0.0087284 0.159827 
v 0.00427721 -0.00924504 0.159827 
v 0.00325257 -0.00965329 0.159827 
v 0.0021898 -0.00994837 0.159827 
v 0.00110136 -0.0101268 0.159827 
v -2.1205e-18 -0.0101865 0.159827 
v -0.00110136 -0.0101268 0.159827 
v -0.0021898 -0.00994837 0.159827 
v -0.00325257 -0.00965329 0.159827 
v -0.00427721 -0.00924504 0.159827 
v -0.0052517 -0.0087284 0.159827 
v -0.00616462 -0.00810942 0.159827 
v -0.00700527 -0.00739537 0.159827 
v -0.00776378 -0.00659462 0.159827 
v -0.00843128 -0.00571655 0.159827 
v -0.00899992 -0.00477146 0.159827 
v -0.00946305 -0.00377042 0.159827 
v -0.00981523 -0.00272518 0.159827 
v -0.0100523 -0.001648 0.159827 
v -0.0101716 -0.000551487 0.159827 
v -0.0101716 0.000551487 0.159827 
v -0.0100523 0.001648 0.159827 
v -0.00981523 0.00272518 0.159827 
v -0.00946305 0.00377042 0.159827 
v -0.00899992 0.00477146 0.159827 
v -0.00843128 0.00571655 0.159827 
v -0.00776378 0.00659462 0.159827 
v -0.00700527 0.00739537 0.159827 
v -0.00616462 0.00810942 0.159827 
v -0.0052517 0.0087284 0.159827 
v -0.00427721 0.00924504 0.159827 
v -0.00325257 0.00965329 0.159827 
v -0.0021898 0.00994837 0.159827 
v -0.00110136 0.0101268 0.159827 
v 0 0.010382 0.159902 
v 0.00112249 0.0103211 0.159902 
v 0.00223182 0.0101392 0.159902 
v 0.00331498 0.0098385 0.159902 
v 0.00435927 0.00942242 0.159902 
v 0.00535246 0.00889586 0.159902 
v 0.0062829 0.00826501 0.159902 
v 0.00713967 0.00753726 0.159902 
v 0.00791274 0.00672114 0.159902 
v 0.00859304 0.00582623 0.159902 
v 0.00917259 0.004863 0.159902 
v 0.0096446 0.00384276 0.159902 
v 0.0100035 0.00277747 0.159902 
v 0.0102452 0.00167962 0.159902 
v 0.0103667 0.000562068 0.159902 
v 0.0103667 -0.000562068 0.159902 
v 0.0102452 -0.00167962 0.159902 
v 0.0100035 -0.00277747 0.159902 
v 0.0096446 -0.00384276 0.159902 
v 0.00917259 -0.004863 0.159902 
v 0.00859304 -0.00582623 0.159902 
v 0.00791274 -0.00672114 0.159902 
v 0.00713967 -0.00753726 0.159902 
v 0.0062829 -0.00826501 0.159902 
v 0.00535246 -0.00889586 0.159902 
v 0.00435927 -0.00942242 0.159902 
v 0.00331498 -0.0098385 0.159902 
v 0.00223182 -0.0101392 0.159902 
v 0.00112249 -0.0103211 0.159902 
v -2.16118e-18 -0.010382 0.159902 
v -0.00112249 -0.0103211 0.159902 
v -0.00223182 -0.0101392 0.159902 
v -0.00331498 -0.0098385 0.159902 
v -0.00435927 -0.00942242 0.159902 
v -0.00535246 -0.00889586 0.159902 
v -0.0062829 -0.00826501 0.159902 
v -0.00713967 -0.00753726 0.159902 
v -0.00791274 -0.00672114 0.159902 
v -0.00859304 -0.00582623 0.159902 
v -0.00917259 -0.004863 0.159902 
v -0.0096446 -0.00384276 0.159902 
v -0.0100035 -0.00277747 0.159902 
v -0.0102452 -0.00167962 0.159902 
v -0.0103667 -0.000562068 0.159902 
v -0.0103667 0.000562068 0.159902 
v -0.0102452 0.00167962 0.159902 
v -0.0100035 0.00277747 0.159902 
v -0.0096446 0.00384276 0.159902 
v -0.00917259 0.004863 0.159902 
v -0.00859304 0.00582623 0.159902 
v -0.00791274 0.00672114 0.159902 
v -0.00713967 0.00753726 0.159902 
v -0.0062829 0.00826501 0.159902 
v -0.00535246 0.00889586 0.159902 
v -0.00435927 0.00942242 0.159902 
v -0.00331498 0.0098385 0.159902 
v -0.00223182 0.0101392 0.159902 
v -0.00112249 0.0103211 0.159902 
v 0 0.0105842 0.159956 
v 0.00114435 0.0105221 0.159956 
v 0.00227529 0.0103367 0.159956 
v 0.00337954 0.0100301 0.159956 
v 0.00444418 0.00960594 0.159956 
v 0.00545671 0.00906913 0.159956 
v 0.00640527 0.00842599 0.159956 
v 0.00727873 0.00768406 0.159956 
v 0.00806686 0.00685205 0.159956 
v 0.00876041 0.0059397 0.159956 
v 0.00935125 0.00495772 0.159956 
v 0.00983245 0.00391761 0.159956 
v 0.0101984 0.00283157 0.159956 
v 0.0104447 0.00171233 0.159956 
v 0.0105687 0.000573016 0.159956 
v 0.0105687 -0.000573016 0.159956 
v 0.0104447 -0.00171233 0.159956 
v 0.0101984 -0.00283157 0.159956 
v 0.00983245 -0.00391761 0.159956 
v 0.00935125 -0.00495772 0.159956 
v 0.00876041 -0.0059397 0.159956 
v 0.00806686 -0.00685205 0.159956 
v 0.00727873 -0.00768406 0.159956 
v 0.00640527 -0.00842599 0.159956 
v 0.00545671 -0.00906913 0.159956 
v 0.00444418 -0.00960594 0.159956 
v 0.00337954 -0.0100301 0.159956 
v 0.00227529 -0.0103367 0.159956 
v 0.00114435 -0.0105221 0.159956 
v -2.20327e-18 -0.0105842 0.159956 
v -0.00114435 -0.0105221 0.159956 
v -0.00227529 -0.0103367 0.159956 
v -0.00337954 -0.0100301 0.159956 
v -0.00444418 -0.00960594 0.159956 
v -0.00545671 -0.00906913 0.159956 
v -0.00640527 -0.00842599 0.159956 
v -0.00727873 -0.00768406 0.159956 
v -0.00806686 -0.00685205 0.159956 
v -0.00876041 -0.0059397 0.159956 
v -0.00935125 -0.00495772 0.159956 
v -0.00983245 -0.00391761 0.159956 
v -0.0101984 -0.00283157 0.159956 
v -0.0104447 -0.00171233 0.159956 
v -0.0105687 -0.000573016 0.159956 
v -0.0105687 0.000573016 0.159956 
v -0.0104447 0.00171233 0.159956 
v -0.0101984 0.00283157 0.159956 
v -0.00983245 0.00391761 0.159956 
v -0.00935125 0.00495772 0.159956 
v -0.00876041 0.0059397 0.159956 
v -0.00806686 0.00685205 0.159956 
v -0.00727873 0.00768406 0.159956 
v -0.00640527 0.00842599 0.159956 
v -0.00545671 0.00906913 0.159956 
v -0.00444418 0.00960594 0.159956 
v -0.00337954 0.0100301 0.159956 
v -0.00227529 0.0103367 0.159956 
v -0.00114435 0.0105221 0.159956 
v 0 0.0107909 0.159989 
v 0.00116671 0.0107277 0.159989 
v 0.00231973 0.0105387 0.159989 
v 0.00344556 0.0102261 0.159989 
v 0.004531 0.00979359 0.159989 
v 0.00556331 0.0092463 0.159989 
v 0.0065304 0.00859059 0.159989 
v 0.00742093 0.00783418 0.159989 
v 0.00822445 0.00698591 0.159989 
v 0.00893154 0.00605574 0.159989 
v 0.00953393 0.00505457 0.159989 
v 0.0100245 0.00399414 0.159989 
v 0.0103976 0.00288688 0.159989 
v 0.0106488 0.00174578 0.159989 
v 0.0107751 0.00058421 0.159989 
v 0.0107751 -0.00058421 0.159989 
v 0.0106488 -0.00174578 0.159989 
v 0.0103976 -0.00288688 0.159989 
v 0.0100245 -0.00399414 0.159989 
v 0.00953393 -0.00505457 0.159989 
v 0.00893154 -0.00605574 0.159989 
v 0.00822445 -0.00698591 0.159989 
v 0.00742093 -0.00783418 0.159989 
v 0.0065304 -0.00859059 0.159989 
v 0.00556331 -0.0092463 0.159989 
v 0.004531 -0.00979359 0.159989 
v 0.00344556 -0.0102261 0.159989 
v 0.00231973 -0.0105387 0.159989 
v 0.00116671 -0.0107277 0.159989 
v -2.24632e-18 -0.0107909 0.159989 
v -0.00116671 -0.0107277 0.159989 
v -0.00231973 -0.0105387 0.159989 
v -0.00344556 -0.0102261 0.159989 
v -0.004531 -0.00979359 0.159989 
v -0.00556331 -0.0092463 0.159989 
v -0.0065304 -0.00859059 0.159989 
v -0.00742093 -0.00783418 0.159989 
v -0.00822445 -0.00698591 0.159989 
v -0.00893154 -0.00605574 0.159989 
v -0.00953393 -0.00505457 0.159989 
v -0.0100245 -0.00399414 0.159989 
v -0.0103976 -0.00288688 0.159989 
v -0.0106488 -0.00174578 0.159989 
v -0.0107751 -0.00058421 0.159989 
v -0.0107751 0.00058421 0.159989 
v -0.0106488 0.00174578 0.159989 
v -0.0103976 0.00288688 0.159989 
v -0.0100245 0.00399414 0.159989 
v -0.00953393 0.00505457 0.159989 
v -0.00893154 0.00605574 0.159989 
v -0.00822445 0.00698591 0.159989 
v -0.00742093 0.00783418 0.159989 
v -0.0065304 0.00859059 0.159989 
v -0.00556331 0.0092463 0.159989 
v -0.004531 0.00979359 0.159989 
v -0.00344556 0.0102261 0.159989 
v -0.00231973 0.0105387 0.159989 
v -0.00116671 0.0107277 0.159989 
v 0.0103155 0.0108899 0.16 
v 0.00907761 0.0119414 0.16 
v -0.0103155 0.0108899 0.16 
v -0.0114324 0.00971079 0.16 
v 0.00773331 0.0128529 0.16 
v -0.00478952 0.0142148 0.16 
v -0.00629834 0.0136136 0.16 
v -0.00907761 0.0119414 0.16 
v 0.0144532 0.00401293 0.16 
v 0.0139347 0.00555207 0.16 
v 0.0132527 0.00702613 0.16 
v 0.0124153 0.00841781 0.16 
v 0.0114324 0.00971079 0.16 
v -0.00162179 0.0149121 0.16 
v -0.00322456 0.0146493 0.16 
v -0.00773331 0.0128529 0.16 
v -0.014978 0.000812084 0.16 
v -0.014978 -0.000812084 0.16 
v -0.0144532 -0.00401293 0.16 
v -0.0139347 -0.00555207 0.16 
v 0.00629834 0.0136136 0.16 
v -0.0124153 0.00841781 0.16 
v -0.0132527 0.00702613 0.16 
v -0.0139347 0.00555207 0.16 
v -0.0144532 0.00401293 0.16 
v -0.0148024 0.00242673 0.16 
v -0.0132527 -0.00702613 0.16 
v -0.0124153 -0.00841781 0.16 
v -0.0114324 -0.00971079 0.16 
v 0.0103155 -0.0108899 0.16 
v 0.0114324 -0.00971079 0.16 
v 0.0144532 -0.00401293 0.16 
v 0.0148024 -0.00242673 0.16 
v 0.014978 -0.000812084 0.16 
v 0.014978 0.000812084 0.16 
v 0.0148024 0.00242673 0.16 
v 0.00478952 0.0142148 0.16 
v 0.00322456 0.0146493 0.16 
v 0.00162179 0.0149121 0.16 
v -0.0148024 -0.00242673 0.16 
v -0.0103155 -0.0108899 0.16 
v -0.00478952 -0.0142148 0.16 
v -0.00322456 -0.0146493 0.16 
v 0.00773331 -0.0128529 0.16 
v 0.00907761 -0.0119414 0.16 
v 0.0124153 -0.00841781 0.16 
v 0.0132527 -0.00702613 0.16 
v 0.0139347 -0.00555207 0.16 
v -3.67394e-18 0.015 0.16 
v -0.00907761 -0.0119414 0.16 
v -0.00773331 -0.0128529 0.16 
v -0.00629834 -0.0136136 0.16 
v -0.00162179 -0.0149121 0.16 
v -1.14857e-17 -0.015 0.16 
v 0.00162179 -0.0149121 0.16 
v 0.00322456 -0.0146493 0.16 
v 0.00478952 -0.0142148 0.16 
v 0.00629834 -0.0136136 0.16 
v 0 0.0152091 0.159989 
v 0.00164439 0.0151199 0.159989 
v 0.0032695 0.0148535 0.159989 
v 0.00485628 0.0144129 0.159989 
v 0.00638612 0.0138034 0.159989 
v 0.00784109 0.013032 0.159989 
v 0.00920413 0.0121078 0.159989 
v 0.0104593 0.0110417 0.159989 
v 0.0115918 0.00984613 0.159989 
v 0.0125884 0.00853513 0.159989 
v 0.0134374 0.00712405 0.159989 
v 0.0141289 0.00562945 0.159989 
v 0.0146547 0.00406885 0.159989 
v 0.0150087 0.00246055 0.159989 
v 0.0151868 0.000823402 0.159989 
v 0.0151868 -0.000823402 0.159989 
v 0.0150087 -0.00246055 0.159989 
v 0.0146547 -0.00406885 0.159989 
v 0.0141289 -0.00562945 0.159989 
v 0.0134374 -0.00712405 0.159989 
v 0.0125884 -0.00853513 0.159989 
v 0.0115918 -0.00984613 0.159989 
v 0.0104593 -0.0110417 0.159989 
v 0.00920413 -0.0121078 0.159989 
v 0.00784109 -0.013032 0.159989 
v 0.00638612 -0.0138034 0.159989 
v 0.00485628 -0.0144129 0.159989 
v 0.0032695 -0.0148535 0.159989 
v 0.00164439 -0.0151199 0.159989 
v -3.16602e-18 -0.0152091 0.159989 
v -0.00164439 -0.0151199 0.159989 
v -0.0032695 -0.0148535 0.159989 
v -0.00485628 -0.0144129 0.159989 
v -0.00638612 -0.0138034 0.159989 
v -0.00784109 -0.013032 0.159989 
v -0.00920413 -0.0121078 0.159989 
v -0.0104593 -0.0110417 0.159989 
v -0.0115918 -0.00984613 0.159989 
v -0.0125884 -0.00853513 0.159989 
v -0.0134374 -0.00712405 0.159989 
v -0.0141289 -0.00562945 0.159989 
v -0.0146547 -0.00406885 0.159989 
v -0.0150087 -0.00246055 0.159989 
v -0.0151868 -0.000823402 0.159989 
v -0.0151868 0.000823402 0.159989 
v -0.0150087 0.00246055 0.159989 
v -0.0146547 0.00406885 0.159989 
v -0.0141289 0.00562945 0.159989 
v -0.0134374 0.00712405 0.159989 
v -0.0125884 0.00853513 0.159989 
v -0.0115918 0.00984613 0.159989 
v -0.0104593 0.0110417 0.159989 
v -0.00920413 0.0121078 0.159989 
v -0.00784109 0.013032 0.159989 
v -0.00638612 0.0138034 0.159989 
v -0.00485628 0.0144129 0.159989 
v -0.0032695 0.0148535 0.159989 
v -0.00164439 0.0151199 0.159989 
v 0 0.0154158 0.159956 
v 0.00166674 0.0153255 0.159956 
v 0.00331395 0.0150554 0.159956 
v 0.0049223 0.0146089 0.159956 
v 0.00647294 0.013991 0.159956 
v 0.00794769 0.0132092 0.159956 
v 0.00932926 0.0122724 0.159956 
v 0.0106015 0.0111918 0.159956 
v 0.0117494 0.00997999 0.159956 
v 0.0127595 0.00865116 0.159956 
v 0.0136201 0.0072209 0.159956 
v 0.0143209 0.00570598 0.159956 
v 0.0148539 0.00412417 0.159956 
v 0.0152127 0.002494 0.159956 
v 0.0153932 0.000834596 0.159956 
v 0.0153932 -0.000834596 0.159956 
v 0.0152127 -0.002494 0.159956 
v 0.0148539 -0.00412417 0.159956 
v 0.0143209 -0.00570598 0.159956 
v 0.0136201 -0.0072209 0.159956 
v 0.0127595 -0.00865116 0.159956 
v 0.0117494 -0.00997999 0.159956 
v 0.0106015 -0.0111918 0.159956 
v 0.00932926 -0.0122724 0.159956 
v 0.00794769 -0.0132092 0.159956 
v 0.00647294 -0.013991 0.159956 
v 0.0049223 -0.0146089 0.159956 
v 0.00331395 -0.0150554 0.159956 
v 0.00166674 -0.0153255 0.159956 
v -3.20906e-18 -0.0154158 0.159956 
v -0.00166674 -0.0153255 0.159956 
v -0.00331395 -0.0150554 0.159956 
v -0.0049223 -0.0146089 0.159956 
v -0.00647294 -0.013991 0.159956 
v -0.00794769 -0.0132092 0.159956 
v -0.00932926 -0.0122724 0.159956 
v -0.0106015 -0.0111918 0.159956 
v -0.0117494 -0.00997999 0.159956 
v -0.0127595 -0.00865116 0.159956 
v -0.0136201 -0.0072209 0.159956 
v -0.0143209 -0.00570598 0.159956 
v -0.0148539 -0.00412417 0.159956 
v -0.0152127 -0.002494 0.159956 
v -0.0153932 -0.000834596 0.159956 
v -0.0153932 0.000834596 0.159956 
v -0.0152127 0.002494 0.159956 
v -0.0148539 0.00412417 0.159956 
v -0.0143209 0.00570598 0.159956 
v -0.0136201 0.0072209 0.159956 
v -0.0127595 0.00865116 0.159956 
v -0.0117494 0.00997999 0.159956 
v -0.0106015 0.0111918 0.159956 
v -0.00932926 0.0122724 0.159956 
v -0.00794769 0.0132092 0.159956 
v -0.00647294 0.013991 0.159956 
v -0.0049223 0.0146089 0.159956 
v -0.00331395 0.0150554 0.159956 
v -0.00166674 0.0153255 0.159956 
v 0 0.015618 0.159902 
v 0.00168861 0.0155265 0.159902 
v 0.00335742 0.0152529 0.159902 
v 0.00498686 0.0148005 0.159902 
v 0.00655784 0.0141745 0.159902 
v 0.00805194 0.0133824 0.159902 
v 0.00945163 0.0124334 0.159902 
v 0.0107405 0.0113386 0.159902 
v 0.0119035 0.0101109 0.159902 
v 0.0129269 0.00876464 0.159902 
v 0.0137987 0.00731562 0.159902 
v 0.0145088 0.00578083 0.159902 
v 0.0150488 0.00417827 0.159902 
v 0.0154123 0.00252672 0.159902 
v 0.0155951 0.000845543 0.159902 
v 0.0155951 -0.000845543 0.159902 
v 0.0154123 -0.00252672 0.159902 
v 0.0150488 -0.00417827 0.159902 
v 0.0145088 -0.00578083 0.159902 
v 0.0137987 -0.00731562 0.159902 
v 0.0129269 -0.00876464 0.159902 
v 0.0119035 -0.0101109 0.159902 
v 0.0107405 -0.0113386 0.159902 
v 0.00945163 -0.0124334 0.159902 
v 0.00805194 -0.0133824 0.159902 
v 0.00655784 -0.0141745 0.159902 
v 0.00498686 -0.0148005 0.159902 
v 0.00335742 -0.0152529 0.159902 
v 0.00168861 -0.0155265 0.159902 
v -3.25116e-18 -0.015618 0.159902 
v -0.00168861 -0.0155265 0.159902 
v -0.00335742 -0.0152529 0.159902 
v -0.00498686 -0.0148005 0.159902 
v -0.00655784 -0.0141745 0.159902 
v -0.00805194 -0.0133824 0.159902 
v -0.00945163 -0.0124334 0.159902 
v -0.0107405 -0.0113386 0.159902 
v -0.0119035 -0.0101109 0.159902 
v -0.0129269 -0.00876464 0.159902 
v -0.0137987 -0.00731562 0.159902 
v -0.0145088 -0.00578083 0.159902 
v -0.0150488 -0.00417827 0.159902 
v -0.0154123 -0.00252672 0.159902 
v -0.0155951 -0.000845543 0.159902 
v -0.0155951 0.000845543 0.159902 
v -0.0154123 0.00252672 0.159902 
v -0.0150488 0.00417827 0.159902 
v -0.0145088 0.00578083 0.159902 
v -0.0137987 0.00731562 0.159902 
v -0.0129269 0.00876464 0.159902 
v -0.0119035 0.0101109 0.159902 
v -0.0107405 0.0113386 0.159902 
v -0.00945163 0.0124334 0.159902 
v -0.00805194 0.0133824 0.159902 
v -0.00655784 0.0141745 0.159902 
v -0.00498686 0.0148005 0.159902 
v -0.00335742 0.0152529 0.159902 
v -0.00168861 0.0155265 0.159902 
v 0 0.0158135 0.159827 
v 0.00170974 0.0157208 0.159827 
v 0.00339943 0.0154438 0.159827 
v 0.00504927 0.0149857 0.159827 
v 0.00663991 0.0143519 0.159827 
v 0.0081527 0.0135499 0.159827 
v 0.00956991 0.012589 0.159827 
v 0.0108749 0.0114805 0.159827 
v 0.0120524 0.0102374 0.159827 
v 0.0130886 0.00887432 0.159827 
v 0.0139714 0.00740716 0.159827 
v 0.0146903 0.00585317 0.159827 
v 0.0152371 0.00423055 0.159827 
v 0.0156052 0.00255834 0.159827 
v 0.0157903 0.000856124 0.159827 
v 0.0157903 -0.000856124 0.159827 
v 0.0156052 -0.00255834 0.159827 
v 0.0152371 -0.00423055 0.159827 
v 0.0146903 -0.00585317 0.159827 
v 0.0139714 -0.00740716 0.159827 
v 0.0130886 -0.00887432 0.159827 
v 0.0120524 -0.0102374 0.159827 
v 0.0108749 -0.0114805 0.159827 
v 0.00956991 -0.012589 0.159827 
v 0.0081527 -0.0135499 0.159827 
v 0.00663991 -0.0143519 0.159827 
v 0.00504927 -0.0149857 0.159827 
v 0.00339943 -0.0154438 0.159827 
v 0.00170974 -0.0157208 0.159827 
v -3.29184e-18 -0.0158135 0.159827 
v -0.00170974 -0.0157208 0.159827 
v -0.00339943 -0.0154438 0.159827 
v -0.00504927 -0.0149857 0.159827 
v -0.00663991 -0.0143519 0.159827 
v -0.0081527 -0.0135499 0.159827 
v -0.00956991 -0.012589 0.159827 
v -0.0108749 -0.0114805 0.159827 
v -0.0120524 -0.0102374 0.159827 
v -0.0130886 -0.00887432 0.159827 
v -0.0139714 -0.00740716 0.159827 
v -0.0146903 -0.00585317 0.159827 
v -0.0152371 -0.00423055 0.159827 
v -0.0156052 -0.00255834 0.159827 
v -0.0157903 -0.000856124 0.159827 
v -0.0157903 0.000856124 0.159827 
v -0.0156052 0.00255834 0.159827 
v -0.0152371 0.00423055 0.159827 
v -0.0146903 0.00585317 0.159827 
v -0.0139714 0.00740716 0.159827 
v -0.0130886 0.00887432 0.159827 
v -0.0120524 0.0102374 0.159827 
v -0.0108749 0.0114805 0.159827 
v -0.00956991 0.012589 0.159827 
v -0.0081527 0.0135499 0.159827 
v -0.00663991 0.0143519 0.159827 
v -0.00504927 0.0149857 0.159827 
v -0.00339943 0.0154438 0.159827 
v -0.00170974 0.0157208 0.159827 
v 0 0.016 0.159732 
v 0.0017299 0.0159062 0.159732 
v 0.00343953 0.0156259 0.159732 
v 0.00510882 0.0151625 0.159732 
v 0.00671823 0.0145212 0.159732 
v 0.00824886 0.0137097 0.159732 
v 0.00968279 0.0127375 0.159732 
v 0.0110032 0.0116159 0.159732 
v 0.0121946 0.0103582 0.159732 
v 0.013243 0.00897899 0.159732 
v 0.0141362 0.00749454 0.159732 
v 0.0148636 0.00592221 0.159732 
v 0.0154168 0.00428045 0.159732 
v 0.0157892 0.00258851 0.159732 
v 0.0159765 0.000866223 0.159732 
v 0.0159765 -0.000866223 0.159732 
v 0.0157892 -0.00258851 0.159732 
v 0.0154168 -0.00428045 0.159732 
v 0.0148636 -0.00592221 0.159732 
v 0.0141362 -0.00749454 0.159732 
v 0.013243 -0.00897899 0.159732 
v 0.0121946 -0.0103582 0.159732 
v 0.0110032 -0.0116159 0.159732 
v 0.00968279 -0.0127375 0.159732 
v 0.00824886 -0.0137097 0.159732 
v 0.00671823 -0.0145212 0.159732 
v 0.00510882 -0.0151625 0.159732 
v 0.00343953 -0.0156259 0.159732 
v 0.0017299 -0.0159062 0.159732 
v -3.33067e-18 -0.016 0.159732 
v -0.0017299 -0.0159062 0.159732 
v -0.00343953 -0.0156259 0.159732 
v -0.00510882 -0.0151625 0.159732 
v -0.00671823 -0.0145212 0.159732 
v -0.00824886 -0.0137097 0.159732 
v -0.00968279 -0.0127375 0.159732 
v -0.0110032 -0.0116159 0.159732 
v -0.0121946 -0.0103582 0.159732 
v -0.013243 -0.00897899 0.159732 
v -0.0141362 -0.00749454 0.159732 
v -0.0148636 -0.00592221 0.159732 
v -0.0154168 -0.00428045 0.159732 
v -0.0157892 -0.00258851 0.159732 
v -0.0159765 -0.000866223 0.159732 
v -0.0159765 0.000866223 0.159732 
v -0.0157892 0.00258851 0.159732 
v -0.0154168 0.00428045 0.159732 
v -0.0148636 0.00592221 0.159732 
v -0.0141362 0.00749454 0.159732 
v -0.013243 0.00897899 0.159732 
v -0.0121946 0.0103582 0.159732 
v -0.0110032 0.0116159 0.159732 
v -0.00968279 0.0127375 0.159732 
v -0.00824886 0.0137097 0.159732 
v -0.00671823 0.0145212 0.159732 
v -0.00510882 0.0151625 0.159732 
v -0.00343953 0.0156259 0.159732 
v -0.0017299 0.0159062 0.159732 
v 0 0.0161756 0.159618 
v 0.00174889 0.0160807 0.159618 
v 0.00347727 0.0157974 0.159618 
v 0.00516488 0.0153288 0.159618 
v 0.00679195 0.0146806 0.159618 
v 0.00833938 0.0138602 0.159618 
v 0.00978904 0.0128773 0.159618 
v 0.0111239 0.0117434 0.159618 
v 0.0123284 0.0104718 0.159618 
v 0.0133883 0.00907752 0.159618 
v 0.0142913 0.00757677 0.159618 
v 0.0150267 0.0059872 0.159618 
v 0.015586 0.00432742 0.159618 
v 0.0159625 0.00261692 0.159618 
v 0.0161518 0.000875728 0.159618 
v 0.0161518 -0.000875728 0.159618 
v 0.0159625 -0.00261692 0.159618 
v 0.015586 -0.00432742 0.159618 
v 0.0150267 -0.0059872 0.159618 
v 0.0142913 -0.00757677 0.159618 
v 0.0133883 -0.00907752 0.159618 
v 0.0123284 -0.0104718 0.159618 
v 0.0111239 -0.0117434 0.159618 
v 0.00978904 -0.0128773 0.159618 
v 0.00833938 -0.0138602 0.159618 
v 0.00679195 -0.0146806 0.159618 
v 0.00516488 -0.0153288 0.159618 
v 0.00347727 -0.0157974 0.159618 
v 0.00174889 -0.0160807 0.159618 
v -3.36722e-18 -0.0161756 0.159618 
v -0.00174889 -0.0160807 0.159618 
v -0.00347727 -0.0157974 0.159618 
v -0.00516488 -0.0153288 0.159618 
v -0.00679195 -0.0146806 0.159618 
v -0.00833938 -0.0138602 0.159618 
v -0.00978904 -0.0128773 0.159618 
v -0.0111239 -0.0117434 0.159618 
v -0.0123284 -0.0104718 0.159618 
v -0.0133883 -0.00907752 0.159618 
v -0.0142913 -0.00757677 0.159618 
v -0.0150267 -0.0059872 0.159618 
v -0.015586 -0.00432742 0.159618 
v -0.0159625 -0.00261692 0.159618 
v -0.0161518 -0.000875728 0.159618 
v -0.0161518 0.000875728 0.159618 
v -0.0159625 0.00261692 0.159618 
v -0.015586 0.00432742 0.159618 
v -0.0150267 0.0059872 0.159618 
v -0.0142913 0.00757677 0.159618 
v -0.0133883 0.00907752 0.159618 
v -0.0123284 0.0104718 0.159618 
v -0.0111239 0.0117434 0.159618 
v -0.00978904 0.0128773 0.159618 
v -0.00833938 0.0138602 0.159618 
v -0.00679195 0.0146806 0.159618 
v -0.00516488 0.0153288 0.159618 
v -0.00347727 0.0157974 0.159618 
v -0.00174889 0.0160807 0.159618 
v 0 0.0163383 0.159486 
v 0.00176648 0.0162425 0.159486 
v 0.00351224 0.0159563 0.159486 
v 0.00521683 0.015483 0.159486 
v 0.00686026 0.0148282 0.159486 
v 0.00842325 0.0139996 0.159486 
v 0.00988749 0.0130068 0.159486 
v 0.0112358 0.0118615 0.159486 
v 0.0124524 0.0105772 0.159486 
v 0.013523 0.00916882 0.159486 
v 0.0144351 0.00765298 0.159486 
v 0.0151779 0.00604741 0.159486 
v 0.0157427 0.00437095 0.159486 
v 0.016123 0.00264324 0.159486 
v 0.0163143 0.000884536 0.159486 
v 0.0163143 -0.000884536 0.159486 
v 0.016123 -0.00264324 0.159486 
v 0.0157427 -0.00437095 0.159486 
v 0.0151779 -0.00604741 0.159486 
v 0.0144351 -0.00765298 0.159486 
v 0.013523 -0.00916882 0.159486 
v 0.0124524 -0.0105772 0.159486 
v 0.0112358 -0.0118615 0.159486 
v 0.00988749 -0.0130068 0.159486 
v 0.00842325 -0.0139996 0.159486 
v 0.00686026 -0.0148282 0.159486 
v 0.00521683 -0.015483 0.159486 
v 0.00351224 -0.0159563 0.159486 
v 0.00176648 -0.0162425 0.159486 
v -3.40108e-18 -0.0163383 0.159486 
v -0.00176648 -0.0162425 0.159486 
v -0.00351224 -0.0159563 0.159486 
v -0.00521683 -0.015483 0.159486 
v -0.00686026 -0.0148282 0.159486 
v -0.00842325 -0.0139996 0.159486 
v -0.00988749 -0.0130068 0.159486 
v -0.0112358 -0.0118615 0.159486 
v -0.0124524 -0.0105772 0.159486 
v -0.013523 -0.00916882 0.159486 
v -0.0144351 -0.00765298 0.159486 
v -0.0151779 -0.00604741 0.159486 
v -0.0157427 -0.00437095 0.159486 
v -0.016123 -0.00264324 0.159486 
v -0.0163143 -0.000884536 0.159486 
v -0.0163143 0.000884536 0.159486 
v -0.016123 0.00264324 0.159486 
v -0.0157427 0.00437095 0.159486 
v -0.0151779 0.00604741 0.159486 
v -0.0144351 0.00765298 0.159486 
v -0.013523 0.00916882 0.159486 
v -0.0124524 0.0105772 0.159486 
v -0.0112358 0.0118615 0.159486 
v -0.00988749 0.0130068 0.159486 
v -0.00842325 0.0139996 0.159486 
v -0.00686026 0.0148282 0.159486 
v -0.00521683 0.015483 0.159486 
v -0.00351224 0.0159563 0.159486 
v -0.00176648 0.0162425 0.159486 
v 0 0.0164863 0.159338 
v 0.00178248 0.0163896 0.159338 
v 0.00354406 0.0161008 0.159338 
v 0.0052641 0.0156233 0.159338 
v 0.00692241 0.0149626 0.159338 
v 0.00849957 0.0141264 0.159338 
v 0.00997708 0.0131246 0.159338 
v 0.0113376 0.011969 0.159338 
v 0.0125652 0.010673 0.159338 
v 0.0136455 0.00925189 0.159338 
v 0.0145658 0.00772232 0.159338 
v 0.0153154 0.0061022 0.159338 
v 0.0158854 0.00441055 0.159338 
v 0.0162691 0.00266718 0.159338 
v 0.0164621 0.00089255 0.159338 
v 0.0164621 -0.00089255 0.159338 
v 0.0162691 -0.00266718 0.159338 
v 0.0158854 -0.00441055 0.159338 
v 0.0153154 -0.0061022 0.159338 
v 0.0145658 -0.00772232 0.159338 
v 0.0136455 -0.00925189 0.159338 
v 0.0125652 -0.010673 0.159338 
v 0.0113376 -0.011969 0.159338 
v 0.00997708 -0.0131246 0.159338 
v 0.00849957 -0.0141264 0.159338 
v 0.00692241 -0.0149626 0.159338 
v 0.0052641 -0.0156233 0.159338 
v 0.00354406 -0.0161008 0.159338 
v 0.00178248 -0.0163896 0.159338 
v -3.4319e-18 -0.0164863 0.159338 
v -0.00178248 -0.0163896 0.159338 
v -0.00354406 -0.0161008 0.159338 
v -0.0052641 -0.0156233 0.159338 
v -0.00692241 -0.0149626 0.159338 
v -0.00849957 -0.0141264 0.159338 
v -0.00997708 -0.0131246 0.159338 
v -0.0113376 -0.011969 0.159338 
v -0.0125652 -0.010673 0.159338 
v -0.0136455 -0.00925189 0.159338 
v -0.0145658 -0.00772232 0.159338 
v -0.0153154 -0.0061022 0.159338 
v -0.0158854 -0.00441055 0.159338 
v -0.0162691 -0.00266718 0.159338 
v -0.0164621 -0.00089255 0.159338 
v -0.0164621 0.00089255 0.159338 
v -0.0162691 0.00266718 0.159338 
v -0.0158854 0.00441055 0.159338 
v -0.0153154 0.0061022 0.159338 
v -0.0145658 0.00772232 0.159338 
v -0.0136455 0.00925189 0.159338 
v -0.0125652 0.010673 0.159338 
v -0.0113376 0.011969 0.159338 
v -0.00997708 0.0131246 0.159338 
v -0.00849957 0.0141264 0.159338 
v -0.00692241 0.0149626 0.159338 
v -0.0052641 0.0156233 0.159338 
v -0.00354406 0.0161008 0.159338 
v -0.00178248 0.0163896 0.159338 
v 0 0.016618 0.159176 
v 0.00179673 0.0165206 0.159176 
v 0.00357239 0.0162295 0.159176 
v 0.00530616 0.0157481 0.159176 
v 0.00697773 0.0150821 0.159176 
v 0.00856749 0.0142393 0.159176 
v 0.0100568 0.0132295 0.159176 
v 0.0114282 0.0120646 0.159176 
v 0.0126656 0.0107583 0.159176 
v 0.0137546 0.00932583 0.159176 
v 0.0146822 0.00778403 0.159176 
v 0.0154378 0.00615097 0.159176 
v 0.0160123 0.0044458 0.159176 
v 0.0163991 0.0026885 0.159176 
v 0.0165937 0.000899682 0.159176 
v 0.0165937 -0.000899682 0.159176 
v 0.0163991 -0.0026885 0.159176 
v 0.0160123 -0.0044458 0.159176 
v 0.0154378 -0.00615097 0.159176 
v 0.0146822 -0.00778403 0.159176 
v 0.0137546 -0.00932583 0.159176 
v 0.0126656 -0.0107583 0.159176 
v 0.0114282 -0.0120646 0.159176 
v 0.0100568 -0.0132295 0.159176 
v 0.00856749 -0.0142393 0.159176 
v 0.00697773 -0.0150821 0.159176 
v 0.00530616 -0.0157481 0.159176 
v 0.00357239 -0.0162295 0.159176 
v 0.00179673 -0.0165206 0.159176 
v -3.45932e-18 -0.016618 0.159176 
v -0.00179673 -0.0165206 0.159176 
v -0.00357239 -0.0162295 0.159176 
v -0.00530616 -0.0157481 0.159176 
v -0.00697773 -0.0150821 0.159176 
v -0.00856749 -0.0142393 0.159176 
v -0.0100568 -0.0132295 0.159176 
v -0.0114282 -0.0120646 0.159176 
v -0.0126656 -0.0107583 0.159176 
v -0.0137546 -0.00932583 0.159176 
v -0.0146822 -0.00778403 0.159176 
v -0.0154378 -0.00615097 0.159176 
v -0.0160123 -0.0044458 0.159176 
v -0.0163991 -0.0026885 0.159176 
v -0.0165937 -0.000899682 0.159176 
v -0.0165937 0.000899682 0.159176 
v -0.0163991 0.0026885 0.159176 
v -0.0160123 0.0044458 0.159176 
v -0.0154378 0.00615097 0.159176 
v -0.0146822 0.00778403 0.159176 
v -0.0137546 0.00932583 0.159176 
v -0.0126656 0.0107583 0.159176 
v -0.0114282 0.0120646 0.159176 
v -0.0100568 0.0132295 0.159176 
v -0.00856749 0.0142393 0.159176 
v -0.00697773 0.0150821 0.159176 
v -0.00530616 0.0157481 0.159176 
v -0.00357239 0.0162295 0.159176 
v -0.00179673 0.0165206 0.159176 
v 0 0.0167321 0.159 
v 0.00180905 0.016634 0.159 
v 0.0035969 0.0163409 0.159 
v 0.00534257 0.0158562 0.159 
v 0.00702561 0.0151856 0.159 
v 0.00862627 0.014337 0.159 
v 0.0101258 0.0133203 0.159 
v 0.0115066 0.0121474 0.159 
v 0.0127525 0.0108321 0.159 
v 0.0138489 0.00938981 0.159 
v 0.014783 0.00783743 0.159 
v 0.0155437 0.00619317 0.159 
v 0.0161222 0.0044763 0.159 
v 0.0165116 0.00270694 0.159 
v 0.0167075 0.000905855 0.159 
v 0.0167075 -0.000905855 0.159 
v 0.0165116 -0.00270694 0.159 
v 0.0161222 -0.0044763 0.159 
v 0.0155437 -0.00619317 0.159 
v 0.014783 -0.00783743 0.159 
v 0.0138489 -0.00938981 0.159 
v 0.0127525 -0.0108321 0.159 
v 0.0115066 -0.0121474 0.159 
v 0.0101258 -0.0133203 0.159 
v 0.00862627 -0.014337 0.159 
v 0.00702561 -0.0151856 0.159 
v 0.00534257 -0.0158562 0.159 
v 0.0035969 -0.0163409 0.159 
v 0.00180905 -0.016634 0.159 
v -3.48306e-18 -0.0167321 0.159 
v -0.00180905 -0.016634 0.159 
v -0.0035969 -0.0163409 0.159 
v -0.00534257 -0.0158562 0.159 
v -0.00702561 -0.0151856 0.159 
v -0.00862627 -0.014337 0.159 
v -0.0101258 -0.0133203 0.159 
v -0.0115066 -0.0121474 0.159 
v -0.0127525 -0.0108321 0.159 
v -0.0138489 -0.00938981 0.159 
v -0.014783 -0.00783743 0.159 
v -0.0155437 -0.00619317 0.159 
v -0.0161222 -0.0044763 0.159 
v -0.0165116 -0.00270694 0.159 
v -0.0167075 -0.000905855 0.159 
v -0.0167075 0.000905855 0.159 
v -0.0165116 0.00270694 0.159 
v -0.0161222 0.0044763 0.159 
v -0.0155437 0.00619317 0.159 
v -0.014783 0.00783743 0.159 
v -0.0138489 0.00938981 0.159 
v -0.0127525 0.0108321 0.159 
v -0.0115066 0.0121474 0.159 
v -0.0101258 0.0133203 0.159 
v -0.00862627 0.014337 0.159 
v -0.00702561 0.0151856 0.159 
v -0.00534257 0.0158562 0.159 
v -0.0035969 0.0163409 0.159 
v -0.00180905 0.016634 0.159 
v 0 0.0168271 0.158813 
v 0.00181933 0.0167284 0.158813 
v 0.00361733 0.0164337 0.158813 
v 0.00537292 0.0159462 0.158813 
v 0.00706551 0.0152719 0.158813 
v 0.00867527 0.0144184 0.158813 
v 0.0101833 0.0133959 0.158813 
v 0.011572 0.0122164 0.158813 
v 0.012825 0.0108936 0.158813 
v 0.0139276 0.00944315 0.158813 
v 0.0148669 0.00788195 0.158813 
v 0.015632 0.00622835 0.158813 
v 0.0162137 0.00450172 0.158813 
v 0.0166054 0.00272232 0.158813 
v 0.0168024 0.000911 0.158813 
v 0.0168024 -0.000911 0.158813 
v 0.0166054 -0.00272232 0.158813 
v 0.0162137 -0.00450172 0.158813 
v 0.015632 -0.00622835 0.158813 
v 0.0148669 -0.00788195 0.158813 
v 0.0139276 -0.00944315 0.158813 
v 0.012825 -0.0108936 0.158813 
v 0.011572 -0.0122164 0.158813 
v 0.0101833 -0.0133959 0.158813 
v 0.00867527 -0.0144184 0.158813 
v 0.00706551 -0.0152719 0.158813 
v 0.00537292 -0.0159462 0.158813 
v 0.00361733 -0.0164337 0.158813 
v 0.00181933 -0.0167284 0.158813 
v -3.50284e-18 -0.0168271 0.158813 
v -0.00181933 -0.0167284 0.158813 
v -0.00361733 -0.0164337 0.158813 
v -0.00537292 -0.0159462 0.158813 
v -0.00706551 -0.0152719 0.158813 
v -0.00867527 -0.0144184 0.158813 
v -0.0101833 -0.0133959 0.158813 
v -0.011572 -0.0122164 0.158813 
v -0.012825 -0.0108936 0.158813 
v -0.0139276 -0.00944315 0.158813 
v -0.0148669 -0.00788195 0.158813 
v -0.015632 -0.00622835 0.158813 
v -0.0162137 -0.00450172 0.158813 
v -0.0166054 -0.00272232 0.158813 
v -0.0168024 -0.000911 0.158813 
v -0.0168024 0.000911 0.158813 
v -0.0166054 0.00272232 0.158813 
v -0.0162137 0.00450172 0.158813 
v -0.015632 0.00622835 0.158813 
v -0.0148669 0.00788195 0.158813 
v -0.0139276 0.00944315 0.158813 
v -0.012825 0.0108936 0.158813 
v -0.011572 0.0122164 0.158813 
v -0.0101833 0.0133959 0.158813 
v -0.00867527 0.0144184 0.158813 
v -0.00706551 0.0152719 0.158813 
v -0.00537292 0.0159462 0.158813 
v -0.00361733 0.0164337 0.158813 
v -0.00181933 0.0167284 0.158813 
v 0 0.0169021 0.158618 
v 0.00182744 0.016803 0.158618 
v 0.00363345 0.016507 0.158618 
v 0.00539687 0.0160173 0.158618 
v 0.00709701 0.0153399 0.158618 
v 0.00871395 0.0144827 0.158618 
v 0.0102287 0.0134557 0.158618 
v 0.0116236 0.0122709 0.158618 
v 0.0128821 0.0109422 0.158618 
v 0.0139897 0.00948525 0.158618 
v 0.0149332 0.00791709 0.158618 
v 0.0157017 0.00625612 0.158618 
v 0.016286 0.00452179 0.158618 
v 0.0166795 0.00273446 0.158618 
v 0.0168773 0.000915062 0.158618 
v 0.0168773 -0.000915062 0.158618 
v 0.0166795 -0.00273446 0.158618 
v 0.016286 -0.00452179 0.158618 
v 0.0157017 -0.00625612 0.158618 
v 0.0149332 -0.00791709 0.158618 
v 0.0139897 -0.00948525 0.158618 
v 0.0128821 -0.0109422 0.158618 
v 0.0116236 -0.0122709 0.158618 
v 0.0102287 -0.0134557 0.158618 
v 0.00871395 -0.0144827 0.158618 
v 0.00709701 -0.0153399 0.158618 
v 0.00539687 -0.0160173 0.158618 
v 0.00363345 -0.016507 0.158618 
v 0.00182744 -0.016803 0.158618 
v -3.51846e-18 -0.0169021 0.158618 
v -0.00182744 -0.016803 0.158618 
v -0.00363345 -0.016507 0.158618 
v -0.00539687 -0.0160173 0.158618 
v -0.00709701 -0.0153399 0.158618 
v -0.00871395 -0.0144827 0.158618 
v -0.0102287 -0.0134557 0.158618 
v -0.0116236 -0.0122709 0.158618 
v -0.0128821 -0.0109422 0.158618 
v -0.0139897 -0.00948525 0.158618 
v -0.0149332 -0.00791709 0.158618 
v -0.0157017 -0.00625612 0.158618 
v -0.016286 -0.00452179 0.158618 
v -0.0166795 -0.00273446 0.158618 
v -0.0168773 -0.000915062 0.158618 
v -0.0168773 0.000915062 0.158618 
v -0.0166795 0.00273446 0.158618 
v -0.016286 0.00452179 0.158618 
v -0.0157017 0.00625612 0.158618 
v -0.0149332 0.00791709 0.158618 
v -0.0139897 0.00948525 0.158618 
v -0.0128821 0.0109422 0.158618 
v -0.0116236 0.0122709 0.158618 
v -0.0102287 0.0134557 0.158618 
v -0.00871395 0.0144827 0.158618 
v -0.00709701 0.0153399 0.158618 
v -0.00539687 0.0160173 0.158618 
v -0.00363345 0.016507 0.158618 
v -0.00182744 0.016803 0.158618 
v 0 0.0169563 0.158416 
v 0.0018333 0.0168569 0.158416 
v 0.0036451 0.0165599 0.158416 
v 0.00541417 0.0160687 0.158416 
v 0.00711976 0.0153891 0.158416 
v 0.00874188 0.0145291 0.158416 
v 0.0102615 0.0134988 0.158416 
v 0.0116608 0.0123102 0.158416 
v 0.0129234 0.0109773 0.158416 
v 0.0140345 0.00951565 0.158416 
v 0.0149811 0.00794247 0.158416 
v 0.015752 0.00627617 0.158416 
v 0.0163382 0.00453629 0.158416 
v 0.0167329 0.00274322 0.158416 
v 0.0169314 0.000917995 0.158416 
v 0.0169314 -0.000917995 0.158416 
v 0.0167329 -0.00274322 0.158416 
v 0.0163382 -0.00453629 0.158416 
v 0.015752 -0.00627617 0.158416 
v 0.0149811 -0.00794247 0.158416 
v 0.0140345 -0.00951565 0.158416 
v 0.0129234 -0.0109773 0.158416 
v 0.0116608 -0.0123102 0.158416 
v 0.0102615 -0.0134988 0.158416 
v 0.00874188 -0.0145291 0.158416 
v 0.00711976 -0.0153891 0.158416 
v 0.00541417 -0.0160687 0.158416 
v 0.0036451 -0.0165599 0.158416 
v 0.0018333 -0.0168569 0.158416 
v -3.52974e-18 -0.0169563 0.158416 
v -0.0018333 -0.0168569 0.158416 
v -0.0036451 -0.0165599 0.158416 
v -0.00541417 -0.0160687 0.158416 
v -0.00711976 -0.0153891 0.158416 
v -0.00874188 -0.0145291 0.158416 
v -0.0102615 -0.0134988 0.158416 
v -0.0116608 -0.0123102 0.158416 
v -0.0129234 -0.0109773 0.158416 
v -0.0140345 -0.00951565 0.158416 
v -0.0149811 -0.00794247 0.158416 
v -0.015752 -0.00627617 0.158416 
v -0.0163382 -0.00453629 0.158416 
v -0.0167329 -0.00274322 0.158416 
v -0.0169314 -0.000917995 0.158416 
v -0.0169314 0.000917995 0.158416 
v -0.0167329 0.00274322 0.158416 
v -0.0163382 0.00453629 0.158416 
v -0.015752 0.00627617 0.158416 
v -0.0149811 0.00794247 0.158416 
v -0.0140345 0.00951565 0.158416 
v -0.0129234 0.0109773 0.158416 
v -0.0116608 0.0123102 0.158416 
v -0.0102615 0.0134988 0.158416 
v -0.00874188 0.0145291 0.158416 
v -0.00711976 0.0153891 0.158416 
v -0.00541417 0.0160687 0.158416 
v -0.0036451 0.0165599 0.158416 
v -0.0018333 0.0168569 0.158416 
v 0 0.016989 0.158209 
v 0.00183684 0.0168895 0.158209 
v 0.00365214 0.0165918 0.158209 
v 0.00542463 0.0160997 0.158209 
v 0.00713351 0.0154188 0.158209 
v 0.00875877 0.0145572 0.158209 
v 0.0102813 0.0135249 0.158209 
v 0.0116834 0.012334 0.158209 
v 0.0129484 0.0109985 0.158209 
v 0.0140616 0.00953403 0.158209 
v 0.01501 0.00795781 0.158209 
v 0.0157824 0.00628829 0.158209 
v 0.0163698 0.00454505 0.158209 
v 0.0167652 0.00274852 0.158209 
v 0.0169641 0.000919768 0.158209 
v 0.0169641 -0.000919768 0.158209 
v 0.0167652 -0.00274852 0.158209 
v 0.0163698 -0.00454505 0.158209 
v 0.0157824 -0.00628829 0.158209 
v 0.01501 -0.00795781 0.158209 
v 0.0140616 -0.00953403 0.158209 
v 0.0129484 -0.0109985 0.158209 
v 0.0116834 -0.012334 0.158209 
v 0.0102813 -0.0135249 0.158209 
v 0.00875877 -0.0145572 0.158209 
v 0.00713351 -0.0154188 0.158209 
v 0.00542463 -0.0160997 0.158209 
v 0.00365214 -0.0165918 0.158209 
v 0.00183684 -0.0168895 0.158209 
v -3.53656e-18 -0.016989 0.158209 
v -0.00183684 -0.0168895 0.158209 
v -0.00365214 -0.0165918 0.158209 
v -0.00542463 -0.0160997 0.158209 
v -0.00713351 -0.0154188 0.158209 
v -0.00875877 -0.0145572 0.158209 
v -0.0102813 -0.0135249 0.158209 
v -0.0116834 -0.012334 0.158209 
v -0.0129484 -0.0109985 0.158209 
v -0.0140616 -0.00953403 0.158209 
v -0.01501 -0.00795781 0.158209 
v -0.0157824 -0.00628829 0.158209 
v -0.0163698 -0.00454505 0.158209 
v -0.0167652 -0.00274852 0.158209 
v -0.0169641 -0.000919768 0.158209 
v -0.0169641 0.000919768 0.158209 
v -0.0167652 0.00274852 0.158209 
v -0.0163698 0.00454505 0.158209 
v -0.0157824 0.00628829 0.158209 
v -0.01501 0.00795781 0.158209 
v -0.0140616 0.00953403 0.158209 
v -0.0129484 0.0109985 0.158209 
v -0.0116834 0.012334 0.158209 
v -0.0102813 0.0135249 0.158209 
v -0.00875877 0.0145572 0.158209 
v -0.00713351 0.0154188 0.158209 
v -0.00542463 0.0160997 0.158209 
v -0.00365214 0.0165918 0.158209 
v -0.00183684 0.0168895 0.158209 
vn 0.108119 -0.994138 0 
vn 2.44929e-16 -1 0 
vn 0.21497 -0.976621 0 
vn 0.108119 -0.994138 0 
vn 0.319302 -0.947653 0 
vn 0.21497 -0.976621 0 
vn 0.419889 -0.907575 0 
vn 0.319302 -0.947653 0 
vn 0.515554 -0.856857 0 
vn 0.419889 -0.907575 0 
vn 0.605174 -0.796093 0 
vn 0.515554 -0.856857 0 
vn 0.687699 -0.725995 0 
vn 0.605174 -0.796093 0 
vn 0.762162 -0.647386 0 
vn 0.687699 -0.725995 0 
vn 0.827689 -0.561187 0 
vn 0.762162 -0.647386 0 
vn 0.883512 -0.468408 0 
vn 0.827689 -0.561187 0 
vn 0.928977 -0.370138 0 
vn 0.883512 -0.468408 0 
vn 0.96355 -0.267528 0 
vn 0.928977 -0.370138 0 
vn 0.986827 -0.161782 0 
vn 0.96355 -0.267528 0 
vn 0.998533 -0.0541389 0 
vn 0.986827 -0.161782 0 
vn 0.998533 0.0541389 0 
vn 0.998533 -0.0541389 0 
vn 0.986827 0.161782 0 
vn 0.998533 0.0541389 0 
vn 0.96355 0.267528 0 
vn 0.986827 0.161782 0 
vn 0.928977 0.370138 0 
vn 0.96355 0.267528 0 
vn 0.883512 0.468408 0 
vn 0.928977 0.370138 0 
vn 0.827689 0.561187 0 
vn 0.883512 0.468408 0 
vn 0.762162 0.647386 0 
vn 0.827689 0.561187 0 
vn 0.687699 0.725995 0 
vn 0.762162 0.647386 0 
vn 0.605174 0.796093 0 
vn 0.687699 0.725995 0 
vn 0.515554 0.856857 0 
vn 0.605174 0.796093 0 
vn 0.419889 0.907575 0 
vn 0.515554 0.856857 0 
vn 0.319302 0.947653 0 
vn 0.419889 0.907575 0 
vn 0.21497 0.976621 0 
vn 0.319302 0.947653 0 
vn 0.108119 0.994138 0 
vn 0.21497 0.976621 0 
vn -1.22465e-16 1 0 
vn 0.108119 0.994138 0 
vn -0.108119 0.994138 0 
vn -1.22465e-16 1 0 
vn -0.21497 0.976621 0 
vn -0.108119 0.994138 0 
vn -0.319302 0.947653 0 
vn -0.21497 0.976621 0 
vn -0.419889 0.907575 0 
vn -0.319302 0.947653 0 
vn -0.515554 0.856857 0 
vn -0.419889 0.907575 0 
vn -0.605174 0.796093 0 
vn -0.515554 0.856857 0 
vn -0.687699 0.725995 0 
vn -0.605174 0.796093 0 
vn -0.762162 0.647386 0 
vn -0.687699 0.725995 0 
vn -0.827689 0.561187 0 
vn -0.762162 0.647386 0 
vn -0.883512 0.468408 0 
vn -0.827689 0.561187 0 
vn -0.928977 0.370138 0 
vn -0.883512 0.468408 0 
vn -0.96355 0.267528 0 
vn -0.928977 0.370138 0 
vn -0.986827 0.161782 0 
vn -0.96355 0.267528 0 
vn -0.998533 0.0541389 0 
vn -0.986827 0.161782 0 
vn -0.998533 -0.0541389 0 
vn -0.998533 0.0541389 0 
vn -0.986827 -0.161782 0 
vn -0.998533 -0.0541389 0 
vn -0.96355 -0.267528 0 
vn -0.986827 -0.161782 0 
vn -0.928977 -0.370138 0 
vn -0.96355 -0.267528 0 
vn -0.883512 -0.468408 0 
vn -0.928977 -0.370138 0 
vn -0.827689 -0.561187 0 
vn -0.883512 -0.468408 0 
vn -0.762162 -0.647386 0 
vn -0.827689 -0.561187 0 
vn -0.687699 -0.725995 0 
vn -0.762162 -0.647386 0 
vn -0.605174 -0.796093 0 
vn -0.687699 -0.725995 0 
vn -0.515554 -0.856857 0 
vn -0.605174 -0.796093 0 
vn -0.419889 -0.907575 0 
vn -0.515554 -0.856857 0 
vn -0.319302 -0.947653 0 
vn -0.419889 -0.907575 0 
vn -0.21497 -0.976621 0 
vn -0.319302 -0.947653 0 
vn -0.108119 -0.994138 0 
vn -0.21497 -0.976621 0 
vn 0 0 -1 
vn 0 1 0 
vn 0.108119 0.994138 0 
vn 0.21497 0.976621 0 
vn 0.319302 0.947653 0 
vn 0.419889 0.907575 0 
vn 0.515554 0.856857 0 
vn 0.605174 0.796093 0 
vn 0.687699 0.725995 0 
vn 0.762162 0.647386 0 
vn 0.827689 0.561187 0 
vn 0.883512 0.468408 0 
vn 0.928977 0.370138 0 
vn 0.96355 0.267528 0 
vn 0.986827 0.161782 0 
vn 0.998533 0.0541389 0 
vn 0.998533 -0.0541389 0 
vn 0.986827 -0.161782 0 
vn 0.96355 -0.267528 0 
vn 0.928977 -0.370138 0 
vn 0.883512 -0.468408 0 
vn 0.827689 -0.561187 0 
vn 0.762162 -0.647386 0 
vn 0.687699 -0.725995 0 
vn 0.605174 -0.796093 0 
vn 0.515554 -0.856857 0 
vn 0.419889 -0.907575 0 
vn 0.319302 -0.947653 0 
vn 0.21497 -0.976621 0 
vn 0.108119 -0.994138 0 
vn 1.22465e-16 -1 0 
vn -0.108119 -0.994138 0 
vn -0.21497 -0.976621 0 
vn -0.319302 -0.947653 0 
vn -0.419889 -0.907575 0 
vn -0.515554 -0.856857 0 
vn -0.605174 -0.796093 0 
vn -0.687699 -0.725995 0 
vn -0.762162 -0.647386 0 
vn -0.827689 -0.561187 0 
vn -0.883512 -0.468408 0 
vn -0.928977 -0.370138 0 
vn -0.96355 -0.267528 0 
vn -0.986827 -0.161782 0 
vn -0.998533 -0.0541389 0 
vn -0.998533 0.0541389 0 
vn -0.986827 0.161782 0 
vn -0.96355 0.267528 0 
vn -0.928977 0.370138 0 
vn -0.883512 0.468408 0 
vn -0.827689 0.561187 0 
vn -0.762162 0.647386 0 
vn -0.687699 0.725995 0 
vn -0.605174 0.796093 0 
vn -0.515554 0.856857 0 
vn -0.419889 0.907575 0 
vn -0.319302 0.947653 0 
vn -0.21497 0.976621 0 
vn -0.108119 0.994138 0 
vn 0 -0.994522 0.104528 
vn 0 -1 1.22465e-16 
vn -0.108119 -0.994138 1.22465e-16 
vn -0.107527 -0.988692 0.104528 
vn -0.21497 -0.976621 1.22465e-16 
vn -0.213793 -0.971271 0.104528 
vn -0.319302 -0.947653 1.22465e-16 
vn -0.317552 -0.942462 0.104528 
vn -0.419889 -0.907575 1.22465e-16 
vn -0.417589 -0.902604 0.104528 
vn -0.515554 -0.856857 1.22465e-16 
vn -0.51273 -0.852163 0.104528 
vn -0.605174 -0.796093 1.22465e-16 
vn -0.601859 -0.791732 0.104528 
vn -0.687699 -0.725995 1.22465e-16 
vn -0.683932 -0.722018 0.104528 
vn -0.762162 -0.647386 1.22465e-16 
vn -0.757987 -0.64384 0.104528 
vn -0.827689 -0.561187 1.22465e-16 
vn -0.823155 -0.558113 0.104528 
vn -0.883512 -0.468408 1.22465e-16 
vn -0.878672 -0.465842 0.104528 
vn -0.928977 -0.370138 1.22465e-16 
vn -0.923888 -0.36811 0.104528 
vn -0.96355 -0.267528 1.22465e-16 
vn -0.958272 -0.266063 0.104528 
vn -0.986827 -0.161782 1.22465e-16 
vn -0.981421 -0.160896 0.104528 
vn -0.998533 -0.0541389 1.22465e-16 
vn -0.993063 -0.0538423 0.104528 
vn -0.998533 0.0541389 1.22465e-16 
vn -0.993063 0.0538423 0.104528 
vn -0.986827 0.161782 1.22465e-16 
vn -0.981421 0.160896 0.104528 
vn -0.96355 0.267528 1.22465e-16 
vn -0.958272 0.266063 0.104528 
vn -0.928977 0.370138 1.22465e-16 
vn -0.923888 0.36811 0.104528 
vn -0.883512 0.468408 1.22465e-16 
vn -0.878672 0.465842 0.104528 
vn -0.827689 0.561187 1.22465e-16 
vn -0.823155 0.558113 0.104528 
vn -0.762162 0.647386 1.22465e-16 
vn -0.757987 0.64384 0.104528 
vn -0.687699 0.725995 1.22465e-16 
vn -0.683932 0.722018 0.104528 
vn -0.605174 0.796093 1.22465e-16 
vn -0.601859 0.791732 0.104528 
vn -0.515554 0.856857 1.22465e-16 
vn -0.51273 0.852163 0.104528 
vn -0.419889 0.907575 1.22465e-16 
vn -0.417589 0.902604 0.104528 
vn -0.319302 0.947653 1.22465e-16 
vn -0.317552 0.942462 0.104528 
vn -0.21497 0.976621 1.22465e-16 
vn -0.213793 0.971271 0.104528 
vn -0.108119 0.994138 1.22465e-16 
vn -0.107527 0.988692 0.104528 
vn 2.08167e-16 1 1.22465e-16 
vn 2.07026e-16 0.994522 0.104528 
vn 0.108119 0.994138 1.22465e-16 
vn 0.107527 0.988692 0.104528 
vn 0.21497 0.976621 1.22465e-16 
vn 0.213793 0.971271 0.104528 
vn 0.319302 0.947653 1.22465e-16 
vn 0.317552 0.942462 0.104528 
vn 0.419889 0.907575 1.22465e-16 
vn 0.417589 0.902604 0.104528 
vn 0.515554 0.856857 1.22465e-16 
vn 0.51273 0.852163 0.104528 
vn 0.605174 0.796093 1.22465e-16 
vn 0.601859 0.791732 0.104528 
vn 0.687699 0.725995 1.22465e-16 
vn 0.683932 0.722018 0.104528 
vn 0.762162 0.647386 1.22465e-16 
vn 0.757987 0.64384 0.104528 
vn 0.827689 0.561187 1.22465e-16 
vn 0.823155 0.558113 0.104528 
vn 0.883512 0.468408 1.22465e-16 
vn 0.878672 0.465842 0.104528 
vn 0.928977 0.370138 1.22465e-16 
vn 0.923888 0.36811 0.104528 
vn 0.96355 0.267528 1.22465e-16 
vn 0.958272 0.266063 0.104528 
vn 0.986827 0.161782 1.22465e-16 
vn 0.981421 0.160896 0.104528 
vn 0.998533 0.0541389 1.22465e-16 
vn 0.993063 0.0538423 0.104528 
vn 0.998533 -0.0541389 1.22465e-16 
vn 0.993063 -0.0538423 0.104528 
vn 0.986827 -0.161782 1.22465e-16 
vn 0.981421 -0.160896 0.104528 
vn 0.96355 -0.267528 1.22465e-16 
vn 0.958272 -0.266063 0.104528 
vn 0.928977 -0.370138 1.22465e-16 
vn 0.923888 -0.36811 0.104528 
vn 0.883512 -0.468408 1.22465e-16 
vn 0.878672 -0.465842 0.104528 
vn 0.827689 -0.561187 1.22465e-16 
vn 0.823155 -0.558113 0.104528 
vn 0.762162 -0.647386 1.22465e-16 
vn 0.757987 -0.64384 0.104528 
vn 0.687699 -0.725995 1.22465e-16 
vn 0.683932 -0.722018 0.104528 
vn 0.605174 -0.796093 1.22465e-16 
vn 0.601859 -0.791732 0.104528 
vn 0.515554 -0.856857 1.22465e-16 
vn 0.51273 -0.852163 0.104528 
vn 0.419889 -0.907575 1.22465e-16 
vn 0.417589 -0.902604 0.104528 
vn 0.319302 -0.947653 1.22465e-16 
vn 0.317552 -0.942462 0.104528 
vn 0.21497 -0.976621 1.22465e-16 
vn 0.213793 -0.971271 0.104528 
vn 0.108119 -0.994138 1.22465e-16 
vn 0.107527 -0.988692 0.104528 
vn 0 -0.978148 0.207912 
vn -0.105756 -0.972414 0.207912 
vn -0.210273 -0.955279 0.207912 
vn -0.312324 -0.926945 0.207912 
vn -0.410714 -0.887743 0.207912 
vn -0.504288 -0.838133 0.207912 
vn -0.59195 -0.778697 0.207912 
vn -0.672672 -0.710131 0.207912 
vn -0.745507 -0.633239 0.207912 
vn -0.809602 -0.548924 0.207912 
vn -0.864205 -0.458173 0.207912 
vn -0.908676 -0.36205 0.207912 
vn -0.942494 -0.261682 0.207912 
vn -0.965262 -0.158247 0.207912 
vn -0.976713 -0.0529558 0.207912 
vn -0.976713 0.0529558 0.207912 
vn -0.965262 0.158247 0.207912 
vn -0.942494 0.261682 0.207912 
vn -0.908676 0.36205 0.207912 
vn -0.864205 0.458173 0.207912 
vn -0.809602 0.548924 0.207912 
vn -0.745507 0.633239 0.207912 
vn -0.672672 0.710131 0.207912 
vn -0.59195 0.778697 0.207912 
vn -0.504288 0.838133 0.207912 
vn -0.410714 0.887743 0.207912 
vn -0.312324 0.926945 0.207912 
vn -0.210273 0.955279 0.207912 
vn -0.105756 0.972414 0.207912 
vn 2.03618e-16 0.978148 0.207912 
vn 0.105756 0.972414 0.207912 
vn 0.210273 0.955279 0.207912 
vn 0.312324 0.926945 0.207912 
vn 0.410714 0.887743 0.207912 
vn 0.504288 0.838133 0.207912 
vn 0.59195 0.778697 0.207912 
vn 0.672672 0.710131 0.207912 
vn 0.745507 0.633239 0.207912 
vn 0.809602 0.548924 0.207912 
vn 0.864205 0.458173 0.207912 
vn 0.908676 0.36205 0.207912 
vn 0.942494 0.261682 0.207912 
vn 0.965262 0.158247 0.207912 
vn 0.976713 0.0529558 0.207912 
vn 0.976713 -0.0529558 0.207912 
vn 0.965262 -0.158247 0.207912 
vn 0.942494 -0.261682 0.207912 
vn 0.908676 -0.36205 0.207912 
vn 0.864205 -0.458173 0.207912 
vn 0.809602 -0.548924 0.207912 
vn 0.745507 -0.633239 0.207912 
vn 0.672672 -0.710131 0.207912 
vn 0.59195 -0.778697 0.207912 
vn 0.504288 -0.838133 0.207912 
vn 0.410714 -0.887743 0.207912 
vn 0.312324 -0.926945 0.207912 
vn 0.210273 -0.955279 0.207912 
vn 0.105756 -0.972414 0.207912 
vn 0 -0.951057 0.309017 
vn -0.102827 -0.945481 0.309017 
vn -0.204449 -0.928821 0.309017 
vn -0.303674 -0.901272 0.309017 
vn -0.399338 -0.863156 0.309017 
vn -0.490321 -0.81492 0.309017 
vn -0.575555 -0.757129 0.309017 
vn -0.654041 -0.690463 0.309017 
vn -0.724859 -0.615701 0.309017 
vn -0.787179 -0.533721 0.309017 
vn -0.84027 -0.445483 0.309017 
vn -0.883509 -0.352022 0.309017 
vn -0.91639 -0.254435 0.309017 
vn -0.938528 -0.153864 0.309017 
vn -0.949662 -0.0514892 0.309017 
vn -0.949662 0.0514892 0.309017 
vn -0.938528 0.153864 0.309017 
vn -0.91639 0.254435 0.309017 
vn -0.883509 0.352022 0.309017 
vn -0.84027 0.445483 0.309017 
vn -0.787179 0.533721 0.309017 
vn -0.724859 0.615701 0.309017 
vn -0.654041 0.690463 0.309017 
vn -0.575555 0.757129 0.309017 
vn -0.490321 0.81492 0.309017 
vn -0.399338 0.863156 0.309017 
vn -0.303674 0.901272 0.309017 
vn -0.204449 0.928821 0.309017 
vn -0.102827 0.945481 0.309017 
vn 1.97978e-16 0.951057 0.309017 
vn 0.102827 0.945481 0.309017 
vn 0.204449 0.928821 0.309017 
vn 0.303674 0.901272 0.309017 
vn 0.399338 0.863156 0.309017 
vn 0.490321 0.81492 0.309017 
vn 0.575555 0.757129 0.309017 
vn 0.654041 0.690463 0.309017 
vn 0.724859 0.615701 0.309017 
vn 0.787179 0.533721 0.309017 
vn 0.84027 0.445483 0.309017 
vn 0.883509 0.352022 0.309017 
vn 0.91639 0.254435 0.309017 
vn 0.938528 0.153864 0.309017 
vn 0.949662 0.0514892 0.309017 
vn 0.949662 -0.0514892 0.309017 
vn 0.938528 -0.153864 0.309017 
vn 0.91639 -0.254435 0.309017 
vn 0.883509 -0.352022 0.309017 
vn 0.84027 -0.445483 0.309017 
vn 0.787179 -0.533721 0.309017 
vn 0.724859 -0.615701 0.309017 
vn 0.654041 -0.690463 0.309017 
vn 0.575555 -0.757129 0.309017 
vn 0.490321 -0.81492 0.309017 
vn 0.399338 -0.863156 0.309017 
vn 0.303674 -0.901272 0.309017 
vn 0.204449 -0.928821 0.309017 
vn 0.102827 -0.945481 0.309017 
vn 0 -0.913545 0.406737 
vn -0.0987716 -0.90819 0.406737 
vn -0.196385 -0.892187 0.406737 
vn -0.291696 -0.865724 0.406737 
vn -0.383588 -0.829111 0.406737 
vn -0.470982 -0.782778 0.406737 
vn -0.552854 -0.727267 0.406737 
vn -0.628245 -0.66323 0.406737 
vn -0.69627 -0.591417 0.406737 
vn -0.756132 -0.51267 0.406737 
vn -0.807128 -0.427912 0.406737 
vn -0.848662 -0.338138 0.406737 
vn -0.880247 -0.244399 0.406737 
vn -0.901511 -0.147795 0.406737 
vn -0.912206 -0.0494584 0.406737 
vn -0.912206 0.0494584 0.406737 
vn -0.901511 0.147795 0.406737 
vn -0.880247 0.244399 0.406737 
vn -0.848662 0.338138 0.406737 
vn -0.807128 0.427912 0.406737 
vn -0.756132 0.51267 0.406737 
vn -0.69627 0.591417 0.406737 
vn -0.628245 0.66323 0.406737 
vn -0.552854 0.727267 0.406737 
vn -0.470982 0.782778 0.406737 
vn -0.383588 0.829111 0.406737 
vn -0.291696 0.865724 0.406737 
vn -0.196385 0.892187 0.406737 
vn -0.0987716 0.90819 0.406737 
vn 1.9017e-16 0.913545 0.406737 
vn 0.0987716 0.90819 0.406737 
vn 0.196385 0.892187 0.406737 
vn 0.291696 0.865724 0.406737 
vn 0.383588 0.829111 0.406737 
vn 0.470982 0.782778 0.406737 
vn 0.552854 0.727267 0.406737 
vn 0.628245 0.66323 0.406737 
vn 0.69627 0.591417 0.406737 
vn 0.756132 0.51267 0.406737 
vn 0.807128 0.427912 0.406737 
vn 0.848662 0.338138 0.406737 
vn 0.880247 0.244399 0.406737 
vn 0.901511 0.147795 0.406737 
vn 0.912206 0.0494584 0.406737 
vn 0.912206 -0.0494584 0.406737 
vn 0.901511 -0.147795 0.406737 
vn 0.880247 -0.244399 0.406737 
vn 0.848662 -0.338138 0.406737 
vn 0.807128 -0.427912 0.406737 
vn 0.756132 -0.51267 0.406737 
vn 0.69627 -0.591417 0.406737 
vn 0.628245 -0.66323 0.406737 
vn 0.552854 -0.727267 0.406737 
vn 0.470982 -0.782778 0.406737 
vn 0.383588 -0.829111 0.406737 
vn 0.291696 -0.865724 0.406737 
vn 0.196385 -0.892187 0.406737 
vn 0.0987716 -0.90819 0.406737 
vn 0 -0.866025 0.5 
vn -0.0936338 -0.860949 0.5 
vn -0.18617 -0.845778 0.5 
vn -0.276523 -0.820692 0.5 
vn -0.363635 -0.785983 0.5 
vn -0.446483 -0.74206 0.5 
vn -0.524096 -0.689437 0.5 
vn -0.595565 -0.628731 0.5 
vn -0.660052 -0.560653 0.5 
vn -0.7168 -0.486002 0.5 
vn -0.765144 -0.405654 0.5 
vn -0.804517 -0.320549 0.5 
vn -0.834459 -0.231686 0.5 
vn -0.854617 -0.140107 0.5 
vn -0.864755 -0.0468857 0.5 
vn -0.864755 0.0468857 0.5 
vn -0.854617 0.140107 0.5 
vn -0.834459 0.231686 0.5 
vn -0.804517 0.320549 0.5 
vn -0.765144 0.405654 0.5 
vn -0.7168 0.486002 0.5 
vn -0.660052 0.560653 0.5 
vn -0.595565 0.628731 0.5 
vn -0.524096 0.689437 0.5 
vn -0.446483 0.74206 0.5 
vn -0.363635 0.785983 0.5 
vn -0.276523 0.820692 0.5 
vn -0.18617 0.845778 0.5 
vn -0.0936338 0.860949 0.5 
vn 1.80278e-16 0.866025 0.5 
vn 0.0936338 0.860949 0.5 
vn 0.18617 0.845778 0.5 
vn 0.276523 0.820692 0.5 
vn 0.363635 0.785983 0.5 
vn 0.446483 0.74206 0.5 
vn 0.524096 0.689437 0.5 
vn 0.595565 0.628731 0.5 
vn 0.660052 0.560653 0.5 
vn 0.7168 0.486002 0.5 
vn 0.765144 0.405654 0.5 
vn 0.804517 0.320549 0.5 
vn 0.834459 0.231686 0.5 
vn 0.854617 0.140107 0.5 
vn 0.864755 0.0468857 0.5 
vn 0.864755 -0.0468857 0.5 
vn 0.854617 -0.140107 0.5 
vn 0.834459 -0.231686 0.5 
vn 0.804517 -0.320549 0.5 
vn 0.765144 -0.405654 0.5 
vn 0.7168 -0.486002 0.5 
vn 0.660052 -0.560653 0.5 
vn 0.595565 -0.628731 0.5 
vn 0.524096 -0.689437 0.5 
vn 0.446483 -0.74206 0.5 
vn 0.363635 -0.785983 0.5 
vn 0.276523 -0.820692 0.5 
vn 0.18617 -0.845778 0.5 
vn 0.0936338 -0.860949 0.5 
vn 0 -0.809017 0.587785 
vn -0.0874701 -0.804275 0.587785 
vn -0.173915 -0.790103 0.587785 
vn -0.25832 -0.766668 0.587785 
vn -0.339697 -0.734244 0.587785 
vn -0.417092 -0.693212 0.587785 
vn -0.489596 -0.644053 0.587785 
vn -0.556361 -0.587343 0.587785 
vn -0.616602 -0.523747 0.587785 
vn -0.669614 -0.45401 0.587785 
vn -0.714776 -0.37895 0.587785 
vn -0.751558 -0.299448 0.587785 
vn -0.779528 -0.216435 0.587785 
vn -0.798359 -0.130884 0.587785 
vn -0.807831 -0.0437993 0.587785 
vn -0.807831 0.0437993 0.587785 
vn -0.798359 0.130884 0.587785 
vn -0.779528 0.216435 0.587785 
vn -0.751558 0.299448 0.587785 
vn -0.714776 0.37895 0.587785 
vn -0.669614 0.45401 0.587785 
vn -0.616602 0.523747 0.587785 
vn -0.556361 0.587343 0.587785 
vn -0.489596 0.644053 0.587785 
vn -0.417092 0.693212 0.587785 
vn -0.339697 0.734244 0.587785 
vn -0.25832 0.766668 0.587785 
vn -0.173915 0.790103 0.587785 
vn -0.0874701 0.804275 0.587785 
vn 1.6841e-16 0.809017 0.587785 
vn 0.0874701 0.804275 0.587785 
vn 0.173915 0.790103 0.587785 
vn 0.25832 0.766668 0.587785 
vn 0.339697 0.734244 0.587785 
vn 0.417092 0.693212 0.587785 
vn 0.489596 0.644053 0.587785 
vn 0.556361 0.587343 0.587785 
vn 0.616602 0.523747 0.587785 
vn 0.669614 0.45401 0.587785 
vn 0.714776 0.37895 0.587785 
vn 0.751558 0.299448 0.587785 
vn 0.779528 0.216435 0.587785 
vn 0.798359 0.130884 0.587785 
vn 0.807831 0.0437993 0.587785 
vn 0.807831 -0.0437993 0.587785 
vn 0.798359 -0.130884 0.587785 
vn 0.779528 -0.216435 0.587785 
vn 0.751558 -0.299448 0.587785 
vn 0.714776 -0.37895 0.587785 
vn 0.669614 -0.45401 0.587785 
vn 0.616602 -0.523747 0.587785 
vn 0.556361 -0.587343 0.587785 
vn 0.489596 -0.644053 0.587785 
vn 0.417092 -0.693212 0.587785 
vn 0.339697 -0.734244 0.587785 
vn 0.25832 -0.766668 0.587785 
vn 0.173915 -0.790103 0.587785 
vn 0.0874701 -0.804275 0.587785 
vn 0 -0.743145 0.669131 
vn -0.0803481 -0.738788 0.669131 
vn -0.159754 -0.725771 0.669131 
vn -0.237287 -0.704244 0.669131 
vn -0.312038 -0.67446 0.669131 
vn -0.383131 -0.636769 0.669131 
vn -0.449732 -0.591612 0.669131 
vn -0.51106 -0.53952 0.669131 
vn -0.566397 -0.481102 0.669131 
vn -0.615093 -0.417043 0.669131 
vn -0.656577 -0.348095 0.669131 
vn -0.690364 -0.275066 0.669131 
vn -0.716057 -0.198812 0.669131 
vn -0.733355 -0.120227 0.669131 
vn -0.742055 -0.040233 0.669131 
vn -0.742055 0.040233 0.669131 
vn -0.733355 0.120227 0.669131 
vn -0.716057 0.198812 0.669131 
vn -0.690364 0.275066 0.669131 
vn -0.656577 0.348095 0.669131 
vn -0.615093 0.417043 0.669131 
vn -0.566397 0.481102 0.669131 
vn -0.51106 0.53952 0.669131 
vn -0.449732 0.591612 0.669131 
vn -0.383131 0.636769 0.669131 
vn -0.312038 0.67446 0.669131 
vn -0.237287 0.704244 0.669131 
vn -0.159754 0.725771 0.669131 
vn -0.0803481 0.738788 0.669131 
vn 1.54698e-16 0.743145 0.669131 
vn 0.0803481 0.738788 0.669131 
vn 0.159754 0.725771 0.669131 
vn 0.237287 0.704244 0.669131 
vn 0.312038 0.67446 0.669131 
vn 0.383131 0.636769 0.669131 
vn 0.449732 0.591612 0.669131 
vn 0.51106 0.53952 0.669131 
vn 0.566397 0.481102 0.669131 
vn 0.615093 0.417043 0.669131 
vn 0.656577 0.348095 0.669131 
vn 0.690364 0.275066 0.669131 
vn 0.716057 0.198812 0.669131 
vn 0.733355 0.120227 0.669131 
vn 0.742055 0.040233 0.669131 
vn 0.742055 -0.040233 0.669131 
vn 0.733355 -0.120227 0.669131 
vn 0.716057 -0.198812 0.669131 
vn 0.690364 -0.275066 0.669131 
vn 0.656577 -0.348095 0.669131 
vn 0.615093 -0.417043 0.669131 
vn 0.566397 -0.481102 0.669131 
vn 0.51106 -0.53952 0.669131 
vn 0.449732 -0.591612 0.669131 
vn 0.383131 -0.636769 0.669131 
vn 0.312038 -0.67446 0.669131 
vn 0.237287 -0.704244 0.669131 
vn 0.159754 -0.725771 0.669131 
vn 0.0803481 -0.738788 0.669131 
vn 0 -0.669131 0.743145 
vn -0.0723457 -0.665208 0.743145 
vn -0.143843 -0.653487 0.743145 
vn -0.213654 -0.634104 0.743145 
vn -0.280961 -0.607286 0.743145 
vn -0.344973 -0.573349 0.743145 
vn -0.404941 -0.53269 0.743145 
vn -0.460161 -0.485786 0.743145 
vn -0.509986 -0.433186 0.743145 
vn -0.553832 -0.375507 0.743145 
vn -0.591185 -0.313426 0.743145 
vn -0.621607 -0.247671 0.743145 
vn -0.644741 -0.179011 0.743145 
vn -0.660316 -0.108253 0.743145 
vn -0.668149 -0.036226 0.743145 
vn -0.668149 0.036226 0.743145 
vn -0.660316 0.108253 0.743145 
vn -0.644741 0.179011 0.743145 
vn -0.621607 0.247671 0.743145 
vn -0.591185 0.313426 0.743145 
vn -0.553832 0.375507 0.743145 
vn -0.509986 0.433186 0.743145 
vn -0.460161 0.485786 0.743145 
vn -0.404941 0.53269 0.743145 
vn -0.344973 0.573349 0.743145 
vn -0.280961 0.607286 0.743145 
vn -0.213654 0.634104 0.743145 
vn -0.143843 0.653487 0.743145 
vn -0.0723457 0.665208 0.743145 
vn 1.39291e-16 0.669131 0.743145 
vn 0.0723457 0.665208 0.743145 
vn 0.143843 0.653487 0.743145 
vn 0.213654 0.634104 0.743145 
vn 0.280961 0.607286 0.743145 
vn 0.344973 0.573349 0.743145 
vn 0.404941 0.53269 0.743145 
vn 0.460161 0.485786 0.743145 
vn 0.509986 0.433186 0.743145 
vn 0.553832 0.375507 0.743145 
vn 0.591185 0.313426 0.743145 
vn 0.621607 0.247671 0.743145 
vn 0.644741 0.179011 0.743145 
vn 0.660316 0.108253 0.743145 
vn 0.668149 0.036226 0.743145 
vn 0.668149 -0.036226 0.743145 
vn 0.660316 -0.108253 0.743145 
vn 0.644741 -0.179011 0.743145 
vn 0.621607 -0.247671 0.743145 
vn 0.591185 -0.313426 0.743145 
vn 0.553832 -0.375507 0.743145 
vn 0.509986 -0.433186 0.743145 
vn 0.460161 -0.485786 0.743145 
vn 0.404941 -0.53269 0.743145 
vn 0.344973 -0.573349 0.743145 
vn 0.280961 -0.607286 0.743145 
vn 0.213654 -0.634104 0.743145 
vn 0.143843 -0.653487 0.743145 
vn 0.0723457 -0.665208 0.743145 
vn 0 -0.587785 0.809017 
vn -0.0635508 -0.58434 0.809017 
vn -0.126356 -0.574043 0.809017 
vn -0.187681 -0.557017 0.809017 
vn -0.246805 -0.533459 0.809017 
vn -0.303035 -0.503648 0.809017 
vn -0.355712 -0.467932 0.809017 
vn -0.40422 -0.426729 0.809017 
vn -0.447988 -0.380524 0.809017 
vn -0.486503 -0.329857 0.809017 
vn -0.519315 -0.275324 0.809017 
vn -0.546039 -0.217562 0.809017 
vn -0.56636 -0.157249 0.809017 
vn -0.580042 -0.0950931 0.809017 
vn -0.586923 -0.0318221 0.809017 
vn -0.586923 0.0318221 0.809017 
vn -0.580042 0.0950931 0.809017 
vn -0.56636 0.157249 0.809017 
vn -0.546039 0.217562 0.809017 
vn -0.519315 0.275324 0.809017 
vn -0.486503 0.329857 0.809017 
vn -0.447988 0.380524 0.809017 
vn -0.40422 0.426729 0.809017 
vn -0.355712 0.467932 0.809017 
vn -0.303035 0.503648 0.809017 
vn -0.246805 0.533459 0.809017 
vn -0.187681 0.557017 0.809017 
vn -0.126356 0.574043 0.809017 
vn -0.0635508 0.58434 0.809017 
vn 1.22357e-16 0.587785 0.809017 
vn 0.0635508 0.58434 0.809017 
vn 0.126356 0.574043 0.809017 
vn 0.187681 0.557017 0.809017 
vn 0.246805 0.533459 0.809017 
vn 0.303035 0.503648 0.809017 
vn 0.355712 0.467932 0.809017 
vn 0.40422 0.426729 0.809017 
vn 0.447988 0.380524 0.809017 
vn 0.486503 0.329857 0.809017 
vn 0.519315 0.275324 0.809017 
vn 0.546039 0.217562 0.809017 
vn 0.56636 0.157249 0.809017 
vn 0.580042 0.0950931 0.809017 
vn 0.586923 0.0318221 0.809017 
vn 0.586923 -0.0318221 0.809017 
vn 0.580042 -0.0950931 0.809017 
vn 0.56636 -0.157249 0.809017 
vn 0.546039 -0.217562 0.809017 
vn 0.519315 -0.275324 0.809017 
vn 0.486503 -0.329857 0.809017 
vn 0.447988 -0.380524 0.809017 
vn 0.40422 -0.426729 0.809017 
vn 0.355712 -0.467932 0.809017 
vn 0.303035 -0.503648 0.809017 
vn 0.246805 -0.533459 0.809017 
vn 0.187681 -0.557017 0.809017 
vn 0.126356 -0.574043 0.809017 
vn 0.0635508 -0.58434 0.809017 
vn 0 -0.5 0.866025 
vn -0.0540595 -0.497069 0.866025 
vn -0.107485 -0.48831 0.866025 
vn -0.159651 -0.473827 0.866025 
vn -0.209945 -0.453788 0.866025 
vn -0.257777 -0.428429 0.866025 
vn -0.302587 -0.398047 0.866025 
vn -0.34385 -0.362998 0.866025 
vn -0.381081 -0.323693 0.866025 
vn -0.413844 -0.280594 0.866025 
vn -0.441756 -0.234204 0.866025 
vn -0.464488 -0.185069 0.866025 
vn -0.481775 -0.133764 0.866025 
vn -0.493413 -0.080891 0.866025 
vn -0.499267 -0.0270695 0.866025 
vn -0.499267 0.0270695 0.866025 
vn -0.493413 0.080891 0.866025 
vn -0.481775 0.133764 0.866025 
vn -0.464488 0.185069 0.866025 
vn -0.441756 0.234204 0.866025 
vn -0.413844 0.280594 0.866025 
vn -0.381081 0.323693 0.866025 
vn -0.34385 0.362998 0.866025 
vn -0.302587 0.398047 0.866025 
vn -0.257777 0.428429 0.866025 
vn -0.209945 0.453788 0.866025 
vn -0.159651 0.473827 0.866025 
vn -0.107485 0.48831 0.866025 
vn -0.0540595 0.497069 0.866025 
vn 1.04083e-16 0.5 0.866025 
vn 0.0540595 0.497069 0.866025 
vn 0.107485 0.48831 0.866025 
vn 0.159651 0.473827 0.866025 
vn 0.209945 0.453788 0.866025 
vn 0.257777 0.428429 0.866025 
vn 0.302587 0.398047 0.866025 
vn 0.34385 0.362998 0.866025 
vn 0.381081 0.323693 0.866025 
vn 0.413844 0.280594 0.866025 
vn 0.441756 0.234204 0.866025 
vn 0.464488 0.185069 0.866025 
vn 0.481775 0.133764 0.866025 
vn 0.493413 0.080891 0.866025 
vn 0.499267 0.0270695 0.866025 
vn 0.499267 -0.0270695 0.866025 
vn 0.493413 -0.080891 0.866025 
vn 0.481775 -0.133764 0.866025 
vn 0.464488 -0.185069 0.866025 
vn 0.441756 -0.234204 0.866025 
vn 0.413844 -0.280594 0.866025 
vn 0.381081 -0.323693 0.866025 
vn 0.34385 -0.362998 0.866025 
vn 0.302587 -0.398047 0.866025 
vn 0.257777 -0.428429 0.866025 
vn 0.209945 -0.453788 0.866025 
vn 0.159651 -0.473827 0.866025 
vn 0.107485 -0.48831 0.866025 
vn 0.0540595 -0.497069 0.866025 
vn 0 -0.406737 0.913545 
vn -0.043976 -0.404352 0.913545 
vn -0.0874364 -0.397227 0.913545 
vn -0.129872 -0.385445 0.913545 
vn -0.170784 -0.369144 0.913545 
vn -0.209695 -0.348515 0.913545 
vn -0.246147 -0.3238 0.913545 
vn -0.279713 -0.295289 0.913545 
vn -0.309999 -0.263316 0.913545 
vn -0.336651 -0.228255 0.913545 
vn -0.359357 -0.190519 0.913545 
vn -0.377849 -0.150549 0.913545 
vn -0.391911 -0.108814 0.913545 
vn -0.401379 -0.0658027 0.913545 
vn -0.40614 -0.0220203 0.913545 
vn -0.40614 0.0220203 0.913545 
vn -0.401379 0.0658027 0.913545 
vn -0.391911 0.108814 0.913545 
vn -0.377849 0.150549 0.913545 
vn -0.359357 0.190519 0.913545 
vn -0.336651 0.228255 0.913545 
vn -0.309999 0.263316 0.913545 
vn -0.279713 0.295289 0.913545 
vn -0.246147 0.3238 0.913545 
vn -0.209695 0.348515 0.913545 
vn -0.170784 0.369144 0.913545 
vn -0.129872 0.385445 0.913545 
vn -0.0874364 0.397227 0.913545 
vn -0.043976 0.404352 0.913545 
vn 8.46691e-17 0.406737 0.913545 
vn 0.043976 0.404352 0.913545 
vn 0.0874364 0.397227 0.913545 
vn 0.129872 0.385445 0.913545 
vn 0.170784 0.369144 0.913545 
vn 0.209695 0.348515 0.913545 
vn 0.246147 0.3238 0.913545 
vn 0.279713 0.295289 0.913545 
vn 0.309999 0.263316 0.913545 
vn 0.336651 0.228255 0.913545 
vn 0.359357 0.190519 0.913545 
vn 0.377849 0.150549 0.913545 
vn 0.391911 0.108814 0.913545 
vn 0.401379 0.0658027 0.913545 
vn 0.40614 0.0220203 0.913545 
vn 0.40614 -0.0220203 0.913545 
vn 0.401379 -0.0658027 0.913545 
vn 0.391911 -0.108814 0.913545 
vn 0.377849 -0.150549 0.913545 
vn 0.359357 -0.190519 0.913545 
vn 0.336651 -0.228255 0.913545 
vn 0.309999 -0.263316 0.913545 
vn 0.279713 -0.295289 0.913545 
vn 0.246147 -0.3238 0.913545 
vn 0.209695 -0.348515 0.913545 
vn 0.170784 -0.369144 0.913545 
vn 0.129872 -0.385445 0.913545 
vn 0.0874364 -0.397227 0.913545 
vn 0.043976 -0.404352 0.913545 
vn 0 -0.309017 0.951057 
vn -0.0334106 -0.307206 0.951057 
vn -0.0664295 -0.301792 0.951057 
vn -0.0986696 -0.292841 0.951057 
vn -0.129753 -0.280456 0.951057 
vn -0.159315 -0.264783 0.951057 
vn -0.187009 -0.246006 0.951057 
vn -0.212511 -0.224345 0.951057 
vn -0.235521 -0.200053 0.951057 
vn -0.25577 -0.173416 0.951057 
vn -0.27302 -0.144746 0.951057 
vn -0.28707 -0.114379 0.951057 
vn -0.297753 -0.0826708 0.951057 
vn -0.304946 -0.0499934 0.951057 
vn -0.308564 -0.0167298 0.951057 
vn -0.308564 0.0167298 0.951057 
vn -0.304946 0.0499934 0.951057 
vn -0.297753 0.0826708 0.951057 
vn -0.28707 0.114379 0.951057 
vn -0.27302 0.144746 0.951057 
vn -0.25577 0.173416 0.951057 
vn -0.235521 0.200053 0.951057 
vn -0.212511 0.224345 0.951057 
vn -0.187009 0.246006 0.951057 
vn -0.159315 0.264783 0.951057 
vn -0.129753 0.280456 0.951057 
vn -0.0986696 0.292841 0.951057 
vn -0.0664295 0.301792 0.951057 
vn -0.0334106 0.307206 0.951057 
vn 6.43271e-17 0.309017 0.951057 
vn 0.0334106 0.307206 0.951057 
vn 0.0664295 0.301792 0.951057 
vn 0.0986696 0.292841 0.951057 
vn 0.129753 0.280456 0.951057 
vn 0.159315 0.264783 0.951057 
vn 0.187009 0.246006 0.951057 
vn 0.212511 0.224345 0.951057 
vn 0.235521 0.200053 0.951057 
vn 0.25577 0.173416 0.951057 
vn 0.27302 0.144746 0.951057 
vn 0.28707 0.114379 0.951057 
vn 0.297753 0.0826708 0.951057 
vn 0.304946 0.0499934 0.951057 
vn 0.308564 0.0167298 0.951057 
vn 0.308564 -0.0167298 0.951057 
vn 0.304946 -0.0499934 0.951057 
vn 0.297753 -0.0826708 0.951057 
vn 0.28707 -0.114379 0.951057 
vn 0.27302 -0.144746 0.951057 
vn 0.25577 -0.173416 0.951057 
vn 0.235521 -0.200053 0.951057 
vn 0.212511 -0.224345 0.951057 
vn 0.187009 -0.246006 0.951057 
vn 0.159315 -0.264783 0.951057 
vn 0.129753 -0.280456 0.951057 
vn 0.0986696 -0.292841 0.951057 
vn 0.0664295 -0.301792 0.951057 
vn 0.0334106 -0.307206 0.951057 
vn 0 -0.207912 0.978148 
vn -0.0224792 -0.206693 0.978148 
vn -0.0446949 -0.203051 0.978148 
vn -0.0663865 -0.197028 0.978148 
vn -0.0872999 -0.188696 0.978148 
vn -0.10719 -0.178151 0.978148 
vn -0.125823 -0.165517 0.978148 
vn -0.142981 -0.150943 0.978148 
vn -0.158462 -0.134599 0.978148 
vn -0.172086 -0.116677 0.978148 
vn -0.183692 -0.0973876 0.978148 
vn -0.193145 -0.076956 0.978148 
vn -0.200333 -0.0556223 0.978148 
vn -0.205173 -0.0336364 0.978148 
vn -0.207607 -0.0112561 0.978148 
vn -0.207607 0.0112561 0.978148 
vn -0.205173 0.0336364 0.978148 
vn -0.200333 0.0556223 0.978148 
vn -0.193145 0.076956 0.978148 
vn -0.183692 0.0973876 0.978148 
vn -0.172086 0.116677 0.978148 
vn -0.158462 0.134599 0.978148 
vn -0.142981 0.150943 0.978148 
vn -0.125823 0.165517 0.978148 
vn -0.10719 0.178151 0.978148 
vn -0.0872999 0.188696 0.978148 
vn -0.0663865 0.197028 0.978148 
vn -0.0446949 0.203051 0.978148 
vn -0.0224792 0.206693 0.978148 
vn 4.32803e-17 0.207912 0.978148 
vn 0.0224792 0.206693 0.978148 
vn 0.0446949 0.203051 0.978148 
vn 0.0663865 0.197028 0.978148 
vn 0.0872999 0.188696 0.978148 
vn 0.10719 0.178151 0.978148 
vn 0.125823 0.165517 0.978148 
vn 0.142981 0.150943 0.978148 
vn 0.158462 0.134599 0.978148 
vn 0.172086 0.116677 0.978148 
vn 0.183692 0.0973876 0.978148 
vn 0.193145 0.076956 0.978148 
vn 0.200333 0.0556223 0.978148 
vn 0.205173 0.0336364 0.978148 
vn 0.207607 0.0112561 0.978148 
vn 0.207607 -0.0112561 0.978148 
vn 0.205173 -0.0336364 0.978148 
vn 0.200333 -0.0556223 0.978148 
vn 0.193145 -0.076956 0.978148 
vn 0.183692 -0.0973876 0.978148 
vn 0.172086 -0.116677 0.978148 
vn 0.158462 -0.134599 0.978148 
vn 0.142981 -0.150943 0.978148 
vn 0.125823 -0.165517 0.978148 
vn 0.10719 -0.178151 0.978148 
vn 0.0872999 -0.188696 0.978148 
vn 0.0663865 -0.197028 0.978148 
vn 0.0446949 -0.203051 0.978148 
vn 0.0224792 -0.206693 0.978148 
vn 0 -0.104528 0.994522 
vn -0.0113015 -0.103916 0.994522 
vn -0.0224705 -0.102085 0.994522 
vn -0.0333761 -0.0990567 0.994522 
vn -0.0438904 -0.0948675 0.994522 
vn -0.0538901 -0.089566 0.994522 
vn -0.0632579 -0.0832144 0.994522 
vn -0.0718842 -0.0758872 0.994522 
vn -0.0796676 -0.0676703 0.994522 
vn -0.0865171 -0.05866 0.994522 
vn -0.0923522 -0.048962 0.994522 
vn -0.0971045 -0.03869 0.994522 
vn -0.100718 -0.0279643 0.994522 
vn -0.103151 -0.0169108 0.994522 
vn -0.104375 -0.00565906 0.994522 
vn -0.104375 0.00565906 0.994522 
vn -0.103151 0.0169108 0.994522 
vn -0.100718 0.0279643 0.994522 
vn -0.0971045 0.03869 0.994522 
vn -0.0923522 0.048962 0.994522 
vn -0.0865171 0.05866 0.994522 
vn -0.0796676 0.0676703 0.994522 
vn -0.0718842 0.0758872 0.994522 
vn -0.0632579 0.0832144 0.994522 
vn -0.0538901 0.089566 0.994522 
vn -0.0438904 0.0948675 0.994522 
vn -0.0333761 0.0990567 0.994522 
vn -0.0224705 0.102085 0.994522 
vn -0.0113015 0.103916 0.994522 
vn 2.17594e-17 0.104528 0.994522 
vn 0.0113015 0.103916 0.994522 
vn 0.0224705 0.102085 0.994522 
vn 0.0333761 0.0990567 0.994522 
vn 0.0438904 0.0948675 0.994522 
vn 0.0538901 0.089566 0.994522 
vn 0.0632579 0.0832144 0.994522 
vn 0.0718842 0.0758872 0.994522 
vn 0.0796676 0.0676703 0.994522 
vn 0.0865171 0.05866 0.994522 
vn 0.0923522 0.048962 0.994522 
vn 0.0971045 0.03869 0.994522 
vn 0.100718 0.0279643 0.994522 
vn 0.103151 0.0169108 0.994522 
vn 0.104375 0.00565906 0.994522 
vn 0.104375 -0.00565906 0.994522 
vn 0.103151 -0.0169108 0.994522 
vn 0.100718 -0.0279643 0.994522 
vn 0.0971045 -0.03869 0.994522 
vn 0.0923522 -0.048962 0.994522 
vn 0.0865171 -0.05866 0.994522 
vn 0.0796676 -0.0676703 0.994522 
vn 0.0718842 -0.0758872 0.994522 
vn 0.0632579 -0.0832144 0.994522 
vn 0.0538901 -0.089566 0.994522 
vn 0.0438904 -0.0948675 0.994522 
vn 0.0333761 -0.0990567 0.994522 
vn 0.0224705 -0.102085 0.994522 
vn 0.0113015 -0.103916 0.994522 
vn 0 6.12323e-17 1 
vn 0 0.104528 0.994522 
vn 0.0113015 0.103916 0.994522 
vn 1.31631e-17 5.98008e-17 1 
vn 0.0224705 0.102085 0.994522 
vn 0.0333761 0.0990567 0.994522 
vn 2.57108e-17 5.5573e-17 1 
vn 0.0438904 0.0948675 0.994522 
vn 0.0538901 0.089566 0.994522 
vn 3.70562e-17 4.87466e-17 1 
vn 0.0632579 0.0832144 0.994522 
vn 0.0718842 0.0758872 0.994522 
vn 4.6669e-17 3.9641e-17 1 
vn 0.0796676 0.0676703 0.994522 
vn 0.0865171 0.05866 0.994522 
vn 5.40995e-17 2.86817e-17 1 
vn 0.0923522 0.048962 0.994522 
vn 0.0971045 0.03869 0.994522 
vn 5.90004e-17 1.63814e-17 1 
vn 0.100718 0.0279643 0.994522 
vn 0.103151 0.0169108 0.994522 
vn 6.11425e-17 3.31505e-18 1 
vn 0.104375 0.00565906 0.994522 
vn 0.104375 -0.00565906 0.994522 
vn 6.04257e-17 -9.90629e-18 1 
vn 0.103151 -0.0169108 0.994522 
vn 0.100718 -0.0279643 0.994522 
vn 5.68834e-17 -2.26644e-17 1 
vn 0.0971045 -0.03869 0.994522 
vn 0.0923522 -0.048962 0.994522 
vn 5.06813e-17 -3.43628e-17 1 
vn 0.0865171 -0.05866 0.994522 
vn 0.0796676 -0.0676703 0.994522 
vn 4.21094e-17 -4.44544e-17 1 
vn 0.0718842 -0.0758872 0.994522 
vn 0.0632579 -0.0832144 0.994522 
vn 3.15686e-17 -5.24674e-17 1 
vn 0.0538901 -0.089566 0.994522 
vn 0.0438904 -0.0948675 0.994522 
vn 1.95516e-17 -5.8027e-17 1 
vn 0.0333761 -0.0990567 0.994522 
vn 0.0224705 -0.102085 0.994522 
vn 6.62038e-18 -6.08734e-17 1 
vn 0.0113015 -0.103916 0.994522 
vn -2.17594e-17 -0.104528 0.994522 
vn -6.62038e-18 -6.08734e-17 1 
vn -0.0113015 -0.103916 0.994522 
vn -0.0224705 -0.102085 0.994522 
vn -1.95516e-17 -5.8027e-17 1 
vn -0.0333761 -0.0990567 0.994522 
vn -0.0438904 -0.0948675 0.994522 
vn -3.15686e-17 -5.24674e-17 1 
vn -0.0538901 -0.089566 0.994522 
vn -0.0632579 -0.0832144 0.994522 
vn -4.21094e-17 -4.44544e-17 1 
vn -0.0718842 -0.0758872 0.994522 
vn -0.0796676 -0.0676703 0.994522 
vn -5.06813e-17 -3.43628e-17 1 
vn -0.0865171 -0.05866 0.994522 
vn -0.0923522 -0.048962 0.994522 
vn -5.68834e-17 -2.26644e-17 1 
vn -0.0971045 -0.03869 0.994522 
vn -0.100718 -0.0279643 0.994522 
vn -6.04257e-17 -9.90629e-18 1 
vn -0.103151 -0.0169108 0.994522 
vn -0.104375 -0.00565906 0.994522 
vn -6.11425e-17 3.31505e-18 1 
vn -0.104375 0.00565906 0.994522 
vn -0.103151 0.0169108 0.994522 
vn -5.90004e-17 1.63814e-17 1 
vn -0.100718 0.0279643 0.994522 
vn -0.0971045 0.03869 0.994522 
vn -5.40995e-17 2.86817e-17 1 
vn -0.0923522 0.048962 0.994522 
vn -0.0865171 0.05866 0.994522 
vn -4.6669e-17 3.9641e-17 1 
vn -0.0796676 0.0676703 0.994522 
vn -0.0718842 0.0758872 0.994522 
vn -3.70562e-17 4.87466e-17 1 
vn -0.0632579 0.0832144 0.994522 
vn -0.0538901 0.089566 0.994522 
vn -2.57108e-17 5.5573e-17 1 
vn -0.0438904 0.0948675 0.994522 
vn -0.0333761 0.0990567 0.994522 
vn -1.31631e-17 5.98008e-17 1 
vn -0.0224705 0.102085 0.994522 
vn -0.0113015 0.103916 0.994522 
vn 0 0.207912 0.978148 
vn 0.0224792 0.206693 0.978148 
vn 0.0446949 0.203051 0.978148 
vn 0.0663865 0.197028 0.978148 
vn 0.0872999 0.188696 0.978148 
vn 0.10719 0.178151 0.978148 
vn 0.125823 0.165517 0.978148 
vn 0.142981 0.150943 0.978148 
vn 0.158462 0.134599 0.978148 
vn 0.172086 0.116677 0.978148 
vn 0.183692 0.0973876 0.978148 
vn 0.193145 0.076956 0.978148 
vn 0.200333 0.0556223 0.978148 
vn 0.205173 0.0336364 0.978148 
vn 0.207607 0.0112561 0.978148 
vn 0.207607 -0.0112561 0.978148 
vn 0.205173 -0.0336364 0.978148 
vn 0.200333 -0.0556223 0.978148 
vn 0.193145 -0.076956 0.978148 
vn 0.183692 -0.0973876 0.978148 
vn 0.172086 -0.116677 0.978148 
vn 0.158462 -0.134599 0.978148 
vn 0.142981 -0.150943 0.978148 
vn 0.125823 -0.165517 0.978148 
vn 0.10719 -0.178151 0.978148 
vn 0.0872999 -0.188696 0.978148 
vn 0.0663865 -0.197028 0.978148 
vn 0.0446949 -0.203051 0.978148 
vn 0.0224792 -0.206693 0.978148 
vn -4.32803e-17 -0.207912 0.978148 
vn -0.0224792 -0.206693 0.978148 
vn -0.0446949 -0.203051 0.978148 
vn -0.0663865 -0.197028 0.978148 
vn -0.0872999 -0.188696 0.978148 
vn -0.10719 -0.178151 0.978148 
vn -0.125823 -0.165517 0.978148 
vn -0.142981 -0.150943 0.978148 
vn -0.158462 -0.134599 0.978148 
vn -0.172086 -0.116677 0.978148 
vn -0.183692 -0.0973876 0.978148 
vn -0.193145 -0.076956 0.978148 
vn -0.200333 -0.0556223 0.978148 
vn -0.205173 -0.0336364 0.978148 
vn -0.207607 -0.0112561 0.978148 
vn -0.207607 0.0112561 0.978148 
vn -0.205173 0.0336364 0.978148 
vn -0.200333 0.0556223 0.978148 
vn -0.193145 0.076956 0.978148 
vn -0.183692 0.0973876 0.978148 
vn -0.172086 0.116677 0.978148 
vn -0.158462 0.134599 0.978148 
vn -0.142981 0.150943 0.978148 
vn -0.125823 0.165517 0.978148 
vn -0.10719 0.178151 0.978148 
vn -0.0872999 0.188696 0.978148 
vn -0.0663865 0.197028 0.978148 
vn -0.0446949 0.203051 0.978148 
vn -0.0224792 0.206693 0.978148 
vn 0 0.309017 0.951057 
vn 0.0334106 0.307206 0.951057 
vn 0.0664295 0.301792 0.951057 
vn 0.0986696 0.292841 0.951057 
vn 0.129753 0.280456 0.951057 
vn 0.159315 0.264783 0.951057 
vn 0.187009 0.246006 0.951057 
vn 0.212511 0.224345 0.951057 
vn 0.235521 0.200053 0.951057 
vn 0.25577 0.173416 0.951057 
vn 0.27302 0.144746 0.951057 
vn 0.28707 0.114379 0.951057 
vn 0.297753 0.0826708 0.951057 
vn 0.304946 0.0499934 0.951057 
vn 0.308564 0.0167298 0.951057 
vn 0.308564 -0.0167298 0.951057 
vn 0.304946 -0.0499934 0.951057 
vn 0.297753 -0.0826708 0.951057 
vn 0.28707 -0.114379 0.951057 
vn 0.27302 -0.144746 0.951057 
vn 0.25577 -0.173416 0.951057 
vn 0.235521 -0.200053 0.951057 
vn 0.212511 -0.224345 0.951057 
vn 0.187009 -0.246006 0.951057 
vn 0.159315 -0.264783 0.951057 
vn 0.129753 -0.280456 0.951057 
vn 0.0986696 -0.292841 0.951057 
vn 0.0664295 -0.301792 0.951057 
vn 0.0334106 -0.307206 0.951057 
vn -6.43271e-17 -0.309017 0.951057 
vn -0.0334106 -0.307206 0.951057 
vn -0.0664295 -0.301792 0.951057 
vn -0.0986696 -0.292841 0.951057 
vn -0.129753 -0.280456 0.951057 
vn -0.159315 -0.264783 0.951057 
vn -0.187009 -0.246006 0.951057 
vn -0.212511 -0.224345 0.951057 
vn -0.235521 -0.200053 0.951057 
vn -0.25577 -0.173416 0.951057 
vn -0.27302 -0.144746 0.951057 
vn -0.28707 -0.114379 0.951057 
vn -0.297753 -0.0826708 0.951057 
vn -0.304946 -0.0499934 0.951057 
vn -0.308564 -0.0167298 0.951057 
vn -0.308564 0.0167298 0.951057 
vn -0.304946 0.0499934 0.951057 
vn -0.297753 0.0826708 0.951057 
vn -0.28707 0.114379 0.951057 
vn -0.27302 0.144746 0.951057 
vn -0.25577 0.173416 0.951057 
vn -0.235521 0.200053 0.951057 
vn -0.212511 0.224345 0.951057 
vn -0.187009 0.246006 0.951057 
vn -0.159315 0.264783 0.951057 
vn -0.129753 0.280456 0.951057 
vn -0.0986696 0.292841 0.951057 
vn -0.0664295 0.301792 0.951057 
vn -0.0334106 0.307206 0.951057 
vn 0 0.406737 0.913545 
vn 0.043976 0.404352 0.913545 
vn 0.0874364 0.397227 0.913545 
vn 0.129872 0.385445 0.913545 
vn 0.170784 0.369144 0.913545 
vn 0.209695 0.348515 0.913545 
vn 0.246147 0.3238 0.913545 
vn 0.279713 0.295289 0.913545 
vn 0.309999 0.263316 0.913545 
vn 0.336651 0.228255 0.913545 
vn 0.359357 0.190519 0.913545 
vn 0.377849 0.150549 0.913545 
vn 0.391911 0.108814 0.913545 
vn 0.401379 0.0658027 0.913545 
vn 0.40614 0.0220203 0.913545 
vn 0.40614 -0.0220203 0.913545 
vn 0.401379 -0.0658027 0.913545 
vn 0.391911 -0.108814 0.913545 
vn 0.377849 -0.150549 0.913545 
vn 0.359357 -0.190519 0.913545 
vn 0.336651 -0.228255 0.913545 
vn 0.309999 -0.263316 0.913545 
vn 0.279713 -0.295289 0.913545 
vn 0.246147 -0.3238 0.913545 
vn 0.209695 -0.348515 0.913545 
vn 0.170784 -0.369144 0.913545 
vn 0.129872 -0.385445 0.913545 
vn 0.0874364 -0.397227 0.913545 
vn 0.043976 -0.404352 0.913545 
vn -8.46691e-17 -0.406737 0.913545 
vn -0.043976 -0.404352 0.913545 
vn -0.0874364 -0.397227 0.913545 
vn -0.129872 -0.385445 0.913545 
vn -0.170784 -0.369144 0.913545 
vn -0.209695 -0.348515 0.913545 
vn -0.246147 -0.3238 0.913545 
vn -0.279713 -0.295289 0.913545 
vn -0.309999 -0.263316 0.913545 
vn -0.336651 -0.228255 0.913545 
vn -0.359357 -0.190519 0.913545 
vn -0.377849 -0.150549 0.913545 
vn -0.391911 -0.108814 0.913545 
vn -0.401379 -0.0658027 0.913545 
vn -0.40614 -0.0220203 0.913545 
vn -0.40614 0.0220203 0.913545 
vn -0.401379 0.0658027 0.913545 
vn -0.391911 0.108814 0.913545 
vn -0.377849 0.150549 0.913545 
vn -0.359357 0.190519 0.913545 
vn -0.336651 0.228255 0.913545 
vn -0.309999 0.263316 0.913545 
vn -0.279713 0.295289 0.913545 
vn -0.246147 0.3238 0.913545 
vn -0.209695 0.348515 0.913545 
vn -0.170784 0.369144 0.913545 
vn -0.129872 0.385445 0.913545 
vn -0.0874364 0.397227 0.913545 
vn -0.043976 0.404352 0.913545 
vn 0 0.5 0.866025 
vn 0.0540595 0.497069 0.866025 
vn 0.107485 0.48831 0.866025 
vn 0.159651 0.473827 0.866025 
vn 0.209945 0.453788 0.866025 
vn 0.257777 0.428429 0.866025 
vn 0.302587 0.398047 0.866025 
vn 0.34385 0.362998 0.866025 
vn 0.381081 0.323693 0.866025 
vn 0.413844 0.280594 0.866025 
vn 0.441756 0.234204 0.866025 
vn 0.464488 0.185069 0.866025 
vn 0.481775 0.133764 0.866025 
vn 0.493413 0.080891 0.866025 
vn 0.499267 0.0270695 0.866025 
vn 0.499267 -0.0270695 0.866025 
vn 0.493413 -0.080891 0.866025 
vn 0.481775 -0.133764 0.866025 
vn 0.464488 -0.185069 0.866025 
vn 0.441756 -0.234204 0.866025 
vn 0.413844 -0.280594 0.866025 
vn 0.381081 -0.323693 0.866025 
vn 0.34385 -0.362998 0.866025 
vn 0.302587 -0.398047 0.866025 
vn 0.257777 -0.428429 0.866025 
vn 0.209945 -0.453788 0.866025 
vn 0.159651 -0.473827 0.866025 
vn 0.107485 -0.48831 0.866025 
vn 0.0540595 -0.497069 0.866025 
vn -1.04083e-16 -0.5 0.866025 
vn -0.0540595 -0.497069 0.866025 
vn -0.107485 -0.48831 0.866025 
vn -0.159651 -0.473827 0.866025 
vn -0.209945 -0.453788 0.866025 
vn -0.257777 -0.428429 0.866025 
vn -0.302587 -0.398047 0.866025 
vn -0.34385 -0.362998 0.866025 
vn -0.381081 -0.323693 0.866025 
vn -0.413844 -0.280594 0.866025 
vn -0.441756 -0.234204 0.866025 
vn -0.464488 -0.185069 0.866025 
vn -0.481775 -0.133764 0.866025 
vn -0.493413 -0.080891 0.866025 
vn -0.499267 -0.0270695 0.866025 
vn -0.499267 0.0270695 0.866025 
vn -0.493413 0.080891 0.866025 
vn -0.481775 0.133764 0.866025 
vn -0.464488 0.185069 0.866025 
vn -0.441756 0.234204 0.866025 
vn -0.413844 0.280594 0.866025 
vn -0.381081 0.323693 0.866025 
vn -0.34385 0.362998 0.866025 
vn -0.302587 0.398047 0.866025 
vn -0.257777 0.428429 0.866025 
vn -0.209945 0.453788 0.866025 
vn -0.159651 0.473827 0.866025 
vn -0.107485 0.48831 0.866025 
vn -0.0540595 0.497069 0.866025 
vn 0 0.587785 0.809017 
vn 0.0635508 0.58434 0.809017 
vn 0.126356 0.574043 0.809017 
vn 0.187681 0.557017 0.809017 
vn 0.246805 0.533459 0.809017 
vn 0.303035 0.503648 0.809017 
vn 0.355712 0.467932 0.809017 
vn 0.40422 0.426729 0.809017 
vn 0.447988 0.380524 0.809017 
vn 0.486503 0.329857 0.809017 
vn 0.519315 0.275324 0.809017 
vn 0.546039 0.217562 0.809017 
vn 0.56636 0.157249 0.809017 
vn 0.580042 0.0950931 0.809017 
vn 0.586923 0.0318221 0.809017 
vn 0.586923 -0.0318221 0.809017 
vn 0.580042 -0.0950931 0.809017 
vn 0.56636 -0.157249 0.809017 
vn 0.546039 -0.217562 0.809017 
vn 0.519315 -0.275324 0.809017 
vn 0.486503 -0.329857 0.809017 
vn 0.447988 -0.380524 0.809017 
vn 0.40422 -0.426729 0.809017 
vn 0.355712 -0.467932 0.809017 
vn 0.303035 -0.503648 0.809017 
vn 0.246805 -0.533459 0.809017 
vn 0.187681 -0.557017 0.809017 
vn 0.126356 -0.574043 0.809017 
vn 0.0635508 -0.58434 0.809017 
vn -1.22357e-16 -0.587785 0.809017 
vn -0.0635508 -0.58434 0.809017 
vn -0.126356 -0.574043 0.809017 
vn -0.187681 -0.557017 0.809017 
vn -0.246805 -0.533459 0.809017 
vn -0.303035 -0.503648 0.809017 
vn -0.355712 -0.467932 0.809017 
vn -0.40422 -0.426729 0.809017 
vn -0.447988 -0.380524 0.809017 
vn -0.486503 -0.329857 0.809017 
vn -0.519315 -0.275324 0.809017 
vn -0.546039 -0.217562 0.809017 
vn -0.56636 -0.157249 0.809017 
vn -0.580042 -0.0950931 0.809017 
vn -0.586923 -0.0318221 0.809017 
vn -0.586923 0.0318221 0.809017 
vn -0.580042 0.0950931 0.809017 
vn -0.56636 0.157249 0.809017 
vn -0.546039 0.217562 0.809017 
vn -0.519315 0.275324 0.809017 
vn -0.486503 0.329857 0.809017 
vn -0.447988 0.380524 0.809017 
vn -0.40422 0.426729 0.809017 
vn -0.355712 0.467932 0.809017 
vn -0.303035 0.503648 0.809017 
vn -0.246805 0.533459 0.809017 
vn -0.187681 0.557017 0.809017 
vn -0.126356 0.574043 0.809017 
vn -0.0635508 0.58434 0.809017 
vn 0 0.669131 0.743145 
vn 0.0723457 0.665208 0.743145 
vn 0.143843 0.653487 0.743145 
vn 0.213654 0.634104 0.743145 
vn 0.280961 0.607286 0.743145 
vn 0.344973 0.573349 0.743145 
vn 0.404941 0.53269 0.743145 
vn 0.460161 0.485786 0.743145 
vn 0.509986 0.433186 0.743145 
vn 0.553832 0.375507 0.743145 
vn 0.591185 0.313426 0.743145 
vn 0.621607 0.247671 0.743145 
vn 0.644741 0.179011 0.743145 
vn 0.660316 0.108253 0.743145 
vn 0.668149 0.036226 0.743145 
vn 0.668149 -0.036226 0.743145 
vn 0.660316 -0.108253 0.743145 
vn 0.644741 -0.179011 0.743145 
vn 0.621607 -0.247671 0.743145 
vn 0.591185 -0.313426 0.743145 
vn 0.553832 -0.375507 0.743145 
vn 0.509986 -0.433186 0.743145 
vn 0.460161 -0.485786 0.743145 
vn 0.404941 -0.53269 0.743145 
vn 0.344973 -0.573349 0.743145 
vn 0.280961 -0.607286 0.743145 
vn 0.213654 -0.634104 0.743145 
vn 0.143843 -0.653487 0.743145 
vn 0.0723457 -0.665208 0.743145 
vn -1.39291e-16 -0.669131 0.743145 
vn -0.0723457 -0.665208 0.743145 
vn -0.143843 -0.653487 0.743145 
vn -0.213654 -0.634104 0.743145 
vn -0.280961 -0.607286 0.743145 
vn -0.344973 -0.573349 0.743145 
vn -0.404941 -0.53269 0.743145 
vn -0.460161 -0.485786 0.743145 
vn -0.509986 -0.433186 0.743145 
vn -0.553832 -0.375507 0.743145 
vn -0.591185 -0.313426 0.743145 
vn -0.621607 -0.247671 0.743145 
vn -0.644741 -0.179011 0.743145 
vn -0.660316 -0.108253 0.743145 
vn -0.668149 -0.036226 0.743145 
vn -0.668149 0.036226 0.743145 
vn -0.660316 0.108253 0.743145 
vn -0.644741 0.179011 0.743145 
vn -0.621607 0.247671 0.743145 
vn -0.591185 0.313426 0.743145 
vn -0.553832 0.375507 0.743145 
vn -0.509986 0.433186 0.743145 
vn -0.460161 0.485786 0.743145 
vn -0.404941 0.53269 0.743145 
vn -0.344973 0.573349 0.743145 
vn -0.280961 0.607286 0.743145 
vn -0.213654 0.634104 0.743145 
vn -0.143843 0.653487 0.743145 
vn -0.0723457 0.665208 0.743145 
vn 0 0.743145 0.669131 
vn 0.0803481 0.738788 0.669131 
vn 0.159754 0.725771 0.669131 
vn 0.237287 0.704244 0.669131 
vn 0.312038 0.67446 0.669131 
vn 0.383131 0.636769 0.669131 
vn 0.449732 0.591612 0.669131 
vn 0.51106 0.53952 0.669131 
vn 0.566397 0.481102 0.669131 
vn 0.615093 0.417043 0.669131 
vn 0.656577 0.348095 0.669131 
vn 0.690364 0.275066 0.669131 
vn 0.716057 0.198812 0.669131 
vn 0.733355 0.120227 0.669131 
vn 0.742055 0.040233 0.669131 
vn 0.742055 -0.040233 0.669131 
vn 0.733355 -0.120227 0.669131 
vn 0.716057 -0.198812 0.669131 
vn 0.690364 -0.275066 0.669131 
vn 0.656577 -0.348095 0.669131 
vn 0.615093 -0.417043 0.669131 
vn 0.566397 -0.481102 0.669131 
vn 0.51106 -0.53952 0.669131 
vn 0.449732 -0.591612 0.669131 
vn 0.383131 -0.636769 0.669131 
vn 0.312038 -0.67446 0.669131 
vn 0.237287 -0.704244 0.669131 
vn 0.159754 -0.725771 0.669131 
vn 0.0803481 -0.738788 0.669131 
vn -1.54698e-16 -0.743145 0.669131 
vn -0.0803481 -0.738788 0.669131 
vn -0.159754 -0.725771 0.669131 
vn -0.237287 -0.704244 0.669131 
vn -0.312038 -0.67446 0.669131 
vn -0.383131 -0.636769 0.669131 
vn -0.449732 -0.591612 0.669131 
vn -0.51106 -0.53952 0.669131 
vn -0.566397 -0.481102 0.669131 
vn -0.615093 -0.417043 0.669131 
vn -0.656577 -0.348095 0.669131 
vn -0.690364 -0.275066 0.669131 
vn -0.716057 -0.198812 0.669131 
vn -0.733355 -0.120227 0.669131 
vn -0.742055 -0.040233 0.669131 
vn -0.742055 0.040233 0.669131 
vn -0.733355 0.120227 0.669131 
vn -0.716057 0.198812 0.669131 
vn -0.690364 0.275066 0.669131 
vn -0.656577 0.348095 0.669131 
vn -0.615093 0.417043 0.669131 
vn -0.566397 0.481102 0.669131 
vn -0.51106 0.53952 0.669131 
vn -0.449732 0.591612 0.669131 
vn -0.383131 0.636769 0.669131 
vn -0.312038 0.67446 0.669131 
vn -0.237287 0.704244 0.669131 
vn -0.159754 0.725771 0.669131 
vn -0.0803481 0.738788 0.669131 
vn 0 0.809017 0.587785 
vn 0.0874701 0.804275 0.587785 
vn 0.173915 0.790103 0.587785 
vn 0.25832 0.766668 0.587785 
vn 0.339697 0.734244 0.587785 
vn 0.417092 0.693212 0.587785 
vn 0.489596 0.644053 0.587785 
vn 0.556361 0.587343 0.587785 
vn 0.616602 0.523747 0.587785 
vn 0.669614 0.45401 0.587785 
vn 0.714776 0.37895 0.587785 
vn 0.751558 0.299448 0.587785 
vn 0.779528 0.216435 0.587785 
vn 0.798359 0.130884 0.587785 
vn 0.807831 0.0437993 0.587785 
vn 0.807831 -0.0437993 0.587785 
vn 0.798359 -0.130884 0.587785 
vn 0.779528 -0.216435 0.587785 
vn 0.751558 -0.299448 0.587785 
vn 0.714776 -0.37895 0.587785 
vn 0.669614 -0.45401 0.587785 
vn 0.616602 -0.523747 0.587785 
vn 0.556361 -0.587343 0.587785 
vn 0.489596 -0.644053 0.587785 
vn 0.417092 -0.693212 0.587785 
vn 0.339697 -0.734244 0.587785 
vn 0.25832 -0.766668 0.587785 
vn 0.173915 -0.790103 0.587785 
vn 0.0874701 -0.804275 0.587785 
vn -1.6841e-16 -0.809017 0.587785 
vn -0.0874701 -0.804275 0.587785 
vn -0.173915 -0.790103 0.587785 
vn -0.25832 -0.766668 0.587785 
vn -0.339697 -0.734244 0.587785 
vn -0.417092 -0.693212 0.587785 
vn -0.489596 -0.644053 0.587785 
vn -0.556361 -0.587343 0.587785 
vn -0.616602 -0.523747 0.587785 
vn -0.669614 -0.45401 0.587785 
vn -0.714776 -0.37895 0.587785 
vn -0.751558 -0.299448 0.587785 
vn -0.779528 -0.216435 0.587785 
vn -0.798359 -0.130884 0.587785 
vn -0.807831 -0.0437993 0.587785 
vn -0.807831 0.0437993 0.587785 
vn -0.798359 0.130884 0.587785 
vn -0.779528 0.216435 0.587785 
vn -0.751558 0.299448 0.587785 
vn -0.714776 0.37895 0.587785 
vn -0.669614 0.45401 0.587785 
vn -0.616602 0.523747 0.587785 
vn -0.556361 0.587343 0.587785 
vn -0.489596 0.644053 0.587785 
vn -0.417092 0.693212 0.587785 
vn -0.339697 0.734244 0.587785 
vn -0.25832 0.766668 0.587785 
vn -0.173915 0.790103 0.587785 
vn -0.0874701 0.804275 0.587785 
vn 0 0.866025 0.5 
vn 0.0936338 0.860949 0.5 
vn 0.18617 0.845778 0.5 
vn 0.276523 0.820692 0.5 
vn 0.363635 0.785983 0.5 
vn 0.446483 0.74206 0.5 
vn 0.524096 0.689437 0.5 
vn 0.595565 0.628731 0.5 
vn 0.660052 0.560653 0.5 
vn 0.7168 0.486002 0.5 
vn 0.765144 0.405654 0.5 
vn 0.804517 0.320549 0.5 
vn 0.834459 0.231686 0.5 
vn 0.854617 0.140107 0.5 
vn 0.864755 0.0468857 0.5 
vn 0.864755 -0.0468857 0.5 
vn 0.854617 -0.140107 0.5 
vn 0.834459 -0.231686 0.5 
vn 0.804517 -0.320549 0.5 
vn 0.765144 -0.405654 0.5 
vn 0.7168 -0.486002 0.5 
vn 0.660052 -0.560653 0.5 
vn 0.595565 -0.628731 0.5 
vn 0.524096 -0.689437 0.5 
vn 0.446483 -0.74206 0.5 
vn 0.363635 -0.785983 0.5 
vn 0.276523 -0.820692 0.5 
vn 0.18617 -0.845778 0.5 
vn 0.0936338 -0.860949 0.5 
vn -1.80278e-16 -0.866025 0.5 
vn -0.0936338 -0.860949 0.5 
vn -0.18617 -0.845778 0.5 
vn -0.276523 -0.820692 0.5 
vn -0.363635 -0.785983 0.5 
vn -0.446483 -0.74206 0.5 
vn -0.524096 -0.689437 0.5 
vn -0.595565 -0.628731 0.5 
vn -0.660052 -0.560653 0.5 
vn -0.7168 -0.486002 0.5 
vn -0.765144 -0.405654 0.5 
vn -0.804517 -0.320549 0.5 
vn -0.834459 -0.231686 0.5 
vn -0.854617 -0.140107 0.5 
vn -0.864755 -0.0468857 0.5 
vn -0.864755 0.0468857 0.5 
vn -0.854617 0.140107 0.5 
vn -0.834459 0.231686 0.5 
vn -0.804517 0.320549 0.5 
vn -0.765144 0.405654 0.5 
vn -0.7168 0.486002 0.5 
vn -0.660052 0.560653 0.5 
vn -0.595565 0.628731 0.5 
vn -0.524096 0.689437 0.5 
vn -0.446483 0.74206 0.5 
vn -0.363635 0.785983 0.5 
vn -0.276523 0.820692 0.5 
vn -0.18617 0.845778 0.5 
vn -0.0936338 0.860949 0.5 
vn 0 0.913545 0.406737 
vn 0.0987716 0.90819 0.406737 
vn 0.196385 0.892187 0.406737 
vn 0.291696 0.865724 0.406737 
vn 0.383588 0.829111 0.406737 
vn 0.470982 0.782778 0.406737 
vn 0.552854 0.727267 0.406737 
vn 0.628245 0.66323 0.406737 
vn 0.69627 0.591417 0.406737 
vn 0.756132 0.51267 0.406737 
vn 0.807128 0.427912 0.406737 
vn 0.848662 0.338138 0.406737 
vn 0.880247 0.244399 0.406737 
vn 0.901511 0.147795 0.406737 
vn 0.912206 0.0494584 0.406737 
vn 0.912206 -0.0494584 0.406737 
vn 0.901511 -0.147795 0.406737 
vn 0.880247 -0.244399 0.406737 
vn 0.848662 -0.338138 0.406737 
vn 0.807128 -0.427912 0.406737 
vn 0.756132 -0.51267 0.406737 
vn 0.69627 -0.591417 0.406737 
vn 0.628245 -0.66323 0.406737 
vn 0.552854 -0.727267 0.406737 
vn 0.470982 -0.782778 0.406737 
vn 0.383588 -0.829111 0.406737 
vn 0.291696 -0.865724 0.406737 
vn 0.196385 -0.892187 0.406737 
vn 0.0987716 -0.90819 0.406737 
vn -1.9017e-16 -0.913545 0.406737 
vn -0.0987716 -0.90819 0.406737 
vn -0.196385 -0.892187 0.406737 
vn -0.291696 -0.865724 0.406737 
vn -0.383588 -0.829111 0.406737 
vn -0.470982 -0.782778 0.406737 
vn -0.552854 -0.727267 0.406737 
vn -0.628245 -0.66323 0.406737 
vn -0.69627 -0.591417 0.406737 
vn -0.756132 -0.51267 0.406737 
vn -0.807128 -0.427912 0.406737 
vn -0.848662 -0.338138 0.406737 
vn -0.880247 -0.244399 0.406737 
vn -0.901511 -0.147795 0.406737 
vn -0.912206 -0.0494584 0.406737 
vn -0.912206 0.0494584 0.406737 
vn -0.901511 0.147795 0.406737 
vn -0.880247 0.244399 0.406737 
vn -0.848662 0.338138 0.406737 
vn -0.807128 0.427912 0.406737 
vn -0.756132 0.51267 0.406737 
vn -0.69627 0.591417 0.406737 
vn -0.628245 0.66323 0.406737 
vn -0.552854 0.727267 0.406737 
vn -0.470982 0.782778 0.406737 
vn -0.383588 0.829111 0.406737 
vn -0.291696 0.865724 0.406737 
vn -0.196385 0.892187 0.406737 
vn -0.0987716 0.90819 0.406737 
vn 0 0.951057 0.309017 
vn 0.102827 0.945481 0.309017 
vn 0.204449 0.928821 0.309017 
vn 0.303674 0.901272 0.309017 
vn 0.399338 0.863156 0.309017 
vn 0.490321 0.81492 0.309017 
vn 0.575555 0.757129 0.309017 
vn 0.654041 0.690463 0.309017 
vn 0.724859 0.615701 0.309017 
vn 0.787179 0.533721 0.309017 
vn 0.84027 0.445483 0.309017 
vn 0.883509 0.352022 0.309017 
vn 0.91639 0.254435 0.309017 
vn 0.938528 0.153864 0.309017 
vn 0.949662 0.0514892 0.309017 
vn 0.949662 -0.0514892 0.309017 
vn 0.938528 -0.153864 0.309017 
vn 0.91639 -0.254435 0.309017 
vn 0.883509 -0.352022 0.309017 
vn 0.84027 -0.445483 0.309017 
vn 0.787179 -0.533721 0.309017 
vn 0.724859 -0.615701 0.309017 
vn 0.654041 -0.690463 0.309017 
vn 0.575555 -0.757129 0.309017 
vn 0.490321 -0.81492 0.309017 
vn 0.399338 -0.863156 0.309017 
vn 0.303674 -0.901272 0.309017 
vn 0.204449 -0.928821 0.309017 
vn 0.102827 -0.945481 0.309017 
vn -1.97978e-16 -0.951057 0.309017 
vn -0.102827 -0.945481 0.309017 
vn -0.204449 -0.928821 0.309017 
vn -0.303674 -0.901272 0.309017 
vn -0.399338 -0.863156 0.309017 
vn -0.490321 -0.81492 0.309017 
vn -0.575555 -0.757129 0.309017 
vn -0.654041 -0.690463 0.309017 
vn -0.724859 -0.615701 0.309017 
vn -0.787179 -0.533721 0.309017 
vn -0.84027 -0.445483 0.309017 
vn -0.883509 -0.352022 0.309017 
vn -0.91639 -0.254435 0.309017 
vn -0.938528 -0.153864 0.309017 
vn -0.949662 -0.0514892 0.309017 
vn -0.949662 0.0514892 0.309017 
vn -0.938528 0.153864 0.309017 
vn -0.91639 0.254435 0.309017 
vn -0.883509 0.352022 0.309017 
vn -0.84027 0.445483 0.309017 
vn -0.787179 0.533721 0.309017 
vn -0.724859 0.615701 0.309017 
vn -0.654041 0.690463 0.309017 
vn -0.575555 0.757129 0.309017 
vn -0.490321 0.81492 0.309017 
vn -0.399338 0.863156 0.309017 
vn -0.303674 0.901272 0.309017 
vn -0.204449 0.928821 0.309017 
vn -0.102827 0.945481 0.309017 
vn 0 0.978148 0.207912 
vn 0.105756 0.972414 0.207912 
vn 0.210273 0.955279 0.207912 
vn 0.312324 0.926945 0.207912 
vn 0.410714 0.887743 0.207912 
vn 0.504288 0.838133 0.207912 
vn 0.59195 0.778697 0.207912 
vn 0.672672 0.710131 0.207912 
vn 0.745507 0.633239 0.207912 
vn 0.809602 0.548924 0.207912 
vn 0.864205 0.458173 0.207912 
vn 0.908676 0.36205 0.207912 
vn 0.942494 0.261682 0.207912 
vn 0.965262 0.158247 0.207912 
vn 0.976713 0.0529558 0.207912 
vn 0.976713 -0.0529558 0.207912 
vn 0.965262 -0.158247 0.207912 
vn 0.942494 -0.261682 0.207912 
vn 0.908676 -0.36205 0.207912 
vn 0.864205 -0.458173 0.207912 
vn 0.809602 -0.548924 0.207912 
vn 0.745507 -0.633239 0.207912 
vn 0.672672 -0.710131 0.207912 
vn 0.59195 -0.778697 0.207912 
vn 0.504288 -0.838133 0.207912 
vn 0.410714 -0.887743 0.207912 
vn 0.312324 -0.926945 0.207912 
vn 0.210273 -0.955279 0.207912 
vn 0.105756 -0.972414 0.207912 
vn -2.03618e-16 -0.978148 0.207912 
vn -0.105756 -0.972414 0.207912 
vn -0.210273 -0.955279 0.207912 
vn -0.312324 -0.926945 0.207912 
vn -0.410714 -0.887743 0.207912 
vn -0.504288 -0.838133 0.207912 
vn -0.59195 -0.778697 0.207912 
vn -0.672672 -0.710131 0.207912 
vn -0.745507 -0.633239 0.207912 
vn -0.809602 -0.548924 0.207912 
vn -0.864205 -0.458173 0.207912 
vn -0.908676 -0.36205 0.207912 
vn -0.942494 -0.261682 0.207912 
vn -0.965262 -0.158247 0.207912 
vn -0.976713 -0.0529558 0.207912 
vn -0.976713 0.0529558 0.207912 
vn -0.965262 0.158247 0.207912 
vn -0.942494 0.261682 0.207912 
vn -0.908676 0.36205 0.207912 
vn -0.864205 0.458173 0.207912 
vn -0.809602 0.548924 0.207912 
vn -0.745507 0.633239 0.207912 
vn -0.672672 0.710131 0.207912 
vn -0.59195 0.778697 0.207912 
vn -0.504288 0.838133 0.207912 
vn -0.410714 0.887743 0.207912 
vn -0.312324 0.926945 0.207912 
vn -0.210273 0.955279 0.207912 
vn -0.105756 0.972414 0.207912 
vn 0 0.994522 0.104528 
vn 0.107527 0.988692 0.104528 
vn 0.213793 0.971271 0.104528 
vn 0.317552 0.942462 0.104528 
vn 0.417589 0.902604 0.104528 
vn 0.51273 0.852163 0.104528 
vn 0.601859 0.791732 0.104528 
vn 0.683932 0.722018 0.104528 
vn 0.757987 0.64384 0.104528 
vn 0.823155 0.558113 0.104528 
vn 0.878672 0.465842 0.104528 
vn 0.923888 0.36811 0.104528 
vn 0.958272 0.266063 0.104528 
vn 0.981421 0.160896 0.104528 
vn 0.993063 0.0538423 0.104528 
vn 0.993063 -0.0538423 0.104528 
vn 0.981421 -0.160896 0.104528 
vn 0.958272 -0.266063 0.104528 
vn 0.923888 -0.36811 0.104528 
vn 0.878672 -0.465842 0.104528 
vn 0.823155 -0.558113 0.104528 
vn 0.757987 -0.64384 0.104528 
vn 0.683932 -0.722018 0.104528 
vn 0.601859 -0.791732 0.104528 
vn 0.51273 -0.852163 0.104528 
vn 0.417589 -0.902604 0.104528 
vn 0.317552 -0.942462 0.104528 
vn 0.213793 -0.971271 0.104528 
vn 0.107527 -0.988692 0.104528 
vn -2.07026e-16 -0.994522 0.104528 
vn -0.107527 -0.988692 0.104528 
vn -0.213793 -0.971271 0.104528 
vn -0.317552 -0.942462 0.104528 
vn -0.417589 -0.902604 0.104528 
vn -0.51273 -0.852163 0.104528 
vn -0.601859 -0.791732 0.104528 
vn -0.683932 -0.722018 0.104528 
vn -0.757987 -0.64384 0.104528 
vn -0.823155 -0.558113 0.104528 
vn -0.878672 -0.465842 0.104528 
vn -0.923888 -0.36811 0.104528 
vn -0.958272 -0.266063 0.104528 
vn -0.981421 -0.160896 0.104528 
vn -0.993063 -0.0538423 0.104528 
vn -0.993063 0.0538423 0.104528 
vn -0.981421 0.160896 0.104528 
vn -0.958272 0.266063 0.104528 
vn -0.923888 0.36811 0.104528 
vn -0.878672 0.465842 0.104528 
vn -0.823155 0.558113 0.104528 
vn -0.757987 0.64384 0.104528 
vn -0.683932 0.722018 0.104528 
vn -0.601859 0.791732 0.104528 
vn -0.51273 0.852163 0.104528 
vn -0.417589 0.902604 0.104528 
vn -0.317552 0.942462 0.104528 
vn -0.213793 0.971271 0.104528 
vn -0.107527 0.988692 0.104528 
vn 0 1 0 
vn 0.108119 0.994138 0 
vn 0.21497 0.976621 0 
vn 0.319302 0.947653 0 
vn 0.419889 0.907575 0 
vn 0.515554 0.856857 0 
vn 0.605174 0.796093 0 
vn 0.687699 0.725995 0 
vn 0.762162 0.647386 0 
vn 0.827689 0.561187 0 
vn 0.883512 0.468408 0 
vn 0.928977 0.370138 0 
vn 0.96355 0.267528 0 
vn 0.986827 0.161782 0 
vn 0.998533 0.0541389 0 
vn 0.998533 -0.0541389 0 
vn 0.986827 -0.161782 0 
vn 0.96355 -0.267528 0 
vn 0.928977 -0.370138 0 
vn 0.883512 -0.468408 0 
vn 0.827689 -0.561187 0 
vn 0.762162 -0.647386 0 
vn 0.687699 -0.725995 0 
vn 0.605174 -0.796093 0 
vn 0.515554 -0.856857 0 
vn 0.419889 -0.907575 0 
vn 0.319302 -0.947653 0 
vn 0.21497 -0.976621 0 
vn 0.108119 -0.994138 0 
vn -2.08167e-16 -1 0 
vn -0.108119 -0.994138 0 
vn -0.21497 -0.976621 0 
vn -0.319302 -0.947653 0 
vn -0.419889 -0.907575 0 
vn -0.515554 -0.856857 0 
vn -0.605174 -0.796093 0 
vn -0.687699 -0.725995 0 
vn -0.762162 -0.647386 0 
vn -0.827689 -0.561187 0 
vn -0.883512 -0.468408 0 
vn -0.928977 -0.370138 0 
vn -0.96355 -0.267528 0 
vn -0.986827 -0.161782 0 
vn -0.998533 -0.0541389 0 
vn -0.998533 0.0541389 0 
vn -0.986827 0.161782 0 
vn -0.96355 0.267528 0 
vn -0.928977 0.370138 0 
vn -0.883512 0.468408 0 
vn -0.827689 0.561187 0 
vn -0.762162 0.647386 0 
vn -0.687699 0.725995 0 
vn -0.605174 0.796093 0 
vn -0.515554 0.856857 0 
vn -0.419889 0.907575 0 
vn -0.319302 0.947653 0 
vn -0.21497 0.976621 0 
vn -0.108119 0.994138 0 
usemtl 0.800000_0.800000_0.800000_0.000000_0.000000
o mesh0
f 1//1 2//2 3//2 
f 4//3 1//1 5//4 
f 6//5 4//3 7//6 
f 8//7 6//5 9//8 
f 10//9 8//7 11//10 
f 12//11 10//9 13//12 
f 14//13 12//11 15//14 
f 16//15 14//13 17//16 
f 18//17 16//15 19//18 
f 20//19 18//17 21//20 
f 22//21 20//19 23//22 
f 24//23 22//21 25//24 
f 26//25 24//23 27//26 
f 28//27 26//25 29//28 
f 30//29 28//27 31//30 
f 32//31 30//29 33//32 
f 34//33 32//31 35//34 
f 36//35 34//33 37//36 
f 38//37 36//35 39//38 
f 40//39 38//37 41//40 
f 42//41 40//39 43//42 
f 44//43 42//41 45//44 
f 46//45 44//43 47//46 
f 48//47 46//45 49//48 
f 50//49 48//47 51//50 
f 52//51 50//49 53//52 
f 54//53 52//51 55//54 
f 56//55 54//53 57//56 
f 58//57 56//55 59//58 
f 60//59 58//57 61//60 
f 62//61 60//59 63//62 
f 64//63 62//61 65//64 
f 66//65 64//63 67//66 
f 68//67 66//65 69//68 
f 70//69 68//67 71//70 
f 72//71 70//69 73//72 
f 74//73 72//71 75//74 
f 76//75 74//73 77//76 
f 78//77 76//75 79//78 
f 80//79 78//77 81//80 
f 82//81 80//79 83//82 
f 84//83 82//81 85//84 
f 86//85 84//83 87//86 
f 88//87 86//85 89//88 
f 90//89 88//87 91//90 
f 92//91 90//89 93//92 
f 94//93 92//91 95//94 
f 96//95 94//93 97//96 
f 98//97 96//95 99//98 
f 100//99 98//97 101//100 
f 102//101 100//99 103//102 
f 104//103 102//101 105//104 
f 106//105 104//103 107//106 
f 108//107 106//105 109//108 
f 110//109 108//107 111//110 
f 112//111 110//109 113//112 
f 114//113 112//111 115//114 
f 2//2 114//113 116//113 
f 116//113 3//2 2//2 
f 115//114 116//113 114//113 
f 113//112 115//114 112//111 
f 111//110 113//112 110//109 
f 109//108 111//110 108//107 
f 107//106 109//108 106//105 
f 105//104 107//106 104//103 
f 103//102 105//104 102//101 
f 101//100 103//102 100//99 
f 99//98 101//100 98//97 
f 97//96 99//98 96//95 
f 95//94 97//96 94//93 
f 93//92 95//94 92//91 
f 91//90 93//92 90//89 
f 89//88 91//90 88//87 
f 87//86 89//88 86//85 
f 85//84 87//86 84//83 
f 83//82 85//84 82//81 
f 81//80 83//82 80//79 
f 79//78 81//80 78//77 
f 77//76 79//78 76//75 
f 75//74 77//76 74//73 
f 73//72 75//74 72//71 
f 71//70 73//72 70//69 
f 69//68 71//70 68//67 
f 67//66 69//68 66//65 
f 65//64 67//66 64//63 
f 63//62 65//64 62//61 
f 61//60 63//62 60//59 
f 59//58 61//60 58//57 
f 57//56 59//58 56//55 
f 55//54 57//56 54//53 
f 53//52 55//54 52//51 
f 51//50 53//52 50//49 
f 49//48 51//50 48//47 
f 47//46 49//48 46//45 
f 45//44 47//46 44//43 
f 43//42 45//44 42//41 
f 41//40 43//42 40//39 
f 39//38 41//40 38//37 
f 37//36 39//38 36//35 
f 35//34 37//36 34//33 
f 33//32 35//34 32//31 
f 31//30 33//32 30//29 
f 29//28 31//30 28//27 
f 27//26 29//28 26//25 
f 25//24 27//26 24//23 
f 23//22 25//24 22//21 
f 21//20 23//22 20//19 
f 19//18 21//20 18//17 
f 17//16 19//18 16//15 
f 15//14 17//16 14//13 
f 13//12 15//14 12//11 
f 11//10 13//12 10//9 
f 9//8 11//10 8//7 
f 7//6 9//8 6//5 
f 5//4 7//6 4//3 
f 3//2 5//4 1//1 
o mesh1
f 117//115 26//115 28//115 
f 118//115 24//115 26//115 
f 119//115 54//115 56//115 
f 119//115 120//115 52//115 
f 121//115 50//115 52//115 
f 121//115 122//115 48//115 
f 122//115 123//115 46//115 
f 123//115 124//115 44//115 
f 125//115 42//115 44//115 
f 125//115 126//115 40//115 
f 127//115 38//115 40//115 
f 127//115 128//115 36//115 
f 26//115 117//115 118//115 
f 118//115 129//115 22//115 
f 130//115 131//115 16//115 
f 131//115 132//115 14//115 
f 133//115 6//115 8//115 
f 133//115 134//115 4//115 
f 135//115 1//115 4//115 
f 135//115 136//115 2//115 
f 137//115 112//115 114//115 
f 137//115 138//115 110//115 
f 139//115 140//115 64//115 
f 140//115 141//115 62//115 
f 142//115 60//115 62//115 
f 142//115 143//115 58//115 
f 144//115 56//115 58//115 
f 52//115 54//115 119//115 
f 48//115 50//115 121//115 
f 44//115 46//115 123//115 
f 40//115 42//115 125//115 
f 36//115 38//115 127//115 
f 22//115 24//115 118//115 
f 129//115 145//115 20//115 
f 14//115 16//115 131//115 
f 132//115 146//115 12//115 
f 146//115 147//115 10//115 
f 147//115 148//115 8//115 
f 4//115 6//115 133//115 
f 2//115 1//115 135//115 
f 149//115 114//115 2//115 
f 110//115 112//115 137//115 
f 150//115 70//115 72//115 
f 150//115 151//115 68//115 
f 139//115 66//115 68//115 
f 62//115 64//115 140//115 
f 58//115 60//115 142//115 
f 56//115 144//115 119//115 
f 46//115 48//115 122//115 
f 40//115 126//115 127//115 
f 152//115 34//115 36//115 
f 152//115 153//115 32//115 
f 20//115 22//115 129//115 
f 145//115 130//115 18//115 
f 12//115 14//115 132//115 
f 8//115 10//115 147//115 
f 4//115 134//115 135//115 
f 114//115 149//115 137//115 
f 138//115 154//115 108//115 
f 154//115 155//115 106//115 
f 156//115 94//115 96//115 
f 156//115 157//115 92//115 
f 158//115 159//115 88//115 
f 159//115 160//115 86//115 
f 68//115 70//115 150//115 
f 64//115 66//115 139//115 
f 58//115 143//115 144//115 
f 44//115 124//115 125//115 
f 32//115 34//115 152//115 
f 153//115 161//115 30//115 
f 18//115 20//115 145//115 
f 10//115 12//115 146//115 
f 2//115 136//115 149//115 
f 106//115 108//115 154//115 
f 92//115 94//115 156//115 
f 157//115 158//115 90//115 
f 86//115 88//115 159//115 
f 162//115 84//115 86//115 
f 163//115 80//115 82//115 
f 163//115 164//115 78//115 
f 165//115 76//115 78//115 
f 165//115 166//115 74//115 
f 68//115 151//115 139//115 
f 52//115 120//115 121//115 
f 30//115 32//115 153//115 
f 167//115 28//115 30//115 
f 16//115 18//115 130//115 
f 108//115 110//115 138//115 
f 168//115 104//115 106//115 
f 168//115 169//115 102//115 
f 170//115 98//115 100//115 
f 170//115 171//115 96//115 
f 90//115 92//115 157//115 
f 86//115 160//115 162//115 
f 172//115 82//115 84//115 
f 78//115 80//115 163//115 
f 74//115 76//115 165//115 
f 166//115 173//115 72//115 
f 62//115 141//115 142//115 
f 30//115 161//115 167//115 
f 8//115 148//115 133//115 
f 102//115 104//115 168//115 
f 174//115 100//115 102//115 
f 96//115 98//115 170//115 
f 88//115 90//115 158//115 
f 82//115 172//115 163//115 
f 72//115 74//115 166//115 
f 36//115 128//115 152//115 
f 106//115 155//115 168//115 
f 100//115 174//115 170//115 
f 84//115 162//115 172//115 
f 72//115 173//115 150//115 
f 102//115 169//115 174//115 
f 78//115 164//115 165//115 
f 96//115 171//115 156//115 
f 28//115 167//115 117//115 
o mesh2
f 136//116 175//116 176//117 
f 149//117 176//117 177//118 
f 137//118 177//118 178//119 
f 138//119 178//119 179//120 
f 154//120 179//120 180//121 
f 155//121 180//121 181//122 
f 168//122 181//122 182//123 
f 169//123 182//123 183//124 
f 174//124 183//124 184//125 
f 170//125 184//125 185//126 
f 171//126 185//126 186//127 
f 156//127 186//127 187//128 
f 157//128 187//128 188//129 
f 158//129 188//129 189//130 
f 159//130 189//130 190//131 
f 160//131 190//131 191//132 
f 162//132 191//132 192//133 
f 172//133 192//133 193//134 
f 163//134 193//134 194//135 
f 164//135 194//135 195//136 
f 165//136 195//136 196//137 
f 166//137 196//137 197//138 
f 173//138 197//138 198//139 
f 150//139 198//139 199//140 
f 151//140 199//140 200//141 
f 139//141 200//141 201//142 
f 140//142 201//142 202//143 
f 141//143 202//143 203//144 
f 142//144 203//144 204//145 
f 143//145 204//145 205//146 
f 144//146 205//146 206//147 
f 119//147 206//147 207//148 
f 120//148 207//148 208//149 
f 121//149 208//149 209//150 
f 122//150 209//150 210//151 
f 123//151 210//151 211//152 
f 124//152 211//152 212//153 
f 125//153 212//153 213//154 
f 126//154 213//154 214//155 
f 127//155 214//155 215//156 
f 128//156 215//156 216//157 
f 152//157 216//157 217//158 
f 153//158 217//158 218//159 
f 161//159 218//159 219//160 
f 167//160 219//160 220//161 
f 117//161 220//161 221//162 
f 118//162 221//162 222//163 
f 129//163 222//163 223//164 
f 145//164 223//164 224//165 
f 130//165 224//165 225//166 
f 131//166 225//166 226//167 
f 132//167 226//167 227//168 
f 146//168 227//168 228//169 
f 147//169 228//169 229//170 
f 148//170 229//170 230//171 
f 133//171 230//171 231//172 
f 134//172 231//172 232//173 
f 135//173 232//173 175//116 
f 175//116 136//116 135//173 
f 232//173 135//173 134//172 
f 231//172 134//172 133//171 
f 230//171 133//171 148//170 
f 229//170 148//170 147//169 
f 228//169 147//169 146//168 
f 227//168 146//168 132//167 
f 226//167 132//167 131//166 
f 225//166 131//166 130//165 
f 224//165 130//165 145//164 
f 223//164 145//164 129//163 
f 222//163 129//163 118//162 
f 221//162 118//162 117//161 
f 220//161 117//161 167//160 
f 219//160 167//160 161//159 
f 218//159 161//159 153//158 
f 217//158 153//158 152//157 
f 216//157 152//157 128//156 
f 215//156 128//156 127//155 
f 214//155 127//155 126//154 
f 213//154 126//154 125//153 
f 212//153 125//153 124//152 
f 211//152 124//152 123//151 
f 210//151 123//151 122//150 
f 209//150 122//150 121//149 
f 208//149 121//149 120//148 
f 207//148 120//148 119//147 
f 206//147 119//147 144//146 
f 205//146 144//146 143//145 
f 204//145 143//145 142//144 
f 203//144 142//144 141//143 
f 202//143 141//143 140//142 
f 201//142 140//142 139//141 
f 200//141 139//141 151//140 
f 199//140 151//140 150//139 
f 198//139 150//139 173//138 
f 197//138 173//138 166//137 
f 196//137 166//137 165//136 
f 195//136 165//136 164//135 
f 194//135 164//135 163//134 
f 193//134 163//134 172//133 
f 192//133 172//133 162//132 
f 191//132 162//132 160//131 
f 190//131 160//131 159//130 
f 189//130 159//130 158//129 
f 188//129 158//129 157//128 
f 187//128 157//128 156//127 
f 186//127 156//127 171//126 
f 185//126 171//126 170//125 
f 184//125 170//125 174//124 
f 183//124 174//124 169//123 
f 182//123 169//123 168//122 
f 181//122 168//122 155//121 
f 180//121 155//121 154//120 
f 179//120 154//120 138//119 
f 178//119 138//119 137//118 
f 177//118 137//118 149//117 
f 176//117 149//117 136//116 
o mesh3
f 291//174 3//175 116//176 
f 292//177 116//176 115//178 
f 293//179 115//178 113//180 
f 294//181 113//180 111//182 
f 295//183 111//182 109//184 
f 296//185 109//184 107//186 
f 297//187 107//186 105//188 
f 298//189 105//188 103//190 
f 299//191 103//190 101//192 
f 300//193 101//192 99//194 
f 301//195 99//194 97//196 
f 302//197 97//196 95//198 
f 303//199 95//198 93//200 
f 304//201 93//200 91//202 
f 305//203 91//202 89//204 
f 306//205 89//204 87//206 
f 307//207 87//206 85//208 
f 308//209 85//208 83//210 
f 309//211 83//210 81//212 
f 310//213 81//212 79//214 
f 311//215 79//214 77//216 
f 312//217 77//216 75//218 
f 313//219 75//218 73//220 
f 314//221 73//220 71//222 
f 315//223 71//222 69//224 
f 316//225 69//224 67//226 
f 317//227 67//226 65//228 
f 318//229 65//228 63//230 
f 319//231 63//230 61//232 
f 320//233 61//232 59//234 
f 321//235 59//234 57//236 
f 322//237 57//236 55//238 
f 323//239 55//238 53//240 
f 324//241 53//240 51//242 
f 325//243 51//242 49//244 
f 326//245 49//244 47//246 
f 327//247 47//246 45//248 
f 328//249 45//248 43//250 
f 329//251 43//250 41//252 
f 330//253 41//252 39//254 
f 331//255 39//254 37//256 
f 332//257 37//256 35//258 
f 333//259 35//258 33//260 
f 334//261 33//260 31//262 
f 335//263 31//262 29//264 
f 336//265 29//264 27//266 
f 337//267 27//266 25//268 
f 338//269 25//268 23//270 
f 339//271 23//270 21//272 
f 340//273 21//272 19//274 
f 341//275 19//274 17//276 
f 342//277 17//276 15//278 
f 343//279 15//278 13//280 
f 344//281 13//280 11//282 
f 345//283 11//282 9//284 
f 346//285 9//284 7//286 
f 347//287 7//286 5//288 
f 348//289 5//288 3//175 
f 349//290 291//174 292//177 
f 350//291 292//177 293//179 
f 351//292 293//179 294//181 
f 352//293 294//181 295//183 
f 353//294 295//183 296//185 
f 354//295 296//185 297//187 
f 355//296 297//187 298//189 
f 356//297 298//189 299//191 
f 357//298 299//191 300//193 
f 358//299 300//193 301//195 
f 359//300 301//195 302//197 
f 360//301 302//197 303//199 
f 361//302 303//199 304//201 
f 362//303 304//201 305//203 
f 363//304 305//203 306//205 
f 364//305 306//205 307//207 
f 365//306 307//207 308//209 
f 366//307 308//209 309//211 
f 367//308 309//211 310//213 
f 368//309 310//213 311//215 
f 369//310 311//215 312//217 
f 370//311 312//217 313//219 
f 371//312 313//219 314//221 
f 372//313 314//221 315//223 
f 373//314 315//223 316//225 
f 374//315 316//225 317//227 
f 375//316 317//227 318//229 
f 376//317 318//229 319//231 
f 377//318 319//231 320//233 
f 378//319 320//233 321//235 
f 379//320 321//235 322//237 
f 380//321 322//237 323//239 
f 381//322 323//239 324//241 
f 382//323 324//241 325//243 
f 383//324 325//243 326//245 
f 384//325 326//245 327//247 
f 385//326 327//247 328//249 
f 386//327 328//249 329//251 
f 387//328 329//251 330//253 
f 388//329 330//253 331//255 
f 389//330 331//255 332//257 
f 390//331 332//257 333//259 
f 391//332 333//259 334//261 
f 392//333 334//261 335//263 
f 393//334 335//263 336//265 
f 394//335 336//265 337//267 
f 395//336 337//267 338//269 
f 396//337 338//269 339//271 
f 397//338 339//271 340//273 
f 398//339 340//273 341//275 
f 399//340 341//275 342//277 
f 400//341 342//277 343//279 
f 401//342 343//279 344//281 
f 402//343 344//281 345//283 
f 403//344 345//283 346//285 
f 404//345 346//285 347//287 
f 405//346 347//287 348//289 
f 406//347 348//289 291//174 
f 407//348 349//290 350//291 
f 408//349 350//291 351//292 
f 409//350 351//292 352//293 
f 410//351 352//293 353//294 
f 411//352 353//294 354//295 
f 412//353 354//295 355//296 
f 413//354 355//296 356//297 
f 414//355 356//297 357//298 
f 415//356 357//298 358//299 
f 416//357 358//299 359//300 
f 417//358 359//300 360//301 
f 418//359 360//301 361//302 
f 419//360 361//302 362//303 
f 420//361 362//303 363//304 
f 421//362 363//304 364//305 
f 422//363 364//305 365//306 
f 423//364 365//306 366//307 
f 424//365 366//307 367//308 
f 425//366 367//308 368//309 
f 426//367 368//309 369//310 
f 427//368 369//310 370//311 
f 428//369 370//311 371//312 
f 429//370 371//312 372//313 
f 430//371 372//313 373//314 
f 431//372 373//314 374//315 
f 432//373 374//315 375//316 
f 433//374 375//316 376//317 
f 434//375 376//317 377//318 
f 435//376 377//318 378//319 
f 436//377 378//319 379//320 
f 437//378 379//320 380//321 
f 438//379 380//321 381//322 
f 439//380 381//322 382//323 
f 440//381 382//323 383//324 
f 441//382 383//324 384//325 
f 442//383 384//325 385//326 
f 443//384 385//326 386//327 
f 444//385 386//327 387//328 
f 445//386 387//328 388//329 
f 446//387 388//329 389//330 
f 447//388 389//330 390//331 
f 448//389 390//331 391//332 
f 449//390 391//332 392//333 
f 450//391 392//333 393//334 
f 451//392 393//334 394//335 
f 452//393 394//335 395//336 
f 453//394 395//336 396//337 
f 454//395 396//337 397//338 
f 455//396 397//338 398//339 
f 456//397 398//339 399//340 
f 457//398 399//340 400//341 
f 458//399 400//341 401//342 
f 459//400 401//342 402//343 
f 460//401 402//343 403//344 
f 461//402 403//344 404//345 
f 462//403 404//345 405//346 
f 463//404 405//346 406//347 
f 464//405 406//347 349//290 
f 465//406 407//348 408//349 
f 466//407 408//349 409//350 
f 467//408 409//350 410//351 
f 468//409 410//351 411//352 
f 469//410 411//352 412//353 
f 470//411 412//353 413//354 
f 471//412 413//354 414//355 
f 472//413 414//355 415//356 
f 473//414 415//356 416//357 
f 474//415 416//357 417//358 
f 475//416 417//358 418//359 
f 476//417 418//359 419//360 
f 477//418 419//360 420//361 
f 478//419 420//361 421//362 
f 479//420 421//362 422//363 
f 480//421 422//363 423//364 
f 481//422 423//364 424//365 
f 482//423 424//365 425//366 
f 483//424 425//366 426//367 
f 484//425 426//367 427//368 
f 485//426 427//368 428//369 
f 486//427 428//369 429//370 
f 487//428 429//370 430//371 
f 488//429 430//371 431//372 
f 489//430 431//372 432//373 
f 490//431 432//373 433//374 
f 491//432 433//374 434//375 
f 492//433 434//375 435//376 
f 493//434 435//376 436//377 
f 494//435 436//377 437//378 
f 495//436 437//378 438//379 
f 496//437 438//379 439//380 
f 497//438 439//380 440//381 
f 498//439 440//381 441//382 
f 499//440 441//382 442//383 
f 500//441 442//383 443//384 
f 501//442 443//384 444//385 
f 502//443 444//385 445//386 
f 503//444 445//386 446//387 
f 504//445 446//387 447//388 
f 505//446 447//388 448//389 
f 506//447 448//389 449//390 
f 507//448 449//390 450//391 
f 508//449 450//391 451//392 
f 509//450 451//392 452//393 
f 510//451 452//393 453//394 
f 511//452 453//394 454//395 
f 512//453 454//395 455//396 
f 513//454 455//396 456//397 
f 514//455 456//397 457//398 
f 515//456 457//398 458//399 
f 516//457 458//399 459//400 
f 517//458 459//400 460//401 
f 518//459 460//401 461//402 
f 519//460 461//402 462//403 
f 520//461 462//403 463//404 
f 521//462 463//404 464//405 
f 522//463 464//405 407//348 
f 523//464 465//406 466//407 
f 524//465 466//407 467//408 
f 525//466 467//408 468//409 
f 526//467 468//409 469//410 
f 527//468 469//410 470//411 
f 528//469 470//411 471//412 
f 529//470 471//412 472//413 
f 530//471 472//413 473//414 
f 531//472 473//414 474//415 
f 532//473 474//415 475//416 
f 533//474 475//416 476//417 
f 534//475 476//417 477//418 
f 535//476 477//418 478//419 
f 536//477 478//419 479//420 
f 537//478 479//420 480//421 
f 538//479 480//421 481//422 
f 539//480 481//422 482//423 
f 540//481 482//423 483//424 
f 541//482 483//424 484//425 
f 542//483 484//425 485//426 
f 543//484 485//426 486//427 
f 544//485 486//427 487//428 
f 545//486 487//428 488//429 
f 546//487 488//429 489//430 
f 547//488 489//430 490//431 
f 548//489 490//431 491//432 
f 549//490 491//432 492//433 
f 550//491 492//433 493//434 
f 551//492 493//434 494//435 
f 552//493 494//435 495//436 
f 553//494 495//436 496//437 
f 554//495 496//437 497//438 
f 555//496 497//438 498//439 
f 556//497 498//439 499//440 
f 557//498 499//440 500//441 
f 558//499 500//441 501//442 
f 559//500 501//442 502//443 
f 560//501 502//443 503//444 
f 561//502 503//444 504//445 
f 562//503 504//445 505//446 
f 563//504 505//446 506//447 
f 564//505 506//447 507//448 
f 565//506 507//448 508//449 
f 566//507 508//449 509//450 
f 567//508 509//450 510//451 
f 568//509 510//451 511//452 
f 569//510 511//452 512//453 
f 570//511 512//453 513//454 
f 571//512 513//454 514//455 
f 572//513 514//455 515//456 
f 573//514 515//456 516//457 
f 574//515 516//457 517//458 
f 575//516 517//458 518//459 
f 576//517 518//459 519//460 
f 577//518 519//460 520//461 
f 578//519 520//461 521//462 
f 579//520 521//462 522//463 
f 580//521 522//463 465//406 
f 581//522 523//464 524//465 
f 582//523 524//465 525//466 
f 583//524 525//466 526//467 
f 584//525 526//467 527//468 
f 585//526 527//468 528//469 
f 586//527 528//469 529//470 
f 587//528 529//470 530//471 
f 588//529 530//471 531//472 
f 589//530 531//472 532//473 
f 590//531 532//473 533//474 
f 591//532 533//474 534//475 
f 592//533 534//475 535//476 
f 593//534 535//476 536//477 
f 594//535 536//477 537//478 
f 595//536 537//478 538//479 
f 596//537 538//479 539//480 
f 597//538 539//480 540//481 
f 598//539 540//481 541//482 
f 599//540 541//482 542//483 
f 600//541 542//483 543//484 
f 601//542 543//484 544//485 
f 602//543 544//485 545//486 
f 603//544 545//486 546//487 
f 604//545 546//487 547//488 
f 605//546 547//488 548//489 
f 606//547 548//489 549//490 
f 607//548 549//490 550//491 
f 608//549 550//491 551//492 
f 609//550 551//492 552//493 
f 610//551 552//493 553//494 
f 611//552 553//494 554//495 
f 612//553 554//495 555//496 
f 613//554 555//496 556//497 
f 614//555 556//497 557//498 
f 615//556 557//498 558//499 
f 616//557 558//499 559//500 
f 617//558 559//500 560//501 
f 618//559 560//501 561//502 
f 619//560 561//502 562//503 
f 620//561 562//503 563//504 
f 621//562 563//504 564//505 
f 622//563 564//505 565//506 
f 623//564 565//506 566//507 
f 624//565 566//507 567//508 
f 625//566 567//508 568//509 
f 626//567 568//509 569//510 
f 627//568 569//510 570//511 
f 628//569 570//511 571//512 
f 629//570 571//512 572//513 
f 630//571 572//513 573//514 
f 631//572 573//514 574//515 
f 632//573 574//515 575//516 
f 633//574 575//516 576//517 
f 634//575 576//517 577//518 
f 635//576 577//518 578//519 
f 636//577 578//519 579//520 
f 637//578 579//520 580//521 
f 638//579 580//521 523//464 
f 639//580 581//522 582//523 
f 640//581 582//523 583//524 
f 641//582 583//524 584//525 
f 642//583 584//525 585//526 
f 643//584 585//526 586//527 
f 644//585 586//527 587//528 
f 645//586 587//528 588//529 
f 646//587 588//529 589//530 
f 647//588 589//530 590//531 
f 648//589 590//531 591//532 
f 649//590 591//532 592//533 
f 650//591 592//533 593//534 
f 651//592 593//534 594//535 
f 652//593 594//535 595//536 
f 653//594 595//536 596//537 
f 654//595 596//537 597//538 
f 655//596 597//538 598//539 
f 656//597 598//539 599//540 
f 657//598 599//540 600//541 
f 658//599 600//541 601//542 
f 659//600 601//542 602//543 
f 660//601 602//543 603//544 
f 661//602 603//544 604//545 
f 662//603 604//545 605//546 
f 663//604 605//546 606//547 
f 664//605 606//547 607//548 
f 665//606 607//548 608//549 
f 666//607 608//549 609//550 
f 667//608 609//550 610//551 
f 668//609 610//551 611//552 
f 669//610 611//552 612//553 
f 670//611 612//553 613//554 
f 671//612 613//554 614//555 
f 672//613 614//555 615//556 
f 673//614 615//556 616//557 
f 674//615 616//557 617//558 
f 675//616 617//558 618//559 
f 676//617 618//559 619//560 
f 677//618 619//560 620//561 
f 678//619 620//561 621//562 
f 679//620 621//562 622//563 
f 680//621 622//563 623//564 
f 681//622 623//564 624//565 
f 682//623 624//565 625//566 
f 683//624 625//566 626//567 
f 684//625 626//567 627//568 
f 685//626 627//568 628//569 
f 686//627 628//569 629//570 
f 687//628 629//570 630//571 
f 688//629 630//571 631//572 
f 689//630 631//572 632//573 
f 690//631 632//573 633//574 
f 691//632 633//574 634//575 
f 692//633 634//575 635//576 
f 693//634 635//576 636//577 
f 694//635 636//577 637//578 
f 695//636 637//578 638//579 
f 696//637 638//579 581//522 
f 697//638 639//580 640//581 
f 698//639 640//581 641//582 
f 699//640 641//582 642//583 
f 700//641 642//583 643//584 
f 701//642 643//584 644//585 
f 702//643 644//585 645//586 
f 703//644 645//586 646//587 
f 704//645 646//587 647//588 
f 705//646 647//588 648//589 
f 706//647 648//589 649//590 
f 707//648 649//590 650//591 
f 708//649 650//591 651//592 
f 709//650 651//592 652//593 
f 710//651 652//593 653//594 
f 711//652 653//594 654//595 
f 712//653 654//595 655//596 
f 713//654 655//596 656//597 
f 714//655 656//597 657//598 
f 715//656 657//598 658//599 
f 716//657 658//599 659//600 
f 717//658 659//600 660//601 
f 718//659 660//601 661//602 
f 719//660 661//602 662//603 
f 720//661 662//603 663//604 
f 721//662 663//604 664//605 
f 722//663 664//605 665//606 
f 723//664 665//606 666//607 
f 724//665 666//607 667//608 
f 725//666 667//608 668//609 
f 726//667 668//609 669//610 
f 727//668 669//610 670//611 
f 728//669 670//611 671//612 
f 729//670 671//612 672//613 
f 730//671 672//613 673//614 
f 731//672 673//614 674//615 
f 732//673 674//615 675//616 
f 733//674 675//616 676//617 
f 734//675 676//617 677//618 
f 735//676 677//618 678//619 
f 736//677 678//619 679//620 
f 737//678 679//620 680//621 
f 738//679 680//621 681//622 
f 739//680 681//622 682//623 
f 740//681 682//623 683//624 
f 741//682 683//624 684//625 
f 742//683 684//625 685//626 
f 743//684 685//626 686//627 
f 744//685 686//627 687//628 
f 745//686 687//628 688//629 
f 746//687 688//629 689//630 
f 747//688 689//630 690//631 
f 748//689 690//631 691//632 
f 749//690 691//632 692//633 
f 750//691 692//633 693//634 
f 751//692 693//634 694//635 
f 752//693 694//635 695//636 
f 753//694 695//636 696//637 
f 754//695 696//637 639//580 
f 755//696 697//638 698//639 
f 756//697 698//639 699//640 
f 757//698 699//640 700//641 
f 758//699 700//641 701//642 
f 759//700 701//642 702//643 
f 760//701 702//643 703//644 
f 761//702 703//644 704//645 
f 762//703 704//645 705//646 
f 763//704 705//646 706//647 
f 764//705 706//647 707//648 
f 765//706 707//648 708//649 
f 766//707 708//649 709//650 
f 767//708 709//650 710//651 
f 768//709 710//651 711//652 
f 769//710 711//652 712//653 
f 770//711 712//653 713//654 
f 771//712 713//654 714//655 
f 772//713 714//655 715//656 
f 773//714 715//656 716//657 
f 774//715 716//657 717//658 
f 775//716 717//658 718//659 
f 776//717 718//659 719//660 
f 777//718 719//660 720//661 
f 778//719 720//661 721//662 
f 779//720 721//662 722//663 
f 780//721 722//663 723//664 
f 781//722 723//664 724//665 
f 782//723 724//665 725//666 
f 783//724 725//666 726//667 
f 784//725 726//667 727//668 
f 785//726 727//668 728//669 
f 786//727 728//669 729//670 
f 787//728 729//670 730//671 
f 788//729 730//671 731//672 
f 789//730 731//672 732//673 
f 790//731 732//673 733//674 
f 791//732 733//674 734//675 
f 792//733 734//675 735//676 
f 793//734 735//676 736//677 
f 794//735 736//677 737//678 
f 795//736 737//678 738//679 
f 796//737 738//679 739//680 
f 797//738 739//680 740//681 
f 798//739 740//681 741//682 
f 799//740 741//682 742//683 
f 800//741 742//683 743//684 
f 801//742 743//684 744//685 
f 802//743 744//685 745//686 
f 803//744 745//686 746//687 
f 804//745 746//687 747//688 
f 805//746 747//688 748//689 
f 806//747 748//689 749//690 
f 807//748 749//690 750//691 
f 808//749 750//691 751//692 
f 809//750 751//692 752//693 
f 810//751 752//693 753//694 
f 811//752 753//694 754//695 
f 812//753 754//695 697//638 
f 813//754 755//696 756//697 
f 814//755 756//697 757//698 
f 815//756 757//698 758//699 
f 816//757 758//699 759//700 
f 817//758 759//700 760//701 
f 818//759 760//701 761//702 
f 819//760 761//702 762//703 
f 820//761 762//703 763//704 
f 821//762 763//704 764//705 
f 822//763 764//705 765//706 
f 823//764 765//706 766//707 
f 824//765 766//707 767//708 
f 825//766 767//708 768//709 
f 826//767 768//709 769//710 
f 827//768 769//710 770//711 
f 828//769 770//711 771//712 
f 829//770 771//712 772//713 
f 830//771 772//713 773//714 
f 831//772 773//714 774//715 
f 832//773 774//715 775//716 
f 833//774 775//716 776//717 
f 834//775 776//717 777//718 
f 835//776 777//718 778//719 
f 836//777 778//719 779//720 
f 837//778 779//720 780//721 
f 838//779 780//721 781//722 
f 839//780 781//722 782//723 
f 840//781 782//723 783//724 
f 841//782 783//724 784//725 
f 842//783 784//725 785//726 
f 843//784 785//726 786//727 
f 844//785 786//727 787//728 
f 845//786 787//728 788//729 
f 846//787 788//729 789//730 
f 847//788 789//730 790//731 
f 848//789 790//731 791//732 
f 849//790 791//732 792//733 
f 850//791 792//733 793//734 
f 851//792 793//734 794//735 
f 852//793 794//735 795//736 
f 853//794 795//736 796//737 
f 854//795 796//737 797//738 
f 855//796 797//738 798//739 
f 856//797 798//739 799//740 
f 857//798 799//740 800//741 
f 858//799 800//741 801//742 
f 859//800 801//742 802//743 
f 860//801 802//743 803//744 
f 861//802 803//744 804//745 
f 862//803 804//745 805//746 
f 863//804 805//746 806//747 
f 864//805 806//747 807//748 
f 865//806 807//748 808//749 
f 866//807 808//749 809//750 
f 867//808 809//750 810//751 
f 868//809 810//751 811//752 
f 869//810 811//752 812//753 
f 870//811 812//753 755//696 
f 871//812 813//754 814//755 
f 872//813 814//755 815//756 
f 873//814 815//756 816//757 
f 874//815 816//757 817//758 
f 875//816 817//758 818//759 
f 876//817 818//759 819//760 
f 877//818 819//760 820//761 
f 878//819 820//761 821//762 
f 879//820 821//762 822//763 
f 880//821 822//763 823//764 
f 881//822 823//764 824//765 
f 882//823 824//765 825//766 
f 883//824 825//766 826//767 
f 884//825 826//767 827//768 
f 885//826 827//768 828//769 
f 886//827 828//769 829//770 
f 887//828 829//770 830//771 
f 888//829 830//771 831//772 
f 889//830 831//772 832//773 
f 890//831 832//773 833//774 
f 891//832 833//774 834//775 
f 892//833 834//775 835//776 
f 893//834 835//776 836//777 
f 894//835 836//777 837//778 
f 895//836 837//778 838//779 
f 896//837 838//779 839//780 
f 897//838 839//780 840//781 
f 898//839 840//781 841//782 
f 899//840 841//782 842//783 
f 900//841 842//783 843//784 
f 901//842 843//784 844//785 
f 902//843 844//785 845//786 
f 903//844 845//786 846//787 
f 904//845 846//787 847//788 
f 905//846 847//788 848//789 
f 906//847 848//789 849//790 
f 907//848 849//790 850//791 
f 908//849 850//791 851//792 
f 909//850 851//792 852//793 
f 910//851 852//793 853//794 
f 911//852 853//794 854//795 
f 912//853 854//795 855//796 
f 913//854 855//796 856//797 
f 914//855 856//797 857//798 
f 915//856 857//798 858//799 
f 916//857 858//799 859//800 
f 917//858 859//800 860//801 
f 918//859 860//801 861//802 
f 919//860 861//802 862//803 
f 920//861 862//803 863//804 
f 921//862 863//804 864//805 
f 922//863 864//805 865//806 
f 923//864 865//806 866//807 
f 924//865 866//807 867//808 
f 925//866 867//808 868//809 
f 926//867 868//809 869//810 
f 927//868 869//810 870//811 
f 928//869 870//811 813//754 
f 929//870 871//812 872//813 
f 930//871 872//813 873//814 
f 931//872 873//814 874//815 
f 932//873 874//815 875//816 
f 933//874 875//816 876//817 
f 934//875 876//817 877//818 
f 935//876 877//818 878//819 
f 936//877 878//819 879//820 
f 937//878 879//820 880//821 
f 938//879 880//821 881//822 
f 939//880 881//822 882//823 
f 940//881 882//823 883//824 
f 941//882 883//824 884//825 
f 942//883 884//825 885//826 
f 943//884 885//826 886//827 
f 944//885 886//827 887//828 
f 945//886 887//828 888//829 
f 946//887 888//829 889//830 
f 947//888 889//830 890//831 
f 948//889 890//831 891//832 
f 949//890 891//832 892//833 
f 950//891 892//833 893//834 
f 951//892 893//834 894//835 
f 952//893 894//835 895//836 
f 953//894 895//836 896//837 
f 954//895 896//837 897//838 
f 955//896 897//838 898//839 
f 956//897 898//839 899//840 
f 957//898 899//840 900//841 
f 958//899 900//841 901//842 
f 959//900 901//842 902//843 
f 960//901 902//843 903//844 
f 961//902 903//844 904//845 
f 962//903 904//845 905//846 
f 963//904 905//846 906//847 
f 964//905 906//847 907//848 
f 965//906 907//848 908//849 
f 966//907 908//849 909//850 
f 967//908 909//850 910//851 
f 968//909 910//851 911//852 
f 969//910 911//852 912//853 
f 970//911 912//853 913//854 
f 971//912 913//854 914//855 
f 972//913 914//855 915//856 
f 973//914 915//856 916//857 
f 974//915 916//857 917//858 
f 975//916 917//858 918//859 
f 976//917 918//859 919//860 
f 977//918 919//860 920//861 
f 978//919 920//861 921//862 
f 979//920 921//862 922//863 
f 980//921 922//863 923//864 
f 981//922 923//864 924//865 
f 982//923 924//865 925//866 
f 983//924 925//866 926//867 
f 984//925 926//867 927//868 
f 985//926 927//868 928//869 
f 986//927 928//869 871//812 
f 987//928 929//870 930//871 
f 988//929 930//871 931//872 
f 989//930 931//872 932//873 
f 990//931 932//873 933//874 
f 991//932 933//874 934//875 
f 992//933 934//875 935//876 
f 993//934 935//876 936//877 
f 994//935 936//877 937//878 
f 995//936 937//878 938//879 
f 996//937 938//879 939//880 
f 997//938 939//880 940//881 
f 998//939 940//881 941//882 
f 999//940 941//882 942//883 
f 1000//941 942//883 943//884 
f 1001//942 943//884 944//885 
f 1002//943 944//885 945//886 
f 1003//944 945//886 946//887 
f 1004//945 946//887 947//888 
f 1005//946 947//888 948//889 
f 1006//947 948//889 949//890 
f 1007//948 949//890 950//891 
f 1008//949 950//891 951//892 
f 1009//950 951//892 952//893 
f 1010//951 952//893 953//894 
f 1011//952 953//894 954//895 
f 1012//953 954//895 955//896 
f 1013//954 955//896 956//897 
f 1014//955 956//897 957//898 
f 1015//956 957//898 958//899 
f 1016//957 958//899 959//900 
f 1017//958 959//900 960//901 
f 1018//959 960//901 961//902 
f 1019//960 961//902 962//903 
f 1020//961 962//903 963//904 
f 1021//962 963//904 964//905 
f 1022//963 964//905 965//906 
f 1023//964 965//906 966//907 
f 1024//965 966//907 967//908 
f 1025//966 967//908 968//909 
f 1026//967 968//909 969//910 
f 1027//968 969//910 970//911 
f 1028//969 970//911 971//912 
f 1029//970 971//912 972//913 
f 1030//971 972//913 973//914 
f 1031//972 973//914 974//915 
f 1032//973 974//915 975//916 
f 1033//974 975//916 976//917 
f 1034//975 976//917 977//918 
f 1035//976 977//918 978//919 
f 1036//977 978//919 979//920 
f 1037//978 979//920 980//921 
f 1038//979 980//921 981//922 
f 1039//980 981//922 982//923 
f 1040//981 982//923 983//924 
f 1041//982 983//924 984//925 
f 1042//983 984//925 985//926 
f 1043//984 985//926 986//927 
f 1044//985 986//927 929//870 
f 1045//986 987//928 988//929 
f 1046//987 988//929 989//930 
f 1047//988 989//930 990//931 
f 1048//989 990//931 991//932 
f 1049//990 991//932 992//933 
f 1050//991 992//933 993//934 
f 1051//992 993//934 994//935 
f 1052//993 994//935 995//936 
f 1053//994 995//936 996//937 
f 1054//995 996//937 997//938 
f 1055//996 997//938 998//939 
f 1056//997 998//939 999//940 
f 1057//998 999//940 1000//941 
f 1058//999 1000//941 1001//942 
f 1059//1000 1001//942 1002//943 
f 1060//1001 1002//943 1003//944 
f 1061//1002 1003//944 1004//945 
f 1062//1003 1004//945 1005//946 
f 1063//1004 1005//946 1006//947 
f 1064//1005 1006//947 1007//948 
f 1065//1006 1007//948 1008//949 
f 1066//1007 1008//949 1009//950 
f 1067//1008 1009//950 1010//951 
f 1068//1009 1010//951 1011//952 
f 1069//1010 1011//952 1012//953 
f 1070//1011 1012//953 1013//954 
f 1071//1012 1013//954 1014//955 
f 1072//1013 1014//955 1015//956 
f 1073//1014 1015//956 1016//957 
f 1074//1015 1016//957 1017//958 
f 1075//1016 1017//958 1018//959 
f 1076//1017 1018//959 1019//960 
f 1077//1018 1019//960 1020//961 
f 1078//1019 1020//961 1021//962 
f 1079//1020 1021//962 1022//963 
f 1080//1021 1022//963 1023//964 
f 1081//1022 1023//964 1024//965 
f 1082//1023 1024//965 1025//966 
f 1083//1024 1025//966 1026//967 
f 1084//1025 1026//967 1027//968 
f 1085//1026 1027//968 1028//969 
f 1086//1027 1028//969 1029//970 
f 1087//1028 1029//970 1030//971 
f 1088//1029 1030//971 1031//972 
f 1089//1030 1031//972 1032//973 
f 1090//1031 1032//973 1033//974 
f 1091//1032 1033//974 1034//975 
f 1092//1033 1034//975 1035//976 
f 1093//1034 1035//976 1036//977 
f 1094//1035 1036//977 1037//978 
f 1095//1036 1037//978 1038//979 
f 1096//1037 1038//979 1039//980 
f 1097//1038 1039//980 1040//981 
f 1098//1039 1040//981 1041//982 
f 1099//1040 1041//982 1042//983 
f 1100//1041 1042//983 1043//984 
f 1101//1042 1043//984 1044//985 
f 1102//1043 1044//985 987//928 
f 233//1044 1045//986 1046//987 
f 234//1044 1046//987 1047//988 
f 235//1044 1047//988 1048//989 
f 236//1044 1048//989 1049//990 
f 237//1044 1049//990 1050//991 
f 238//1044 1050//991 1051//992 
f 239//1044 1051//992 1052//993 
f 240//1044 1052//993 1053//994 
f 241//1044 1053//994 1054//995 
f 242//1044 1054//995 1055//996 
f 243//1044 1055//996 1056//997 
f 244//1044 1056//997 1057//998 
f 245//1044 1057//998 1058//999 
f 246//1044 1058//999 1059//1000 
f 247//1044 1059//1000 1060//1001 
f 248//1044 1060//1001 1061//1002 
f 249//1044 1061//1002 1062//1003 
f 250//1044 1062//1003 1063//1004 
f 251//1044 1063//1004 1064//1005 
f 252//1044 1064//1005 1065//1006 
f 253//1044 1065//1006 1066//1007 
f 254//1044 1066//1007 1067//1008 
f 255//1044 1067//1008 1068//1009 
f 256//1044 1068//1009 1069//1010 
f 257//1044 1069//1010 1070//1011 
f 258//1044 1070//1011 1071//1012 
f 259//1044 1071//1012 1072//1013 
f 260//1044 1072//1013 1073//1014 
f 261//1044 1073//1014 1074//1015 
f 262//1044 1074//1015 1075//1016 
f 263//1044 1075//1016 1076//1017 
f 264//1044 1076//1017 1077//1018 
f 265//1044 1077//1018 1078//1019 
f 266//1044 1078//1019 1079//1020 
f 267//1044 1079//1020 1080//1021 
f 268//1044 1080//1021 1081//1022 
f 269//1044 1081//1022 1082//1023 
f 270//1044 1082//1023 1083//1024 
f 271//1044 1083//1024 1084//1025 
f 272//1044 1084//1025 1085//1026 
f 273//1044 1085//1026 1086//1027 
f 274//1044 1086//1027 1087//1028 
f 275//1044 1087//1028 1088//1029 
f 276//1044 1088//1029 1089//1030 
f 277//1044 1089//1030 1090//1031 
f 278//1044 1090//1031 1091//1032 
f 279//1044 1091//1032 1092//1033 
f 280//1044 1092//1033 1093//1034 
f 281//1044 1093//1034 1094//1035 
f 282//1044 1094//1035 1095//1036 
f 283//1044 1095//1036 1096//1037 
f 284//1044 1096//1037 1097//1038 
f 285//1044 1097//1038 1098//1039 
f 286//1044 1098//1039 1099//1040 
f 287//1044 1099//1040 1100//1041 
f 288//1044 1100//1041 1101//1042 
f 289//1044 1101//1042 1102//1043 
f 290//1044 1102//1043 1045//986 
f 1045//986 233//1044 290//1044 
f 1102//1043 290//1044 289//1044 
f 1101//1042 289//1044 288//1044 
f 1100//1041 288//1044 287//1044 
f 1099//1040 287//1044 286//1044 
f 1098//1039 286//1044 285//1044 
f 1097//1038 285//1044 284//1044 
f 1096//1037 284//1044 283//1044 
f 1095//1036 283//1044 282//1044 
f 1094//1035 282//1044 281//1044 
f 1093//1034 281//1044 280//1044 
f 1092//1033 280//1044 279//1044 
f 1091//1032 279//1044 278//1044 
f 1090//1031 278//1044 277//1044 
f 1089//1030 277//1044 276//1044 
f 1088//1029 276//1044 275//1044 
f 1087//1028 275//1044 274//1044 
f 1086//1027 274//1044 273//1044 
f 1085//1026 273//1044 272//1044 
f 1084//1025 272//1044 271//1044 
f 1083//1024 271//1044 270//1044 
f 1082//1023 270//1044 269//1044 
f 1081//1022 269//1044 268//1044 
f 1080//1021 268//1044 267//1044 
f 1079//1020 267//1044 266//1044 
f 1078//1019 266//1044 265//1044 
f 1077//1018 265//1044 264//1044 
f 1076//1017 264//1044 263//1044 
f 1075//1016 263//1044 262//1044 
f 1074//1015 262//1044 261//1044 
f 1073//1014 261//1044 260//1044 
f 1072//1013 260//1044 259//1044 
f 1071//1012 259//1044 258//1044 
f 1070//1011 258//1044 257//1044 
f 1069//1010 257//1044 256//1044 
f 1068//1009 256//1044 255//1044 
f 1067//1008 255//1044 254//1044 
f 1066//1007 254//1044 253//1044 
f 1065//1006 253//1044 252//1044 
f 1064//1005 252//1044 251//1044 
f 1063//1004 251//1044 250//1044 
f 1062//1003 250//1044 249//1044 
f 1061//1002 249//1044 248//1044 
f 1060//1001 248//1044 247//1044 
f 1059//1000 247//1044 246//1044 
f 1058//999 246//1044 245//1044 
f 1057//998 245//1044 244//1044 
f 1056//997 244//1044 243//1044 
f 1055//996 243//1044 242//1044 
f 1054//995 242//1044 241//1044 
f 1053//994 241//1044 240//1044 
f 1052//993 240//1044 239//1044 
f 1051//992 239//1044 238//1044 
f 1050//991 238//1044 237//1044 
f 1049//990 237//1044 236//1044 
f 1048//989 236//1044 235//1044 
f 1047//988 235//1044 234//1044 
f 1046//987 234//1044 233//1044 
f 987//928 1045//986 1102//1043 
f 1044//985 1102//1043 1101//1042 
f 1043//984 1101//1042 1100//1041 
f 1042//983 1100//1041 1099//1040 
f 1041//982 1099//1040 1098//1039 
f 1040//981 1098//1039 1097//1038 
f 1039//980 1097//1038 1096//1037 
f 1038//979 1096//1037 1095//1036 
f 1037//978 1095//1036 1094//1035 
f 1036//977 1094//1035 1093//1034 
f 1035//976 1093//1034 1092//1033 
f 1034//975 1092//1033 1091//1032 
f 1033//974 1091//1032 1090//1031 
f 1032//973 1090//1031 1089//1030 
f 1031//972 1089//1030 1088//1029 
f 1030//971 1088//1029 1087//1028 
f 1029//970 1087//1028 1086//1027 
f 1028//969 1086//1027 1085//1026 
f 1027//968 1085//1026 1084//1025 
f 1026//967 1084//1025 1083//1024 
f 1025//966 1083//1024 1082//1023 
f 1024//965 1082//1023 1081//1022 
f 1023//964 1081//1022 1080//1021 
f 1022//963 1080//1021 1079//1020 
f 1021//962 1079//1020 1078//1019 
f 1020//961 1078//1019 1077//1018 
f 1019//960 1077//1018 1076//1017 
f 1018//959 1076//1017 1075//1016 
f 1017//958 1075//1016 1074//1015 
f 1016//957 1074//1015 1073//1014 
f 1015//956 1073//1014 1072//1013 
f 1014//955 1072//1013 1071//1012 
f 1013//954 1071//1012 1070//1011 
f 1012//953 1070//1011 1069//1010 
f 1011//952 1069//1010 1068//1009 
f 1010//951 1068//1009 1067//1008 
f 1009//950 1067//1008 1066//1007 
f 1008//949 1066//1007 1065//1006 
f 1007//948 1065//1006 1064//1005 
f 1006//947 1064//1005 1063//1004 
f 1005//946 1063//1004 1062//1003 
f 1004//945 1062//1003 1061//1002 
f 1003//944 1061//1002 1060//1001 
f 1002//943 1060//1001 1059//1000 
f 1001//942 1059//1000 1058//999 
f 1000//941 1058//999 1057//998 
f 999//940 1057//998 1056//997 
f 998//939 1056//997 1055//996 
f 997//938 1055//996 1054//995 
f 996//937 1054//995 1053//994 
f 995//936 1053//994 1052//993 
f 994//935 1052//993 1051//992 
f 993//934 1051//992 1050//991 
f 992//933 1050//991 1049//990 
f 991//932 1049//990 1048//989 
f 990//931 1048//989 1047//988 
f 989//930 1047//988 1046//987 
f 988//929 1046//987 1045//986 
f 929//870 987//928 1044//985 
f 986//927 1044//985 1043//984 
f 985//926 1043//984 1042//983 
f 984//925 1042//983 1041//982 
f 983//924 1041//982 1040//981 
f 982//923 1040//981 1039//980 
f 981//922 1039//980 1038//979 
f 980//921 1038//979 1037//978 
f 979//920 1037//978 1036//977 
f 978//919 1036//977 1035//976 
f 977//918 1035//976 1034//975 
f 976//917 1034//975 1033//974 
f 975//916 1033//974 1032//973 
f 974//915 1032//973 1031//972 
f 973//914 1031//972 1030//971 
f 972//913 1030//971 1029//970 
f 971//912 1029//970 1028//969 
f 970//911 1028//969 1027//968 
f 969//910 1027//968 1026//967 
f 968//909 1026//967 1025//966 
f 967//908 1025//966 1024//965 
f 966//907 1024//965 1023//964 
f 965//906 1023//964 1022//963 
f 964//905 1022//963 1021//962 
f 963//904 1021//962 1020//961 
f 962//903 1020//961 1019//960 
f 961//902 1019//960 1018//959 
f 960//901 1018//959 1017//958 
f 959//900 1017//958 1016//957 
f 958//899 1016//957 1015//956 
f 957//898 1015//956 1014//955 
f 956//897 1014//955 1013//954 
f 955//896 1013//954 1012//953 
f 954//895 1012//953 1011//952 
f 953//894 1011//952 1010//951 
f 952//893 1010//951 1009//950 
f 951//892 1009//950 1008//949 
f 950//891 1008//949 1007//948 
f 949//890 1007//948 1006//947 
f 948//889 1006//947 1005//946 
f 947//888 1005//946 1004//945 
f 946//887 1004//945 1003//944 
f 945//886 1003//944 1002//943 
f 944//885 1002//943 1001//942 
f 943//884 1001//942 1000//941 
f 942//883 1000//941 999//940 
f 941//882 999//940 998//939 
f 940//881 998//939 997//938 
f 939//880 997//938 996//937 
f 938//879 996//937 995//936 
f 937//878 995//936 994//935 
f 936//877 994//935 993//934 
f 935//876 993//934 992//933 
f 934//875 992//933 991//932 
f 933//874 991//932 990//931 
f 932//873 990//931 989//930 
f 931//872 989//930 988//929 
f 930//871 988//929 987//928 
f 871//812 929//870 986//927 
f 928//869 986//927 985//926 
f 927//868 985//926 984//925 
f 926//867 984//925 983//924 
f 925//866 983//924 982//923 
f 924//865 982//923 981//922 
f 923//864 981//922 980//921 
f 922//863 980//921 979//920 
f 921//862 979//920 978//919 
f 920//861 978//919 977//918 
f 919//860 977//918 976//917 
f 918//859 976//917 975//916 
f 917//858 975//916 974//915 
f 916//857 974//915 973//914 
f 915//856 973//914 972//913 
f 914//855 972//913 971//912 
f 913//854 971//912 970//911 
f 912//853 970//911 969//910 
f 911//852 969//910 968//909 
f 910//851 968//909 967//908 
f 909//850 967//908 966//907 
f 908//849 966//907 965//906 
f 907//848 965//906 964//905 
f 906//847 964//905 963//904 
f 905//846 963//904 962//903 
f 904//845 962//903 961//902 
f 903//844 961//902 960//901 
f 902//843 960//901 959//900 
f 901//842 959//900 958//899 
f 900//841 958//899 957//898 
f 899//840 957//898 956//897 
f 898//839 956//897 955//896 
f 897//838 955//896 954//895 
f 896//837 954//895 953//894 
f 895//836 953//894 952//893 
f 894//835 952//893 951//892 
f 893//834 951//892 950//891 
f 892//833 950//891 949//890 
f 891//832 949//890 948//889 
f 890//831 948//889 947//888 
f 889//830 947//888 946//887 
f 888//829 946//887 945//886 
f 887//828 945//886 944//885 
f 886//827 944//885 943//884 
f 885//826 943//884 942//883 
f 884//825 942//883 941//882 
f 883//824 941//882 940//881 
f 882//823 940//881 939//880 
f 881//822 939//880 938//879 
f 880//821 938//879 937//878 
f 879//820 937//878 936//877 
f 878//819 936//877 935//876 
f 877//818 935//876 934//875 
f 876//817 934//875 933//874 
f 875//816 933//874 932//873 
f 874//815 932//873 931//872 
f 873//814 931//872 930//871 
f 872//813 930//871 929//870 
f 813//754 871//812 928//869 
f 870//811 928//869 927//868 
f 869//810 927//868 926//867 
f 868//809 926//867 925//866 
f 867//808 925//866 924//865 
f 866//807 924//865 923//864 
f 865//806 923//864 922//863 
f 864//805 922//863 921//862 
f 863//804 921//862 920//861 
f 862//803 920//861 919//860 
f 861//802 919//860 918//859 
f 860//801 918//859 917//858 
f 859//800 917//858 916//857 
f 858//799 916//857 915//856 
f 857//798 915//856 914//855 
f 856//797 914//855 913//854 
f 855//796 913//854 912//853 
f 854//795 912//853 911//852 
f 853//794 911//852 910//851 
f 852//793 910//851 909//850 
f 851//792 909//850 908//849 
f 850//791 908//849 907//848 
f 849//790 907//848 906//847 
f 848//789 906//847 905//846 
f 847//788 905//846 904//845 
f 846//787 904//845 903//844 
f 845//786 903//844 902//843 
f 844//785 902//843 901//842 
f 843//784 901//842 900//841 
f 842//783 900//841 899//840 
f 841//782 899//840 898//839 
f 840//781 898//839 897//838 
f 839//780 897//838 896//837 
f 838//779 896//837 895//836 
f 837//778 895//836 894//835 
f 836//777 894//835 893//834 
f 835//776 893//834 892//833 
f 834//775 892//833 891//832 
f 833//774 891//832 890//831 
f 832//773 890//831 889//830 
f 831//772 889//830 888//829 
f 830//771 888//829 887//828 
f 829//770 887//828 886//827 
f 828//769 886//827 885//826 
f 827//768 885//826 884//825 
f 826//767 884//825 883//824 
f 825//766 883//824 882//823 
f 824//765 882//823 881//822 
f 823//764 881//822 880//821 
f 822//763 880//821 879//820 
f 821//762 879//820 878//819 
f 820//761 878//819 877//818 
f 819//760 877//818 876//817 
f 818//759 876//817 875//816 
f 817//758 875//816 874//815 
f 816//757 874//815 873//814 
f 815//756 873//814 872//813 
f 814//755 872//813 871//812 
f 755//696 813//754 870//811 
f 812//753 870//811 869//810 
f 811//752 869//810 868//809 
f 810//751 868//809 867//808 
f 809//750 867//808 866//807 
f 808//749 866//807 865//806 
f 807//748 865//806 864//805 
f 806//747 864//805 863//804 
f 805//746 863//804 862//803 
f 804//745 862//803 861//802 
f 803//744 861//802 860//801 
f 802//743 860//801 859//800 
f 801//742 859//800 858//799 
f 800//741 858//799 857//798 
f 799//740 857//798 856//797 
f 798//739 856//797 855//796 
f 797//738 855//796 854//795 
f 796//737 854//795 853//794 
f 795//736 853//794 852//793 
f 794//735 852//793 851//792 
f 793//734 851//792 850//791 
f 792//733 850//791 849//790 
f 791//732 849//790 848//789 
f 790//731 848//789 847//788 
f 789//730 847//788 846//787 
f 788//729 846//787 845//786 
f 787//728 845//786 844//785 
f 786//727 844//785 843//784 
f 785//726 843//784 842//783 
f 784//725 842//783 841//782 
f 783//724 841//782 840//781 
f 782//723 840//781 839//780 
f 781//722 839//780 838//779 
f 780//721 838//779 837//778 
f 779//720 837//778 836//777 
f 778//719 836//777 835//776 
f 777//718 835//776 834//775 
f 776//717 834//775 833//774 
f 775//716 833//774 832//773 
f 774//715 832//773 831//772 
f 773//714 831//772 830//771 
f 772//713 830//771 829//770 
f 771//712 829//770 828//769 
f 770//711 828//769 827//768 
f 769//710 827//768 826//767 
f 768//709 826//767 825//766 
f 767//708 825//766 824//765 
f 766//707 824//765 823//764 
f 765//706 823//764 822//763 
f 764//705 822//763 821//762 
f 763//704 821//762 820//761 
f 762//703 820//761 819//760 
f 761//702 819//760 818//759 
f 760//701 818//759 817//758 
f 759//700 817//758 816//757 
f 758//699 816//757 815//756 
f 757//698 815//756 814//755 
f 756//697 814//755 813//754 
f 697//638 755//696 812//753 
f 754//695 812//753 811//752 
f 753//694 811//752 810//751 
f 752//693 810//751 809//750 
f 751//692 809//750 808//749 
f 750//691 808//749 807//748 
f 749//690 807//748 806//747 
f 748//689 806//747 805//746 
f 747//688 805//746 804//745 
f 746//687 804//745 803//744 
f 745//686 803//744 802//743 
f 744//685 802//743 801//742 
f 743//684 801//742 800//741 
f 742//683 800//741 799//740 
f 741//682 799//740 798//739 
f 740//681 798//739 797//738 
f 739//680 797//738 796//737 
f 738//679 796//737 795//736 
f 737//678 795//736 794//735 
f 736//677 794//735 793//734 
f 735//676 793//734 792//733 
f 734//675 792//733 791//732 
f 733//674 791//732 790//731 
f 732//673 790//731 789//730 
f 731//672 789//730 788//729 
f 730//671 788//729 787//728 
f 729//670 787//728 786//727 
f 728//669 786//727 785//726 
f 727//668 785//726 784//725 
f 726//667 784//725 783//724 
f 725//666 783//724 782//723 
f 724//665 782//723 781//722 
f 723//664 781//722 780//721 
f 722//663 780//721 779//720 
f 721//662 779//720 778//719 
f 720//661 778//719 777//718 
f 719//660 777//718 776//717 
f 718//659 776//717 775//716 
f 717//658 775//716 774//715 
f 716//657 774//715 773//714 
f 715//656 773//714 772//713 
f 714//655 772//713 771//712 
f 713//654 771//712 770//711 
f 712//653 770//711 769//710 
f 711//652 769//710 768//709 
f 710//651 768//709 767//708 
f 709//650 767//708 766//707 
f 708//649 766//707 765//706 
f 707//648 765//706 764//705 
f 706//647 764//705 763//704 
f 705//646 763//704 762//703 
f 704//645 762//703 761//702 
f 703//644 761//702 760//701 
f 702//643 760//701 759//700 
f 701//642 759//700 758//699 
f 700//641 758//699 757//698 
f 699//640 757//698 756//697 
f 698//639 756//697 755//696 
f 639//580 697//638 754//695 
f 696//637 754//695 753//694 
f 695//636 753//694 752//693 
f 694//635 752//693 751//692 
f 693//634 751//692 750//691 
f 692//633 750//691 749//690 
f 691//632 749//690 748//689 
f 690//631 748//689 747//688 
f 689//630 747//688 746//687 
f 688//629 746//687 745//686 
f 687//628 745//686 744//685 
f 686//627 744//685 743//684 
f 685//626 743//684 742//683 
f 684//625 742//683 741//682 
f 683//624 741//682 740//681 
f 682//623 740//681 739//680 
f 681//622 739//680 738//679 
f 680//621 738//679 737//678 
f 679//620 737//678 736//677 
f 678//619 736//677 735//676 
f 677//618 735//676 734//675 
f 676//617 734//675 733//674 
f 675//616 733//674 732//673 
f 674//615 732//673 731//672 
f 673//614 731//672 730//671 
f 672//613 730//671 729//670 
f 671//612 729//670 728//669 
f 670//611 728//669 727//668 
f 669//610 727//668 726//667 
f 668//609 726//667 725//666 
f 667//608 725//666 724//665 
f 666//607 724//665 723//664 
f 665//606 723//664 722//663 
f 664//605 722//663 721//662 
f 663//604 721//662 720//661 
f 662//603 720//661 719//660 
f 661//602 719//660 718//659 
f 660//601 718//659 717//658 
f 659//600 717//658 716//657 
f 658//599 716//657 715//656 
f 657//598 715//656 714//655 
f 656//597 714//655 713//654 
f 655//596 713//654 712//653 
f 654//595 712//653 711//652 
f 653//594 711//652 710//651 
f 652//593 710//651 709//650 
f 651//592 709//650 708//649 
f 650//591 708//649 707//648 
f 649//590 707//648 706//647 
f 648//589 706//647 705//646 
f 647//588 705//646 704//645 
f 646//587 704//645 703//644 
f 645//586 703//644 702//643 
f 644//585 702//643 701//642 
f 643//584 701//642 700//641 
f 642//583 700//641 699//640 
f 641//582 699//640 698//639 
f 640//581 698//639 697//638 
f 581//522 639//580 696//637 
f 638//579 696//637 695//636 
f 637//578 695//636 694//635 
f 636//577 694//635 693//634 
f 635//576 693//634 692//633 
f 634//575 692//633 691//632 
f 633//574 691//632 690//631 
f 632//573 690//631 689//630 
f 631//572 689//630 688//629 
f 630//571 688//629 687//628 
f 629//570 687//628 686//627 
f 628//569 686//627 685//626 
f 627//568 685//626 684//625 
f 626//567 684//625 683//624 
f 625//566 683//624 682//623 
f 624//565 682//623 681//622 
f 623//564 681//622 680//621 
f 622//563 680//621 679//620 
f 621//562 679//620 678//619 
f 620//561 678//619 677//618 
f 619//560 677//618 676//617 
f 618//559 676//617 675//616 
f 617//558 675//616 674//615 
f 616//557 674//615 673//614 
f 615//556 673//614 672//613 
f 614//555 672//613 671//612 
f 613//554 671//612 670//611 
f 612//553 670//611 669//610 
f 611//552 669//610 668//609 
f 610//551 668//609 667//608 
f 609//550 667//608 666//607 
f 608//549 666//607 665//606 
f 607//548 665//606 664//605 
f 606//547 664//605 663//604 
f 605//546 663//604 662//603 
f 604//545 662//603 661//602 
f 603//544 661//602 660//601 
f 602//543 660//601 659//600 
f 601//542 659//600 658//599 
f 600//541 658//599 657//598 
f 599//540 657//598 656//597 
f 598//539 656//597 655//596 
f 597//538 655//596 654//595 
f 596//537 654//595 653//594 
f 595//536 653//594 652//593 
f 594//535 652//593 651//592 
f 593//534 651//592 650//591 
f 592//533 650//591 649//590 
f 591//532 649//590 648//589 
f 590//531 648//589 647//588 
f 589//530 647//588 646//587 
f 588//529 646//587 645//586 
f 587//528 645//586 644//585 
f 586//527 644//585 643//584 
f 585//526 643//584 642//583 
f 584//525 642//583 641//582 
f 583//524 641//582 640//581 
f 582//523 640//581 639//580 
f 523//464 581//522 638//579 
f 580//521 638//579 637//578 
f 579//520 637//578 636//577 
f 578//519 636//577 635//576 
f 577//518 635//576 634//575 
f 576//517 634//575 633//574 
f 575//516 633//574 632//573 
f 574//515 632//573 631//572 
f 573//514 631//572 630//571 
f 572//513 630//571 629//570 
f 571//512 629//570 628//569 
f 570//511 628//569 627//568 
f 569//510 627//568 626//567 
f 568//509 626//567 625//566 
f 567//508 625//566 624//565 
f 566//507 624//565 623//564 
f 565//506 623//564 622//563 
f 564//505 622//563 621//562 
f 563//504 621//562 620//561 
f 562//503 620//561 619//560 
f 561//502 619//560 618//559 
f 560//501 618//559 617//558 
f 559//500 617//558 616//557 
f 558//499 616//557 615//556 
f 557//498 615//556 614//555 
f 556//497 614//555 613//554 
f 555//496 613//554 612//553 
f 554//495 612//553 611//552 
f 553//494 611//552 610//551 
f 552//493 610//551 609//550 
f 551//492 609//550 608//549 
f 550//491 608//549 607//548 
f 549//490 607//548 606//547 
f 548//489 606//547 605//546 
f 547//488 605//546 604//545 
f 546//487 604//545 603//544 
f 545//486 603//544 602//543 
f 544//485 602//543 601//542 
f 543//484 601//542 600//541 
f 542//483 600//541 599//540 
f 541//482 599//540 598//539 
f 540//481 598//539 597//538 
f 539//480 597//538 596//537 
f 538//479 596//537 595//536 
f 537//478 595//536 594//535 
f 536//477 594//535 593//534 
f 535//476 593//534 592//533 
f 534//475 592//533 591//532 
f 533//474 591//532 590//531 
f 532//473 590//531 589//530 
f 531//472 589//530 588//529 
f 530//471 588//529 587//528 
f 529//470 587//528 586//527 
f 528//469 586//527 585//526 
f 527//468 585//526 584//525 
f 526//467 584//525 583//524 
f 525//466 583//524 582//523 
f 524//465 582//523 581//522 
f 465//406 523//464 580//521 
f 522//463 580//521 579//520 
f 521//462 579//520 578//519 
f 520//461 578//519 577//518 
f 519//460 577//518 576//517 
f 518//459 576//517 575//516 
f 517//458 575//516 574//515 
f 516//457 574//515 573//514 
f 515//456 573//514 572//513 
f 514//455 572//513 571//512 
f 513//454 571//512 570//511 
f 512//453 570//511 569//510 
f 511//452 569//510 568//509 
f 510//451 568//509 567//508 
f 509//450 567//508 566//507 
f 508//449 566//507 565//506 
f 507//448 565//506 564//505 
f 506//447 564//505 563//504 
f 505//446 563//504 562//503 
f 504//445 562//503 561//502 
f 503//444 561//502 560//501 
f 502//443 560//501 559//500 
f 501//442 559//500 558//499 
f 500//441 558//499 557//498 
f 499//440 557//498 556//497 
f 498//439 556//497 555//496 
f 497//438 555//496 554//495 
f 496//437 554//495 553//494 
f 495//436 553//494 552//493 
f 494//435 552//493 551//492 
f 493//434 551//492 550//491 
f 492//433 550//491 549//490 
f 491//432 549//490 548//489 
f 490//431 548//489 547//488 
f 489//430 547//488 546//487 
f 488//429 546//487 545//486 
f 487//428 545//486 544//485 
f 486//427 544//485 543//484 
f 485//426 543//484 542//483 
f 484//425 542//483 541//482 
f 483//424 541//482 540//481 
f 482//423 540//481 539//480 
f 481//422 539//480 538//479 
f 480//421 538//479 537//478 
f 479//420 537//478 536//477 
f 478//419 536//477 535//476 
f 477//418 535//476 534//475 
f 476//417 534//475 533//474 
f 475//416 533//474 532//473 
f 474//415 532//473 531//472 
f 473//414 531//472 530//471 
f 472//413 530//471 529//470 
f 471//412 529//470 528//469 
f 470//411 528//469 527//468 
f 469//410 527//468 526//467 
f 468//409 526//467 525//466 
f 467//408 525//466 524//465 
f 466//407 524//465 523//464 
f 407//348 465//406 522//463 
f 464//405 522//463 521//462 
f 463//404 521//462 520//461 
f 462//403 520//461 519//460 
f 461//402 519//460 518//459 
f 460//401 518//459 517//458 
f 459//400 517//458 516//457 
f 458//399 516//457 515//456 
f 457//398 515//456 514//455 
f 456//397 514//455 513//454 
f 455//396 513//454 512//453 
f 454//395 512//453 511//452 
f 453//394 511//452 510//451 
f 452//393 510//451 509//450 
f 451//392 509//450 508//449 
f 450//391 508//449 507//448 
f 449//390 507//448 506//447 
f 448//389 506//447 505//446 
f 447//388 505//446 504//445 
f 446//387 504//445 503//444 
f 445//386 503//444 502//443 
f 444//385 502//443 501//442 
f 443//384 501//442 500//441 
f 442//383 500//441 499//440 
f 441//382 499//440 498//439 
f 440//381 498//439 497//438 
f 439//380 497//438 496//437 
f 438//379 496//437 495//436 
f 437//378 495//436 494//435 
f 436//377 494//435 493//434 
f 435//376 493//434 492//433 
f 434//375 492//433 491//432 
f 433//374 491//432 490//431 
f 432//373 490//431 489//430 
f 431//372 489//430 488//429 
f 430//371 488//429 487//428 
f 429//370 487//428 486//427 
f 428//369 486//427 485//426 
f 427//368 485//426 484//425 
f 426//367 484//425 483//424 
f 425//366 483//424 482//423 
f 424//365 482//423 481//422 
f 423//364 481//422 480//421 
f 422//363 480//421 479//420 
f 421//362 479//420 478//419 
f 420//361 478//419 477//418 
f 419//360 477//418 476//417 
f 418//359 476//417 475//416 
f 417//358 475//416 474//415 
f 416//357 474//415 473//414 
f 415//356 473//414 472//413 
f 414//355 472//413 471//412 
f 413//354 471//412 470//411 
f 412//353 470//411 469//410 
f 411//352 469//410 468//409 
f 410//351 468//409 467//408 
f 409//350 467//408 466//407 
f 408//349 466//407 465//406 
f 349//290 407//348 464//405 
f 406//347 464//405 463//404 
f 405//346 463//404 462//403 
f 404//345 462//403 461//402 
f 403//344 461//402 460//401 
f 402//343 460//401 459//400 
f 401//342 459//400 458//399 
f 400//341 458//399 457//398 
f 399//340 457//398 456//397 
f 398//339 456//397 455//396 
f 397//338 455//396 454//395 
f 396//337 454//395 453//394 
f 395//336 453//394 452//393 
f 394//335 452//393 451//392 
f 393//334 451//392 450//391 
f 392//333 450//391 449//390 
f 391//332 449//390 448//389 
f 390//331 448//389 447//388 
f 389//330 447//388 446//387 
f 388//329 446//387 445//386 
f 387//328 445//386 444//385 
f 386//327 444//385 443//384 
f 385//326 443//384 442//383 
f 384//325 442//383 441//382 
f 383//324 441//382 440//381 
f 382//323 440//381 439//380 
f 381//322 439//380 438//379 
f 380//321 438//379 437//378 
f 379//320 437//378 436//377 
f 378//319 436//377 435//376 
f 377//318 435//376 434//375 
f 376//317 434//375 433//374 
f 375//316 433//374 432//373 
f 374//315 432//373 431//372 
f 373//314 431//372 430//371 
f 372//313 430//371 429//370 
f 371//312 429//370 428//369 
f 370//311 428//369 427//368 
f 369//310 427//368 426//367 
f 368//309 426//367 425//366 
f 367//308 425//366 424//365 
f 366//307 424//365 423//364 
f 365//306 423//364 422//363 
f 364//305 422//363 421//362 
f 363//304 421//362 420//361 
f 362//303 420//361 419//360 
f 361//302 419//360 418//359 
f 360//301 418//359 417//358 
f 359//300 417//358 416//357 
f 358//299 416//357 415//356 
f 357//298 415//356 414//355 
f 356//297 414//355 413//354 
f 355//296 413//354 412//353 
f 354//295 412//353 411//352 
f 353//294 411//352 410//351 
f 352//293 410//351 409//350 
f 351//292 409//350 408//349 
f 350//291 408//349 407//348 
f 291//174 349//290 406//347 
f 348//289 406//347 405//346 
f 347//287 405//346 404//345 
f 346//285 404//345 403//344 
f 345//283 403//344 402//343 
f 344//281 402//343 401//342 
f 343//279 401//342 400//341 
f 342//277 400//341 399//340 
f 341//275 399//340 398//339 
f 340//273 398//339 397//338 
f 339//271 397//338 396//337 
f 338//269 396//337 395//336 
f 337//267 395//336 394//335 
f 336//265 394//335 393//334 
f 335//263 393//334 392//333 
f 334//261 392//333 391//332 
f 333//259 391//332 390//331 
f 332//257 390//331 389//330 
f 331//255 389//330 388//329 
f 330//253 388//329 387//328 
f 329//251 387//328 386//327 
f 328//249 386//327 385//326 
f 327//247 385//326 384//325 
f 326//245 384//325 383//324 
f 325//243 383//324 382//323 
f 324//241 382//323 381//322 
f 323//239 381//322 380//321 
f 322//237 380//321 379//320 
f 321//235 379//320 378//319 
f 320//233 378//319 377//318 
f 319//231 377//318 376//317 
f 318//229 376//317 375//316 
f 317//227 375//316 374//315 
f 316//225 374//315 373//314 
f 315//223 373//314 372//313 
f 314//221 372//313 371//312 
f 313//219 371//312 370//311 
f 312//217 370//311 369//310 
f 311//215 369//310 368//309 
f 310//213 368//309 367//308 
f 309//211 367//308 366//307 
f 308//209 366//307 365//306 
f 307//207 365//306 364//305 
f 306//205 364//305 363//304 
f 305//203 363//304 362//303 
f 304//201 362//303 361//302 
f 303//199 361//302 360//301 
f 302//197 360//301 359//300 
f 301//195 359//300 358//299 
f 300//193 358//299 357//298 
f 299//191 357//298 356//297 
f 298//189 356//297 355//296 
f 297//187 355//296 354//295 
f 296//185 354//295 353//294 
f 295//183 353//294 352//293 
f 294//181 352//293 351//292 
f 293//179 351//292 350//291 
f 292//177 350//291 349//290 
f 3//175 291//174 348//289 
f 5//288 348//289 347//287 
f 7//286 347//287 346//285 
f 9//284 346//285 345//283 
f 11//282 345//283 344//281 
f 13//280 344//281 343//279 
f 15//278 343//279 342//277 
f 17//276 342//277 341//275 
f 19//274 341//275 340//273 
f 21//272 340//273 339//271 
f 23//270 339//271 338//269 
f 25//268 338//269 337//267 
f 27//266 337//267 336//265 
f 29//264 336//265 335//263 
f 31//262 335//263 334//261 
f 33//260 334//261 333//259 
f 35//258 333//259 332//257 
f 37//256 332//257 331//255 
f 39//254 331//255 330//253 
f 41//252 330//253 329//251 
f 43//250 329//251 328//249 
f 45//248 328//249 327//247 
f 47//246 327//247 326//245 
f 49//244 326//245 325//243 
f 51//242 325//243 324//241 
f 53//240 324//241 323//239 
f 55//238 323//239 322//237 
f 57//236 322//237 321//235 
f 59//234 321//235 320//233 
f 61//232 320//233 319//231 
f 63//230 319//231 318//229 
f 65//228 318//229 317//227 
f 67//226 317//227 316//225 
f 69//224 316//225 315//223 
f 71//222 315//223 314//221 
f 73//220 314//221 313//219 
f 75//218 313//219 312//217 
f 77//216 312//217 311//215 
f 79//214 311//215 310//213 
f 81//212 310//213 309//211 
f 83//210 309//211 308//209 
f 85//208 308//209 307//207 
f 87//206 307//207 306//205 
f 89//204 306//205 305//203 
f 91//202 305//203 304//201 
f 93//200 304//201 303//199 
f 95//198 303//199 302//197 
f 97//196 302//197 301//195 
f 99//194 301//195 300//193 
f 101//192 300//193 299//191 
f 103//190 299//191 298//189 
f 105//188 298//189 297//187 
f 107//186 297//187 296//185 
f 109//184 296//185 295//183 
f 111//182 295//183 294//181 
f 113//180 294//181 293//179 
f 115//178 293//179 292//177 
f 116//176 292//177 291//174 
o mesh4
f 1103//1044 240//1044 241//1044 
f 1103//1044 1104//1044 239//1044 
f 1105//1044 284//1044 285//1044 
f 1105//1044 1106//1044 283//1044 
f 239//1044 240//1044 1103//1044 
f 1104//1044 1107//1044 238//1044 
f 1108//1044 288//1044 289//1044 
f 1108//1044 1109//1044 287//1044 
f 1110//1044 285//1044 286//1044 
f 283//1044 284//1044 1105//1044 
f 1111//1044 245//1044 246//1044 
f 1111//1044 1112//1044 244//1044 
f 1113//1044 243//1044 244//1044 
f 1113//1044 1114//1044 242//1044 
f 1115//1044 241//1044 242//1044 
f 238//1044 239//1044 1104//1044 
f 1116//1044 1117//1044 289//1044 
f 287//1044 288//1044 1108//1044 
f 1118//1044 286//1044 287//1044 
f 285//1044 1110//1044 1105//1044 
f 1119//1044 277//1044 278//1044 
f 1119//1044 1120//1044 276//1044 
f 1121//1044 274//1044 275//1044 
f 1121//1044 1122//1044 273//1044 
f 244//1044 245//1044 1111//1044 
f 242//1044 243//1044 1113//1044 
f 241//1044 1115//1044 1103//1044 
f 1107//1044 1123//1044 237//1044 
f 289//1044 1117//1044 1108//1044 
f 286//1044 1118//1044 1110//1044 
f 1124//1044 282//1044 283//1044 
f 1124//1044 1125//1044 281//1044 
f 1126//1044 280//1044 281//1044 
f 1126//1044 1127//1044 279//1044 
f 1128//1044 278//1044 279//1044 
f 276//1044 277//1044 1119//1044 
f 273//1044 274//1044 1121//1044 
f 1122//1044 1129//1044 272//1044 
f 1130//1044 271//1044 272//1044 
f 1130//1044 1131//1044 270//1044 
f 1132//1044 255//1044 256//1044 
f 1132//1044 1133//1044 254//1044 
f 1134//1044 1135//1044 249//1044 
f 1135//1044 1136//1044 248//1044 
f 1137//1044 1138//1044 246//1044 
f 244//1044 1112//1044 1113//1044 
f 237//1044 238//1044 1107//1044 
f 1123//1044 1139//1044 236//1044 
f 1140//1044 235//1044 236//1044 
f 1140//1044 1141//1044 234//1044 
f 287//1044 1109//1044 1118//1044 
f 281//1044 282//1044 1124//1044 
f 279//1044 280//1044 1126//1044 
f 278//1044 1128//1044 1119//1044 
f 1142//1044 275//1044 276//1044 
f 272//1044 273//1044 1122//1044 
f 270//1044 271//1044 1130//1044 
f 1131//1044 1143//1044 269//1044 
f 1144//1044 265//1044 266//1044 
f 1144//1044 1145//1044 264//1044 
f 1146//1044 257//1044 258//1044 
f 1146//1044 1147//1044 256//1044 
f 254//1044 255//1044 1132//1044 
f 1133//1044 1148//1044 253//1044 
f 1149//1044 252//1044 253//1044 
f 1149//1044 1150//1044 251//1044 
f 1134//1044 250//1044 251//1044 
f 248//1044 249//1044 1135//1044 
f 246//1044 1138//1044 1111//1044 
f 236//1044 237//1044 1123//1044 
f 234//1044 235//1044 1140//1044 
f 1151//1044 233//1044 234//1044 
f 283//1044 1106//1044 1124//1044 
f 279//1044 1127//1044 1128//1044 
f 275//1044 1142//1044 1121//1044 
f 269//1044 270//1044 1131//1044 
f 1152//1044 268//1044 269//1044 
f 1152//1044 1153//1044 267//1044 
f 1154//1044 266//1044 267//1044 
f 264//1044 265//1044 1144//1044 
f 1155//1044 263//1044 264//1044 
f 1156//1044 262//1044 263//1044 
f 1157//1044 261//1044 262//1044 
f 1157//1044 1158//1044 260//1044 
f 256//1044 257//1044 1146//1044 
f 253//1044 254//1044 1133//1044 
f 251//1044 252//1044 1149//1044 
f 249//1044 250//1044 1134//1044 
f 242//1044 1114//1044 1115//1044 
f 234//1044 1141//1044 1151//1044 
f 281//1044 1125//1044 1126//1044 
f 272//1044 1129//1044 1130//1044 
f 267//1044 268//1044 1152//1044 
f 266//1044 1154//1044 1144//1044 
f 263//1044 1155//1044 1156//1044 
f 260//1044 261//1044 1157//1044 
f 1159//1044 259//1044 260//1044 
f 1159//1044 1160//1044 258//1044 
f 256//1044 1147//1044 1132//1044 
f 251//1044 1150//1044 1134//1044 
f 236//1044 1139//1044 1140//1044 
f 1116//1044 290//1044 233//1044 
f 276//1044 1120//1044 1142//1044 
f 267//1044 1153//1044 1154//1044 
f 262//1044 1156//1044 1157//1044 
f 258//1044 259//1044 1159//1044 
f 253//1044 1148//1044 1149//1044 
f 1137//1044 247//1044 248//1044 
f 233//1044 1151//1044 1116//1044 
f 269//1044 1143//1044 1152//1044 
f 260//1044 1158//1044 1159//1044 
f 248//1044 1136//1044 1137//1044 
f 289//1044 290//1044 1116//1044 
f 258//1044 1160//1044 1146//1044 
f 264//1044 1145//1044 1155//1044 
f 246//1044 247//1044 1137//1044 
o mesh5
f 1161//1045 1151//1044 1141//1044 
f 1162//1046 1141//1044 1140//1047 
f 1163//1048 1140//1047 1139//1047 
f 1164//1049 1139//1047 1123//1050 
f 1165//1051 1123//1050 1107//1050 
f 1166//1052 1107//1050 1104//1053 
f 1167//1054 1104//1053 1103//1053 
f 1168//1055 1103//1053 1115//1056 
f 1169//1057 1115//1056 1114//1056 
f 1170//1058 1114//1056 1113//1059 
f 1171//1060 1113//1059 1112//1059 
f 1172//1061 1112//1059 1111//1062 
f 1173//1063 1111//1062 1138//1062 
f 1174//1064 1138//1062 1137//1065 
f 1175//1066 1137//1065 1136//1065 
f 1176//1067 1136//1065 1135//1068 
f 1177//1069 1135//1068 1134//1068 
f 1178//1070 1134//1068 1150//1071 
f 1179//1072 1150//1071 1149//1071 
f 1180//1073 1149//1071 1148//1074 
f 1181//1075 1148//1074 1133//1074 
f 1182//1076 1133//1074 1132//1077 
f 1183//1078 1132//1077 1147//1077 
f 1184//1079 1147//1077 1146//1080 
f 1185//1081 1146//1080 1160//1080 
f 1186//1082 1160//1080 1159//1083 
f 1187//1084 1159//1083 1158//1083 
f 1188//1085 1158//1083 1157//1086 
f 1189//1087 1157//1086 1156//1086 
f 1190//1088 1156//1086 1155//1089 
f 1191//1090 1155//1089 1145//1089 
f 1192//1091 1145//1089 1144//1092 
f 1193//1093 1144//1092 1154//1092 
f 1194//1094 1154//1092 1153//1095 
f 1195//1096 1153//1095 1152//1095 
f 1196//1097 1152//1095 1143//1098 
f 1197//1099 1143//1098 1131//1098 
f 1198//1100 1131//1098 1130//1101 
f 1199//1102 1130//1101 1129//1101 
f 1200//1103 1129//1101 1122//1104 
f 1201//1105 1122//1104 1121//1104 
f 1202//1106 1121//1104 1142//1107 
f 1203//1108 1142//1107 1120//1107 
f 1204//1109 1120//1107 1119//1110 
f 1205//1111 1119//1110 1128//1110 
f 1206//1112 1128//1110 1127//1113 
f 1207//1114 1127//1113 1126//1113 
f 1208//1115 1126//1113 1125//1116 
f 1209//1117 1125//1116 1124//1116 
f 1210//1118 1124//1116 1106//1119 
f 1211//1120 1106//1119 1105//1119 
f 1212//1121 1105//1119 1110//1122 
f 1213//1123 1110//1122 1118//1122 
f 1214//1124 1118//1122 1109//1125 
f 1215//1126 1109//1125 1108//1125 
f 1216//1127 1108//1125 1117//1128 
f 1217//1129 1117//1128 1116//1128 
f 1218//1130 1116//1128 1151//1044 
f 1219//1131 1161//1045 1162//1046 
f 1220//1132 1162//1046 1163//1048 
f 1221//1133 1163//1048 1164//1049 
f 1222//1134 1164//1049 1165//1051 
f 1223//1135 1165//1051 1166//1052 
f 1224//1136 1166//1052 1167//1054 
f 1225//1137 1167//1054 1168//1055 
f 1226//1138 1168//1055 1169//1057 
f 1227//1139 1169//1057 1170//1058 
f 1228//1140 1170//1058 1171//1060 
f 1229//1141 1171//1060 1172//1061 
f 1230//1142 1172//1061 1173//1063 
f 1231//1143 1173//1063 1174//1064 
f 1232//1144 1174//1064 1175//1066 
f 1233//1145 1175//1066 1176//1067 
f 1234//1146 1176//1067 1177//1069 
f 1235//1147 1177//1069 1178//1070 
f 1236//1148 1178//1070 1179//1072 
f 1237//1149 1179//1072 1180//1073 
f 1238//1150 1180//1073 1181//1075 
f 1239//1151 1181//1075 1182//1076 
f 1240//1152 1182//1076 1183//1078 
f 1241//1153 1183//1078 1184//1079 
f 1242//1154 1184//1079 1185//1081 
f 1243//1155 1185//1081 1186//1082 
f 1244//1156 1186//1082 1187//1084 
f 1245//1157 1187//1084 1188//1085 
f 1246//1158 1188//1085 1189//1087 
f 1247//1159 1189//1087 1190//1088 
f 1248//1160 1190//1088 1191//1090 
f 1249//1161 1191//1090 1192//1091 
f 1250//1162 1192//1091 1193//1093 
f 1251//1163 1193//1093 1194//1094 
f 1252//1164 1194//1094 1195//1096 
f 1253//1165 1195//1096 1196//1097 
f 1254//1166 1196//1097 1197//1099 
f 1255//1167 1197//1099 1198//1100 
f 1256//1168 1198//1100 1199//1102 
f 1257//1169 1199//1102 1200//1103 
f 1258//1170 1200//1103 1201//1105 
f 1259//1171 1201//1105 1202//1106 
f 1260//1172 1202//1106 1203//1108 
f 1261//1173 1203//1108 1204//1109 
f 1262//1174 1204//1109 1205//1111 
f 1263//1175 1205//1111 1206//1112 
f 1264//1176 1206//1112 1207//1114 
f 1265//1177 1207//1114 1208//1115 
f 1266//1178 1208//1115 1209//1117 
f 1267//1179 1209//1117 1210//1118 
f 1268//1180 1210//1118 1211//1120 
f 1269//1181 1211//1120 1212//1121 
f 1270//1182 1212//1121 1213//1123 
f 1271//1183 1213//1123 1214//1124 
f 1272//1184 1214//1124 1215//1126 
f 1273//1185 1215//1126 1216//1127 
f 1274//1186 1216//1127 1217//1129 
f 1275//1187 1217//1129 1218//1130 
f 1276//1188 1218//1130 1161//1045 
f 1277//1189 1219//1131 1220//1132 
f 1278//1190 1220//1132 1221//1133 
f 1279//1191 1221//1133 1222//1134 
f 1280//1192 1222//1134 1223//1135 
f 1281//1193 1223//1135 1224//1136 
f 1282//1194 1224//1136 1225//1137 
f 1283//1195 1225//1137 1226//1138 
f 1284//1196 1226//1138 1227//1139 
f 1285//1197 1227//1139 1228//1140 
f 1286//1198 1228//1140 1229//1141 
f 1287//1199 1229//1141 1230//1142 
f 1288//1200 1230//1142 1231//1143 
f 1289//1201 1231//1143 1232//1144 
f 1290//1202 1232//1144 1233//1145 
f 1291//1203 1233//1145 1234//1146 
f 1292//1204 1234//1146 1235//1147 
f 1293//1205 1235//1147 1236//1148 
f 1294//1206 1236//1148 1237//1149 
f 1295//1207 1237//1149 1238//1150 
f 1296//1208 1238//1150 1239//1151 
f 1297//1209 1239//1151 1240//1152 
f 1298//1210 1240//1152 1241//1153 
f 1299//1211 1241//1153 1242//1154 
f 1300//1212 1242//1154 1243//1155 
f 1301//1213 1243//1155 1244//1156 
f 1302//1214 1244//1156 1245//1157 
f 1303//1215 1245//1157 1246//1158 
f 1304//1216 1246//1158 1247//1159 
f 1305//1217 1247//1159 1248//1160 
f 1306//1218 1248//1160 1249//1161 
f 1307//1219 1249//1161 1250//1162 
f 1308//1220 1250//1162 1251//1163 
f 1309//1221 1251//1163 1252//1164 
f 1310//1222 1252//1164 1253//1165 
f 1311//1223 1253//1165 1254//1166 
f 1312//1224 1254//1166 1255//1167 
f 1313//1225 1255//1167 1256//1168 
f 1314//1226 1256//1168 1257//1169 
f 1315//1227 1257//1169 1258//1170 
f 1316//1228 1258//1170 1259//1171 
f 1317//1229 1259//1171 1260//1172 
f 1318//1230 1260//1172 1261//1173 
f 1319//1231 1261//1173 1262//1174 
f 1320//1232 1262//1174 1263//1175 
f 1321//1233 1263//1175 1264//1176 
f 1322//1234 1264//1176 1265//1177 
f 1323//1235 1265//1177 1266//1178 
f 1324//1236 1266//1178 1267//1179 
f 1325//1237 1267//1179 1268//1180 
f 1326//1238 1268//1180 1269//1181 
f 1327//1239 1269//1181 1270//1182 
f 1328//1240 1270//1182 1271//1183 
f 1329//1241 1271//1183 1272//1184 
f 1330//1242 1272//1184 1273//1185 
f 1331//1243 1273//1185 1274//1186 
f 1332//1244 1274//1186 1275//1187 
f 1333//1245 1275//1187 1276//1188 
f 1334//1246 1276//1188 1219//1131 
f 1335//1247 1277//1189 1278//1190 
f 1336//1248 1278//1190 1279//1191 
f 1337//1249 1279//1191 1280//1192 
f 1338//1250 1280//1192 1281//1193 
f 1339//1251 1281//1193 1282//1194 
f 1340//1252 1282//1194 1283//1195 
f 1341//1253 1283//1195 1284//1196 
f 1342//1254 1284//1196 1285//1197 
f 1343//1255 1285//1197 1286//1198 
f 1344//1256 1286//1198 1287//1199 
f 1345//1257 1287//1199 1288//1200 
f 1346//1258 1288//1200 1289//1201 
f 1347//1259 1289//1201 1290//1202 
f 1348//1260 1290//1202 1291//1203 
f 1349//1261 1291//1203 1292//1204 
f 1350//1262 1292//1204 1293//1205 
f 1351//1263 1293//1205 1294//1206 
f 1352//1264 1294//1206 1295//1207 
f 1353//1265 1295//1207 1296//1208 
f 1354//1266 1296//1208 1297//1209 
f 1355//1267 1297//1209 1298//1210 
f 1356//1268 1298//1210 1299//1211 
f 1357//1269 1299//1211 1300//1212 
f 1358//1270 1300//1212 1301//1213 
f 1359//1271 1301//1213 1302//1214 
f 1360//1272 1302//1214 1303//1215 
f 1361//1273 1303//1215 1304//1216 
f 1362//1274 1304//1216 1305//1217 
f 1363//1275 1305//1217 1306//1218 
f 1364//1276 1306//1218 1307//1219 
f 1365//1277 1307//1219 1308//1220 
f 1366//1278 1308//1220 1309//1221 
f 1367//1279 1309//1221 1310//1222 
f 1368//1280 1310//1222 1311//1223 
f 1369//1281 1311//1223 1312//1224 
f 1370//1282 1312//1224 1313//1225 
f 1371//1283 1313//1225 1314//1226 
f 1372//1284 1314//1226 1315//1227 
f 1373//1285 1315//1227 1316//1228 
f 1374//1286 1316//1228 1317//1229 
f 1375//1287 1317//1229 1318//1230 
f 1376//1288 1318//1230 1319//1231 
f 1377//1289 1319//1231 1320//1232 
f 1378//1290 1320//1232 1321//1233 
f 1379//1291 1321//1233 1322//1234 
f 1380//1292 1322//1234 1323//1235 
f 1381//1293 1323//1235 1324//1236 
f 1382//1294 1324//1236 1325//1237 
f 1383//1295 1325//1237 1326//1238 
f 1384//1296 1326//1238 1327//1239 
f 1385//1297 1327//1239 1328//1240 
f 1386//1298 1328//1240 1329//1241 
f 1387//1299 1329//1241 1330//1242 
f 1388//1300 1330//1242 1331//1243 
f 1389//1301 1331//1243 1332//1244 
f 1390//1302 1332//1244 1333//1245 
f 1391//1303 1333//1245 1334//1246 
f 1392//1304 1334//1246 1277//1189 
f 1393//1305 1335//1247 1336//1248 
f 1394//1306 1336//1248 1337//1249 
f 1395//1307 1337//1249 1338//1250 
f 1396//1308 1338//1250 1339//1251 
f 1397//1309 1339//1251 1340//1252 
f 1398//1310 1340//1252 1341//1253 
f 1399//1311 1341//1253 1342//1254 
f 1400//1312 1342//1254 1343//1255 
f 1401//1313 1343//1255 1344//1256 
f 1402//1314 1344//1256 1345//1257 
f 1403//1315 1345//1257 1346//1258 
f 1404//1316 1346//1258 1347//1259 
f 1405//1317 1347//1259 1348//1260 
f 1406//1318 1348//1260 1349//1261 
f 1407//1319 1349//1261 1350//1262 
f 1408//1320 1350//1262 1351//1263 
f 1409//1321 1351//1263 1352//1264 
f 1410//1322 1352//1264 1353//1265 
f 1411//1323 1353//1265 1354//1266 
f 1412//1324 1354//1266 1355//1267 
f 1413//1325 1355//1267 1356//1268 
f 1414//1326 1356//1268 1357//1269 
f 1415//1327 1357//1269 1358//1270 
f 1416//1328 1358//1270 1359//1271 
f 1417//1329 1359//1271 1360//1272 
f 1418//1330 1360//1272 1361//1273 
f 1419//1331 1361//1273 1362//1274 
f 1420//1332 1362//1274 1363//1275 
f 1421//1333 1363//1275 1364//1276 
f 1422//1334 1364//1276 1365//1277 
f 1423//1335 1365//1277 1366//1278 
f 1424//1336 1366//1278 1367//1279 
f 1425//1337 1367//1279 1368//1280 
f 1426//1338 1368//1280 1369//1281 
f 1427//1339 1369//1281 1370//1282 
f 1428//1340 1370//1282 1371//1283 
f 1429//1341 1371//1283 1372//1284 
f 1430//1342 1372//1284 1373//1285 
f 1431//1343 1373//1285 1374//1286 
f 1432//1344 1374//1286 1375//1287 
f 1433//1345 1375//1287 1376//1288 
f 1434//1346 1376//1288 1377//1289 
f 1435//1347 1377//1289 1378//1290 
f 1436//1348 1378//1290 1379//1291 
f 1437//1349 1379//1291 1380//1292 
f 1438//1350 1380//1292 1381//1293 
f 1439//1351 1381//1293 1382//1294 
f 1440//1352 1382//1294 1383//1295 
f 1441//1353 1383//1295 1384//1296 
f 1442//1354 1384//1296 1385//1297 
f 1443//1355 1385//1297 1386//1298 
f 1444//1356 1386//1298 1387//1299 
f 1445//1357 1387//1299 1388//1300 
f 1446//1358 1388//1300 1389//1301 
f 1447//1359 1389//1301 1390//1302 
f 1448//1360 1390//1302 1391//1303 
f 1449//1361 1391//1303 1392//1304 
f 1450//1362 1392//1304 1335//1247 
f 1451//1363 1393//1305 1394//1306 
f 1452//1364 1394//1306 1395//1307 
f 1453//1365 1395//1307 1396//1308 
f 1454//1366 1396//1308 1397//1309 
f 1455//1367 1397//1309 1398//1310 
f 1456//1368 1398//1310 1399//1311 
f 1457//1369 1399//1311 1400//1312 
f 1458//1370 1400//1312 1401//1313 
f 1459//1371 1401//1313 1402//1314 
f 1460//1372 1402//1314 1403//1315 
f 1461//1373 1403//1315 1404//1316 
f 1462//1374 1404//1316 1405//1317 
f 1463//1375 1405//1317 1406//1318 
f 1464//1376 1406//1318 1407//1319 
f 1465//1377 1407//1319 1408//1320 
f 1466//1378 1408//1320 1409//1321 
f 1467//1379 1409//1321 1410//1322 
f 1468//1380 1410//1322 1411//1323 
f 1469//1381 1411//1323 1412//1324 
f 1470//1382 1412//1324 1413//1325 
f 1471//1383 1413//1325 1414//1326 
f 1472//1384 1414//1326 1415//1327 
f 1473//1385 1415//1327 1416//1328 
f 1474//1386 1416//1328 1417//1329 
f 1475//1387 1417//1329 1418//1330 
f 1476//1388 1418//1330 1419//1331 
f 1477//1389 1419//1331 1420//1332 
f 1478//1390 1420//1332 1421//1333 
f 1479//1391 1421//1333 1422//1334 
f 1480//1392 1422//1334 1423//1335 
f 1481//1393 1423//1335 1424//1336 
f 1482//1394 1424//1336 1425//1337 
f 1483//1395 1425//1337 1426//1338 
f 1484//1396 1426//1338 1427//1339 
f 1485//1397 1427//1339 1428//1340 
f 1486//1398 1428//1340 1429//1341 
f 1487//1399 1429//1341 1430//1342 
f 1488//1400 1430//1342 1431//1343 
f 1489//1401 1431//1343 1432//1344 
f 1490//1402 1432//1344 1433//1345 
f 1491//1403 1433//1345 1434//1346 
f 1492//1404 1434//1346 1435//1347 
f 1493//1405 1435//1347 1436//1348 
f 1494//1406 1436//1348 1437//1349 
f 1495//1407 1437//1349 1438//1350 
f 1496//1408 1438//1350 1439//1351 
f 1497//1409 1439//1351 1440//1352 
f 1498//1410 1440//1352 1441//1353 
f 1499//1411 1441//1353 1442//1354 
f 1500//1412 1442//1354 1443//1355 
f 1501//1413 1443//1355 1444//1356 
f 1502//1414 1444//1356 1445//1357 
f 1503//1415 1445//1357 1446//1358 
f 1504//1416 1446//1358 1447//1359 
f 1505//1417 1447//1359 1448//1360 
f 1506//1418 1448//1360 1449//1361 
f 1507//1419 1449//1361 1450//1362 
f 1508//1420 1450//1362 1393//1305 
f 1509//1421 1451//1363 1452//1364 
f 1510//1422 1452//1364 1453//1365 
f 1511//1423 1453//1365 1454//1366 
f 1512//1424 1454//1366 1455//1367 
f 1513//1425 1455//1367 1456//1368 
f 1514//1426 1456//1368 1457//1369 
f 1515//1427 1457//1369 1458//1370 
f 1516//1428 1458//1370 1459//1371 
f 1517//1429 1459//1371 1460//1372 
f 1518//1430 1460//1372 1461//1373 
f 1519//1431 1461//1373 1462//1374 
f 1520//1432 1462//1374 1463//1375 
f 1521//1433 1463//1375 1464//1376 
f 1522//1434 1464//1376 1465//1377 
f 1523//1435 1465//1377 1466//1378 
f 1524//1436 1466//1378 1467//1379 
f 1525//1437 1467//1379 1468//1380 
f 1526//1438 1468//1380 1469//1381 
f 1527//1439 1469//1381 1470//1382 
f 1528//1440 1470//1382 1471//1383 
f 1529//1441 1471//1383 1472//1384 
f 1530//1442 1472//1384 1473//1385 
f 1531//1443 1473//1385 1474//1386 
f 1532//1444 1474//1386 1475//1387 
f 1533//1445 1475//1387 1476//1388 
f 1534//1446 1476//1388 1477//1389 
f 1535//1447 1477//1389 1478//1390 
f 1536//1448 1478//1390 1479//1391 
f 1537//1449 1479//1391 1480//1392 
f 1538//1450 1480//1392 1481//1393 
f 1539//1451 1481//1393 1482//1394 
f 1540//1452 1482//1394 1483//1395 
f 1541//1453 1483//1395 1484//1396 
f 1542//1454 1484//1396 1485//1397 
f 1543//1455 1485//1397 1486//1398 
f 1544//1456 1486//1398 1487//1399 
f 1545//1457 1487//1399 1488//1400 
f 1546//1458 1488//1400 1489//1401 
f 1547//1459 1489//1401 1490//1402 
f 1548//1460 1490//1402 1491//1403 
f 1549//1461 1491//1403 1492//1404 
f 1550//1462 1492//1404 1493//1405 
f 1551//1463 1493//1405 1494//1406 
f 1552//1464 1494//1406 1495//1407 
f 1553//1465 1495//1407 1496//1408 
f 1554//1466 1496//1408 1497//1409 
f 1555//1467 1497//1409 1498//1410 
f 1556//1468 1498//1410 1499//1411 
f 1557//1469 1499//1411 1500//1412 
f 1558//1470 1500//1412 1501//1413 
f 1559//1471 1501//1413 1502//1414 
f 1560//1472 1502//1414 1503//1415 
f 1561//1473 1503//1415 1504//1416 
f 1562//1474 1504//1416 1505//1417 
f 1563//1475 1505//1417 1506//1418 
f 1564//1476 1506//1418 1507//1419 
f 1565//1477 1507//1419 1508//1420 
f 1566//1478 1508//1420 1451//1363 
f 1567//1479 1509//1421 1510//1422 
f 1568//1480 1510//1422 1511//1423 
f 1569//1481 1511//1423 1512//1424 
f 1570//1482 1512//1424 1513//1425 
f 1571//1483 1513//1425 1514//1426 
f 1572//1484 1514//1426 1515//1427 
f 1573//1485 1515//1427 1516//1428 
f 1574//1486 1516//1428 1517//1429 
f 1575//1487 1517//1429 1518//1430 
f 1576//1488 1518//1430 1519//1431 
f 1577//1489 1519//1431 1520//1432 
f 1578//1490 1520//1432 1521//1433 
f 1579//1491 1521//1433 1522//1434 
f 1580//1492 1522//1434 1523//1435 
f 1581//1493 1523//1435 1524//1436 
f 1582//1494 1524//1436 1525//1437 
f 1583//1495 1525//1437 1526//1438 
f 1584//1496 1526//1438 1527//1439 
f 1585//1497 1527//1439 1528//1440 
f 1586//1498 1528//1440 1529//1441 
f 1587//1499 1529//1441 1530//1442 
f 1588//1500 1530//1442 1531//1443 
f 1589//1501 1531//1443 1532//1444 
f 1590//1502 1532//1444 1533//1445 
f 1591//1503 1533//1445 1534//1446 
f 1592//1504 1534//1446 1535//1447 
f 1593//1505 1535//1447 1536//1448 
f 1594//1506 1536//1448 1537//1449 
f 1595//1507 1537//1449 1538//1450 
f 1596//1508 1538//1450 1539//1451 
f 1597//1509 1539//1451 1540//1452 
f 1598//1510 1540//1452 1541//1453 
f 1599//1511 1541//1453 1542//1454 
f 1600//1512 1542//1454 1543//1455 
f 1601//1513 1543//1455 1544//1456 
f 1602//1514 1544//1456 1545//1457 
f 1603//1515 1545//1457 1546//1458 
f 1604//1516 1546//1458 1547//1459 
f 1605//1517 1547//1459 1548//1460 
f 1606//1518 1548//1460 1549//1461 
f 1607//1519 1549//1461 1550//1462 
f 1608//1520 1550//1462 1551//1463 
f 1609//1521 1551//1463 1552//1464 
f 1610//1522 1552//1464 1553//1465 
f 1611//1523 1553//1465 1554//1466 
f 1612//1524 1554//1466 1555//1467 
f 1613//1525 1555//1467 1556//1468 
f 1614//1526 1556//1468 1557//1469 
f 1615//1527 1557//1469 1558//1470 
f 1616//1528 1558//1470 1559//1471 
f 1617//1529 1559//1471 1560//1472 
f 1618//1530 1560//1472 1561//1473 
f 1619//1531 1561//1473 1562//1474 
f 1620//1532 1562//1474 1563//1475 
f 1621//1533 1563//1475 1564//1476 
f 1622//1534 1564//1476 1565//1477 
f 1623//1535 1565//1477 1566//1478 
f 1624//1536 1566//1478 1509//1421 
f 1625//1537 1567//1479 1568//1480 
f 1626//1538 1568//1480 1569//1481 
f 1627//1539 1569//1481 1570//1482 
f 1628//1540 1570//1482 1571//1483 
f 1629//1541 1571//1483 1572//1484 
f 1630//1542 1572//1484 1573//1485 
f 1631//1543 1573//1485 1574//1486 
f 1632//1544 1574//1486 1575//1487 
f 1633//1545 1575//1487 1576//1488 
f 1634//1546 1576//1488 1577//1489 
f 1635//1547 1577//1489 1578//1490 
f 1636//1548 1578//1490 1579//1491 
f 1637//1549 1579//1491 1580//1492 
f 1638//1550 1580//1492 1581//1493 
f 1639//1551 1581//1493 1582//1494 
f 1640//1552 1582//1494 1583//1495 
f 1641//1553 1583//1495 1584//1496 
f 1642//1554 1584//1496 1585//1497 
f 1643//1555 1585//1497 1586//1498 
f 1644//1556 1586//1498 1587//1499 
f 1645//1557 1587//1499 1588//1500 
f 1646//1558 1588//1500 1589//1501 
f 1647//1559 1589//1501 1590//1502 
f 1648//1560 1590//1502 1591//1503 
f 1649//1561 1591//1503 1592//1504 
f 1650//1562 1592//1504 1593//1505 
f 1651//1563 1593//1505 1594//1506 
f 1652//1564 1594//1506 1595//1507 
f 1653//1565 1595//1507 1596//1508 
f 1654//1566 1596//1508 1597//1509 
f 1655//1567 1597//1509 1598//1510 
f 1656//1568 1598//1510 1599//1511 
f 1657//1569 1599//1511 1600//1512 
f 1658//1570 1600//1512 1601//1513 
f 1659//1571 1601//1513 1602//1514 
f 1660//1572 1602//1514 1603//1515 
f 1661//1573 1603//1515 1604//1516 
f 1662//1574 1604//1516 1605//1517 
f 1663//1575 1605//1517 1606//1518 
f 1664//1576 1606//1518 1607//1519 
f 1665//1577 1607//1519 1608//1520 
f 1666//1578 1608//1520 1609//1521 
f 1667//1579 1609//1521 1610//1522 
f 1668//1580 1610//1522 1611//1523 
f 1669//1581 1611//1523 1612//1524 
f 1670//1582 1612//1524 1613//1525 
f 1671//1583 1613//1525 1614//1526 
f 1672//1584 1614//1526 1615//1527 
f 1673//1585 1615//1527 1616//1528 
f 1674//1586 1616//1528 1617//1529 
f 1675//1587 1617//1529 1618//1530 
f 1676//1588 1618//1530 1619//1531 
f 1677//1589 1619//1531 1620//1532 
f 1678//1590 1620//1532 1621//1533 
f 1679//1591 1621//1533 1622//1534 
f 1680//1592 1622//1534 1623//1535 
f 1681//1593 1623//1535 1624//1536 
f 1682//1594 1624//1536 1567//1479 
f 1683//1595 1625//1537 1626//1538 
f 1684//1596 1626//1538 1627//1539 
f 1685//1597 1627//1539 1628//1540 
f 1686//1598 1628//1540 1629//1541 
f 1687//1599 1629//1541 1630//1542 
f 1688//1600 1630//1542 1631//1543 
f 1689//1601 1631//1543 1632//1544 
f 1690//1602 1632//1544 1633//1545 
f 1691//1603 1633//1545 1634//1546 
f 1692//1604 1634//1546 1635//1547 
f 1693//1605 1635//1547 1636//1548 
f 1694//1606 1636//1548 1637//1549 
f 1695//1607 1637//1549 1638//1550 
f 1696//1608 1638//1550 1639//1551 
f 1697//1609 1639//1551 1640//1552 
f 1698//1610 1640//1552 1641//1553 
f 1699//1611 1641//1553 1642//1554 
f 1700//1612 1642//1554 1643//1555 
f 1701//1613 1643//1555 1644//1556 
f 1702//1614 1644//1556 1645//1557 
f 1703//1615 1645//1557 1646//1558 
f 1704//1616 1646//1558 1647//1559 
f 1705//1617 1647//1559 1648//1560 
f 1706//1618 1648//1560 1649//1561 
f 1707//1619 1649//1561 1650//1562 
f 1708//1620 1650//1562 1651//1563 
f 1709//1621 1651//1563 1652//1564 
f 1710//1622 1652//1564 1653//1565 
f 1711//1623 1653//1565 1654//1566 
f 1712//1624 1654//1566 1655//1567 
f 1713//1625 1655//1567 1656//1568 
f 1714//1626 1656//1568 1657//1569 
f 1715//1627 1657//1569 1658//1570 
f 1716//1628 1658//1570 1659//1571 
f 1717//1629 1659//1571 1660//1572 
f 1718//1630 1660//1572 1661//1573 
f 1719//1631 1661//1573 1662//1574 
f 1720//1632 1662//1574 1663//1575 
f 1721//1633 1663//1575 1664//1576 
f 1722//1634 1664//1576 1665//1577 
f 1723//1635 1665//1577 1666//1578 
f 1724//1636 1666//1578 1667//1579 
f 1725//1637 1667//1579 1668//1580 
f 1726//1638 1668//1580 1669//1581 
f 1727//1639 1669//1581 1670//1582 
f 1728//1640 1670//1582 1671//1583 
f 1729//1641 1671//1583 1672//1584 
f 1730//1642 1672//1584 1673//1585 
f 1731//1643 1673//1585 1674//1586 
f 1732//1644 1674//1586 1675//1587 
f 1733//1645 1675//1587 1676//1588 
f 1734//1646 1676//1588 1677//1589 
f 1735//1647 1677//1589 1678//1590 
f 1736//1648 1678//1590 1679//1591 
f 1737//1649 1679//1591 1680//1592 
f 1738//1650 1680//1592 1681//1593 
f 1739//1651 1681//1593 1682//1594 
f 1740//1652 1682//1594 1625//1537 
f 1741//1653 1683//1595 1684//1596 
f 1742//1654 1684//1596 1685//1597 
f 1743//1655 1685//1597 1686//1598 
f 1744//1656 1686//1598 1687//1599 
f 1745//1657 1687//1599 1688//1600 
f 1746//1658 1688//1600 1689//1601 
f 1747//1659 1689//1601 1690//1602 
f 1748//1660 1690//1602 1691//1603 
f 1749//1661 1691//1603 1692//1604 
f 1750//1662 1692//1604 1693//1605 
f 1751//1663 1693//1605 1694//1606 
f 1752//1664 1694//1606 1695//1607 
f 1753//1665 1695//1607 1696//1608 
f 1754//1666 1696//1608 1697//1609 
f 1755//1667 1697//1609 1698//1610 
f 1756//1668 1698//1610 1699//1611 
f 1757//1669 1699//1611 1700//1612 
f 1758//1670 1700//1612 1701//1613 
f 1759//1671 1701//1613 1702//1614 
f 1760//1672 1702//1614 1703//1615 
f 1761//1673 1703//1615 1704//1616 
f 1762//1674 1704//1616 1705//1617 
f 1763//1675 1705//1617 1706//1618 
f 1764//1676 1706//1618 1707//1619 
f 1765//1677 1707//1619 1708//1620 
f 1766//1678 1708//1620 1709//1621 
f 1767//1679 1709//1621 1710//1622 
f 1768//1680 1710//1622 1711//1623 
f 1769//1681 1711//1623 1712//1624 
f 1770//1682 1712//1624 1713//1625 
f 1771//1683 1713//1625 1714//1626 
f 1772//1684 1714//1626 1715//1627 
f 1773//1685 1715//1627 1716//1628 
f 1774//1686 1716//1628 1717//1629 
f 1775//1687 1717//1629 1718//1630 
f 1776//1688 1718//1630 1719//1631 
f 1777//1689 1719//1631 1720//1632 
f 1778//1690 1720//1632 1721//1633 
f 1779//1691 1721//1633 1722//1634 
f 1780//1692 1722//1634 1723//1635 
f 1781//1693 1723//1635 1724//1636 
f 1782//1694 1724//1636 1725//1637 
f 1783//1695 1725//1637 1726//1638 
f 1784//1696 1726//1638 1727//1639 
f 1785//1697 1727//1639 1728//1640 
f 1786//1698 1728//1640 1729//1641 
f 1787//1699 1729//1641 1730//1642 
f 1788//1700 1730//1642 1731//1643 
f 1789//1701 1731//1643 1732//1644 
f 1790//1702 1732//1644 1733//1645 
f 1791//1703 1733//1645 1734//1646 
f 1792//1704 1734//1646 1735//1647 
f 1793//1705 1735//1647 1736//1648 
f 1794//1706 1736//1648 1737//1649 
f 1795//1707 1737//1649 1738//1650 
f 1796//1708 1738//1650 1739//1651 
f 1797//1709 1739//1651 1740//1652 
f 1798//1710 1740//1652 1683//1595 
f 1799//1711 1741//1653 1742//1654 
f 1800//1712 1742//1654 1743//1655 
f 1801//1713 1743//1655 1744//1656 
f 1802//1714 1744//1656 1745//1657 
f 1803//1715 1745//1657 1746//1658 
f 1804//1716 1746//1658 1747//1659 
f 1805//1717 1747//1659 1748//1660 
f 1806//1718 1748//1660 1749//1661 
f 1807//1719 1749//1661 1750//1662 
f 1808//1720 1750//1662 1751//1663 
f 1809//1721 1751//1663 1752//1664 
f 1810//1722 1752//1664 1753//1665 
f 1811//1723 1753//1665 1754//1666 
f 1812//1724 1754//1666 1755//1667 
f 1813//1725 1755//1667 1756//1668 
f 1814//1726 1756//1668 1757//1669 
f 1815//1727 1757//1669 1758//1670 
f 1816//1728 1758//1670 1759//1671 
f 1817//1729 1759//1671 1760//1672 
f 1818//1730 1760//1672 1761//1673 
f 1819//1731 1761//1673 1762//1674 
f 1820//1732 1762//1674 1763//1675 
f 1821//1733 1763//1675 1764//1676 
f 1822//1734 1764//1676 1765//1677 
f 1823//1735 1765//1677 1766//1678 
f 1824//1736 1766//1678 1767//1679 
f 1825//1737 1767//1679 1768//1680 
f 1826//1738 1768//1680 1769//1681 
f 1827//1739 1769//1681 1770//1682 
f 1828//1740 1770//1682 1771//1683 
f 1829//1741 1771//1683 1772//1684 
f 1830//1742 1772//1684 1773//1685 
f 1831//1743 1773//1685 1774//1686 
f 1832//1744 1774//1686 1775//1687 
f 1833//1745 1775//1687 1776//1688 
f 1834//1746 1776//1688 1777//1689 
f 1835//1747 1777//1689 1778//1690 
f 1836//1748 1778//1690 1779//1691 
f 1837//1749 1779//1691 1780//1692 
f 1838//1750 1780//1692 1781//1693 
f 1839//1751 1781//1693 1782//1694 
f 1840//1752 1782//1694 1783//1695 
f 1841//1753 1783//1695 1784//1696 
f 1842//1754 1784//1696 1785//1697 
f 1843//1755 1785//1697 1786//1698 
f 1844//1756 1786//1698 1787//1699 
f 1845//1757 1787//1699 1788//1700 
f 1846//1758 1788//1700 1789//1701 
f 1847//1759 1789//1701 1790//1702 
f 1848//1760 1790//1702 1791//1703 
f 1849//1761 1791//1703 1792//1704 
f 1850//1762 1792//1704 1793//1705 
f 1851//1763 1793//1705 1794//1706 
f 1852//1764 1794//1706 1795//1707 
f 1853//1765 1795//1707 1796//1708 
f 1854//1766 1796//1708 1797//1709 
f 1855//1767 1797//1709 1798//1710 
f 1856//1768 1798//1710 1741//1653 
f 1857//1769 1799//1711 1800//1712 
f 1858//1770 1800//1712 1801//1713 
f 1859//1771 1801//1713 1802//1714 
f 1860//1772 1802//1714 1803//1715 
f 1861//1773 1803//1715 1804//1716 
f 1862//1774 1804//1716 1805//1717 
f 1863//1775 1805//1717 1806//1718 
f 1864//1776 1806//1718 1807//1719 
f 1865//1777 1807//1719 1808//1720 
f 1866//1778 1808//1720 1809//1721 
f 1867//1779 1809//1721 1810//1722 
f 1868//1780 1810//1722 1811//1723 
f 1869//1781 1811//1723 1812//1724 
f 1870//1782 1812//1724 1813//1725 
f 1871//1783 1813//1725 1814//1726 
f 1872//1784 1814//1726 1815//1727 
f 1873//1785 1815//1727 1816//1728 
f 1874//1786 1816//1728 1817//1729 
f 1875//1787 1817//1729 1818//1730 
f 1876//1788 1818//1730 1819//1731 
f 1877//1789 1819//1731 1820//1732 
f 1878//1790 1820//1732 1821//1733 
f 1879//1791 1821//1733 1822//1734 
f 1880//1792 1822//1734 1823//1735 
f 1881//1793 1823//1735 1824//1736 
f 1882//1794 1824//1736 1825//1737 
f 1883//1795 1825//1737 1826//1738 
f 1884//1796 1826//1738 1827//1739 
f 1885//1797 1827//1739 1828//1740 
f 1886//1798 1828//1740 1829//1741 
f 1887//1799 1829//1741 1830//1742 
f 1888//1800 1830//1742 1831//1743 
f 1889//1801 1831//1743 1832//1744 
f 1890//1802 1832//1744 1833//1745 
f 1891//1803 1833//1745 1834//1746 
f 1892//1804 1834//1746 1835//1747 
f 1893//1805 1835//1747 1836//1748 
f 1894//1806 1836//1748 1837//1749 
f 1895//1807 1837//1749 1838//1750 
f 1896//1808 1838//1750 1839//1751 
f 1897//1809 1839//1751 1840//1752 
f 1898//1810 1840//1752 1841//1753 
f 1899//1811 1841//1753 1842//1754 
f 1900//1812 1842//1754 1843//1755 
f 1901//1813 1843//1755 1844//1756 
f 1902//1814 1844//1756 1845//1757 
f 1903//1815 1845//1757 1846//1758 
f 1904//1816 1846//1758 1847//1759 
f 1905//1817 1847//1759 1848//1760 
f 1906//1818 1848//1760 1849//1761 
f 1907//1819 1849//1761 1850//1762 
f 1908//1820 1850//1762 1851//1763 
f 1909//1821 1851//1763 1852//1764 
f 1910//1822 1852//1764 1853//1765 
f 1911//1823 1853//1765 1854//1766 
f 1912//1824 1854//1766 1855//1767 
f 1913//1825 1855//1767 1856//1768 
f 1914//1826 1856//1768 1799//1711 
f 1915//1827 1857//1769 1858//1770 
f 1916//1828 1858//1770 1859//1771 
f 1917//1829 1859//1771 1860//1772 
f 1918//1830 1860//1772 1861//1773 
f 1919//1831 1861//1773 1862//1774 
f 1920//1832 1862//1774 1863//1775 
f 1921//1833 1863//1775 1864//1776 
f 1922//1834 1864//1776 1865//1777 
f 1923//1835 1865//1777 1866//1778 
f 1924//1836 1866//1778 1867//1779 
f 1925//1837 1867//1779 1868//1780 
f 1926//1838 1868//1780 1869//1781 
f 1927//1839 1869//1781 1870//1782 
f 1928//1840 1870//1782 1871//1783 
f 1929//1841 1871//1783 1872//1784 
f 1930//1842 1872//1784 1873//1785 
f 1931//1843 1873//1785 1874//1786 
f 1932//1844 1874//1786 1875//1787 
f 1933//1845 1875//1787 1876//1788 
f 1934//1846 1876//1788 1877//1789 
f 1935//1847 1877//1789 1878//1790 
f 1936//1848 1878//1790 1879//1791 
f 1937//1849 1879//1791 1880//1792 
f 1938//1850 1880//1792 1881//1793 
f 1939//1851 1881//1793 1882//1794 
f 1940//1852 1882//1794 1883//1795 
f 1941//1853 1883//1795 1884//1796 
f 1942//1854 1884//1796 1885//1797 
f 1943//1855 1885//1797 1886//1798 
f 1944//1856 1886//1798 1887//1799 
f 1945//1857 1887//1799 1888//1800 
f 1946//1858 1888//1800 1889//1801 
f 1947//1859 1889//1801 1890//1802 
f 1948//1860 1890//1802 1891//1803 
f 1949//1861 1891//1803 1892//1804 
f 1950//1862 1892//1804 1893//1805 
f 1951//1863 1893//1805 1894//1806 
f 1952//1864 1894//1806 1895//1807 
f 1953//1865 1895//1807 1896//1808 
f 1954//1866 1896//1808 1897//1809 
f 1955//1867 1897//1809 1898//1810 
f 1956//1868 1898//1810 1899//1811 
f 1957//1869 1899//1811 1900//1812 
f 1958//1870 1900//1812 1901//1813 
f 1959//1871 1901//1813 1902//1814 
f 1960//1872 1902//1814 1903//1815 
f 1961//1873 1903//1815 1904//1816 
f 1962//1874 1904//1816 1905//1817 
f 1963//1875 1905//1817 1906//1818 
f 1964//1876 1906//1818 1907//1819 
f 1965//1877 1907//1819 1908//1820 
f 1966//1878 1908//1820 1909//1821 
f 1967//1879 1909//1821 1910//1822 
f 1968//1880 1910//1822 1911//1823 
f 1969//1881 1911//1823 1912//1824 
f 1970//1882 1912//1824 1913//1825 
f 1971//1883 1913//1825 1914//1826 
f 1972//1884 1914//1826 1857//1769 
f 175//1885 1915//1827 1916//1828 
f 176//1886 1916//1828 1917//1829 
f 177//1887 1917//1829 1918//1830 
f 178//1888 1918//1830 1919//1831 
f 179//1889 1919//1831 1920//1832 
f 180//1890 1920//1832 1921//1833 
f 181//1891 1921//1833 1922//1834 
f 182//1892 1922//1834 1923//1835 
f 183//1893 1923//1835 1924//1836 
f 184//1894 1924//1836 1925//1837 
f 185//1895 1925//1837 1926//1838 
f 186//1896 1926//1838 1927//1839 
f 187//1897 1927//1839 1928//1840 
f 188//1898 1928//1840 1929//1841 
f 189//1899 1929//1841 1930//1842 
f 190//1900 1930//1842 1931//1843 
f 191//1901 1931//1843 1932//1844 
f 192//1902 1932//1844 1933//1845 
f 193//1903 1933//1845 1934//1846 
f 194//1904 1934//1846 1935//1847 
f 195//1905 1935//1847 1936//1848 
f 196//1906 1936//1848 1937//1849 
f 197//1907 1937//1849 1938//1850 
f 198//1908 1938//1850 1939//1851 
f 199//1909 1939//1851 1940//1852 
f 200//1910 1940//1852 1941//1853 
f 201//1911 1941//1853 1942//1854 
f 202//1912 1942//1854 1943//1855 
f 203//1913 1943//1855 1944//1856 
f 204//1914 1944//1856 1945//1857 
f 205//1915 1945//1857 1946//1858 
f 206//1916 1946//1858 1947//1859 
f 207//1917 1947//1859 1948//1860 
f 208//1918 1948//1860 1949//1861 
f 209//1919 1949//1861 1950//1862 
f 210//1920 1950//1862 1951//1863 
f 211//1921 1951//1863 1952//1864 
f 212//1922 1952//1864 1953//1865 
f 213//1923 1953//1865 1954//1866 
f 214//1924 1954//1866 1955//1867 
f 215//1925 1955//1867 1956//1868 
f 216//1926 1956//1868 1957//1869 
f 217//1927 1957//1869 1958//1870 
f 218//1928 1958//1870 1959//1871 
f 219//1929 1959//1871 1960//1872 
f 220//1930 1960//1872 1961//1873 
f 221//1931 1961//1873 1962//1874 
f 222//1932 1962//1874 1963//1875 
f 223//1933 1963//1875 1964//1876 
f 224//1934 1964//1876 1965//1877 
f 225//1935 1965//1877 1966//1878 
f 226//1936 1966//1878 1967//1879 
f 227//1937 1967//1879 1968//1880 
f 228//1938 1968//1880 1969//1881 
f 229//1939 1969//1881 1970//1882 
f 230//1940 1970//1882 1971//1883 
f 231//1941 1971//1883 1972//1884 
f 232//1942 1972//1884 1915//1827 
f 1915//1827 175//1885 232//1942 
f 1972//1884 232//1942 231//1941 
f 1971//1883 231//1941 230//1940 
f 1970//1882 230//1940 229//1939 
f 1969//1881 229//1939 228//1938 
f 1968//1880 228//1938 227//1937 
f 1967//1879 227//1937 226//1936 
f 1966//1878 226//1936 225//1935 
f 1965//1877 225//1935 224//1934 
f 1964//1876 224//1934 223//1933 
f 1963//1875 223//1933 222//1932 
f 1962//1874 222//1932 221//1931 
f 1961//1873 221//1931 220//1930 
f 1960//1872 220//1930 219//1929 
f 1959//1871 219//1929 218//1928 
f 1958//1870 218//1928 217//1927 
f 1957//1869 217//1927 216//1926 
f 1956//1868 216//1926 215//1925 
f 1955//1867 215//1925 214//1924 
f 1954//1866 214//1924 213//1923 
f 1953//1865 213//1923 212//1922 
f 1952//1864 212//1922 211//1921 
f 1951//1863 211//1921 210//1920 
f 1950//1862 210//1920 209//1919 
f 1949//1861 209//1919 208//1918 
f 1948//1860 208//1918 207//1917 
f 1947//1859 207//1917 206//1916 
f 1946//1858 206//1916 205//1915 
f 1945//1857 205//1915 204//1914 
f 1944//1856 204//1914 203//1913 
f 1943//1855 203//1913 202//1912 
f 1942//1854 202//1912 201//1911 
f 1941//1853 201//1911 200//1910 
f 1940//1852 200//1910 199//1909 
f 1939//1851 199//1909 198//1908 
f 1938//1850 198//1908 197//1907 
f 1937//1849 197//1907 196//1906 
f 1936//1848 196//1906 195//1905 
f 1935//1847 195//1905 194//1904 
f 1934//1846 194//1904 193//1903 
f 1933//1845 193//1903 192//1902 
f 1932//1844 192//1902 191//1901 
f 1931//1843 191//1901 190//1900 
f 1930//1842 190//1900 189//1899 
f 1929//1841 189//1899 188//1898 
f 1928//1840 188//1898 187//1897 
f 1927//1839 187//1897 186//1896 
f 1926//1838 186//1896 185//1895 
f 1925//1837 185//1895 184//1894 
f 1924//1836 184//1894 183//1893 
f 1923//1835 183//1893 182//1892 
f 1922//1834 182//1892 181//1891 
f 1921//1833 181//1891 180//1890 
f 1920//1832 180//1890 179//1889 
f 1919//1831 179//1889 178//1888 
f 1918//1830 178//1888 177//1887 
f 1917//1829 177//1887 176//1886 
f 1916//1828 176//1886 175//1885 
f 1857//1769 1915//1827 1972//1884 
f 1914//1826 1972//1884 1971//1883 
f 1913//1825 1971//1883 1970//1882 
f 1912//1824 1970//1882 1969//1881 
f 1911//1823 1969//1881 1968//1880 
f 1910//1822 1968//1880 1967//1879 
f 1909//1821 1967//1879 1966//1878 
f 1908//1820 1966//1878 1965//1877 
f 1907//1819 1965//1877 1964//1876 
f 1906//1818 1964//1876 1963//1875 
f 1905//1817 1963//1875 1962//1874 
f 1904//1816 1962//1874 1961//1873 
f 1903//1815 1961//1873 1960//1872 
f 1902//1814 1960//1872 1959//1871 
f 1901//1813 1959//1871 1958//1870 
f 1900//1812 1958//1870 1957//1869 
f 1899//1811 1957//1869 1956//1868 
f 1898//1810 1956//1868 1955//1867 
f 1897//1809 1955//1867 1954//1866 
f 1896//1808 1954//1866 1953//1865 
f 1895//1807 1953//1865 1952//1864 
f 1894//1806 1952//1864 1951//1863 
f 1893//1805 1951//1863 1950//1862 
f 1892//1804 1950//1862 1949//1861 
f 1891//1803 1949//1861 1948//1860 
f 1890//1802 1948//1860 1947//1859 
f 1889//1801 1947//1859 1946//1858 
f 1888//1800 1946//1858 1945//1857 
f 1887//1799 1945//1857 1944//1856 
f 1886//1798 1944//1856 1943//1855 
f 1885//1797 1943//1855 1942//1854 
f 1884//1796 1942//1854 1941//1853 
f 1883//1795 1941//1853 1940//1852 
f 1882//1794 1940//1852 1939//1851 
f 1881//1793 1939//1851 1938//1850 
f 1880//1792 1938//1850 1937//1849 
f 1879//1791 1937//1849 1936//1848 
f 1878//1790 1936//1848 1935//1847 
f 1877//1789 1935//1847 1934//1846 
f 1876//1788 1934//1846 1933//1845 
f 1875//1787 1933//1845 1932//1844 
f 1874//1786 1932//1844 1931//1843 
f 1873//1785 1931//1843 1930//1842 
f 1872//1784 1930//1842 1929//1841 
f 1871//1783 1929//1841 1928//1840 
f 1870//1782 1928//1840 1927//1839 
f 1869//1781 1927//1839 1926//1838 
f 1868//1780 1926//1838 1925//1837 
f 1867//1779 1925//1837 1924//1836 
f 1866//1778 1924//1836 1923//1835 
f 1865//1777 1923//1835 1922//1834 
f 1864//1776 1922//1834 1921//1833 
f 1863//1775 1921//1833 1920//1832 
f 1862//1774 1920//1832 1919//1831 
f 1861//1773 1919//1831 1918//1830 
f 1860//1772 1918//1830 1917//1829 
f 1859//1771 1917//1829 1916//1828 
f 1858//1770 1916//1828 1915//1827 
f 1799//1711 1857//1769 1914//1826 
f 1856//1768 1914//1826 1913//1825 
f 1855//1767 1913//1825 1912//1824 
f 1854//1766 1912//1824 1911//1823 
f 1853//1765 1911//1823 1910//1822 
f 1852//1764 1910//1822 1909//1821 
f 1851//1763 1909//1821 1908//1820 
f 1850//1762 1908//1820 1907//1819 
f 1849//1761 1907//1819 1906//1818 
f 1848//1760 1906//1818 1905//1817 
f 1847//1759 1905//1817 1904//1816 
f 1846//1758 1904//1816 1903//1815 
f 1845//1757 1903//1815 1902//1814 
f 1844//1756 1902//1814 1901//1813 
f 1843//1755 1901//1813 1900//1812 
f 1842//1754 1900//1812 1899//1811 
f 1841//1753 1899//1811 1898//1810 
f 1840//1752 1898//1810 1897//1809 
f 1839//1751 1897//1809 1896//1808 
f 1838//1750 1896//1808 1895//1807 
f 1837//1749 1895//1807 1894//1806 
f 1836//1748 1894//1806 1893//1805 
f 1835//1747 1893//1805 1892//1804 
f 1834//1746 1892//1804 1891//1803 
f 1833//1745 1891//1803 1890//1802 
f 1832//1744 1890//1802 1889//1801 
f 1831//1743 1889//1801 1888//1800 
f 1830//1742 1888//1800 1887//1799 
f 1829//1741 1887//1799 1886//1798 
f 1828//1740 1886//1798 1885//1797 
f 1827//1739 1885//1797 1884//1796 
f 1826//1738 1884//1796 1883//1795 
f 1825//1737 1883//1795 1882//1794 
f 1824//1736 1882//1794 1881//1793 
f 1823//1735 1881//1793 1880//1792 
f 1822//1734 1880//1792 1879//1791 
f 1821//1733 1879//1791 1878//1790 
f 1820//1732 1878//1790 1877//1789 
f 1819//1731 1877//1789 1876//1788 
f 1818//1730 1876//1788 1875//1787 
f 1817//1729 1875//1787 1874//1786 
f 1816//1728 1874//1786 1873//1785 
f 1815//1727 1873//1785 1872//1784 
f 1814//1726 1872//1784 1871//1783 
f 1813//1725 1871//1783 1870//1782 
f 1812//1724 1870//1782 1869//1781 
f 1811//1723 1869//1781 1868//1780 
f 1810//1722 1868//1780 1867//1779 
f 1809//1721 1867//1779 1866//1778 
f 1808//1720 1866//1778 1865//1777 
f 1807//1719 1865//1777 1864//1776 
f 1806//1718 1864//1776 1863//1775 
f 1805//1717 1863//1775 1862//1774 
f 1804//1716 1862//1774 1861//1773 
f 1803//1715 1861//1773 1860//1772 
f 1802//1714 1860//1772 1859//1771 
f 1801//1713 1859//1771 1858//1770 
f 1800//1712 1858//1770 1857//1769 
f 1741//1653 1799//1711 1856//1768 
f 1798//1710 1856//1768 1855//1767 
f 1797//1709 1855//1767 1854//1766 
f 1796//1708 1854//1766 1853//1765 
f 1795//1707 1853//1765 1852//1764 
f 1794//1706 1852//1764 1851//1763 
f 1793//1705 1851//1763 1850//1762 
f 1792//1704 1850//1762 1849//1761 
f 1791//1703 1849//1761 1848//1760 
f 1790//1702 1848//1760 1847//1759 
f 1789//1701 1847//1759 1846//1758 
f 1788//1700 1846//1758 1845//1757 
f 1787//1699 1845//1757 1844//1756 
f 1786//1698 1844//1756 1843//1755 
f 1785//1697 1843//1755 1842//1754 
f 1784//1696 1842//1754 1841//1753 
f 1783//1695 1841//1753 1840//1752 
f 1782//1694 1840//1752 1839//1751 
f 1781//1693 1839//1751 1838//1750 
f 1780//1692 1838//1750 1837//1749 
f 1779//1691 1837//1749 1836//1748 
f 1778//1690 1836//1748 1835//1747 
f 1777//1689 1835//1747 1834//1746 
f 1776//1688 1834//1746 1833//1745 
f 1775//1687 1833//1745 1832//1744 
f 1774//1686 1832//1744 1831//1743 
f 1773//1685 1831//1743 1830//1742 
f 1772//1684 1830//1742 1829//1741 
f 1771//1683 1829//1741 1828//1740 
f 1770//1682 1828//1740 1827//1739 
f 1769//1681 1827//1739 1826//1738 
f 1768//1680 1826//1738 1825//1737 
f 1767//1679 1825//1737 1824//1736 
f 1766//1678 1824//1736 1823//1735 
f 1765//1677 1823//1735 1822//1734 
f 1764//1676 1822//1734 1821//1733 
f 1763//1675 1821//1733 1820//1732 
f 1762//1674 1820//1732 1819//1731 
f 1761//1673 1819//1731 1818//1730 
f 1760//1672 1818//1730 1817//1729 
f 1759//1671 1817//1729 1816//1728 
f 1758//1670 1816//1728 1815//1727 
f 1757//1669 1815//1727 1814//1726 
f 1756//1668 1814//1726 1813//1725 
f 1755//1667 1813//1725 1812//1724 
f 1754//1666 1812//1724 1811//1723 
f 1753//1665 1811//1723 1810//1722 
f 1752//1664 1810//1722 1809//1721 
f 1751//1663 1809//1721 1808//1720 
f 1750//1662 1808//1720 1807//1719 
f 1749//1661 1807//1719 1806//1718 
f 1748//1660 1806//1718 1805//1717 
f 1747//1659 1805//1717 1804//1716 
f 1746//1658 1804//1716 1803//1715 
f 1745//1657 1803//1715 1802//1714 
f 1744//1656 1802//1714 1801//1713 
f 1743//1655 1801//1713 1800//1712 
f 1742//1654 1800//1712 1799//1711 
f 1683//1595 1741//1653 1798//1710 
f 1740//1652 1798//1710 1797//1709 
f 1739//1651 1797//1709 1796//1708 
f 1738//1650 1796//1708 1795//1707 
f 1737//1649 1795//1707 1794//1706 
f 1736//1648 1794//1706 1793//1705 
f 1735//1647 1793//1705 1792//1704 
f 1734//1646 1792//1704 1791//1703 
f 1733//1645 1791//1703 1790//1702 
f 1732//1644 1790//1702 1789//1701 
f 1731//1643 1789//1701 1788//1700 
f 1730//1642 1788//1700 1787//1699 
f 1729//1641 1787//1699 1786//1698 
f 1728//1640 1786//1698 1785//1697 
f 1727//1639 1785//1697 1784//1696 
f 1726//1638 1784//1696 1783//1695 
f 1725//1637 1783//1695 1782//1694 
f 1724//1636 1782//1694 1781//1693 
f 1723//1635 1781//1693 1780//1692 
f 1722//1634 1780//1692 1779//1691 
f 1721//1633 1779//1691 1778//1690 
f 1720//1632 1778//1690 1777//1689 
f 1719//1631 1777//1689 1776//1688 
f 1718//1630 1776//1688 1775//1687 
f 1717//1629 1775//1687 1774//1686 
f 1716//1628 1774//1686 1773//1685 
f 1715//1627 1773//1685 1772//1684 
f 1714//1626 1772//1684 1771//1683 
f 1713//1625 1771//1683 1770//1682 
f 1712//1624 1770//1682 1769//1681 
f 1711//1623 1769//1681 1768//1680 
f 1710//1622 1768//1680 1767//1679 
f 1709//1621 1767//1679 1766//1678 
f 1708//1620 1766//1678 1765//1677 
f 1707//1619 1765//1677 1764//1676 
f 1706//1618 1764//1676 1763//1675 
f 1705//1617 1763//1675 1762//1674 
f 1704//1616 1762//1674 1761//1673 
f 1703//1615 1761//1673 1760//1672 
f 1702//1614 1760//1672 1759//1671 
f 1701//1613 1759//1671 1758//1670 
f 1700//1612 1758//1670 1757//1669 
f 1699//1611 1757//1669 1756//1668 
f 1698//1610 1756//1668 1755//1667 
f 1697//1609 1755//1667 1754//1666 
f 1696//1608 1754//1666 1753//1665 
f 1695//1607 1753//1665 1752//1664 
f 1694//1606 1752//1664 1751//1663 
f 1693//1605 1751//1663 1750//1662 
f 1692//1604 1750//1662 1749//1661 
f 1691//1603 1749//1661 1748//1660 
f 1690//1602 1748//1660 1747//1659 
f 1689//1601 1747//1659 1746//1658 
f 1688//1600 1746//1658 1745//1657 
f 1687//1599 1745//1657 1744//1656 
f 1686//1598 1744//1656 1743//1655 
f 1685//1597 1743//1655 1742//1654 
f 1684//1596 1742//1654 1741//1653 
f 1625//1537 1683//1595 1740//1652 
f 1682//1594 1740//1652 1739//1651 
f 1681//1593 1739//1651 1738//1650 
f 1680//1592 1738//1650 1737//1649 
f 1679//1591 1737//1649 1736//1648 
f 1678//1590 1736//1648 1735//1647 
f 1677//1589 1735//1647 1734//1646 
f 1676//1588 1734//1646 1733//1645 
f 1675//1587 1733//1645 1732//1644 
f 1674//1586 1732//1644 1731//1643 
f 1673//1585 1731//1643 1730//1642 
f 1672//1584 1730//1642 1729//1641 
f 1671//1583 1729//1641 1728//1640 
f 1670//1582 1728//1640 1727//1639 
f 1669//1581 1727//1639 1726//1638 
f 1668//1580 1726//1638 1725//1637 
f 1667//1579 1725//1637 1724//1636 
f 1666//1578 1724//1636 1723//1635 
f 1665//1577 1723//1635 1722//1634 
f 1664//1576 1722//1634 1721//1633 
f 1663//1575 1721//1633 1720//1632 
f 1662//1574 1720//1632 1719//1631 
f 1661//1573 1719//1631 1718//1630 
f 1660//1572 1718//1630 1717//1629 
f 1659//1571 1717//1629 1716//1628 
f 1658//1570 1716//1628 1715//1627 
f 1657//1569 1715//1627 1714//1626 
f 1656//1568 1714//1626 1713//1625 
f 1655//1567 1713//1625 1712//1624 
f 1654//1566 1712//1624 1711//1623 
f 1653//1565 1711//1623 1710//1622 
f 1652//1564 1710//1622 1709//1621 
f 1651//1563 1709//1621 1708//1620 
f 1650//1562 1708//1620 1707//1619 
f 1649//1561 1707//1619 1706//1618 
f 1648//1560 1706//1618 1705//1617 
f 1647//1559 1705//1617 1704//1616 
f 1646//1558 1704//1616 1703//1615 
f 1645//1557 1703//1615 1702//1614 
f 1644//1556 1702//1614 1701//1613 
f 1643//1555 1701//1613 1700//1612 
f 1642//1554 1700//1612 1699//1611 
f 1641//1553 1699//1611 1698//1610 
f 1640//1552 1698//1610 1697//1609 
f 1639//1551 1697//1609 1696//1608 
f 1638//1550 1696//1608 1695//1607 
f 1637//1549 1695//1607 1694//1606 
f 1636//1548 1694//1606 1693//1605 
f 1635//1547 1693//1605 1692//1604 
f 1634//1546 1692//1604 1691//1603 
f 1633//1545 1691//1603 1690//1602 
f 1632//1544 1690//1602 1689//1601 
f 1631//1543 1689//1601 1688//1600 
f 1630//1542 1688//1600 1687//1599 
f 1629//1541 1687//1599 1686//1598 
f 1628//1540 1686//1598 1685//1597 
f 1627//1539 1685//1597 1684//1596 
f 1626//1538 1684//1596 1683//1595 
f 1567//1479 1625//1537 1682//1594 
f 1624//1536 1682//1594 1681//1593 
f 1623//1535 1681//1593 1680//1592 
f 1622//1534 1680//1592 1679//1591 
f 1621//1533 1679//1591 1678//1590 
f 1620//1532 1678//1590 1677//1589 
f 1619//1531 1677//1589 1676//1588 
f 1618//1530 1676//1588 1675//1587 
f 1617//1529 1675//1587 1674//1586 
f 1616//1528 1674//1586 1673//1585 
f 1615//1527 1673//1585 1672//1584 
f 1614//1526 1672//1584 1671//1583 
f 1613//1525 1671//1583 1670//1582 
f 1612//1524 1670//1582 1669//1581 
f 1611//1523 1669//1581 1668//1580 
f 1610//1522 1668//1580 1667//1579 
f 1609//1521 1667//1579 1666//1578 
f 1608//1520 1666//1578 1665//1577 
f 1607//1519 1665//1577 1664//1576 
f 1606//1518 1664//1576 1663//1575 
f 1605//1517 1663//1575 1662//1574 
f 1604//1516 1662//1574 1661//1573 
f 1603//1515 1661//1573 1660//1572 
f 1602//1514 1660//1572 1659//1571 
f 1601//1513 1659//1571 1658//1570 
f 1600//1512 1658//1570 1657//1569 
f 1599//1511 1657//1569 1656//1568 
f 1598//1510 1656//1568 1655//1567 
f 1597//1509 1655//1567 1654//1566 
f 1596//1508 1654//1566 1653//1565 
f 1595//1507 1653//1565 1652//1564 
f 1594//1506 1652//1564 1651//1563 
f 1593//1505 1651//1563 1650//1562 
f 1592//1504 1650//1562 1649//1561 
f 1591//1503 1649//1561 1648//1560 
f 1590//1502 1648//1560 1647//1559 
f 1589//1501 1647//1559 1646//1558 
f 1588//1500 1646//1558 1645//1557 
f 1587//1499 1645//1557 1644//1556 
f 1586//1498 1644//1556 1643//1555 
f 1585//1497 1643//1555 1642//1554 
f 1584//1496 1642//1554 1641//1553 
f 1583//1495 1641//1553 1640//1552 
f 1582//1494 1640//1552 1639//1551 
f 1581//1493 1639//1551 1638//1550 
f 1580//1492 1638//1550 1637//1549 
f 1579//1491 1637//1549 1636//1548 
f 1578//1490 1636//1548 1635//1547 
f 1577//1489 1635//1547 1634//1546 
f 1576//1488 1634//1546 1633//1545 
f 1575//1487 1633//1545 1632//1544 
f 1574//1486 1632//1544 1631//1543 
f 1573//1485 1631//1543 1630//1542 
f 1572//1484 1630//1542 1629//1541 
f 1571//1483 1629//1541 1628//1540 
f 1570//1482 1628//1540 1627//1539 
f 1569//1481 1627//1539 1626//1538 
f 1568//1480 1626//1538 1625//1537 
f 1509//1421 1567//1479 1624//1536 
f 1566//1478 1624//1536 1623//1535 
f 1565//1477 1623//1535 1622//1534 
f 1564//1476 1622//1534 1621//1533 
f 1563//1475 1621//1533 1620//1532 
f 1562//1474 1620//1532 1619//1531 
f 1561//1473 1619//1531 1618//1530 
f 1560//1472 1618//1530 1617//1529 
f 1559//1471 1617//1529 1616//1528 
f 1558//1470 1616//1528 1615//1527 
f 1557//1469 1615//1527 1614//1526 
f 1556//1468 1614//1526 1613//1525 
f 1555//1467 1613//1525 1612//1524 
f 1554//1466 1612//1524 1611//1523 
f 1553//1465 1611//1523 1610//1522 
f 1552//1464 1610//1522 1609//1521 
f 1551//1463 1609//1521 1608//1520 
f 1550//1462 1608//1520 1607//1519 
f 1549//1461 1607//1519 1606//1518 
f 1548//1460 1606//1518 1605//1517 
f 1547//1459 1605//1517 1604//1516 
f 1546//1458 1604//1516 1603//1515 
f 1545//1457 1603//1515 1602//1514 
f 1544//1456 1602//1514 1601//1513 
f 1543//1455 1601//1513 1600//1512 
f 1542//1454 1600//1512 1599//1511 
f 1541//1453 1599//1511 1598//1510 
f 1540//1452 1598//1510 1597//1509 
f 1539//1451 1597//1509 1596//1508 
f 1538//1450 1596//1508 1595//1507 
f 1537//1449 1595//1507 1594//1506 
f 1536//1448 1594//1506 1593//1505 
f 1535//1447 1593//1505 1592//1504 
f 1534//1446 1592//1504 1591//1503 
f 1533//1445 1591//1503 1590//1502 
f 1532//1444 1590//1502 1589//1501 
f 1531//1443 1589//1501 1588//1500 
f 1530//1442 1588//1500 1587//1499 
f 1529//1441 1587//1499 1586//1498 
f 1528//1440 1586//1498 1585//1497 
f 1527//1439 1585//1497 1584//1496 
f 1526//1438 1584//1496 1583//1495 
f 1525//1437 1583//1495 1582//1494 
f 1524//1436 1582//1494 1581//1493 
f 1523//1435 1581//1493 1580//1492 
f 1522//1434 1580//1492 1579//1491 
f 1521//1433 1579//1491 1578//1490 
f 1520//1432 1578//1490 1577//1489 
f 1519//1431 1577//1489 1576//1488 
f 1518//1430 1576//1488 1575//1487 
f 1517//1429 1575//1487 1574//1486 
f 1516//1428 1574//1486 1573//1485 
f 1515//1427 1573//1485 1572//1484 
f 1514//1426 1572//1484 1571//1483 
f 1513//1425 1571//1483 1570//1482 
f 1512//1424 1570//1482 1569//1481 
f 1511//1423 1569//1481 1568//1480 
f 1510//1422 1568//1480 1567//1479 
f 1451//1363 1509//1421 1566//1478 
f 1508//1420 1566//1478 1565//1477 
f 1507//1419 1565//1477 1564//1476 
f 1506//1418 1564//1476 1563//1475 
f 1505//1417 1563//1475 1562//1474 
f 1504//1416 1562//1474 1561//1473 
f 1503//1415 1561//1473 1560//1472 
f 1502//1414 1560//1472 1559//1471 
f 1501//1413 1559//1471 1558//1470 
f 1500//1412 1558//1470 1557//1469 
f 1499//1411 1557//1469 1556//1468 
f 1498//1410 1556//1468 1555//1467 
f 1497//1409 1555//1467 1554//1466 
f 1496//1408 1554//1466 1553//1465 
f 1495//1407 1553//1465 1552//1464 
f 1494//1406 1552//1464 1551//1463 
f 1493//1405 1551//1463 1550//1462 
f 1492//1404 1550//1462 1549//1461 
f 1491//1403 1549//1461 1548//1460 
f 1490//1402 1548//1460 1547//1459 
f 1489//1401 1547//1459 1546//1458 
f 1488//1400 1546//1458 1545//1457 
f 1487//1399 1545//1457 1544//1456 
f 1486//1398 1544//1456 1543//1455 
f 1485//1397 1543//1455 1542//1454 
f 1484//1396 1542//1454 1541//1453 
f 1483//1395 1541//1453 1540//1452 
f 1482//1394 1540//1452 1539//1451 
f 1481//1393 1539//1451 1538//1450 
f 1480//1392 1538//1450 1537//1449 
f 1479//1391 1537//1449 1536//1448 
f 1478//1390 1536//1448 1535//1447 
f 1477//1389 1535//1447 1534//1446 
f 1476//1388 1534//1446 1533//1445 
f 1475//1387 1533//1445 1532//1444 
f 1474//1386 1532//1444 1531//1443 
f 1473//1385 1531//1443 1530//1442 
f 1472//1384 1530//1442 1529//1441 
f 1471//1383 1529//1441 1528//1440 
f 1470//1382 1528//1440 1527//1439 
f 1469//1381 1527//1439 1526//1438 
f 1468//1380 1526//1438 1525//1437 
f 1467//1379 1525//1437 1524//1436 
f 1466//1378 1524//1436 1523//1435 
f 1465//1377 1523//1435 1522//1434 
f 1464//1376 1522//1434 1521//1433 
f 1463//1375 1521//1433 1520//1432 
f 1462//1374 1520//1432 1519//1431 
f 1461//1373 1519//1431 1518//1430 
f 1460//1372 1518//1430 1517//1429 
f 1459//1371 1517//1429 1516//1428 
f 1458//1370 1516//1428 1515//1427 
f 1457//1369 1515//1427 1514//1426 
f 1456//1368 1514//1426 1513//1425 
f 1455//1367 1513//1425 1512//1424 
f 1454//1366 1512//1424 1511//1423 
f 1453//1365 1511//1423 1510//1422 
f 1452//1364 1510//1422 1509//1421 
f 1393//1305 1451//1363 1508//1420 
f 1450//1362 1508//1420 1507//1419 
f 1449//1361 1507//1419 1506//1418 
f 1448//1360 1506//1418 1505//1417 
f 1447//1359 1505//1417 1504//1416 
f 1446//1358 1504//1416 1503//1415 
f 1445//1357 1503//1415 1502//1414 
f 1444//1356 1502//1414 1501//1413 
f 1443//1355 1501//1413 1500//1412 
f 1442//1354 1500//1412 1499//1411 
f 1441//1353 1499//1411 1498//1410 
f 1440//1352 1498//1410 1497//1409 
f 1439//1351 1497//1409 1496//1408 
f 1438//1350 1496//1408 1495//1407 
f 1437//1349 1495//1407 1494//1406 
f 1436//1348 1494//1406 1493//1405 
f 1435//1347 1493//1405 1492//1404 
f 1434//1346 1492//1404 1491//1403 
f 1433//1345 1491//1403 1490//1402 
f 1432//1344 1490//1402 1489//1401 
f 1431//1343 1489//1401 1488//1400 
f 1430//1342 1488//1400 1487//1399 
f 1429//1341 1487//1399 1486//1398 
f 1428//1340 1486//1398 1485//1397 
f 1427//1339 1485//1397 1484//1396 
f 1426//1338 1484//1396 1483//1395 
f 1425//1337 1483//1395 1482//1394 
f 1424//1336 1482//1394 1481//1393 
f 1423//1335 1481//1393 1480//1392 
f 1422//1334 1480//1392 1479//1391 
f 1421//1333 1479//1391 1478//1390 
f 1420//1332 1478//1390 1477//1389 
f 1419//1331 1477//1389 1476//1388 
f 1418//1330 1476//1388 1475//1387 
f 1417//1329 1475//1387 1474//1386 
f 1416//1328 1474//1386 1473//1385 
f 1415//1327 1473//1385 1472//1384 
f 1414//1326 1472//1384 1471//1383 
f 1413//1325 1471//1383 1470//1382 
f 1412//1324 1470//1382 1469//1381 
f 1411//1323 1469//1381 1468//1380 
f 1410//1322 1468//1380 1467//1379 
f 1409//1321 1467//1379 1466//1378 
f 1408//1320 1466//1378 1465//1377 
f 1407//1319 1465//1377 1464//1376 
f 1406//1318 1464//1376 1463//1375 
f 1405//1317 1463//1375 1462//1374 
f 1404//1316 1462//1374 1461//1373 
f 1403//1315 1461//1373 1460//1372 
f 1402//1314 1460//1372 1459//1371 
f 1401//1313 1459//1371 1458//1370 
f 1400//1312 1458//1370 1457//1369 
f 1399//1311 1457//1369 1456//1368 
f 1398//1310 1456//1368 1455//1367 
f 1397//1309 1455//1367 1454//1366 
f 1396//1308 1454//1366 1453//1365 
f 1395//1307 1453//1365 1452//1364 
f 1394//1306 1452//1364 1451//1363 
f 1335//1247 1393//1305 1450//1362 
f 1392//1304 1450//1362 1449//1361 
f 1391//1303 1449//1361 1448//1360 
f 1390//1302 1448//1360 1447//1359 
f 1389//1301 1447//1359 1446//1358 
f 1388//1300 1446//1358 1445//1357 
f 1387//1299 1445//1357 1444//1356 
f 1386//1298 1444//1356 1443//1355 
f 1385//1297 1443//1355 1442//1354 
f 1384//1296 1442//1354 1441//1353 
f 1383//1295 1441//1353 1440//1352 
f 1382//1294 1440//1352 1439//1351 
f 1381//1293 1439//1351 1438//1350 
f 1380//1292 1438//1350 1437//1349 
f 1379//1291 1437//1349 1436//1348 
f 1378//1290 1436//1348 1435//1347 
f 1377//1289 1435//1347 1434//1346 
f 1376//1288 1434//1346 1433//1345 
f 1375//1287 1433//1345 1432//1344 
f 1374//1286 1432//1344 1431//1343 
f 1373//1285 1431//1343 1430//1342 
f 1372//1284 1430//1342 1429//1341 
f 1371//1283 1429//1341 1428//1340 
f 1370//1282 1428//1340 1427//1339 
f 1369//1281 1427//1339 1426//1338 
f 1368//1280 1426//1338 1425//1337 
f 1367//1279 1425//1337 1424//1336 
f 1366//1278 1424//1336 1423//1335 
f 1365//1277 1423//1335 1422//1334 
f 1364//1276 1422//1334 1421//1333 
f 1363//1275 1421//1333 1420//1332 
f 1362//1274 1420//1332 1419//1331 
f 1361//1273 1419//1331 1418//1330 
f 1360//1272 1418//1330 1417//1329 
f 1359//1271 1417//1329 1416//1328 
f 1358//1270 1416//1328 1415//1327 
f 1357//1269 1415//1327 1414//1326 
f 1356//1268 1414//1326 1413//1325 
f 1355//1267 1413//1325 1412//1324 
f 1354//1266 1412//1324 1411//1323 
f 1353//1265 1411//1323 1410//1322 
f 1352//1264 1410//1322 1409//1321 
f 1351//1263 1409//1321 1408//1320 
f 1350//1262 1408//1320 1407//1319 
f 1349//1261 1407//1319 1406//1318 
f 1348//1260 1406//1318 1405//1317 
f 1347//1259 1405//1317 1404//1316 
f 1346//1258 1404//1316 1403//1315 
f 1345//1257 1403//1315 1402//1314 
f 1344//1256 1402//1314 1401//1313 
f 1343//1255 1401//1313 1400//1312 
f 1342//1254 1400//1312 1399//1311 
f 1341//1253 1399//1311 1398//1310 
f 1340//1252 1398//1310 1397//1309 
f 1339//1251 1397//1309 1396//1308 
f 1338//1250 1396//1308 1395//1307 
f 1337//1249 1395//1307 1394//1306 
f 1336//1248 1394//1306 1393//1305 
f 1277//1189 1335//1247 1392//1304 
f 1334//1246 1392//1304 1391//1303 
f 1333//1245 1391//1303 1390//1302 
f 1332//1244 1390//1302 1389//1301 
f 1331//1243 1389//1301 1388//1300 
f 1330//1242 1388//1300 1387//1299 
f 1329//1241 1387//1299 1386//1298 
f 1328//1240 1386//1298 1385//1297 
f 1327//1239 1385//1297 1384//1296 
f 1326//1238 1384//1296 1383//1295 
f 1325//1237 1383//1295 1382//1294 
f 1324//1236 1382//1294 1381//1293 
f 1323//1235 1381//1293 1380//1292 
f 1322//1234 1380//1292 1379//1291 
f 1321//1233 1379//1291 1378//1290 
f 1320//1232 1378//1290 1377//1289 
f 1319//1231 1377//1289 1376//1288 
f 1318//1230 1376//1288 1375//1287 
f 1317//1229 1375//1287 1374//1286 
f 1316//1228 1374//1286 1373//1285 
f 1315//1227 1373//1285 1372//1284 
f 1314//1226 1372//1284 1371//1283 
f 1313//1225 1371//1283 1370//1282 
f 1312//1224 1370//1282 1369//1281 
f 1311//1223 1369//1281 1368//1280 
f 1310//1222 1368//1280 1367//1279 
f 1309//1221 1367//1279 1366//1278 
f 1308//1220 1366//1278 1365//1277 
f 1307//1219 1365//1277 1364//1276 
f 1306//1218 1364//1276 1363//1275 
f 1305//1217 1363//1275 1362//1274 
f 1304//1216 1362//1274 1361//1273 
f 1303//1215 1361//1273 1360//1272 
f 1302//1214 1360//1272 1359//1271 
f 1301//1213 1359//1271 1358//1270 
f 1300//1212 1358//1270 1357//1269 
f 1299//1211 1357//1269 1356//1268 
f 1298//1210 1356//1268 1355//1267 
f 1297//1209 1355//1267 1354//1266 
f 1296//1208 1354//1266 1353//1265 
f 1295//1207 1353//1265 1352//1264 
f 1294//1206 1352//1264 1351//1263 
f 1293//1205 1351//1263 1350//1262 
f 1292//1204 1350//1262 1349//1261 
f 1291//1203 1349//1261 1348//1260 
f 1290//1202 1348//1260 1347//1259 
f 1289//1201 1347//1259 1346//1258 
f 1288//1200 1346//1258 1345//1257 
f 1287//1199 1345//1257 1344//1256 
f 1286//1198 1344//1256 1343//1255 
f 1285//1197 1343//1255 1342//1254 
f 1284//1196 1342//1254 1341//1253 
f 1283//1195 1341//1253 1340//1252 
f 1282//1194 1340//1252 1339//1251 
f 1281//1193 1339//1251 1338//1250 
f 1280//1192 1338//1250 1337//1249 
f 1279//1191 1337//1249 1336//1248 
f 1278//1190 1336//1248 1335//1247 
f 1219//1131 1277//1189 1334//1246 
f 1276//1188 1334//1246 1333//1245 
f 1275//1187 1333//1245 1332//1244 
f 1274//1186 1332//1244 1331//1243 
f 1273//1185 1331//1243 1330//1242 
f 1272//1184 1330//1242 1329//1241 
f 1271//1183 1329//1241 1328//1240 
f 1270//1182 1328//1240 1327//1239 
f 1269//1181 1327//1239 1326//1238 
f 1268//1180 1326//1238 1325//1237 
f 1267//1179 1325//1237 1324//1236 
f 1266//1178 1324//1236 1323//1235 
f 1265//1177 1323//1235 1322//1234 
f 1264//1176 1322//1234 1321//1233 
f 1263//1175 1321//1233 1320//1232 
f 1262//1174 1320//1232 1319//1231 
f 1261//1173 1319//1231 1318//1230 
f 1260//1172 1318//1230 1317//1229 
f 1259//1171 1317//1229 1316//1228 
f 1258//1170 1316//1228 1315//1227 
f 1257//1169 1315//1227 1314//1226 
f 1256//1168 1314//1226 1313//1225 
f 1255//1167 1313//1225 1312//1224 
f 1254//1166 1312//1224 1311//1223 
f 1253//1165 1311//1223 1310//1222 
f 1252//1164 1310//1222 1309//1221 
f 1251//1163 1309//1221 1308//1220 
f 1250//1162 1308//1220 1307//1219 
f 1249//1161 1307//1219 1306//1218 
f 1248//1160 1306//1218 1305//1217 
f 1247//1159 1305//1217 1304//1216 
f 1246//1158 1304//1216 1303//1215 
f 1245//1157 1303//1215 1302//1214 
f 1244//1156 1302//1214 1301//1213 
f 1243//1155 1301//1213 1300//1212 
f 1242//1154 1300//1212 1299//1211 
f 1241//1153 1299//1211 1298//1210 
f 1240//1152 1298//1210 1297//1209 
f 1239//1151 1297//1209 1296//1208 
f 1238//1150 1296//1208 1295//1207 
f 1237//1149 1295//1207 1294//1206 
f 1236//1148 1294//1206 1293//1205 
f 1235//1147 1293//1205 1292//1204 
f 1234//1146 1292//1204 1291//1203 
f 1233//1145 1291//1203 1290//1202 
f 1232//1144 1290//1202 1289//1201 
f 1231//1143 1289//1201 1288//1200 
f 1230//1142 1288//1200 1287//1199 
f 1229//1141 1287//1199 1286//1198 
f 1228//1140 1286//1198 1285//1197 
f 1227//1139 1285//1197 1284//1196 
f 1226//1138 1284//1196 1283//1195 
f 1225//1137 1283//1195 1282//1194 
f 1224//1136 1282//1194 1281//1193 
f 1223//1135 1281//1193 1280//1192 
f 1222//1134 1280//1192 1279//1191 
f 1221//1133 1279//1191 1278//1190 
f 1220//1132 1278//1190 1277//1189 
f 1161//1045 1219//1131 1276//1188 
f 1218//1130 1276//1188 1275//1187 
f 1217//1129 1275//1187 1274//1186 
f 1216//1127 1274//1186 1273//1185 
f 1215//1126 1273//1185 1272//1184 
f 1214//1124 1272//1184 1271//1183 
f 1213//1123 1271//1183 1270//1182 
f 1212//1121 1270//1182 1269//1181 
f 1211//1120 1269//1181 1268//1180 
f 1210//1118 1268//1180 1267//1179 
f 1209//1117 1267//1179 1266//1178 
f 1208//1115 1266//1178 1265//1177 
f 1207//1114 1265//1177 1264//1176 
f 1206//1112 1264//1176 1263//1175 
f 1205//1111 1263//1175 1262//1174 
f 1204//1109 1262//1174 1261//1173 
f 1203//1108 1261//1173 1260//1172 
f 1202//1106 1260//1172 1259//1171 
f 1201//1105 1259//1171 1258//1170 
f 1200//1103 1258//1170 1257//1169 
f 1199//1102 1257//1169 1256//1168 
f 1198//1100 1256//1168 1255//1167 
f 1197//1099 1255//1167 1254//1166 
f 1196//1097 1254//1166 1253//1165 
f 1195//1096 1253//1165 1252//1164 
f 1194//1094 1252//1164 1251//1163 
f 1193//1093 1251//1163 1250//1162 
f 1192//1091 1250//1162 1249//1161 
f 1191//1090 1249//1161 1248//1160 
f 1190//1088 1248//1160 1247//1159 
f 1189//1087 1247//1159 1246//1158 
f 1188//1085 1246//1158 1245//1157 
f 1187//1084 1245//1157 1244//1156 
f 1186//1082 1244//1156 1243//1155 
f 1185//1081 1243//1155 1242//1154 
f 1184//1079 1242//1154 1241//1153 
f 1183//1078 1241//1153 1240//1152 
f 1182//1076 1240//1152 1239//1151 
f 1181//1075 1239//1151 1238//1150 
f 1180//1073 1238//1150 1237//1149 
f 1179//1072 1237//1149 1236//1148 
f 1178//1070 1236//1148 1235//1147 
f 1177//1069 1235//1147 1234//1146 
f 1176//1067 1234//1146 1233//1145 
f 1175//1066 1233//1145 1232//1144 
f 1174//1064 1232//1144 1231//1143 
f 1173//1063 1231//1143 1230//1142 
f 1172//1061 1230//1142 1229//1141 
f 1171//1060 1229//1141 1228//1140 
f 1170//1058 1228//1140 1227//1139 
f 1169//1057 1227//1139 1226//1138 
f 1168//1055 1226//1138 1225//1137 
f 1167//1054 1225//1137 1224//1136 
f 1166//1052 1224//1136 1223//1135 
f 1165//1051 1223//1135 1222//1134 
f 1164//1049 1222//1134 1221//1133 
f 1163//1048 1221//1133 1220//1132 
f 1162//1046 1220//1132 1219//1131 
f 1151//1044 1161//1045 1218//1130 
f 1116//1128 1218//1130 1217//1129 
f 1117//1128 1217//1129 1216//1127 
f 1108//1125 1216//1127 1215//1126 
f 1109//1125 1215//1126 1214//1124 
f 1118//1122 1214//1124 1213//1123 
f 1110//1122 1213//1123 1212//1121 
f 1105//1119 1212//1121 1211//1120 
f 1106//1119 1211//1120 1210//1118 
f 1124//1116 1210//1118 1209//1117 
f 1125//1116 1209//1117 1208//1115 
f 1126//1113 1208//1115 1207//1114 
f 1127//1113 1207//1114 1206//1112 
f 1128//1110 1206//1112 1205//1111 
f 1119//1110 1205//1111 1204//1109 
f 1120//1107 1204//1109 1203//1108 
f 1142//1107 1203//1108 1202//1106 
f 1121//1104 1202//1106 1201//1105 
f 1122//1104 1201//1105 1200//1103 
f 1129//1101 1200//1103 1199//1102 
f 1130//1101 1199//1102 1198//1100 
f 1131//1098 1198//1100 1197//1099 
f 1143//1098 1197//1099 1196//1097 
f 1152//1095 1196//1097 1195//1096 
f 1153//1095 1195//1096 1194//1094 
f 1154//1092 1194//1094 1193//1093 
f 1144//1092 1193//1093 1192//1091 
f 1145//1089 1192//1091 1191//1090 
f 1155//1089 1191//1090 1190//1088 
f 1156//1086 1190//1088 1189//1087 
f 1157//1086 1189//1087 1188//1085 
f 1158//1083 1188//1085 1187//1084 
f 1159//1083 1187//1084 1186//1082 
f 1160//1080 1186//1082 1185//1081 
f 1146//1080 1185//1081 1184//1079 
f 1147//1077 1184//1079 1183//1078 
f 1132//1077 1183//1078 1182//1076 
f 1133//1074 1182//1076 1181//1075 
f 1148//1074 1181//1075 1180//1073 
f 1149//1071 1180//1073 1179//1072 
f 1150//1071 1179//1072 1178//1070 
f 1134//1068 1178//1070 1177//1069 
f 1135//1068 1177//1069 1176//1067 
f 1136//1065 1176//1067 1175//1066 
f 1137//1065 1175//1066 1174//1064 
f 1138//1062 1174//1064 1173//1063 
f 1111//1062 1173//1063 1172//1061 
f 1112//1059 1172//1061 1171//1060 
f 1113//1059 1171//1060 1170//1058 
f 1114//1056 1170//1058 1169//1057 
f 1115//1056 1169//1057 1168//1055 
f 1103//1053 1168//1055 1167//1054 
f 1104//1053 1167//1054 1166//1052 
f 1107//1050 1166//1052 1165//1051 
f 1123//1050 1165//1051 1164//1049 
f 1139//1047 1164//1049 1163//1048 
f 1140//1047 1163//1048 1162//1046 
f 1141//1044 1162//1046 1161//1045 
