# OBJ generated by ONSHAPE BY PTC INC, 1.218 Units = meters
mtllib ArucoSupportF.mtl
g ArucoSupportTable_V2
v -0.1785 -0.0112661 0.000297327 
v -0.1785 -0.01125 4.28626e-19 
v -0.169 -0.01125 4.28626e-19 
v -0.1785 -0.0113143 0.000591169 
v -0.169 -0.0112661 0.000297327 
v -0.1785 -0.011394 0.000878079 
v -0.169 -0.0113143 0.000591169 
v -0.1785 -0.0115042 0.0011547 
v -0.169 -0.011394 0.000878079 
v -0.1785 -0.0116436 0.00141777 
v -0.169 -0.0115042 0.0011547 
v -0.1785 -0.0118107 0.00166423 
v -0.169 -0.0116436 0.00141777 
v -0.1785 -0.0120035 0.00189117 
v -0.169 -0.0118107 0.00166423 
v -0.1785 -0.0122197 0.00209595 
v -0.169 -0.0120035 0.00189117 
v -0.1785 -0.0124567 0.00227614 
v -0.169 -0.0122197 0.00209595 
v -0.1785 -0.0127119 0.00242966 
v -0.169 -0.0124567 0.00227614 
v -0.1785 -0.0129821 0.00255469 
v -0.169 -0.0127119 0.00242966 
v -0.1785 -0.0132643 0.00264976 
v -0.169 -0.0129821 0.00255469 
v -0.1785 -0.0135551 0.00271377 
v -0.169 -0.0132643 0.00264976 
v -0.1785 -0.0138511 0.00274597 
v -0.169 -0.0135551 0.00271377 
v -0.1785 -0.0141489 0.00274597 
v -0.169 -0.0138511 0.00274597 
v -0.1785 -0.0144449 0.00271377 
v -0.169 -0.0141489 0.00274597 
v -0.1785 -0.0147357 0.00264976 
v -0.169 -0.0144449 0.00271377 
v -0.1785 -0.0150179 0.00255469 
v -0.169 -0.0147357 0.00264976 
v -0.1785 -0.0152881 0.00242966 
v -0.169 -0.0150179 0.00255469 
v -0.1785 -0.0155433 0.00227614 
v -0.169 -0.0152881 0.00242966 
v -0.1785 -0.0157803 0.00209595 
v -0.169 -0.0155433 0.00227614 
v -0.1785 -0.0159965 0.00189117 
v -0.169 -0.0157803 0.00209595 
v -0.1785 -0.0161893 0.00166423 
v -0.169 -0.0159965 0.00189117 
v -0.1785 -0.0163564 0.00141777 
v -0.169 -0.0161893 0.00166423 
v -0.1785 -0.0164958 0.0011547 
v -0.169 -0.0163564 0.00141777 
v -0.1785 -0.016606 0.000878079 
v -0.169 -0.0164958 0.0011547 
v -0.1785 -0.0166857 0.000591169 
v -0.169 -0.016606 0.000878079 
v -0.1785 -0.0167339 0.000297327 
v -0.169 -0.0166857 0.000591169 
v -0.1785 -0.01675 -1.25526e-18 
v -0.169 -0.0167339 0.000297327 
v -0.1785 -0.0167339 -0.000297327 
v -0.169 -0.01675 -5.81707e-19 
v -0.1785 -0.0166857 -0.000591169 
v -0.169 -0.0167339 -0.000297327 
v -0.1785 -0.016606 -0.000878079 
v -0.169 -0.0166857 -0.000591169 
v -0.1785 -0.0164958 -0.0011547 
v -0.169 -0.016606 -0.000878079 
v -0.1785 -0.0163564 -0.00141777 
v -0.169 -0.0164958 -0.0011547 
v -0.1785 -0.0161893 -0.00166423 
v -0.169 -0.0163564 -0.00141777 
v -0.1785 -0.0159965 -0.00189117 
v -0.169 -0.0161893 -0.00166423 
v -0.1785 -0.0157803 -0.00209595 
v -0.169 -0.0159965 -0.00189117 
v -0.1785 -0.0155433 -0.00227614 
v -0.169 -0.0157803 -0.00209595 
v -0.1785 -0.0152881 -0.00242966 
v -0.169 -0.0155433 -0.00227614 
v -0.1785 -0.0150179 -0.00255469 
v -0.169 -0.0152881 -0.00242966 
v -0.1785 -0.0147357 -0.00264976 
v -0.169 -0.0150179 -0.00255469 
v -0.1785 -0.0144449 -0.00271377 
v -0.169 -0.0147357 -0.00264976 
v -0.1785 -0.0141489 -0.00274597 
v -0.169 -0.0144449 -0.00271377 
v -0.1785 -0.0138511 -0.00274597 
v -0.169 -0.0141489 -0.00274597 
v -0.1785 -0.0135551 -0.00271377 
v -0.169 -0.0138511 -0.00274597 
v -0.1785 -0.0132643 -0.00264976 
v -0.169 -0.0135551 -0.00271377 
v -0.1785 -0.0129821 -0.00255469 
v -0.169 -0.0132643 -0.00264976 
v -0.1785 -0.0127119 -0.00242966 
v -0.169 -0.0129821 -0.00255469 
v -0.1785 -0.0124567 -0.00227614 
v -0.169 -0.0127119 -0.00242966 
v -0.1785 -0.0122197 -0.00209595 
v -0.169 -0.0124567 -0.00227614 
v -0.1785 -0.0120035 -0.00189117 
v -0.169 -0.0122197 -0.00209595 
v -0.1785 -0.0118107 -0.00166423 
v -0.169 -0.0120035 -0.00189117 
v -0.1785 -0.0116436 -0.00141777 
v -0.169 -0.0118107 -0.00166423 
v -0.1785 -0.0115042 -0.0011547 
v -0.169 -0.0116436 -0.00141777 
v -0.1785 -0.011394 -0.000878079 
v -0.169 -0.0115042 -0.0011547 
v -0.1785 -0.0113143 -0.000591169 
v -0.169 -0.011394 -0.000878079 
v -0.1785 -0.0112661 -0.000297327 
v -0.169 -0.0113143 -0.000591169 
v -0.169 -0.0112661 -0.000297327 
v -0.1785 0.01 -0.0105 
v -0.1785 -0.023 -0.0105 
v -0.1785 0.01 0.0105 
v -0.1785 -0.023 0.0105 
v -0.1765 0.01 -0.0125 
v -0.1765 -0.023 -0.0125 
v -0.176709 -0.023 -0.012489 
v -0.176709 0.01 -0.012489 
v -0.176916 -0.023 -0.0124563 
v -0.176916 0.01 -0.0124563 
v -0.177118 -0.023 -0.0124021 
v -0.177118 0.01 -0.0124021 
v -0.177313 -0.023 -0.0123271 
v -0.177313 0.01 -0.0123271 
v -0.1775 -0.023 -0.0122321 
v -0.1775 0.01 -0.0122321 
v -0.177676 -0.023 -0.012118 
v -0.177676 0.01 -0.012118 
v -0.177838 -0.023 -0.0119863 
v -0.177838 0.01 -0.0119863 
v -0.177986 -0.023 -0.0118383 
v -0.177986 0.01 -0.0118383 
v -0.178118 -0.023 -0.0116756 
v -0.178118 0.01 -0.0116756 
v -0.178232 -0.023 -0.0115 
v -0.178232 0.01 -0.0115 
v -0.178327 -0.023 -0.0113135 
v -0.178327 0.01 -0.0113135 
v -0.178402 -0.023 -0.011118 
v -0.178402 0.01 -0.011118 
v -0.178456 -0.023 -0.0109158 
v -0.178456 0.01 -0.0109158 
v -0.178489 -0.023 -0.0107091 
v -0.178489 0.01 -0.0107091 
v -0.1765 -0.024989 -0.0107091 
v -0.1765 -0.025 -0.0105 
v -0.176709 -0.024989 -0.0105 
v -0.176916 -0.0249563 -0.0105 
v -0.177118 -0.0249021 -0.0105 
v -0.177313 -0.0248271 -0.0105 
v -0.1775 -0.0247321 -0.0105 
v -0.177676 -0.024618 -0.0105 
v -0.177838 -0.0244863 -0.0105 
v -0.177986 -0.0243383 -0.0105 
v -0.178118 -0.0241756 -0.0105 
v -0.178232 -0.024 -0.0105 
v -0.178327 -0.0238135 -0.0105 
v -0.178402 -0.023618 -0.0105 
v -0.178456 -0.0234158 -0.0105 
v -0.178489 -0.0232091 -0.0105 
v -0.1765 -0.0249563 -0.0109158 
v -0.1765 -0.0249021 -0.011118 
v -0.1765 -0.0248271 -0.0113135 
v -0.1765 -0.0247321 -0.0115 
v -0.1765 -0.024618 -0.0116756 
v -0.1765 -0.0244863 -0.0118383 
v -0.1765 -0.0243383 -0.0119863 
v -0.1765 -0.0241756 -0.012118 
v -0.1765 -0.024 -0.0122321 
v -0.1765 -0.0238135 -0.0123271 
v -0.1765 -0.023618 -0.0124021 
v -0.1765 -0.0234158 -0.0124563 
v -0.1765 -0.0232091 -0.012489 
v -0.176708 -0.0249781 -0.0107091 
v -0.176914 -0.0249456 -0.0107091 
v -0.177115 -0.0248917 -0.0107091 
v -0.177309 -0.0248171 -0.0107091 
v -0.177495 -0.0247226 -0.0107091 
v -0.177669 -0.0246092 -0.0107091 
v -0.177831 -0.0244781 -0.0107091 
v -0.177978 -0.0243309 -0.0107091 
v -0.178109 -0.0241691 -0.0107091 
v -0.178223 -0.0239945 -0.0107091 
v -0.178317 -0.023809 -0.0107091 
v -0.178392 -0.0236146 -0.0107091 
v -0.178446 -0.0234135 -0.0107091 
v -0.178478 -0.0232079 -0.0107091 
v -0.176704 -0.0249456 -0.0109158 
v -0.176907 -0.0249135 -0.0109158 
v -0.177105 -0.0248605 -0.0109158 
v -0.177296 -0.0247872 -0.0109158 
v -0.177478 -0.0246942 -0.0109158 
v -0.17765 -0.0245827 -0.0109158 
v -0.177809 -0.0244538 -0.0109158 
v -0.177954 -0.024309 -0.0109158 
v -0.178083 -0.0241499 -0.0109158 
v -0.178194 -0.0239781 -0.0109158 
v -0.178287 -0.0237957 -0.0109158 
v -0.178361 -0.0236045 -0.0109158 
v -0.178414 -0.0234067 -0.0109158 
v -0.178446 -0.0232045 -0.0109158 
v -0.176699 -0.0248917 -0.011118 
v -0.176895 -0.0248605 -0.011118 
v -0.177088 -0.024809 -0.011118 
v -0.177274 -0.0247377 -0.011118 
v -0.177451 -0.0246473 -0.011118 
v -0.177618 -0.0245388 -0.011118 
v -0.177773 -0.0244135 -0.011118 
v -0.177914 -0.0242728 -0.011118 
v -0.178039 -0.024118 -0.011118 
v -0.178147 -0.0239511 -0.011118 
v -0.178238 -0.0237737 -0.011118 
v -0.178309 -0.0235878 -0.011118 
v -0.178361 -0.0233955 -0.011118 
v -0.178392 -0.0231988 -0.011118 
v -0.176691 -0.0248171 -0.0113135 
v -0.17688 -0.0247872 -0.0113135 
v -0.177065 -0.0247377 -0.0113135 
v -0.177243 -0.0246691 -0.0113135 
v -0.177414 -0.0245823 -0.0113135 
v -0.177574 -0.0244781 -0.0113135 
v -0.177723 -0.0243578 -0.0113135 
v -0.177858 -0.0242226 -0.0113135 
v -0.177978 -0.0240739 -0.0113135 
v -0.178082 -0.0239135 -0.0113135 
v -0.178169 -0.0237431 -0.0113135 
v -0.178238 -0.0235646 -0.0113135 
v -0.178287 -0.0233799 -0.0113135 
v -0.178317 -0.023191 -0.0113135 
v -0.176681 -0.0247226 -0.0115 
v -0.17686 -0.0246942 -0.0115 
v -0.177035 -0.0246473 -0.0115 
v -0.177204 -0.0245823 -0.0115 
v -0.177366 -0.0245 -0.0115 
v -0.177518 -0.0244013 -0.0115 
v -0.177659 -0.0242872 -0.0115 
v -0.177787 -0.024159 -0.0115 
v -0.177901 -0.0240181 -0.0115 
v -0.178 -0.023866 -0.0115 
v -0.178082 -0.0237045 -0.0115 
v -0.178147 -0.0235352 -0.0115 
v -0.178194 -0.0233601 -0.0115 
v -0.178223 -0.023181 -0.0115 
v -0.176669 -0.0246092 -0.0116756 
v -0.176836 -0.0245827 -0.0116756 
v -0.177 -0.0245388 -0.0116756 
v -0.177158 -0.0244781 -0.0116756 
v -0.177309 -0.0244013 -0.0116756 
v -0.177451 -0.024309 -0.0116756 
v -0.177583 -0.0242024 -0.0116756 
v -0.177702 -0.0240827 -0.0116756 
v -0.177809 -0.0239511 -0.0116756 
v -0.177901 -0.023809 -0.0116756 
v -0.177978 -0.0236581 -0.0116756 
v -0.178039 -0.0235 -0.0116756 
v -0.178083 -0.0233364 -0.0116756 
v -0.178109 -0.0231691 -0.0116756 
v -0.176655 -0.0244781 -0.0118383 
v -0.176809 -0.0244538 -0.0118383 
v -0.176959 -0.0244135 -0.0118383 
v -0.177105 -0.0243578 -0.0118383 
v -0.177243 -0.0242872 -0.0118383 
v -0.177374 -0.0242024 -0.0118383 
v -0.177495 -0.0241045 -0.0118383 
v -0.177605 -0.0239945 -0.0118383 
v -0.177702 -0.0238736 -0.0118383 
v -0.177787 -0.0237431 -0.0118383 
v -0.177858 -0.0236045 -0.0118383 
v -0.177914 -0.0234593 -0.0118383 
v -0.177954 -0.023309 -0.0118383 
v -0.177978 -0.0231554 -0.0118383 
v -0.17664 -0.0243309 -0.0119863 
v -0.176778 -0.024309 -0.0119863 
v -0.176914 -0.0242728 -0.0119863 
v -0.177044 -0.0242226 -0.0119863 
v -0.177169 -0.024159 -0.0119863 
v -0.177287 -0.0240827 -0.0119863 
v -0.177395 -0.0239945 -0.0119863 
v -0.177495 -0.0238955 -0.0119863 
v -0.177583 -0.0237866 -0.0119863 
v -0.177659 -0.0236691 -0.0119863 
v -0.177723 -0.0235443 -0.0119863 
v -0.177773 -0.0234135 -0.0119863 
v -0.177809 -0.0232782 -0.0119863 
v -0.177831 -0.0231399 -0.0119863 
v -0.176623 -0.0241691 -0.012118 
v -0.176744 -0.0241499 -0.012118 
v -0.176863 -0.024118 -0.012118 
v -0.176978 -0.0240739 -0.012118 
v -0.177088 -0.0240181 -0.012118 
v -0.177191 -0.0239511 -0.012118 
v -0.177287 -0.0238736 -0.012118 
v -0.177374 -0.0237866 -0.012118 
v -0.177451 -0.023691 -0.012118 
v -0.177518 -0.0235878 -0.012118 
v -0.177574 -0.0234781 -0.012118 
v -0.177618 -0.0233633 -0.012118 
v -0.17765 -0.0232444 -0.012118 
v -0.177669 -0.0231229 -0.012118 
v -0.176605 -0.0239945 -0.0122321 
v -0.176708 -0.0239781 -0.0122321 
v -0.176809 -0.0239511 -0.0122321 
v -0.176907 -0.0239135 -0.0122321 
v -0.177 -0.023866 -0.0122321 
v -0.177088 -0.023809 -0.0122321 
v -0.177169 -0.0237431 -0.0122321 
v -0.177243 -0.0236691 -0.0122321 
v -0.177309 -0.0235878 -0.0122321 
v -0.177366 -0.0235 -0.0122321 
v -0.177414 -0.0234067 -0.0122321 
v -0.177451 -0.023309 -0.0122321 
v -0.177478 -0.0232079 -0.0122321 
v -0.177495 -0.0231045 -0.0122321 
v -0.176585 -0.023809 -0.0123271 
v -0.176669 -0.0237957 -0.0123271 
v -0.176751 -0.0237737 -0.0123271 
v -0.176831 -0.0237431 -0.0123271 
v -0.176907 -0.0237045 -0.0123271 
v -0.176978 -0.0236581 -0.0123271 
v -0.177044 -0.0236045 -0.0123271 
v -0.177105 -0.0235443 -0.0123271 
v -0.177158 -0.0234781 -0.0123271 
v -0.177204 -0.0234067 -0.0123271 
v -0.177243 -0.0233309 -0.0123271 
v -0.177274 -0.0232514 -0.0123271 
v -0.177296 -0.0231691 -0.0123271 
v -0.177309 -0.023085 -0.0123271 
v -0.176565 -0.0236146 -0.0124021 
v -0.176628 -0.0236045 -0.0124021 
v -0.176691 -0.0235878 -0.0124021 
v -0.176751 -0.0235646 -0.0124021 
v -0.176809 -0.0235352 -0.0124021 
v -0.176863 -0.0235 -0.0124021 
v -0.176914 -0.0234593 -0.0124021 
v -0.176959 -0.0234135 -0.0124021 
v -0.177 -0.0233633 -0.0124021 
v -0.177035 -0.023309 -0.0124021 
v -0.177065 -0.0232514 -0.0124021 
v -0.177088 -0.023191 -0.0124021 
v -0.177105 -0.0231285 -0.0124021 
v -0.177115 -0.0230646 -0.0124021 
v -0.176543 -0.0234135 -0.0124563 
v -0.176586 -0.0234067 -0.0124563 
v -0.176628 -0.0233955 -0.0124563 
v -0.176669 -0.0233799 -0.0124563 
v -0.176708 -0.0233601 -0.0124563 
v -0.176744 -0.0233364 -0.0124563 
v -0.176778 -0.023309 -0.0124563 
v -0.176809 -0.0232782 -0.0124563 
v -0.176836 -0.0232444 -0.0124563 
v -0.17686 -0.0232079 -0.0124563 
v -0.17688 -0.0231691 -0.0124563 
v -0.176895 -0.0231285 -0.0124563 
v -0.176907 -0.0230865 -0.0124563 
v -0.176914 -0.0230435 -0.0124563 
v -0.176522 -0.0232079 -0.012489 
v -0.176543 -0.0232045 -0.012489 
v -0.176565 -0.0231988 -0.012489 
v -0.176585 -0.023191 -0.012489 
v -0.176605 -0.023181 -0.012489 
v -0.176623 -0.0231691 -0.012489 
v -0.17664 -0.0231554 -0.012489 
v -0.176655 -0.0231399 -0.012489 
v -0.176669 -0.0231229 -0.012489 
v -0.176681 -0.0231045 -0.012489 
v -0.176691 -0.023085 -0.012489 
v -0.176699 -0.0230646 -0.012489 
v -0.176704 -0.0230435 -0.012489 
v -0.176708 -0.0230219 -0.012489 
v -0.171 -0.025 -0.0105 
v -0.171 -0.024989 -0.0107091 
v -0.171 -0.0249563 -0.0109158 
v -0.171 -0.0249021 -0.011118 
v -0.171 -0.0248271 -0.0113135 
v -0.171 -0.0247321 -0.0115 
v -0.171 -0.024618 -0.0116756 
v -0.171 -0.0244863 -0.0118383 
v -0.171 -0.0243383 -0.0119863 
v -0.171 -0.0241756 -0.012118 
v -0.171 -0.024 -0.0122321 
v -0.171 -0.0238135 -0.0123271 
v -0.171 -0.023618 -0.0124021 
v -0.171 -0.0234158 -0.0124563 
v -0.171 -0.0232091 -0.012489 
v -0.171 -0.023 -0.0125 
v -0.1765 -0.025 0.0105 
v -0.176709 -0.024989 0.0105 
v -0.176916 -0.0249563 0.0105 
v -0.177118 -0.0249021 0.0105 
v -0.177313 -0.0248271 0.0105 
v -0.1775 -0.0247321 0.0105 
v -0.177676 -0.024618 0.0105 
v -0.177838 -0.0244863 0.0105 
v -0.177986 -0.0243383 0.0105 
v -0.178118 -0.0241756 0.0105 
v -0.178232 -0.024 0.0105 
v -0.178327 -0.0238135 0.0105 
v -0.178402 -0.023618 0.0105 
v -0.178456 -0.0234158 0.0105 
v -0.178489 -0.0232091 0.0105 
v -0.1765 -0.023 0.0125 
v -0.1765 0.01 0.0125 
v -0.176709 0.01 0.012489 
v -0.176709 -0.023 0.012489 
v -0.176916 0.01 0.0124563 
v -0.176916 -0.023 0.0124563 
v -0.177118 0.01 0.0124021 
v -0.177118 -0.023 0.0124021 
v -0.177313 0.01 0.0123271 
v -0.177313 -0.023 0.0123271 
v -0.1775 0.01 0.0122321 
v -0.1775 -0.023 0.0122321 
v -0.177676 0.01 0.012118 
v -0.177676 -0.023 0.012118 
v -0.177838 0.01 0.0119863 
v -0.177838 -0.023 0.0119863 
v -0.177986 0.01 0.0118383 
v -0.177986 -0.023 0.0118383 
v -0.178118 0.01 0.0116756 
v -0.178118 -0.023 0.0116756 
v -0.178232 0.01 0.0115 
v -0.178232 -0.023 0.0115 
v -0.178327 0.01 0.0113135 
v -0.178327 -0.023 0.0113135 
v -0.178402 0.01 0.011118 
v -0.178402 -0.023 0.011118 
v -0.178456 0.01 0.0109158 
v -0.178456 -0.023 0.0109158 
v -0.178489 0.01 0.0107091 
v -0.178489 -0.023 0.0107091 
v -0.1765 -0.024989 0.0107091 
v -0.1765 -0.0249563 0.0109158 
v -0.1765 -0.0249021 0.011118 
v -0.1765 -0.0248271 0.0113135 
v -0.1765 -0.0247321 0.0115 
v -0.1765 -0.024618 0.0116756 
v -0.1765 -0.0244863 0.0118383 
v -0.1765 -0.0243383 0.0119863 
v -0.1765 -0.0241756 0.012118 
v -0.1765 -0.024 0.0122321 
v -0.1765 -0.0238135 0.0123271 
v -0.1765 -0.023618 0.0124021 
v -0.1765 -0.0234158 0.0124563 
v -0.1765 -0.0232091 0.012489 
v -0.176709 -0.0249781 0.0107079 
v -0.176709 -0.0249456 0.0109135 
v -0.176709 -0.0248917 0.0111146 
v -0.176709 -0.0248171 0.011309 
v -0.176709 -0.0247226 0.0114945 
v -0.176709 -0.0246092 0.0116691 
v -0.176709 -0.0244781 0.0118309 
v -0.176709 -0.0243309 0.0119781 
v -0.176709 -0.0241691 0.0121092 
v -0.176709 -0.0239945 0.0122226 
v -0.176709 -0.023809 0.0123171 
v -0.176709 -0.0236146 0.0123917 
v -0.176709 -0.0234135 0.0124456 
v -0.176709 -0.0232079 0.0124781 
v -0.176916 -0.0249456 0.0107045 
v -0.176916 -0.0249135 0.0109067 
v -0.176916 -0.0248605 0.0111045 
v -0.176916 -0.0247872 0.0112957 
v -0.176916 -0.0246942 0.0114781 
v -0.176916 -0.0245827 0.0116499 
v -0.176916 -0.0244538 0.011809 
v -0.176916 -0.024309 0.0119538 
v -0.176916 -0.0241499 0.0120827 
v -0.176916 -0.0239781 0.0121942 
v -0.176916 -0.0237957 0.0122872 
v -0.176916 -0.0236045 0.0123605 
v -0.176916 -0.0234067 0.0124135 
v -0.176916 -0.0232045 0.0124456 
v -0.177118 -0.0248917 0.0106988 
v -0.177118 -0.0248605 0.0108955 
v -0.177118 -0.024809 0.0110878 
v -0.177118 -0.0247377 0.0112737 
v -0.177118 -0.0246473 0.0114511 
v -0.177118 -0.0245388 0.011618 
v -0.177118 -0.0244135 0.0117728 
v -0.177118 -0.0242728 0.0119135 
v -0.177118 -0.024118 0.0120388 
v -0.177118 -0.0239511 0.0121473 
v -0.177118 -0.0237737 0.0122377 
v -0.177118 -0.0235878 0.012309 
v -0.177118 -0.0233955 0.0123605 
v -0.177118 -0.0231988 0.0123917 
v -0.177313 -0.0248171 0.010691 
v -0.177313 -0.0247872 0.0108799 
v -0.177313 -0.0247377 0.0110646 
v -0.177313 -0.0246691 0.0112431 
v -0.177313 -0.0245823 0.0114135 
v -0.177313 -0.0244781 0.0115739 
v -0.177313 -0.0243578 0.0117226 
v -0.177313 -0.0242226 0.0118578 
v -0.177313 -0.0240739 0.0119781 
v -0.177313 -0.0239135 0.0120823 
v -0.177313 -0.0237431 0.0121691 
v -0.177313 -0.0235646 0.0122377 
v -0.177313 -0.0233799 0.0122872 
v -0.177313 -0.023191 0.0123171 
v -0.1775 -0.0247226 0.010681 
v -0.1775 -0.0246942 0.0108601 
v -0.1775 -0.0246473 0.0110352 
v -0.1775 -0.0245823 0.0112045 
v -0.1775 -0.0245 0.011366 
v -0.1775 -0.0244013 0.0115181 
v -0.1775 -0.0242872 0.011659 
v -0.1775 -0.024159 0.0117872 
v -0.1775 -0.0240181 0.0119013 
v -0.1775 -0.023866 0.012 
v -0.1775 -0.0237045 0.0120823 
v -0.1775 -0.0235352 0.0121473 
v -0.1775 -0.0233601 0.0121942 
v -0.1775 -0.023181 0.0122226 
v -0.177676 -0.0246092 0.0106691 
v -0.177676 -0.0245827 0.0108364 
v -0.177676 -0.0245388 0.011 
v -0.177676 -0.0244781 0.0111581 
v -0.177676 -0.0244013 0.011309 
v -0.177676 -0.024309 0.0114511 
v -0.177676 -0.0242024 0.0115827 
v -0.177676 -0.0240827 0.0117024 
v -0.177676 -0.0239511 0.011809 
v -0.177676 -0.023809 0.0119013 
v -0.177676 -0.0236581 0.0119781 
v -0.177676 -0.0235 0.0120388 
v -0.177676 -0.0233364 0.0120827 
v -0.177676 -0.0231691 0.0121092 
v -0.177838 -0.0244781 0.0106554 
v -0.177838 -0.0244538 0.010809 
v -0.177838 -0.0244135 0.0109593 
v -0.177838 -0.0243578 0.0111045 
v -0.177838 -0.0242872 0.0112431 
v -0.177838 -0.0242024 0.0113736 
v -0.177838 -0.0241045 0.0114945 
v -0.177838 -0.0239945 0.0116045 
v -0.177838 -0.0238736 0.0117024 
v -0.177838 -0.0237431 0.0117872 
v -0.177838 -0.0236045 0.0118578 
v -0.177838 -0.0234593 0.0119135 
v -0.177838 -0.023309 0.0119538 
v -0.177838 -0.0231554 0.0119781 
v -0.177986 -0.0243309 0.0106399 
v -0.177986 -0.024309 0.0107782 
v -0.177986 -0.0242728 0.0109135 
v -0.177986 -0.0242226 0.0110443 
v -0.177986 -0.024159 0.0111691 
v -0.177986 -0.0240827 0.0112866 
v -0.177986 -0.0239945 0.0113955 
v -0.177986 -0.0238955 0.0114945 
v -0.177986 -0.0237866 0.0115827 
v -0.177986 -0.0236691 0.011659 
v -0.177986 -0.0235443 0.0117226 
v -0.177986 -0.0234135 0.0117728 
v -0.177986 -0.0232782 0.011809 
v -0.177986 -0.0231399 0.0118309 
v -0.178118 -0.0241691 0.0106229 
v -0.178118 -0.0241499 0.0107444 
v -0.178118 -0.024118 0.0108633 
v -0.178118 -0.0240739 0.0109781 
v -0.178118 -0.0240181 0.0110878 
v -0.178118 -0.0239511 0.011191 
v -0.178118 -0.0238736 0.0112866 
v -0.178118 -0.0237866 0.0113736 
v -0.178118 -0.023691 0.0114511 
v -0.178118 -0.0235878 0.0115181 
v -0.178118 -0.0234781 0.0115739 
v -0.178118 -0.0233633 0.011618 
v -0.178118 -0.0232444 0.0116499 
v -0.178118 -0.0231229 0.0116691 
v -0.178232 -0.0239945 0.0106045 
v -0.178232 -0.0239781 0.0107079 
v -0.178232 -0.0239511 0.010809 
v -0.178232 -0.0239135 0.0109067 
v -0.178232 -0.023866 0.011 
v -0.178232 -0.023809 0.0110878 
v -0.178232 -0.0237431 0.0111691 
v -0.178232 -0.0236691 0.0112431 
v -0.178232 -0.0235878 0.011309 
v -0.178232 -0.0235 0.011366 
v -0.178232 -0.0234067 0.0114135 
v -0.178232 -0.023309 0.0114511 
v -0.178232 -0.0232079 0.0114781 
v -0.178232 -0.0231045 0.0114945 
v -0.178327 -0.023809 0.010585 
v -0.178327 -0.0237957 0.0106691 
v -0.178327 -0.0237737 0.0107514 
v -0.178327 -0.0237431 0.0108309 
v -0.178327 -0.0237045 0.0109067 
v -0.178327 -0.0236581 0.0109781 
v -0.178327 -0.0236045 0.0110443 
v -0.178327 -0.0235443 0.0111045 
v -0.178327 -0.0234781 0.0111581 
v -0.178327 -0.0234067 0.0112045 
v -0.178327 -0.0233309 0.0112431 
v -0.178327 -0.0232514 0.0112737 
v -0.178327 -0.0231691 0.0112957 
v -0.178327 -0.023085 0.011309 
v -0.178402 -0.0236146 0.0105646 
v -0.178402 -0.0236045 0.0106285 
v -0.178402 -0.0235878 0.010691 
v -0.178402 -0.0235646 0.0107514 
v -0.178402 -0.0235352 0.010809 
v -0.178402 -0.0235 0.0108633 
v -0.178402 -0.0234593 0.0109135 
v -0.178402 -0.0234135 0.0109593 
v -0.178402 -0.0233633 0.011 
v -0.178402 -0.023309 0.0110352 
v -0.178402 -0.0232514 0.0110646 
v -0.178402 -0.023191 0.0110878 
v -0.178402 -0.0231285 0.0111045 
v -0.178402 -0.0230646 0.0111146 
v -0.178456 -0.0234135 0.0105435 
v -0.178456 -0.0234067 0.0105865 
v -0.178456 -0.0233955 0.0106285 
v -0.178456 -0.0233799 0.0106691 
v -0.178456 -0.0233601 0.0107079 
v -0.178456 -0.0233364 0.0107444 
v -0.178456 -0.023309 0.0107782 
v -0.178456 -0.0232782 0.010809 
v -0.178456 -0.0232444 0.0108364 
v -0.178456 -0.0232079 0.0108601 
v -0.178456 -0.0231691 0.0108799 
v -0.178456 -0.0231285 0.0108955 
v -0.178456 -0.0230865 0.0109067 
v -0.178456 -0.0230435 0.0109135 
v -0.178489 -0.0232079 0.0105219 
v -0.178489 -0.0232045 0.0105435 
v -0.178489 -0.0231988 0.0105646 
v -0.178489 -0.023191 0.010585 
v -0.178489 -0.023181 0.0106045 
v -0.178489 -0.0231691 0.0106229 
v -0.178489 -0.0231554 0.0106399 
v -0.178489 -0.0231399 0.0106554 
v -0.178489 -0.0231229 0.0106691 
v -0.178489 -0.0231045 0.010681 
v -0.178489 -0.023085 0.010691 
v -0.178489 -0.0230646 0.0106988 
v -0.178489 -0.0230435 0.0107045 
v -0.178489 -0.0230219 0.0107079 
v -0.171 -0.025 0.0105 
v -0.169 -0.023 -0.0105 
v -0.169 -0.023 0.0105 
v -0.169011 -0.0232091 0.0105 
v -0.169011 -0.0232091 -0.0105 
v -0.169044 -0.0234158 0.0105 
v -0.169044 -0.0234158 -0.0105 
v -0.169098 -0.023618 0.0105 
v -0.169098 -0.023618 -0.0105 
v -0.169173 -0.0238135 0.0105 
v -0.169173 -0.0238135 -0.0105 
v -0.169268 -0.024 0.0105 
v -0.169268 -0.024 -0.0105 
v -0.169382 -0.0241756 0.0105 
v -0.169382 -0.0241756 -0.0105 
v -0.169514 -0.0243383 0.0105 
v -0.169514 -0.0243383 -0.0105 
v -0.169662 -0.0244863 0.0105 
v -0.169662 -0.0244863 -0.0105 
v -0.169824 -0.024618 0.0105 
v -0.169824 -0.024618 -0.0105 
v -0.17 -0.0247321 0.0105 
v -0.17 -0.0247321 -0.0105 
v -0.170187 -0.0248271 0.0105 
v -0.170187 -0.0248271 -0.0105 
v -0.170382 -0.0249021 0.0105 
v -0.170382 -0.0249021 -0.0105 
v -0.170584 -0.0249563 0.0105 
v -0.170584 -0.0249563 -0.0105 
v -0.170791 -0.024989 0.0105 
v -0.170791 -0.024989 -0.0105 
v -0.171 -0.024989 0.0107091 
v -0.171 -0.0249563 0.0109158 
v -0.171 -0.0249021 0.011118 
v -0.171 -0.0248271 0.0113135 
v -0.171 -0.0247321 0.0115 
v -0.171 -0.024618 0.0116756 
v -0.171 -0.0244863 0.0118383 
v -0.171 -0.0243383 0.0119863 
v -0.171 -0.0241756 0.012118 
v -0.171 -0.024 0.0122321 
v -0.171 -0.0238135 0.0123271 
v -0.171 -0.023618 0.0124021 
v -0.171 -0.0234158 0.0124563 
v -0.171 -0.0232091 0.012489 
v -0.171 -0.023 0.0125 
v -0.169011 -0.023 -0.0107091 
v -0.169044 -0.023 -0.0109158 
v -0.169098 -0.023 -0.011118 
v -0.169173 -0.023 -0.0113135 
v -0.169268 -0.023 -0.0115 
v -0.169382 -0.023 -0.0116756 
v -0.169514 -0.023 -0.0118383 
v -0.169662 -0.023 -0.0119863 
v -0.169824 -0.023 -0.012118 
v -0.17 -0.023 -0.0122321 
v -0.170187 -0.023 -0.0123271 
v -0.170382 -0.023 -0.0124021 
v -0.170584 -0.023 -0.0124563 
v -0.170791 -0.023 -0.012489 
v -0.169022 -0.0232079 -0.0107091 
v -0.169054 -0.0234135 -0.0107091 
v -0.169108 -0.0236146 -0.0107091 
v -0.169183 -0.023809 -0.0107091 
v -0.169277 -0.0239945 -0.0107091 
v -0.169391 -0.0241691 -0.0107091 
v -0.169522 -0.0243309 -0.0107091 
v -0.169669 -0.0244781 -0.0107091 
v -0.169831 -0.0246092 -0.0107091 
v -0.170005 -0.0247226 -0.0107091 
v -0.170191 -0.0248171 -0.0107091 
v -0.170385 -0.0248917 -0.0107091 
v -0.170586 -0.0249456 -0.0107091 
v -0.170792 -0.0249781 -0.0107091 
v -0.169054 -0.0232045 -0.0109158 
v -0.169086 -0.0234067 -0.0109158 
v -0.169139 -0.0236045 -0.0109158 
v -0.169213 -0.0237957 -0.0109158 
v -0.169306 -0.0239781 -0.0109158 
v -0.169417 -0.0241499 -0.0109158 
v -0.169546 -0.024309 -0.0109158 
v -0.169691 -0.0244538 -0.0109158 
v -0.16985 -0.0245827 -0.0109158 
v -0.170022 -0.0246942 -0.0109158 
v -0.170204 -0.0247872 -0.0109158 
v -0.170395 -0.0248605 -0.0109158 
v -0.170593 -0.0249135 -0.0109158 
v -0.170796 -0.0249456 -0.0109158 
v -0.169108 -0.0231988 -0.011118 
v -0.169139 -0.0233955 -0.011118 
v -0.169191 -0.0235878 -0.011118 
v -0.169262 -0.0237737 -0.011118 
v -0.169353 -0.0239511 -0.011118 
v -0.169461 -0.024118 -0.011118 
v -0.169586 -0.0242728 -0.011118 
v -0.169727 -0.0244135 -0.011118 
v -0.169882 -0.0245388 -0.011118 
v -0.170049 -0.0246473 -0.011118 
v -0.170226 -0.0247377 -0.011118 
v -0.170412 -0.024809 -0.011118 
v -0.170605 -0.0248605 -0.011118 
v -0.170801 -0.0248917 -0.011118 
v -0.169183 -0.023191 -0.0113135 
v -0.169213 -0.0233799 -0.0113135 
v -0.169262 -0.0235646 -0.0113135 
v -0.169331 -0.0237431 -0.0113135 
v -0.169418 -0.0239135 -0.0113135 
v -0.169522 -0.0240739 -0.0113135 
v -0.169642 -0.0242226 -0.0113135 
v -0.169777 -0.0243578 -0.0113135 
v -0.169926 -0.0244781 -0.0113135 
v -0.170086 -0.0245823 -0.0113135 
v -0.170257 -0.0246691 -0.0113135 
v -0.170435 -0.0247377 -0.0113135 
v -0.17062 -0.0247872 -0.0113135 
v -0.170809 -0.0248171 -0.0113135 
v -0.169277 -0.023181 -0.0115 
v -0.169306 -0.0233601 -0.0115 
v -0.169353 -0.0235352 -0.0115 
v -0.169418 -0.0237045 -0.0115 
v -0.1695 -0.023866 -0.0115 
v -0.169599 -0.0240181 -0.0115 
v -0.169713 -0.024159 -0.0115 
v -0.169841 -0.0242872 -0.0115 
v -0.169982 -0.0244013 -0.0115 
v -0.170134 -0.0245 -0.0115 
v -0.170296 -0.0245823 -0.0115 
v -0.170465 -0.0246473 -0.0115 
v -0.17064 -0.0246942 -0.0115 
v -0.170819 -0.0247226 -0.0115 
v -0.169391 -0.0231691 -0.0116756 
v -0.169417 -0.0233364 -0.0116756 
v -0.169461 -0.0235 -0.0116756 
v -0.169522 -0.0236581 -0.0116756 
v -0.169599 -0.023809 -0.0116756 
v -0.169691 -0.0239511 -0.0116756 
v -0.169798 -0.0240827 -0.0116756 
v -0.169917 -0.0242024 -0.0116756 
v -0.170049 -0.024309 -0.0116756 
v -0.170191 -0.0244013 -0.0116756 
v -0.170342 -0.0244781 -0.0116756 
v -0.1705 -0.0245388 -0.0116756 
v -0.170664 -0.0245827 -0.0116756 
v -0.170831 -0.0246092 -0.0116756 
v -0.169522 -0.0231554 -0.0118383 
v -0.169546 -0.023309 -0.0118383 
v -0.169586 -0.0234593 -0.0118383 
v -0.169642 -0.0236045 -0.0118383 
v -0.169713 -0.0237431 -0.0118383 
v -0.169798 -0.0238736 -0.0118383 
v -0.169895 -0.0239945 -0.0118383 
v -0.170005 -0.0241045 -0.0118383 
v -0.170126 -0.0242024 -0.0118383 
v -0.170257 -0.0242872 -0.0118383 
v -0.170395 -0.0243578 -0.0118383 
v -0.170541 -0.0244135 -0.0118383 
v -0.170691 -0.0244538 -0.0118383 
v -0.170845 -0.0244781 -0.0118383 
v -0.169669 -0.0231399 -0.0119863 
v -0.169691 -0.0232782 -0.0119863 
v -0.169727 -0.0234135 -0.0119863 
v -0.169777 -0.0235443 -0.0119863 
v -0.169841 -0.0236691 -0.0119863 
v -0.169917 -0.0237866 -0.0119863 
v -0.170005 -0.0238955 -0.0119863 
v -0.170105 -0.0239945 -0.0119863 
v -0.170213 -0.0240827 -0.0119863 
v -0.170331 -0.024159 -0.0119863 
v -0.170456 -0.0242226 -0.0119863 
v -0.170586 -0.0242728 -0.0119863 
v -0.170722 -0.024309 -0.0119863 
v -0.17086 -0.0243309 -0.0119863 
v -0.169831 -0.0231229 -0.012118 
v -0.16985 -0.0232444 -0.012118 
v -0.169882 -0.0233633 -0.012118 
v -0.169926 -0.0234781 -0.012118 
v -0.169982 -0.0235878 -0.012118 
v -0.170049 -0.023691 -0.012118 
v -0.170126 -0.0237866 -0.012118 
v -0.170213 -0.0238736 -0.012118 
v -0.170309 -0.0239511 -0.012118 
v -0.170412 -0.0240181 -0.012118 
v -0.170522 -0.0240739 -0.012118 
v -0.170637 -0.024118 -0.012118 
v -0.170756 -0.0241499 -0.012118 
v -0.170877 -0.0241691 -0.012118 
v -0.170005 -0.0231045 -0.0122321 
v -0.170022 -0.0232079 -0.0122321 
v -0.170049 -0.023309 -0.0122321 
v -0.170086 -0.0234067 -0.0122321 
v -0.170134 -0.0235 -0.0122321 
v -0.170191 -0.0235878 -0.0122321 
v -0.170257 -0.0236691 -0.0122321 
v -0.170331 -0.0237431 -0.0122321 
v -0.170412 -0.023809 -0.0122321 
v -0.1705 -0.023866 -0.0122321 
v -0.170593 -0.0239135 -0.0122321 
v -0.170691 -0.0239511 -0.0122321 
v -0.170792 -0.0239781 -0.0122321 
v -0.170895 -0.0239945 -0.0122321 
v -0.170191 -0.023085 -0.0123271 
v -0.170204 -0.0231691 -0.0123271 
v -0.170226 -0.0232514 -0.0123271 
v -0.170257 -0.0233309 -0.0123271 
v -0.170296 -0.0234067 -0.0123271 
v -0.170342 -0.0234781 -0.0123271 
v -0.170395 -0.0235443 -0.0123271 
v -0.170456 -0.0236045 -0.0123271 
v -0.170522 -0.0236581 -0.0123271 
v -0.170593 -0.0237045 -0.0123271 
v -0.170669 -0.0237431 -0.0123271 
v -0.170749 -0.0237737 -0.0123271 
v -0.170831 -0.0237957 -0.0123271 
v -0.170915 -0.023809 -0.0123271 
v -0.170385 -0.0230646 -0.0124021 
v -0.170395 -0.0231285 -0.0124021 
v -0.170412 -0.023191 -0.0124021 
v -0.170435 -0.0232514 -0.0124021 
v -0.170465 -0.023309 -0.0124021 
v -0.1705 -0.0233633 -0.0124021 
v -0.170541 -0.0234135 -0.0124021 
v -0.170586 -0.0234593 -0.0124021 
v -0.170637 -0.0235 -0.0124021 
v -0.170691 -0.0235352 -0.0124021 
v -0.170749 -0.0235646 -0.0124021 
v -0.170809 -0.0235878 -0.0124021 
v -0.170872 -0.0236045 -0.0124021 
v -0.170935 -0.0236146 -0.0124021 
v -0.170586 -0.0230435 -0.0124563 
v -0.170593 -0.0230865 -0.0124563 
v -0.170605 -0.0231285 -0.0124563 
v -0.17062 -0.0231691 -0.0124563 
v -0.17064 -0.0232079 -0.0124563 
v -0.170664 -0.0232444 -0.0124563 
v -0.170691 -0.0232782 -0.0124563 
v -0.170722 -0.023309 -0.0124563 
v -0.170756 -0.0233364 -0.0124563 
v -0.170792 -0.0233601 -0.0124563 
v -0.170831 -0.0233799 -0.0124563 
v -0.170872 -0.0233955 -0.0124563 
v -0.170914 -0.0234067 -0.0124563 
v -0.170957 -0.0234135 -0.0124563 
v -0.170792 -0.0230219 -0.012489 
v -0.170796 -0.0230435 -0.012489 
v -0.170801 -0.0230646 -0.012489 
v -0.170809 -0.023085 -0.012489 
v -0.170819 -0.0231045 -0.012489 
v -0.170831 -0.0231229 -0.012489 
v -0.170845 -0.0231399 -0.012489 
v -0.17086 -0.0231554 -0.012489 
v -0.170877 -0.0231691 -0.012489 
v -0.170895 -0.023181 -0.012489 
v -0.170915 -0.023191 -0.012489 
v -0.170935 -0.0231988 -0.012489 
v -0.170957 -0.0232045 -0.012489 
v -0.170978 -0.0232079 -0.012489 
v -0.171 0.002 -0.0125 
v -0.170791 0.00179094 -0.012489 
v -0.170584 0.00158418 -0.0124563 
v -0.170382 0.00138197 -0.0124021 
v -0.170187 0.00118653 -0.0123271 
v -0.17 0.001 -0.0122321 
v -0.169824 0.000824429 -0.012118 
v -0.169662 0.000661739 -0.0119863 
v -0.169514 0.00051371 -0.0118383 
v -0.169382 0.000381966 -0.0116756 
v -0.169323 0.000322659 -0.0115893 
v -0.169268 0.000267949 -0.0115 
v -0.169218 0.000217987 -0.011408 
v -0.169173 0.000172909 -0.0113135 
v -0.169133 0.000132839 -0.0112167 
v -0.169098 9.7887e-05 -0.011118 
v -0.169068 6.81483e-05 -0.0110176 
v -0.169044 4.37048e-05 -0.0109158 
v -0.169025 2.46233e-05 -0.0108129 
v -0.169011 1.09562e-05 -0.0107091 
v -0.169003 2.74093e-06 -0.0106047 
v -0.169 0 -0.0105 
v -0.169011 -0.023 0.0107091 
v -0.169044 -0.023 0.0109158 
v -0.169098 -0.023 0.011118 
v -0.169173 -0.023 0.0113135 
v -0.169268 -0.023 0.0115 
v -0.169382 -0.023 0.0116756 
v -0.169514 -0.023 0.0118383 
v -0.169662 -0.023 0.0119863 
v -0.169824 -0.023 0.012118 
v -0.17 -0.023 0.0122321 
v -0.170187 -0.023 0.0123271 
v -0.170382 -0.023 0.0124021 
v -0.170584 -0.023 0.0124563 
v -0.170791 -0.023 0.012489 
v -0.169022 -0.0232091 0.0107079 
v -0.169054 -0.0232091 0.0109135 
v -0.169108 -0.0232091 0.0111146 
v -0.169183 -0.0232091 0.011309 
v -0.169277 -0.0232091 0.0114945 
v -0.169391 -0.0232091 0.0116691 
v -0.169522 -0.0232091 0.0118309 
v -0.169669 -0.0232091 0.0119781 
v -0.169831 -0.0232091 0.0121092 
v -0.170005 -0.0232091 0.0122226 
v -0.170191 -0.0232091 0.0123171 
v -0.170385 -0.0232091 0.0123917 
v -0.170586 -0.0232091 0.0124456 
v -0.170792 -0.0232091 0.0124781 
v -0.169054 -0.0234158 0.0107045 
v -0.169086 -0.0234158 0.0109067 
v -0.169139 -0.0234158 0.0111045 
v -0.169213 -0.0234158 0.0112957 
v -0.169306 -0.0234158 0.0114781 
v -0.169417 -0.0234158 0.0116499 
v -0.169546 -0.0234158 0.011809 
v -0.169691 -0.0234158 0.0119538 
v -0.16985 -0.0234158 0.0120827 
v -0.170022 -0.0234158 0.0121942 
v -0.170204 -0.0234158 0.0122872 
v -0.170395 -0.0234158 0.0123605 
v -0.170593 -0.0234158 0.0124135 
v -0.170796 -0.0234158 0.0124456 
v -0.169108 -0.023618 0.0106988 
v -0.169139 -0.023618 0.0108955 
v -0.169191 -0.023618 0.0110878 
v -0.169262 -0.023618 0.0112737 
v -0.169353 -0.023618 0.0114511 
v -0.169461 -0.023618 0.011618 
v -0.169586 -0.023618 0.0117728 
v -0.169727 -0.023618 0.0119135 
v -0.169882 -0.023618 0.0120388 
v -0.170049 -0.023618 0.0121473 
v -0.170226 -0.023618 0.0122377 
v -0.170412 -0.023618 0.012309 
v -0.170605 -0.023618 0.0123605 
v -0.170801 -0.023618 0.0123917 
v -0.169183 -0.0238135 0.010691 
v -0.169213 -0.0238135 0.0108799 
v -0.169262 -0.0238135 0.0110646 
v -0.169331 -0.0238135 0.0112431 
v -0.169418 -0.0238135 0.0114135 
v -0.169522 -0.0238135 0.0115739 
v -0.169642 -0.0238135 0.0117226 
v -0.169777 -0.0238135 0.0118578 
v -0.169926 -0.0238135 0.0119781 
v -0.170086 -0.0238135 0.0120823 
v -0.170257 -0.0238135 0.0121691 
v -0.170435 -0.0238135 0.0122377 
v -0.17062 -0.0238135 0.0122872 
v -0.170809 -0.0238135 0.0123171 
v -0.169277 -0.024 0.010681 
v -0.169306 -0.024 0.0108601 
v -0.169353 -0.024 0.0110352 
v -0.169418 -0.024 0.0112045 
v -0.1695 -0.024 0.011366 
v -0.169599 -0.024 0.0115181 
v -0.169713 -0.024 0.011659 
v -0.169841 -0.024 0.0117872 
v -0.169982 -0.024 0.0119013 
v -0.170134 -0.024 0.012 
v -0.170296 -0.024 0.0120823 
v -0.170465 -0.024 0.0121473 
v -0.17064 -0.024 0.0121942 
v -0.170819 -0.024 0.0122226 
v -0.169391 -0.0241756 0.0106691 
v -0.169417 -0.0241756 0.0108364 
v -0.169461 -0.0241756 0.011 
v -0.169522 -0.0241756 0.0111581 
v -0.169599 -0.0241756 0.011309 
v -0.169691 -0.0241756 0.0114511 
v -0.169798 -0.0241756 0.0115827 
v -0.169917 -0.0241756 0.0117024 
v -0.170049 -0.0241756 0.011809 
v -0.170191 -0.0241756 0.0119013 
v -0.170342 -0.0241756 0.0119781 
v -0.1705 -0.0241756 0.0120388 
v -0.170664 -0.0241756 0.0120827 
v -0.170831 -0.0241756 0.0121092 
v -0.169522 -0.0243383 0.0106554 
v -0.169546 -0.0243383 0.010809 
v -0.169586 -0.0243383 0.0109593 
v -0.169642 -0.0243383 0.0111045 
v -0.169713 -0.0243383 0.0112431 
v -0.169798 -0.0243383 0.0113736 
v -0.169895 -0.0243383 0.0114945 
v -0.170005 -0.0243383 0.0116045 
v -0.170126 -0.0243383 0.0117024 
v -0.170257 -0.0243383 0.0117872 
v -0.170395 -0.0243383 0.0118578 
v -0.170541 -0.0243383 0.0119135 
v -0.170691 -0.0243383 0.0119538 
v -0.170845 -0.0243383 0.0119781 
v -0.169669 -0.0244863 0.0106399 
v -0.169691 -0.0244863 0.0107782 
v -0.169727 -0.0244863 0.0109135 
v -0.169777 -0.0244863 0.0110443 
v -0.169841 -0.0244863 0.0111691 
v -0.169917 -0.0244863 0.0112866 
v -0.170005 -0.0244863 0.0113955 
v -0.170105 -0.0244863 0.0114945 
v -0.170213 -0.0244863 0.0115827 
v -0.170331 -0.0244863 0.011659 
v -0.170456 -0.0244863 0.0117226 
v -0.170586 -0.0244863 0.0117728 
v -0.170722 -0.0244863 0.011809 
v -0.17086 -0.0244863 0.0118309 
v -0.169831 -0.024618 0.0106229 
v -0.16985 -0.024618 0.0107444 
v -0.169882 -0.024618 0.0108633 
v -0.169926 -0.024618 0.0109781 
v -0.169982 -0.024618 0.0110878 
v -0.170049 -0.024618 0.011191 
v -0.170126 -0.024618 0.0112866 
v -0.170213 -0.024618 0.0113736 
v -0.170309 -0.024618 0.0114511 
v -0.170412 -0.024618 0.0115181 
v -0.170522 -0.024618 0.0115739 
v -0.170637 -0.024618 0.011618 
v -0.170756 -0.024618 0.0116499 
v -0.170877 -0.024618 0.0116691 
v -0.170005 -0.0247321 0.0106045 
v -0.170022 -0.0247321 0.0107079 
v -0.170049 -0.0247321 0.010809 
v -0.170086 -0.0247321 0.0109067 
v -0.170134 -0.0247321 0.011 
v -0.170191 -0.0247321 0.0110878 
v -0.170257 -0.0247321 0.0111691 
v -0.170331 -0.0247321 0.0112431 
v -0.170412 -0.0247321 0.011309 
v -0.1705 -0.0247321 0.011366 
v -0.170593 -0.0247321 0.0114135 
v -0.170691 -0.0247321 0.0114511 
v -0.170792 -0.0247321 0.0114781 
v -0.170895 -0.0247321 0.0114945 
v -0.170191 -0.0248271 0.010585 
v -0.170204 -0.0248271 0.0106691 
v -0.170226 -0.0248271 0.0107514 
v -0.170257 -0.0248271 0.0108309 
v -0.170296 -0.0248271 0.0109067 
v -0.170342 -0.0248271 0.0109781 
v -0.170395 -0.0248271 0.0110443 
v -0.170456 -0.0248271 0.0111045 
v -0.170522 -0.0248271 0.0111581 
v -0.170593 -0.0248271 0.0112045 
v -0.170669 -0.0248271 0.0112431 
v -0.170749 -0.0248271 0.0112737 
v -0.170831 -0.0248271 0.0112957 
v -0.170915 -0.0248271 0.011309 
v -0.170385 -0.0249021 0.0105646 
v -0.170395 -0.0249021 0.0106285 
v -0.170412 -0.0249021 0.010691 
v -0.170435 -0.0249021 0.0107514 
v -0.170465 -0.0249021 0.010809 
v -0.1705 -0.0249021 0.0108633 
v -0.170541 -0.0249021 0.0109135 
v -0.170586 -0.0249021 0.0109593 
v -0.170637 -0.0249021 0.011 
v -0.170691 -0.0249021 0.0110352 
v -0.170749 -0.0249021 0.0110646 
v -0.170809 -0.0249021 0.0110878 
v -0.170872 -0.0249021 0.0111045 
v -0.170935 -0.0249021 0.0111146 
v -0.170586 -0.0249563 0.0105435 
v -0.170593 -0.0249563 0.0105865 
v -0.170605 -0.0249563 0.0106285 
v -0.17062 -0.0249563 0.0106691 
v -0.17064 -0.0249563 0.0107079 
v -0.170664 -0.0249563 0.0107444 
v -0.170691 -0.0249563 0.0107782 
v -0.170722 -0.0249563 0.010809 
v -0.170756 -0.0249563 0.0108364 
v -0.170792 -0.0249563 0.0108601 
v -0.170831 -0.0249563 0.0108799 
v -0.170872 -0.0249563 0.0108955 
v -0.170914 -0.0249563 0.0109067 
v -0.170957 -0.0249563 0.0109135 
v -0.170792 -0.024989 0.0105219 
v -0.170796 -0.024989 0.0105435 
v -0.170801 -0.024989 0.0105646 
v -0.170809 -0.024989 0.010585 
v -0.170819 -0.024989 0.0106045 
v -0.170831 -0.024989 0.0106229 
v -0.170845 -0.024989 0.0106399 
v -0.17086 -0.024989 0.0106554 
v -0.170877 -0.024989 0.0106691 
v -0.170895 -0.024989 0.010681 
v -0.170915 -0.024989 0.010691 
v -0.170935 -0.024989 0.0106988 
v -0.170957 -0.024989 0.0107045 
v -0.170978 -0.024989 0.0107079 
v -0.169 0 0.0105 
v 0.169011 1.09562e-05 -0.0107091 
v 0.169003 2.74093e-06 -0.0106047 
v 0.169044 4.37048e-05 -0.0109158 
v 0.169025 2.46233e-05 -0.0108129 
v 0.169098 9.7887e-05 -0.011118 
v 0.169068 6.81483e-05 -0.0110176 
v 0.169173 0.000172909 -0.0113135 
v 0.169133 0.000132839 -0.0112167 
v 0.169268 0.000267949 -0.0115 
v 0.169218 0.000217987 -0.011408 
v 0.169382 0.000381966 -0.0116756 
v 0.169323 0.000322659 -0.0115893 
v 0.169514 0.00051371 -0.0118383 
v 0.169662 0.000661739 -0.0119863 
v 0.169824 0.000824429 -0.012118 
v 0.17 0.001 -0.0122321 
v 0.170187 0.00118653 -0.0123271 
v 0.170382 0.00138197 -0.0124021 
v 0.170584 0.00158418 -0.0124563 
v 0.170791 0.00179094 -0.012489 
v 0.171 0.002 -0.0125 
v 0.169 0 -0.0105 
v -0.169003 2.74093e-06 0.0106047 
v -0.169011 1.09562e-05 0.0107091 
v -0.169025 2.46233e-05 0.0108129 
v -0.169044 4.37048e-05 0.0109158 
v -0.169068 6.81483e-05 0.0110176 
v -0.169098 9.7887e-05 0.011118 
v -0.169133 0.000132839 0.0112167 
v -0.169173 0.000172909 0.0113135 
v -0.169218 0.000217987 0.011408 
v -0.169268 0.000267949 0.0115 
v -0.169323 0.000322659 0.0115893 
v -0.169382 0.000381966 0.0116756 
v -0.169514 0.00051371 0.0118383 
v -0.169662 0.000661739 0.0119863 
v -0.169824 0.000824429 0.012118 
v -0.17 0.001 0.0122321 
v -0.170187 0.00118653 0.0123271 
v -0.170382 0.00138197 0.0124021 
v -0.170584 0.00158418 0.0124563 
v -0.170791 0.00179094 0.012489 
v -0.171 0.002 0.0125 
v -0.075 0.01 0.0125 
v -0.075 0.002 0.0125 
v -0.075 0.00179094 0.012489 
v -0.075 0.00158418 0.0124563 
v -0.075 0.00138197 0.0124021 
v -0.075 0.00118653 0.0123271 
v -0.075 0.001 0.0122321 
v -0.075 0.000824429 0.012118 
v -0.075 0.000661739 0.0119863 
v -0.075 0.00051371 0.0118383 
v -0.075 0.000381966 0.0116756 
v -0.075 0.000267949 0.0115 
v -0.075 0.000172909 0.0113135 
v -0.075 9.7887e-05 0.011118 
v -0.075 4.37048e-05 0.0109158 
v -0.075 1.09562e-05 0.0107091 
v -0.075 0 0.0105 
v -0.0729094 0.01 0.0126096 
v -0.0708418 0.01 0.012937 
v -0.0729094 0.002 0.0126096 
v -0.0688197 0.01 0.0134789 
v -0.0708418 0.002 0.012937 
v -0.0668653 0.01 0.0142291 
v -0.0688197 0.002 0.0134789 
v -0.065 0.01 0.0151795 
v -0.0668653 0.002 0.0142291 
v -0.0632443 0.01 0.0163197 
v -0.065 0.002 0.0151795 
v -0.0616174 0.01 0.0176371 
v -0.0632443 0.002 0.0163197 
v -0.0601371 0.01 0.0191174 
v -0.0616174 0.002 0.0176371 
v -0.0588197 0.01 0.0207443 
v -0.0601371 0.002 0.0191174 
v -0.0576795 0.01 0.0225 
v -0.0588197 0.002 0.0207443 
v -0.0567291 0.01 0.0243653 
v -0.0576795 0.002 0.0225 
v -0.0559789 0.01 0.0263197 
v -0.0567291 0.002 0.0243653 
v -0.055437 0.01 0.0283418 
v -0.0559789 0.002 0.0263197 
v -0.0551096 0.01 0.0304094 
v -0.055437 0.002 0.0283418 
v -0.055 0.01 0.0325 
v -0.0551096 0.002 0.0304094 
v -0.055 0.002 0.0325 
v -0.054989 0.00179094 0.0325 
v -0.0549563 0.00158418 0.0325 
v -0.0549021 0.00138197 0.0325 
v -0.0548271 0.00118653 0.0325 
v -0.0547321 0.001 0.0325 
v -0.054618 0.000824429 0.0325 
v -0.0544863 0.000661739 0.0325 
v -0.0543383 0.00051371 0.0325 
v -0.0541756 0.000381966 0.0325 
v -0.054 0.000267949 0.0325 
v -0.0538135 0.000172909 0.0325 
v -0.053618 9.7887e-05 0.0325 
v -0.0534158 4.37048e-05 0.0325 
v -0.0532091 1.09562e-05 0.0325 
v -0.053 0 0.0325 
v -0.0531205 0 0.0302004 
v -0.0534808 0 0.0279259 
v -0.0540768 0 0.0257016 
v -0.054902 0 0.0235518 
v -0.0559474 0 0.0215 
v -0.0572016 0 0.0195687 
v -0.0586508 0 0.0177791 
v -0.0602791 0 0.0161508 
v -0.0620687 0 0.0147016 
v -0.064 0 0.0134474 
v -0.0660518 0 0.012402 
v -0.0682016 0 0.0115768 
v -0.0704259 0 0.0109808 
v -0.0727004 0 0.0106205 
v -0.0550987 0.00179094 0.0304083 
v -0.0554263 0.00179094 0.0283395 
v -0.0559684 0.00179094 0.0263163 
v -0.0567191 0.00179094 0.0243608 
v -0.05767 0.00179094 0.0224945 
v -0.0588108 0.00179094 0.0207379 
v -0.060129 0.00179094 0.0191101 
v -0.0616101 0.00179094 0.017629 
v -0.0632379 0.00179094 0.0163108 
v -0.0649945 0.00179094 0.01517 
v -0.0668608 0.00179094 0.0142191 
v -0.0688163 0.00179094 0.0134684 
v -0.0708395 0.00179094 0.0129263 
v -0.0729083 0.00179094 0.0125987 
v -0.0550661 0.00158418 0.0304049 
v -0.0553943 0.00158418 0.0283327 
v -0.0559373 0.00158418 0.0263062 
v -0.0566892 0.00158418 0.0243475 
v -0.0576416 0.00158418 0.0224781 
v -0.0587843 0.00158418 0.0207186 
v -0.0601046 0.00158418 0.0190881 
v -0.0615881 0.00158418 0.0176046 
v -0.0632186 0.00158418 0.0162843 
v -0.0649781 0.00158418 0.0151416 
v -0.0668475 0.00158418 0.0141892 
v -0.0688062 0.00158418 0.0134373 
v -0.0708327 0.00158418 0.0128943 
v -0.0729049 0.00158418 0.0125661 
v -0.0550122 0.00138197 0.0303992 
v -0.0553413 0.00138197 0.0283214 
v -0.0558858 0.00138197 0.0262894 
v -0.0566397 0.00138197 0.0243255 
v -0.0575947 0.00138197 0.0224511 
v -0.0587405 0.00138197 0.0206868 
v -0.0600644 0.00138197 0.0190519 
v -0.0615519 0.00138197 0.0175644 
v -0.0631868 0.00138197 0.0162405 
v -0.0649511 0.00138197 0.0150947 
v -0.0668255 0.00138197 0.0141397 
v -0.0687894 0.00138197 0.0133858 
v -0.0708214 0.00138197 0.0128413 
v -0.0728992 0.00138197 0.0125122 
v -0.0549376 0.00118653 0.0303914 
v -0.0552679 0.00118653 0.0283058 
v -0.0558144 0.00118653 0.0262662 
v -0.0565711 0.00118653 0.0242949 
v -0.0575297 0.00118653 0.0224135 
v -0.0586798 0.00118653 0.0206427 
v -0.0600086 0.00118653 0.0190017 
v -0.0615017 0.00118653 0.0175086 
v -0.0631427 0.00118653 0.0161798 
v -0.0649135 0.00118653 0.0150297 
v -0.0667949 0.00118653 0.0140711 
v -0.0687662 0.00118653 0.0133144 
v -0.0708058 0.00118653 0.0127679 
v -0.0728914 0.00118653 0.0124376 
v -0.0548431 0.001 0.0303814 
v -0.055175 0.001 0.0282861 
v -0.055724 0.001 0.0262369 
v -0.0564843 0.001 0.0242563 
v -0.0574474 0.001 0.022366 
v -0.0586029 0.001 0.0205868 
v -0.059938 0.001 0.0189381 
v -0.0614381 0.001 0.017438 
v -0.0630868 0.001 0.0161029 
v -0.064866 0.001 0.0149474 
v -0.0667563 0.001 0.0139843 
v -0.0687369 0.001 0.013224 
v -0.0707861 0.001 0.012675 
v -0.0728814 0.001 0.0123431 
v -0.0547297 0.000824429 0.0303695 
v -0.0550634 0.000824429 0.0282624 
v -0.0556156 0.000824429 0.0262016 
v -0.0563801 0.000824429 0.0242099 
v -0.0573487 0.000824429 0.022309 
v -0.0585106 0.000824429 0.0205198 
v -0.0598532 0.000824429 0.0188618 
v -0.0613618 0.000824429 0.0173532 
v -0.0630198 0.000824429 0.0160106 
v -0.064809 0.000824429 0.0148487 
v -0.0667099 0.000824429 0.0138801 
v -0.0687016 0.000824429 0.0131156 
v -0.0707624 0.000824429 0.0125634 
v -0.0728695 0.000824429 0.0122297 
v -0.0545987 0.000661739 0.0303557 
v -0.0549346 0.000661739 0.028235 
v -0.0554903 0.000661739 0.0261609 
v -0.0562598 0.000661739 0.0241563 
v -0.0572346 0.000661739 0.0222431 
v -0.0584041 0.000661739 0.0204423 
v -0.0597553 0.000661739 0.0187736 
v -0.0612736 0.000661739 0.0172553 
v -0.0629423 0.000661739 0.0159041 
v -0.0647431 0.000661739 0.0147346 
v -0.0666563 0.000661739 0.0137598 
v -0.0686609 0.000661739 0.0129903 
v -0.070735 0.000661739 0.0124346 
v -0.0728557 0.000661739 0.0120987 
v -0.0544514 0.00051371 0.0303403 
v -0.0547898 0.00051371 0.0282042 
v -0.0553495 0.00051371 0.0261152 
v -0.0561246 0.00051371 0.0240961 
v -0.0571064 0.00051371 0.0221691 
v -0.0582843 0.00051371 0.0203553 
v -0.0596453 0.00051371 0.0186746 
v -0.0611746 0.00051371 0.0171453 
v -0.0628553 0.00051371 0.0157843 
v -0.0646691 0.00051371 0.0146064 
v -0.0665961 0.00051371 0.0136246 
v -0.0686152 0.00051371 0.0128495 
v -0.0707042 0.00051371 0.0122898 
v -0.0728403 0.00051371 0.0119514 
v -0.0542896 0.000381966 0.0303233 
v -0.0546306 0.000381966 0.0281704 
v -0.0551948 0.000381966 0.0260649 
v -0.0559759 0.000381966 0.0240299 
v -0.0569655 0.000381966 0.0220878 
v -0.0581527 0.000381966 0.0202597 
v -0.0595244 0.000381966 0.0185657 
v -0.0610657 0.000381966 0.0170244 
v -0.0627597 0.000381966 0.0156527 
v -0.0645878 0.000381966 0.0144655 
v -0.0665299 0.000381966 0.0134759 
v -0.0685649 0.000381966 0.0126948 
v -0.0706704 0.000381966 0.0121306 
v -0.0728233 0.000381966 0.0117896 
v -0.054115 0.000267949 0.0303049 
v -0.0544589 0.000267949 0.0281339 
v -0.0550278 0.000267949 0.0260106 
v -0.0558155 0.000267949 0.0239585 
v -0.0568135 0.000267949 0.022 
v -0.0580106 0.000267949 0.0201565 
v -0.059394 0.000267949 0.0184483 
v -0.0609483 0.000267949 0.016894 
v -0.0626565 0.000267949 0.0155106 
v -0.0645 0.000267949 0.0143135 
v -0.0664585 0.000267949 0.0133155 
v -0.0685106 0.000267949 0.0125278 
v -0.0706339 0.000267949 0.0119589 
v -0.0728049 0.000267949 0.011615 
v -0.0539295 0.000172909 0.0302854 
v -0.0542764 0.000172909 0.0280951 
v -0.0548504 0.000172909 0.025953 
v -0.0556451 0.000172909 0.0238827 
v -0.0566519 0.000172909 0.0219067 
v -0.0578597 0.000172909 0.0200469 
v -0.0592553 0.000172909 0.0183234 
v -0.0608234 0.000172909 0.0167553 
v -0.0625469 0.000172909 0.0153597 
v -0.0644067 0.000172909 0.0141519 
v -0.0663827 0.000172909 0.0131451 
v -0.068453 0.000172909 0.0123504 
v -0.0705951 0.000172909 0.0117764 
v -0.0727854 0.000172909 0.0114295 
v -0.0537352 9.7887e-05 0.030265 
v -0.0540853 9.7887e-05 0.0280544 
v -0.0546645 9.7887e-05 0.0258926 
v -0.0554666 9.7887e-05 0.0238032 
v -0.0564827 9.7887e-05 0.021809 
v -0.0577016 9.7887e-05 0.019932 
v -0.0591101 9.7887e-05 0.0181927 
v -0.0606927 9.7887e-05 0.0166101 
v -0.062432 9.7887e-05 0.0152016 
v -0.064309 9.7887e-05 0.0139827 
v -0.0663032 9.7887e-05 0.0129666 
v -0.0683926 9.7887e-05 0.0121645 
v -0.0705544 9.7887e-05 0.0115853 
v -0.072765 9.7887e-05 0.0112352 
v -0.0535341 4.37048e-05 0.0302438 
v -0.0538875 4.37048e-05 0.0280124 
v -0.0544722 4.37048e-05 0.0258301 
v -0.0552819 4.37048e-05 0.0237209 
v -0.0563076 4.37048e-05 0.0217079 
v -0.057538 4.37048e-05 0.0198131 
v -0.0589598 4.37048e-05 0.0180574 
v -0.0605574 4.37048e-05 0.0164598 
v -0.0623131 4.37048e-05 0.015038 
v -0.0642079 4.37048e-05 0.0138076 
v -0.0662209 4.37048e-05 0.0127819 
v -0.0683301 4.37048e-05 0.0119722 
v -0.0705124 4.37048e-05 0.0113875 
v -0.0727438 4.37048e-05 0.0110341 
v -0.0533284 1.09562e-05 0.0302222 
v -0.0536852 1.09562e-05 0.0279694 
v -0.0542756 1.09562e-05 0.0257662 
v -0.055093 1.09562e-05 0.0236368 
v -0.0561285 1.09562e-05 0.0216045 
v -0.0573708 1.09562e-05 0.0196916 
v -0.0588062 1.09562e-05 0.017919 
v -0.060419 1.09562e-05 0.0163062 
v -0.0621916 1.09562e-05 0.0148708 
v -0.0641045 1.09562e-05 0.0136285 
v -0.0661368 1.09562e-05 0.012593 
v -0.0682662 1.09562e-05 0.0117756 
v -0.0704694 1.09562e-05 0.0111852 
v -0.0727222 1.09562e-05 0.0108284 
v -0.053 0 0.143 
v -0.0531047 2.74093e-06 0.143003 
v -0.0532091 1.09562e-05 0.143011 
v -0.0533129 2.46233e-05 0.143025 
v -0.0534158 4.37048e-05 0.143044 
v -0.0535176 6.81483e-05 0.143068 
v -0.053618 9.7887e-05 0.143098 
v -0.0537167 0.000132839 0.143133 
v -0.0538135 0.000172909 0.143173 
v -0.053908 0.000217987 0.143218 
v -0.054 0.000267949 0.143268 
v -0.0540893 0.000322659 0.143323 
v -0.0541756 0.000381966 0.143382 
v -0.0543383 0.00051371 0.143514 
v -0.0544863 0.000661739 0.143662 
v -0.054618 0.000824429 0.143824 
v -0.0547321 0.001 0.144 
v -0.0548271 0.00118653 0.144187 
v -0.0549021 0.00138197 0.144382 
v -0.0549563 0.00158418 0.144584 
v -0.054989 0.00179094 0.144791 
v -0.055 0.002 0.145 
v 0.1765 0.01 -0.0125 
v 0.1765 -0.023 -0.0125 
v 0.171 -0.023 -0.0125 
v 0.1785 0.01 -0.0105 
v 0.178497 -0.0249973 -0.0106047 
v 0.178489 -0.024989 -0.0107091 
v 0.1785 -0.025 -0.0105 
v 0.178489 0.01 -0.0107091 
v 0.178475 -0.0249754 -0.0108129 
v 0.178456 -0.0249563 -0.0109158 
v 0.178456 0.01 -0.0109158 
v 0.178432 -0.0249319 -0.0110176 
v 0.178402 -0.0249021 -0.011118 
v 0.178402 0.01 -0.011118 
v 0.178367 -0.0248672 -0.0112167 
v 0.178327 -0.0248271 -0.0113135 
v 0.178327 0.01 -0.0113135 
v 0.178282 -0.024782 -0.011408 
v 0.178232 -0.0247321 -0.0115 
v 0.178232 0.01 -0.0115 
v 0.178177 -0.0246773 -0.0115893 
v 0.178118 -0.024618 -0.0116756 
v 0.178118 0.01 -0.0116756 
v 0.177986 -0.0244863 -0.0118383 
v 0.177986 0.01 -0.0118383 
v 0.177838 -0.0243383 -0.0119863 
v 0.177838 0.01 -0.0119863 
v 0.177676 -0.0241756 -0.012118 
v 0.177676 0.01 -0.012118 
v 0.1775 -0.024 -0.0122321 
v 0.1775 0.01 -0.0122321 
v 0.177313 -0.0238135 -0.0123271 
v 0.177313 0.01 -0.0123271 
v 0.177118 -0.023618 -0.0124021 
v 0.177118 0.01 -0.0124021 
v 0.176916 -0.0234158 -0.0124563 
v 0.176916 0.01 -0.0124563 
v 0.176709 -0.0232091 -0.012489 
v 0.176709 0.01 -0.012489 
v -0.055 -0.108 0.1525 
v -0.055 0.01 0.1525 
v -0.055 -0.108 0.145 
v 0.171 -0.0232091 -0.012489 
v 0.171 -0.0234158 -0.0124563 
v 0.171 -0.023618 -0.0124021 
v 0.171 -0.0238135 -0.0123271 
v 0.171 -0.024 -0.0122321 
v 0.171 -0.0241756 -0.012118 
v 0.171 -0.0243383 -0.0119863 
v 0.171 -0.0244863 -0.0118383 
v 0.171 -0.024618 -0.0116756 
v 0.171 -0.0247321 -0.0115 
v 0.171 -0.0248271 -0.0113135 
v 0.171 -0.0249021 -0.011118 
v 0.171 -0.0249563 -0.0109158 
v 0.171 -0.024989 -0.0107091 
v 0.171 -0.025 -0.0105 
v 0.169011 -0.023 -0.0107091 
v 0.169 -0.023 -0.0105 
v 0.169044 -0.023 -0.0109158 
v 0.169098 -0.023 -0.011118 
v 0.169173 -0.023 -0.0113135 
v 0.169268 -0.023 -0.0115 
v 0.169382 -0.023 -0.0116756 
v 0.169514 -0.023 -0.0118383 
v 0.169662 -0.023 -0.0119863 
v 0.169824 -0.023 -0.012118 
v 0.17 -0.023 -0.0122321 
v 0.170187 -0.023 -0.0123271 
v 0.170382 -0.023 -0.0124021 
v 0.170584 -0.023 -0.0124563 
v 0.170791 -0.023 -0.012489 
v 0.169011 -0.0232091 -0.0105 
v 0.169044 -0.0234158 -0.0105 
v 0.169098 -0.023618 -0.0105 
v 0.169173 -0.0238135 -0.0105 
v 0.169268 -0.024 -0.0105 
v 0.169382 -0.0241756 -0.0105 
v 0.169514 -0.0243383 -0.0105 
v 0.169662 -0.0244863 -0.0105 
v 0.169824 -0.024618 -0.0105 
v 0.17 -0.0247321 -0.0105 
v 0.170187 -0.0248271 -0.0105 
v 0.170382 -0.0249021 -0.0105 
v 0.170584 -0.0249563 -0.0105 
v 0.170791 -0.024989 -0.0105 
v 0.169022 -0.0232091 -0.0107079 
v 0.169054 -0.0232091 -0.0109135 
v 0.169108 -0.0232091 -0.0111146 
v 0.169183 -0.0232091 -0.011309 
v 0.169277 -0.0232091 -0.0114945 
v 0.169391 -0.0232091 -0.0116691 
v 0.169522 -0.0232091 -0.0118309 
v 0.169669 -0.0232091 -0.0119781 
v 0.169831 -0.0232091 -0.0121092 
v 0.170005 -0.0232091 -0.0122226 
v 0.170191 -0.0232091 -0.0123171 
v 0.170385 -0.0232091 -0.0123917 
v 0.170586 -0.0232091 -0.0124456 
v 0.170792 -0.0232091 -0.0124781 
v 0.169054 -0.0234158 -0.0107045 
v 0.169086 -0.0234158 -0.0109067 
v 0.169139 -0.0234158 -0.0111045 
v 0.169213 -0.0234158 -0.0112957 
v 0.169306 -0.0234158 -0.0114781 
v 0.169417 -0.0234158 -0.0116499 
v 0.169546 -0.0234158 -0.011809 
v 0.169691 -0.0234158 -0.0119538 
v 0.16985 -0.0234158 -0.0120827 
v 0.170022 -0.0234158 -0.0121942 
v 0.170204 -0.0234158 -0.0122872 
v 0.170395 -0.0234158 -0.0123605 
v 0.170593 -0.0234158 -0.0124135 
v 0.170796 -0.0234158 -0.0124456 
v 0.169108 -0.023618 -0.0106988 
v 0.169139 -0.023618 -0.0108955 
v 0.169191 -0.023618 -0.0110878 
v 0.169262 -0.023618 -0.0112737 
v 0.169353 -0.023618 -0.0114511 
v 0.169461 -0.023618 -0.011618 
v 0.169586 -0.023618 -0.0117728 
v 0.169727 -0.023618 -0.0119135 
v 0.169882 -0.023618 -0.0120388 
v 0.170049 -0.023618 -0.0121473 
v 0.170226 -0.023618 -0.0122377 
v 0.170412 -0.023618 -0.012309 
v 0.170605 -0.023618 -0.0123605 
v 0.170801 -0.023618 -0.0123917 
v 0.169183 -0.0238135 -0.010691 
v 0.169213 -0.0238135 -0.0108799 
v 0.169262 -0.0238135 -0.0110646 
v 0.169331 -0.0238135 -0.0112431 
v 0.169418 -0.0238135 -0.0114135 
v 0.169522 -0.0238135 -0.0115739 
v 0.169642 -0.0238135 -0.0117226 
v 0.169777 -0.0238135 -0.0118578 
v 0.169926 -0.0238135 -0.0119781 
v 0.170086 -0.0238135 -0.0120823 
v 0.170257 -0.0238135 -0.0121691 
v 0.170435 -0.0238135 -0.0122377 
v 0.17062 -0.0238135 -0.0122872 
v 0.170809 -0.0238135 -0.0123171 
v 0.169277 -0.024 -0.010681 
v 0.169306 -0.024 -0.0108601 
v 0.169353 -0.024 -0.0110352 
v 0.169418 -0.024 -0.0112045 
v 0.1695 -0.024 -0.011366 
v 0.169599 -0.024 -0.0115181 
v 0.169713 -0.024 -0.011659 
v 0.169841 -0.024 -0.0117872 
v 0.169982 -0.024 -0.0119013 
v 0.170134 -0.024 -0.012 
v 0.170296 -0.024 -0.0120823 
v 0.170465 -0.024 -0.0121473 
v 0.17064 -0.024 -0.0121942 
v 0.170819 -0.024 -0.0122226 
v 0.169391 -0.0241756 -0.0106691 
v 0.169417 -0.0241756 -0.0108364 
v 0.169461 -0.0241756 -0.011 
v 0.169522 -0.0241756 -0.0111581 
v 0.169599 -0.0241756 -0.011309 
v 0.169691 -0.0241756 -0.0114511 
v 0.169798 -0.0241756 -0.0115827 
v 0.169917 -0.0241756 -0.0117024 
v 0.170049 -0.0241756 -0.011809 
v 0.170191 -0.0241756 -0.0119013 
v 0.170342 -0.0241756 -0.0119781 
v 0.1705 -0.0241756 -0.0120388 
v 0.170664 -0.0241756 -0.0120827 
v 0.170831 -0.0241756 -0.0121092 
v 0.169522 -0.0243383 -0.0106554 
v 0.169546 -0.0243383 -0.010809 
v 0.169586 -0.0243383 -0.0109593 
v 0.169642 -0.0243383 -0.0111045 
v 0.169713 -0.0243383 -0.0112431 
v 0.169798 -0.0243383 -0.0113736 
v 0.169895 -0.0243383 -0.0114945 
v 0.170005 -0.0243383 -0.0116045 
v 0.170126 -0.0243383 -0.0117024 
v 0.170257 -0.0243383 -0.0117872 
v 0.170395 -0.0243383 -0.0118578 
v 0.170541 -0.0243383 -0.0119135 
v 0.170691 -0.0243383 -0.0119538 
v 0.170845 -0.0243383 -0.0119781 
v 0.169669 -0.0244863 -0.0106399 
v 0.169691 -0.0244863 -0.0107782 
v 0.169727 -0.0244863 -0.0109135 
v 0.169777 -0.0244863 -0.0110443 
v 0.169841 -0.0244863 -0.0111691 
v 0.169917 -0.0244863 -0.0112866 
v 0.170005 -0.0244863 -0.0113955 
v 0.170105 -0.0244863 -0.0114945 
v 0.170213 -0.0244863 -0.0115827 
v 0.170331 -0.0244863 -0.011659 
v 0.170456 -0.0244863 -0.0117226 
v 0.170586 -0.0244863 -0.0117728 
v 0.170722 -0.0244863 -0.011809 
v 0.17086 -0.0244863 -0.0118309 
v 0.169831 -0.024618 -0.0106229 
v 0.16985 -0.024618 -0.0107444 
v 0.169882 -0.024618 -0.0108633 
v 0.169926 -0.024618 -0.0109781 
v 0.169982 -0.024618 -0.0110878 
v 0.170049 -0.024618 -0.011191 
v 0.170126 -0.024618 -0.0112866 
v 0.170213 -0.024618 -0.0113736 
v 0.170309 -0.024618 -0.0114511 
v 0.170412 -0.024618 -0.0115181 
v 0.170522 -0.024618 -0.0115739 
v 0.170637 -0.024618 -0.011618 
v 0.170756 -0.024618 -0.0116499 
v 0.170877 -0.024618 -0.0116691 
v 0.170005 -0.0247321 -0.0106045 
v 0.170022 -0.0247321 -0.0107079 
v 0.170049 -0.0247321 -0.010809 
v 0.170086 -0.0247321 -0.0109067 
v 0.170134 -0.0247321 -0.011 
v 0.170191 -0.0247321 -0.0110878 
v 0.170257 -0.0247321 -0.0111691 
v 0.170331 -0.0247321 -0.0112431 
v 0.170412 -0.0247321 -0.011309 
v 0.1705 -0.0247321 -0.011366 
v 0.170593 -0.0247321 -0.0114135 
v 0.170691 -0.0247321 -0.0114511 
v 0.170792 -0.0247321 -0.0114781 
v 0.170895 -0.0247321 -0.0114945 
v 0.170191 -0.0248271 -0.010585 
v 0.170204 -0.0248271 -0.0106691 
v 0.170226 -0.0248271 -0.0107514 
v 0.170257 -0.0248271 -0.0108309 
v 0.170296 -0.0248271 -0.0109067 
v 0.170342 -0.0248271 -0.0109781 
v 0.170395 -0.0248271 -0.0110443 
v 0.170456 -0.0248271 -0.0111045 
v 0.170522 -0.0248271 -0.0111581 
v 0.170593 -0.0248271 -0.0112045 
v 0.170669 -0.0248271 -0.0112431 
v 0.170749 -0.0248271 -0.0112737 
v 0.170831 -0.0248271 -0.0112957 
v 0.170915 -0.0248271 -0.011309 
v 0.170385 -0.0249021 -0.0105646 
v 0.170395 -0.0249021 -0.0106285 
v 0.170412 -0.0249021 -0.010691 
v 0.170435 -0.0249021 -0.0107514 
v 0.170465 -0.0249021 -0.010809 
v 0.1705 -0.0249021 -0.0108633 
v 0.170541 -0.0249021 -0.0109135 
v 0.170586 -0.0249021 -0.0109593 
v 0.170637 -0.0249021 -0.011 
v 0.170691 -0.0249021 -0.0110352 
v 0.170749 -0.0249021 -0.0110646 
v 0.170809 -0.0249021 -0.0110878 
v 0.170872 -0.0249021 -0.0111045 
v 0.170935 -0.0249021 -0.0111146 
v 0.170586 -0.0249563 -0.0105435 
v 0.170593 -0.0249563 -0.0105865 
v 0.170605 -0.0249563 -0.0106285 
v 0.17062 -0.0249563 -0.0106691 
v 0.17064 -0.0249563 -0.0107079 
v 0.170664 -0.0249563 -0.0107444 
v 0.170691 -0.0249563 -0.0107782 
v 0.170722 -0.0249563 -0.010809 
v 0.170756 -0.0249563 -0.0108364 
v 0.170792 -0.0249563 -0.0108601 
v 0.170831 -0.0249563 -0.0108799 
v 0.170872 -0.0249563 -0.0108955 
v 0.170914 -0.0249563 -0.0109067 
v 0.170957 -0.0249563 -0.0109135 
v 0.170792 -0.024989 -0.0105219 
v 0.170796 -0.024989 -0.0105435 
v 0.170801 -0.024989 -0.0105646 
v 0.170809 -0.024989 -0.010585 
v 0.170819 -0.024989 -0.0106045 
v 0.170831 -0.024989 -0.0106229 
v 0.170845 -0.024989 -0.0106399 
v 0.17086 -0.024989 -0.0106554 
v 0.170877 -0.024989 -0.0106691 
v 0.170895 -0.024989 -0.010681 
v 0.170915 -0.024989 -0.010691 
v 0.170935 -0.024989 -0.0106988 
v 0.170957 -0.024989 -0.0107045 
v 0.170978 -0.024989 -0.0107079 
v 0.1785 -0.025 0.0105 
v 0.171 -0.025 0.0105 
v 0.169 -0.023 0.0105 
v 0.169011 -0.0232091 0.0105 
v 0.169044 -0.0234158 0.0105 
v 0.169098 -0.023618 0.0105 
v 0.169173 -0.0238135 0.0105 
v 0.169268 -0.024 0.0105 
v 0.169382 -0.0241756 0.0105 
v 0.169514 -0.0243383 0.0105 
v 0.169662 -0.0244863 0.0105 
v 0.169824 -0.024618 0.0105 
v 0.17 -0.0247321 0.0105 
v 0.170187 -0.0248271 0.0105 
v 0.170382 -0.0249021 0.0105 
v 0.170584 -0.0249563 0.0105 
v 0.170791 -0.024989 0.0105 
v 0.171 -0.0232091 0.012489 
v 0.171 -0.023 0.0125 
v 0.170791 -0.023 0.012489 
v 0.170584 -0.023 0.0124563 
v 0.170382 -0.023 0.0124021 
v 0.170187 -0.023 0.0123271 
v 0.17 -0.023 0.0122321 
v 0.169824 -0.023 0.012118 
v 0.169662 -0.023 0.0119863 
v 0.169514 -0.023 0.0118383 
v 0.169382 -0.023 0.0116756 
v 0.169268 -0.023 0.0115 
v 0.169173 -0.023 0.0113135 
v 0.169098 -0.023 0.011118 
v 0.169044 -0.023 0.0109158 
v 0.169011 -0.023 0.0107091 
v 0.171 -0.0234158 0.0124563 
v 0.171 -0.023618 0.0124021 
v 0.171 -0.0238135 0.0123271 
v 0.171 -0.024 0.0122321 
v 0.171 -0.0241756 0.012118 
v 0.171 -0.0243383 0.0119863 
v 0.171 -0.0244863 0.0118383 
v 0.171 -0.024618 0.0116756 
v 0.171 -0.0247321 0.0115 
v 0.171 -0.0248271 0.0113135 
v 0.171 -0.0249021 0.011118 
v 0.171 -0.0249563 0.0109158 
v 0.171 -0.024989 0.0107091 
v 0.170792 -0.0232091 0.0124781 
v 0.170586 -0.0232091 0.0124456 
v 0.170385 -0.0232091 0.0123917 
v 0.170191 -0.0232091 0.0123171 
v 0.170005 -0.0232091 0.0122226 
v 0.169831 -0.0232091 0.0121092 
v 0.169669 -0.0232091 0.0119781 
v 0.169522 -0.0232091 0.0118309 
v 0.169391 -0.0232091 0.0116691 
v 0.169277 -0.0232091 0.0114945 
v 0.169183 -0.0232091 0.011309 
v 0.169108 -0.0232091 0.0111146 
v 0.169054 -0.0232091 0.0109135 
v 0.169022 -0.0232091 0.0107079 
v 0.170796 -0.0234158 0.0124456 
v 0.170593 -0.0234158 0.0124135 
v 0.170395 -0.0234158 0.0123605 
v 0.170204 -0.0234158 0.0122872 
v 0.170022 -0.0234158 0.0121942 
v 0.16985 -0.0234158 0.0120827 
v 0.169691 -0.0234158 0.0119538 
v 0.169546 -0.0234158 0.011809 
v 0.169417 -0.0234158 0.0116499 
v 0.169306 -0.0234158 0.0114781 
v 0.169213 -0.0234158 0.0112957 
v 0.169139 -0.0234158 0.0111045 
v 0.169086 -0.0234158 0.0109067 
v 0.169054 -0.0234158 0.0107045 
v 0.170801 -0.023618 0.0123917 
v 0.170605 -0.023618 0.0123605 
v 0.170412 -0.023618 0.012309 
v 0.170226 -0.023618 0.0122377 
v 0.170049 -0.023618 0.0121473 
v 0.169882 -0.023618 0.0120388 
v 0.169727 -0.023618 0.0119135 
v 0.169586 -0.023618 0.0117728 
v 0.169461 -0.023618 0.011618 
v 0.169353 -0.023618 0.0114511 
v 0.169262 -0.023618 0.0112737 
v 0.169191 -0.023618 0.0110878 
v 0.169139 -0.023618 0.0108955 
v 0.169108 -0.023618 0.0106988 
v 0.170809 -0.0238135 0.0123171 
v 0.17062 -0.0238135 0.0122872 
v 0.170435 -0.0238135 0.0122377 
v 0.170257 -0.0238135 0.0121691 
v 0.170086 -0.0238135 0.0120823 
v 0.169926 -0.0238135 0.0119781 
v 0.169777 -0.0238135 0.0118578 
v 0.169642 -0.0238135 0.0117226 
v 0.169522 -0.0238135 0.0115739 
v 0.169418 -0.0238135 0.0114135 
v 0.169331 -0.0238135 0.0112431 
v 0.169262 -0.0238135 0.0110646 
v 0.169213 -0.0238135 0.0108799 
v 0.169183 -0.0238135 0.010691 
v 0.170819 -0.024 0.0122226 
v 0.17064 -0.024 0.0121942 
v 0.170465 -0.024 0.0121473 
v 0.170296 -0.024 0.0120823 
v 0.170134 -0.024 0.012 
v 0.169982 -0.024 0.0119013 
v 0.169841 -0.024 0.0117872 
v 0.169713 -0.024 0.011659 
v 0.169599 -0.024 0.0115181 
v 0.1695 -0.024 0.011366 
v 0.169418 -0.024 0.0112045 
v 0.169353 -0.024 0.0110352 
v 0.169306 -0.024 0.0108601 
v 0.169277 -0.024 0.010681 
v 0.170831 -0.0241756 0.0121092 
v 0.170664 -0.0241756 0.0120827 
v 0.1705 -0.0241756 0.0120388 
v 0.170342 -0.0241756 0.0119781 
v 0.170191 -0.0241756 0.0119013 
v 0.170049 -0.0241756 0.011809 
v 0.169917 -0.0241756 0.0117024 
v 0.169798 -0.0241756 0.0115827 
v 0.169691 -0.0241756 0.0114511 
v 0.169599 -0.0241756 0.011309 
v 0.169522 -0.0241756 0.0111581 
v 0.169461 -0.0241756 0.011 
v 0.169417 -0.0241756 0.0108364 
v 0.169391 -0.0241756 0.0106691 
v 0.170845 -0.0243383 0.0119781 
v 0.170691 -0.0243383 0.0119538 
v 0.170541 -0.0243383 0.0119135 
v 0.170395 -0.0243383 0.0118578 
v 0.170257 -0.0243383 0.0117872 
v 0.170126 -0.0243383 0.0117024 
v 0.170005 -0.0243383 0.0116045 
v 0.169895 -0.0243383 0.0114945 
v 0.169798 -0.0243383 0.0113736 
v 0.169713 -0.0243383 0.0112431 
v 0.169642 -0.0243383 0.0111045 
v 0.169586 -0.0243383 0.0109593 
v 0.169546 -0.0243383 0.010809 
v 0.169522 -0.0243383 0.0106554 
v 0.17086 -0.0244863 0.0118309 
v 0.170722 -0.0244863 0.011809 
v 0.170586 -0.0244863 0.0117728 
v 0.170456 -0.0244863 0.0117226 
v 0.170331 -0.0244863 0.011659 
v 0.170213 -0.0244863 0.0115827 
v 0.170105 -0.0244863 0.0114945 
v 0.170005 -0.0244863 0.0113955 
v 0.169917 -0.0244863 0.0112866 
v 0.169841 -0.0244863 0.0111691 
v 0.169777 -0.0244863 0.0110443 
v 0.169727 -0.0244863 0.0109135 
v 0.169691 -0.0244863 0.0107782 
v 0.169669 -0.0244863 0.0106399 
v 0.170877 -0.024618 0.0116691 
v 0.170756 -0.024618 0.0116499 
v 0.170637 -0.024618 0.011618 
v 0.170522 -0.024618 0.0115739 
v 0.170412 -0.024618 0.0115181 
v 0.170309 -0.024618 0.0114511 
v 0.170213 -0.024618 0.0113736 
v 0.170126 -0.024618 0.0112866 
v 0.170049 -0.024618 0.011191 
v 0.169982 -0.024618 0.0110878 
v 0.169926 -0.024618 0.0109781 
v 0.169882 -0.024618 0.0108633 
v 0.16985 -0.024618 0.0107444 
v 0.169831 -0.024618 0.0106229 
v 0.170895 -0.0247321 0.0114945 
v 0.170792 -0.0247321 0.0114781 
v 0.170691 -0.0247321 0.0114511 
v 0.170593 -0.0247321 0.0114135 
v 0.1705 -0.0247321 0.011366 
v 0.170412 -0.0247321 0.011309 
v 0.170331 -0.0247321 0.0112431 
v 0.170257 -0.0247321 0.0111691 
v 0.170191 -0.0247321 0.0110878 
v 0.170134 -0.0247321 0.011 
v 0.170086 -0.0247321 0.0109067 
v 0.170049 -0.0247321 0.010809 
v 0.170022 -0.0247321 0.0107079 
v 0.170005 -0.0247321 0.0106045 
v 0.170915 -0.0248271 0.011309 
v 0.170831 -0.0248271 0.0112957 
v 0.170749 -0.0248271 0.0112737 
v 0.170669 -0.0248271 0.0112431 
v 0.170593 -0.0248271 0.0112045 
v 0.170522 -0.0248271 0.0111581 
v 0.170456 -0.0248271 0.0111045 
v 0.170395 -0.0248271 0.0110443 
v 0.170342 -0.0248271 0.0109781 
v 0.170296 -0.0248271 0.0109067 
v 0.170257 -0.0248271 0.0108309 
v 0.170226 -0.0248271 0.0107514 
v 0.170204 -0.0248271 0.0106691 
v 0.170191 -0.0248271 0.010585 
v 0.170935 -0.0249021 0.0111146 
v 0.170872 -0.0249021 0.0111045 
v 0.170809 -0.0249021 0.0110878 
v 0.170749 -0.0249021 0.0110646 
v 0.170691 -0.0249021 0.0110352 
v 0.170637 -0.0249021 0.011 
v 0.170586 -0.0249021 0.0109593 
v 0.170541 -0.0249021 0.0109135 
v 0.1705 -0.0249021 0.0108633 
v 0.170465 -0.0249021 0.010809 
v 0.170435 -0.0249021 0.0107514 
v 0.170412 -0.0249021 0.010691 
v 0.170395 -0.0249021 0.0106285 
v 0.170385 -0.0249021 0.0105646 
v 0.170957 -0.0249563 0.0109135 
v 0.170914 -0.0249563 0.0109067 
v 0.170872 -0.0249563 0.0108955 
v 0.170831 -0.0249563 0.0108799 
v 0.170792 -0.0249563 0.0108601 
v 0.170756 -0.0249563 0.0108364 
v 0.170722 -0.0249563 0.010809 
v 0.170691 -0.0249563 0.0107782 
v 0.170664 -0.0249563 0.0107444 
v 0.17064 -0.0249563 0.0107079 
v 0.17062 -0.0249563 0.0106691 
v 0.170605 -0.0249563 0.0106285 
v 0.170593 -0.0249563 0.0105865 
v 0.170586 -0.0249563 0.0105435 
v 0.170978 -0.024989 0.0107079 
v 0.170957 -0.024989 0.0107045 
v 0.170935 -0.024989 0.0106988 
v 0.170915 -0.024989 0.010691 
v 0.170895 -0.024989 0.010681 
v 0.170877 -0.024989 0.0106691 
v 0.17086 -0.024989 0.0106554 
v 0.170845 -0.024989 0.0106399 
v 0.170831 -0.024989 0.0106229 
v 0.170819 -0.024989 0.0106045 
v 0.170809 -0.024989 0.010585 
v 0.170801 -0.024989 0.0105646 
v 0.170796 -0.024989 0.0105435 
v 0.170792 -0.024989 0.0105219 
v 0.169 -0.0132643 -0.00264976 
v 0.169 -0.0129821 -0.00255469 
v 0.169 -0.0138511 -0.00274597 
v 0.169 -0.0135551 -0.00271377 
v 0.169 -0.0141489 -0.00274597 
v 0.169 -0.0127119 -0.00242966 
v 0.169 -0.0144449 -0.00271377 
v 0.169 -0.0150179 -0.00255469 
v 0.169 -0.0147357 -0.00264976 
v 0.169 -0.0155433 -0.00227614 
v 0.169 -0.0152881 -0.00242966 
v 0.169 0 0.0105 
v 0.169 -0.011394 0.000878079 
v 0.169 -0.0115042 0.0011547 
v 0.169 -0.0112661 0.000297327 
v 0.169 -0.0113143 0.000591169 
v 0.169 -0.011394 -0.000878079 
v 0.169 -0.0113143 -0.000591169 
v 0.169 -0.0120035 -0.00189117 
v 0.169 -0.0118107 -0.00166423 
v 0.169 -0.0124567 -0.00227614 
v 0.169 -0.0122197 -0.00209595 
v 0.169 -0.0159965 -0.00189117 
v 0.169 -0.0157803 -0.00209595 
v 0.169 -0.0135551 0.00271377 
v 0.169 -0.0138511 0.00274597 
v 0.169 -0.0129821 0.00255469 
v 0.169 -0.0132643 0.00264976 
v 0.169 -0.0116436 0.00141777 
v 0.169 -0.0118107 0.00166423 
v 0.169 -0.0112661 -0.000297327 
v 0.169 -0.01125 4.28626e-19 
v 0.169 -0.0115042 -0.0011547 
v 0.169 -0.0116436 -0.00141777 
v 0.169 -0.0161893 -0.00166423 
v 0.169 -0.0163564 0.00141777 
v 0.169 -0.0164958 0.0011547 
v 0.169 -0.0147357 0.00264976 
v 0.169 -0.0150179 0.00255469 
v 0.169 -0.0124567 0.00227614 
v 0.169 -0.0127119 0.00242966 
v 0.169 -0.0161893 0.00166423 
v 0.169 -0.0155433 0.00227614 
v 0.169 -0.0157803 0.00209595 
v 0.169 -0.0144449 0.00271377 
v 0.169 -0.0141489 0.00274597 
v 0.169 -0.0120035 0.00189117 
v 0.169 -0.0122197 0.00209595 
v 0.169 -0.016606 -0.000878079 
v 0.169 -0.0164958 -0.0011547 
v 0.169 -0.0167339 0.000297327 
v 0.169 -0.01675 -1.25526e-18 
v 0.169 -0.016606 0.000878079 
v 0.169 -0.0152881 0.00242966 
v 0.169 -0.0163564 -0.00141777 
v 0.169 -0.0167339 -0.000297327 
v 0.169 -0.0166857 0.000591169 
v 0.169 -0.0159965 0.00189117 
v 0.169 -0.0166857 -0.000591169 
v 0.1785 -0.01125 -2.44929e-19 
v 0.1785 -0.0112661 0.000297327 
v 0.1785 -0.0113143 0.000591169 
v 0.1785 -0.011394 0.000878079 
v 0.1785 -0.0115042 0.0011547 
v 0.1785 -0.0116436 0.00141777 
v 0.1785 -0.0118107 0.00166423 
v 0.1785 -0.0120035 0.00189117 
v 0.1785 -0.0122197 0.00209595 
v 0.1785 -0.0124567 0.00227614 
v 0.1785 -0.0127119 0.00242966 
v 0.1785 -0.0129821 0.00255469 
v 0.1785 -0.0132643 0.00264976 
v 0.1785 -0.0135551 0.00271377 
v 0.1785 -0.0138511 0.00274597 
v 0.1785 -0.0141489 0.00274597 
v 0.1785 -0.0144449 0.00271377 
v 0.1785 -0.0147357 0.00264976 
v 0.1785 -0.0150179 0.00255469 
v 0.1785 -0.0152881 0.00242966 
v 0.1785 -0.0155433 0.00227614 
v 0.1785 -0.0157803 0.00209595 
v 0.1785 -0.0159965 0.00189117 
v 0.1785 -0.0161893 0.00166423 
v 0.1785 -0.0163564 0.00141777 
v 0.1785 -0.0164958 0.0011547 
v 0.1785 -0.016606 0.000878079 
v 0.1785 -0.0166857 0.000591169 
v 0.1785 -0.0167339 0.000297327 
v 0.1785 -0.01675 -5.81707e-19 
v 0.1785 -0.0167339 -0.000297327 
v 0.1785 -0.0166857 -0.000591169 
v 0.1785 -0.016606 -0.000878079 
v 0.1785 -0.0164958 -0.0011547 
v 0.1785 -0.0163564 -0.00141777 
v 0.1785 -0.0161893 -0.00166423 
v 0.1785 -0.0159965 -0.00189117 
v 0.1785 -0.0157803 -0.00209595 
v 0.1785 -0.0155433 -0.00227614 
v 0.1785 -0.0152881 -0.00242966 
v 0.1785 -0.0150179 -0.00255469 
v 0.1785 -0.0147357 -0.00264976 
v 0.1785 -0.0144449 -0.00271377 
v 0.1785 -0.0141489 -0.00274597 
v 0.1785 -0.0138511 -0.00274597 
v 0.1785 -0.0135551 -0.00271377 
v 0.1785 -0.0132643 -0.00264976 
v 0.1785 -0.0129821 -0.00255469 
v 0.1785 -0.0127119 -0.00242966 
v 0.1785 -0.0124567 -0.00227614 
v 0.1785 -0.0122197 -0.00209595 
v 0.1785 -0.0120035 -0.00189117 
v 0.1785 -0.0118107 -0.00166423 
v 0.1785 -0.0116436 -0.00141777 
v 0.1785 -0.0115042 -0.0011547 
v 0.1785 -0.011394 -0.000878079 
v 0.1785 -0.0113143 -0.000591169 
v 0.1785 -0.0112661 -0.000297327 
v 0.1785 0.01 0.0105 
v 0.176709 0.01 0.012489 
v 0.1765 0.01 0.0125 
v 0.1765 -0.023 0.0125 
v 0.176916 0.01 0.0124563 
v 0.176709 -0.0232091 0.012489 
v 0.177118 0.01 0.0124021 
v 0.176916 -0.0234158 0.0124563 
v 0.177313 0.01 0.0123271 
v 0.177118 -0.023618 0.0124021 
v 0.1775 0.01 0.0122321 
v 0.177313 -0.0238135 0.0123271 
v 0.177676 0.01 0.012118 
v 0.1775 -0.024 0.0122321 
v 0.177838 0.01 0.0119863 
v 0.177676 -0.0241756 0.012118 
v 0.177986 0.01 0.0118383 
v 0.177838 -0.0243383 0.0119863 
v 0.178118 0.01 0.0116756 
v 0.177986 -0.0244863 0.0118383 
v 0.178232 0.01 0.0115 
v 0.178118 -0.024618 0.0116756 
v 0.178177 -0.0246773 0.0115893 
v 0.178327 0.01 0.0113135 
v 0.178232 -0.0247321 0.0115 
v 0.178282 -0.024782 0.011408 
v 0.178402 0.01 0.011118 
v 0.178327 -0.0248271 0.0113135 
v 0.178367 -0.0248672 0.0112167 
v 0.178456 0.01 0.0109158 
v 0.178402 -0.0249021 0.011118 
v 0.178432 -0.0249319 0.0110176 
v 0.178489 0.01 0.0107091 
v 0.178456 -0.0249563 0.0109158 
v 0.178475 -0.0249754 0.0108129 
v 0.178489 -0.024989 0.0107091 
v 0.178497 -0.0249973 0.0106047 
v 0.171 0.002 0.0125 
v 0.170791 0.00179094 0.012489 
v 0.170584 0.00158418 0.0124563 
v 0.170382 0.00138197 0.0124021 
v 0.170187 0.00118653 0.0123271 
v 0.17 0.001 0.0122321 
v 0.169824 0.000824429 0.012118 
v 0.169662 0.000661739 0.0119863 
v 0.169514 0.00051371 0.0118383 
v 0.169382 0.000381966 0.0116756 
v 0.169323 0.000322659 0.0115893 
v 0.169268 0.000267949 0.0115 
v 0.169218 0.000217987 0.011408 
v 0.169173 0.000172909 0.0113135 
v 0.169133 0.000132839 0.0112167 
v 0.169098 9.7887e-05 0.011118 
v 0.169068 6.81483e-05 0.0110176 
v 0.169044 4.37048e-05 0.0109158 
v 0.169025 2.46233e-05 0.0108129 
v 0.169011 1.09562e-05 0.0107091 
v 0.169003 2.74093e-06 0.0106047 
v 0.075 0.01 0.0125 
v 0.075 0.002 0.0125 
v 0.0729094 0.01 0.0126096 
v 0.0567291 0.01 0.0243653 
v 0.0668653 0.01 0.0142291 
v 0.0688197 0.01 0.0134789 
v 0.0632443 0.01 0.0163197 
v 0.065 0.01 0.0151795 
v 0.055 0.01 0.1525 
v 0.055 0.01 0.0325 
v 0.0708418 0.01 0.012937 
v 0.0601371 0.01 0.0191174 
v 0.0616174 0.01 0.0176371 
v 0.0576795 0.01 0.0225 
v 0.055437 0.01 0.0283418 
v 0.0559789 0.01 0.0263197 
v 0.0588197 0.01 0.0207443 
v 0.0551096 0.01 0.0304094 
v 0.0729094 0.002 0.0126096 
v 0.0708418 0.002 0.012937 
v 0.0688197 0.002 0.0134789 
v 0.0668653 0.002 0.0142291 
v 0.065 0.002 0.0151795 
v 0.0632443 0.002 0.0163197 
v 0.0616174 0.002 0.0176371 
v 0.0601371 0.002 0.0191174 
v 0.0588197 0.002 0.0207443 
v 0.0576795 0.002 0.0225 
v 0.0567291 0.002 0.0243653 
v 0.0559789 0.002 0.0263197 
v 0.055437 0.002 0.0283418 
v 0.0551096 0.002 0.0304094 
v 0.055 0.002 0.0325 
v 0.075 1.09562e-05 0.0107091 
v 0.075 0 0.0105 
v 0.075 4.37048e-05 0.0109158 
v 0.075 9.7887e-05 0.011118 
v 0.075 0.000172909 0.0113135 
v 0.075 0.000267949 0.0115 
v 0.075 0.000381966 0.0116756 
v 0.075 0.00051371 0.0118383 
v 0.075 0.000661739 0.0119863 
v 0.075 0.000824429 0.012118 
v 0.075 0.001 0.0122321 
v 0.075 0.00118653 0.0123271 
v 0.075 0.00138197 0.0124021 
v 0.075 0.00158418 0.0124563 
v 0.075 0.00179094 0.012489 
v 0.054989 0.00179094 0.0325 
v 0.0549563 0.00158418 0.0325 
v 0.0549021 0.00138197 0.0325 
v 0.0548271 0.00118653 0.0325 
v 0.0547321 0.001 0.0325 
v 0.054618 0.000824429 0.0325 
v 0.0544863 0.000661739 0.0325 
v 0.0543383 0.00051371 0.0325 
v 0.0541756 0.000381966 0.0325 
v 0.054 0.000267949 0.0325 
v 0.0538135 0.000172909 0.0325 
v 0.053618 9.7887e-05 0.0325 
v 0.0534158 4.37048e-05 0.0325 
v 0.0727004 0 0.0106205 
v 0.0704259 0 0.0109808 
v 0.0682016 0 0.0115768 
v 0.0660518 0 0.012402 
v 0.064 0 0.0134474 
v 0.0620687 0 0.0147016 
v 0.0602791 0 0.0161508 
v 0.0586508 0 0.0177791 
v 0.0572016 0 0.0195687 
v 0.0559474 0 0.0215 
v 0.054902 0 0.0235518 
v 0.0540768 0 0.0257016 
v 0.0534808 0 0.0279259 
v 0.0531205 0 0.0302004 
v 0.0532091 1.09562e-05 0.0325 
v 0.053 0 0.0325 
v 0.0729083 0.00179094 0.0125987 
v 0.0708395 0.00179094 0.0129263 
v 0.0688163 0.00179094 0.0134684 
v 0.0668608 0.00179094 0.0142191 
v 0.0649945 0.00179094 0.01517 
v 0.0632379 0.00179094 0.0163108 
v 0.0616101 0.00179094 0.017629 
v 0.060129 0.00179094 0.0191101 
v 0.0588108 0.00179094 0.0207379 
v 0.05767 0.00179094 0.0224945 
v 0.0567191 0.00179094 0.0243608 
v 0.0559684 0.00179094 0.0263163 
v 0.0554263 0.00179094 0.0283395 
v 0.0550987 0.00179094 0.0304083 
v 0.0729049 0.00158418 0.0125661 
v 0.0708327 0.00158418 0.0128943 
v 0.0688062 0.00158418 0.0134373 
v 0.0668475 0.00158418 0.0141892 
v 0.0649781 0.00158418 0.0151416 
v 0.0632186 0.00158418 0.0162843 
v 0.0615881 0.00158418 0.0176046 
v 0.0601046 0.00158418 0.0190881 
v 0.0587843 0.00158418 0.0207186 
v 0.0576416 0.00158418 0.0224781 
v 0.0566892 0.00158418 0.0243475 
v 0.0559373 0.00158418 0.0263062 
v 0.0553943 0.00158418 0.0283327 
v 0.0550661 0.00158418 0.0304049 
v 0.0728992 0.00138197 0.0125122 
v 0.0708214 0.00138197 0.0128413 
v 0.0687894 0.00138197 0.0133858 
v 0.0668255 0.00138197 0.0141397 
v 0.0649511 0.00138197 0.0150947 
v 0.0631868 0.00138197 0.0162405 
v 0.0615519 0.00138197 0.0175644 
v 0.0600644 0.00138197 0.0190519 
v 0.0587405 0.00138197 0.0206868 
v 0.0575947 0.00138197 0.0224511 
v 0.0566397 0.00138197 0.0243255 
v 0.0558858 0.00138197 0.0262894 
v 0.0553413 0.00138197 0.0283214 
v 0.0550122 0.00138197 0.0303992 
v 0.0728914 0.00118653 0.0124376 
v 0.0708058 0.00118653 0.0127679 
v 0.0687662 0.00118653 0.0133144 
v 0.0667949 0.00118653 0.0140711 
v 0.0649135 0.00118653 0.0150297 
v 0.0631427 0.00118653 0.0161798 
v 0.0615017 0.00118653 0.0175086 
v 0.0600086 0.00118653 0.0190017 
v 0.0586798 0.00118653 0.0206427 
v 0.0575297 0.00118653 0.0224135 
v 0.0565711 0.00118653 0.0242949 
v 0.0558144 0.00118653 0.0262662 
v 0.0552679 0.00118653 0.0283058 
v 0.0549376 0.00118653 0.0303914 
v 0.0728814 0.001 0.0123431 
v 0.0707861 0.001 0.012675 
v 0.0687369 0.001 0.013224 
v 0.0667563 0.001 0.0139843 
v 0.064866 0.001 0.0149474 
v 0.0630868 0.001 0.0161029 
v 0.0614381 0.001 0.017438 
v 0.059938 0.001 0.0189381 
v 0.0586029 0.001 0.0205868 
v 0.0574474 0.001 0.022366 
v 0.0564843 0.001 0.0242563 
v 0.055724 0.001 0.0262369 
v 0.055175 0.001 0.0282861 
v 0.0548431 0.001 0.0303814 
v 0.0728695 0.000824429 0.0122297 
v 0.0707624 0.000824429 0.0125634 
v 0.0687016 0.000824429 0.0131156 
v 0.0667099 0.000824429 0.0138801 
v 0.064809 0.000824429 0.0148487 
v 0.0630198 0.000824429 0.0160106 
v 0.0613618 0.000824429 0.0173532 
v 0.0598532 0.000824429 0.0188618 
v 0.0585106 0.000824429 0.0205198 
v 0.0573487 0.000824429 0.022309 
v 0.0563801 0.000824429 0.0242099 
v 0.0556156 0.000824429 0.0262016 
v 0.0550634 0.000824429 0.0282624 
v 0.0547297 0.000824429 0.0303695 
v 0.0728557 0.000661739 0.0120987 
v 0.070735 0.000661739 0.0124346 
v 0.0686609 0.000661739 0.0129903 
v 0.0666563 0.000661739 0.0137598 
v 0.0647431 0.000661739 0.0147346 
v 0.0629423 0.000661739 0.0159041 
v 0.0612736 0.000661739 0.0172553 
v 0.0597553 0.000661739 0.0187736 
v 0.0584041 0.000661739 0.0204423 
v 0.0572346 0.000661739 0.0222431 
v 0.0562598 0.000661739 0.0241563 
v 0.0554903 0.000661739 0.0261609 
v 0.0549346 0.000661739 0.028235 
v 0.0545987 0.000661739 0.0303557 
v 0.0728403 0.00051371 0.0119514 
v 0.0707042 0.00051371 0.0122898 
v 0.0686152 0.00051371 0.0128495 
v 0.0665961 0.00051371 0.0136246 
v 0.0646691 0.00051371 0.0146064 
v 0.0628553 0.00051371 0.0157843 
v 0.0611746 0.00051371 0.0171453 
v 0.0596453 0.00051371 0.0186746 
v 0.0582843 0.00051371 0.0203553 
v 0.0571064 0.00051371 0.0221691 
v 0.0561246 0.00051371 0.0240961 
v 0.0553495 0.00051371 0.0261152 
v 0.0547898 0.00051371 0.0282042 
v 0.0544514 0.00051371 0.0303403 
v 0.0728233 0.000381966 0.0117896 
v 0.0706704 0.000381966 0.0121306 
v 0.0685649 0.000381966 0.0126948 
v 0.0665299 0.000381966 0.0134759 
v 0.0645878 0.000381966 0.0144655 
v 0.0627597 0.000381966 0.0156527 
v 0.0610657 0.000381966 0.0170244 
v 0.0595244 0.000381966 0.0185657 
v 0.0581527 0.000381966 0.0202597 
v 0.0569655 0.000381966 0.0220878 
v 0.0559759 0.000381966 0.0240299 
v 0.0551948 0.000381966 0.0260649 
v 0.0546306 0.000381966 0.0281704 
v 0.0542896 0.000381966 0.0303233 
v 0.0728049 0.000267949 0.011615 
v 0.0706339 0.000267949 0.0119589 
v 0.0685106 0.000267949 0.0125278 
v 0.0664585 0.000267949 0.0133155 
v 0.0645 0.000267949 0.0143135 
v 0.0626565 0.000267949 0.0155106 
v 0.0609483 0.000267949 0.016894 
v 0.059394 0.000267949 0.0184483 
v 0.0580106 0.000267949 0.0201565 
v 0.0568135 0.000267949 0.022 
v 0.0558155 0.000267949 0.0239585 
v 0.0550278 0.000267949 0.0260106 
v 0.0544589 0.000267949 0.0281339 
v 0.054115 0.000267949 0.0303049 
v 0.0727854 0.000172909 0.0114295 
v 0.0705951 0.000172909 0.0117764 
v 0.068453 0.000172909 0.0123504 
v 0.0663827 0.000172909 0.0131451 
v 0.0644067 0.000172909 0.0141519 
v 0.0625469 0.000172909 0.0153597 
v 0.0608234 0.000172909 0.0167553 
v 0.0592553 0.000172909 0.0183234 
v 0.0578597 0.000172909 0.0200469 
v 0.0566519 0.000172909 0.0219067 
v 0.0556451 0.000172909 0.0238827 
v 0.0548504 0.000172909 0.025953 
v 0.0542764 0.000172909 0.0280951 
v 0.0539295 0.000172909 0.0302854 
v 0.072765 9.7887e-05 0.0112352 
v 0.0705544 9.7887e-05 0.0115853 
v 0.0683926 9.7887e-05 0.0121645 
v 0.0663032 9.7887e-05 0.0129666 
v 0.064309 9.7887e-05 0.0139827 
v 0.062432 9.7887e-05 0.0152016 
v 0.0606927 9.7887e-05 0.0166101 
v 0.0591101 9.7887e-05 0.0181927 
v 0.0577016 9.7887e-05 0.019932 
v 0.0564827 9.7887e-05 0.021809 
v 0.0554666 9.7887e-05 0.0238032 
v 0.0546645 9.7887e-05 0.0258926 
v 0.0540853 9.7887e-05 0.0280544 
v 0.0537352 9.7887e-05 0.030265 
v 0.0727438 4.37048e-05 0.0110341 
v 0.0705124 4.37048e-05 0.0113875 
v 0.0683301 4.37048e-05 0.0119722 
v 0.0662209 4.37048e-05 0.0127819 
v 0.0642079 4.37048e-05 0.0138076 
v 0.0623131 4.37048e-05 0.015038 
v 0.0605574 4.37048e-05 0.0164598 
v 0.0589598 4.37048e-05 0.0180574 
v 0.057538 4.37048e-05 0.0198131 
v 0.0563076 4.37048e-05 0.0217079 
v 0.0552819 4.37048e-05 0.0237209 
v 0.0544722 4.37048e-05 0.0258301 
v 0.0538875 4.37048e-05 0.0280124 
v 0.0535341 4.37048e-05 0.0302438 
v 0.0727222 1.09562e-05 0.0108284 
v 0.0704694 1.09562e-05 0.0111852 
v 0.0682662 1.09562e-05 0.0117756 
v 0.0661368 1.09562e-05 0.012593 
v 0.0641045 1.09562e-05 0.0136285 
v 0.0621916 1.09562e-05 0.0148708 
v 0.060419 1.09562e-05 0.0163062 
v 0.0588062 1.09562e-05 0.017919 
v 0.0573708 1.09562e-05 0.0196916 
v 0.0561285 1.09562e-05 0.0216045 
v 0.055093 1.09562e-05 0.0236368 
v 0.0542756 1.09562e-05 0.0257662 
v 0.0536852 1.09562e-05 0.0279694 
v 0.0533284 1.09562e-05 0.0302222 
v 0.053 0 0.143 
v 0.055 0.002 0.145 
v 0.054989 0.00179094 0.144791 
v 0.0549563 0.00158418 0.144584 
v 0.0549021 0.00138197 0.144382 
v 0.0548271 0.00118653 0.144187 
v 0.0547321 0.001 0.144 
v 0.054618 0.000824429 0.143824 
v 0.0544863 0.000661739 0.143662 
v 0.0543383 0.00051371 0.143514 
v 0.0541756 0.000381966 0.143382 
v 0.0540893 0.000322659 0.143323 
v 0.054 0.000267949 0.143268 
v 0.053908 0.000217987 0.143218 
v 0.0538135 0.000172909 0.143173 
v 0.0537167 0.000132839 0.143133 
v 0.053618 9.7887e-05 0.143098 
v 0.0535176 6.81483e-05 0.143068 
v 0.0534158 4.37048e-05 0.143044 
v 0.0533129 2.46233e-05 0.143025 
v 0.0532091 1.09562e-05 0.143011 
v 0.0531047 2.74093e-06 0.143003 
v 0.055 -0.108 0.1525 
v 0.055 -0.108 0.145 
v 0.054618 -0.109176 0.1525 
v 0.0547321 -0.109 0.1525 
v 0.0548271 -0.108813 0.1525 
v 0.0549021 -0.108618 0.1525 
v 0.054989 -0.108209 0.1525 
v 0.053618 -0.109902 0.1525 
v 0.0538135 -0.109827 0.1525 
v 0.0549563 -0.108416 0.1525 
v 0.0541756 -0.109618 0.1525 
v 0.0543383 -0.109486 0.1525 
v 0.054 -0.109732 0.1525 
v 0.0544863 -0.109338 0.1525 
v -0.053618 -0.109902 0.1525 
v -0.0534158 -0.109956 0.1525 
v 0.0532091 -0.109989 0.1525 
v 0.0534158 -0.109956 0.1525 
v -0.0538135 -0.109827 0.1525 
v -0.0547321 -0.109 0.1525 
v -0.054618 -0.109176 0.1525 
v -0.0544863 -0.109338 0.1525 
v -0.0543383 -0.109486 0.1525 
v -0.0549021 -0.108618 0.1525 
v -0.0548271 -0.108813 0.1525 
v -0.054989 -0.108209 0.1525 
v -0.054 -0.109732 0.1525 
v -0.0541756 -0.109618 0.1525 
v -0.0549563 -0.108416 0.1525 
v 0.053 -0.11 0.1525 
v -0.053 -0.11 0.1525 
v -0.0532091 -0.109989 0.1525 
v 0.053 -0.108 0.143 
v -0.053 -0.108 0.143 
v -0.053 -0.11 0.145 
v 0.053 -0.11 0.145 
v 0.0532091 -0.109989 0.145 
v 0.0534158 -0.109956 0.145 
v 0.053618 -0.109902 0.145 
v 0.0538135 -0.109827 0.145 
v 0.054 -0.109732 0.145 
v 0.0541756 -0.109618 0.145 
v 0.0543383 -0.109486 0.145 
v 0.0544863 -0.109338 0.145 
v 0.054618 -0.109176 0.145 
v 0.0547321 -0.109 0.145 
v 0.0548271 -0.108813 0.145 
v 0.0549021 -0.108618 0.145 
v 0.0549563 -0.108416 0.145 
v 0.054989 -0.108209 0.145 
v 0.0532091 -0.108 0.143011 
v 0.0534158 -0.108 0.143044 
v 0.053618 -0.108 0.143098 
v 0.0538135 -0.108 0.143173 
v 0.054 -0.108 0.143268 
v 0.0541756 -0.108 0.143382 
v 0.0543383 -0.108 0.143514 
v 0.0544863 -0.108 0.143662 
v 0.054618 -0.108 0.143824 
v 0.0547321 -0.108 0.144 
v 0.0548271 -0.108 0.144187 
v 0.0549021 -0.108 0.144382 
v 0.0549563 -0.108 0.144584 
v 0.054989 -0.108 0.144791 
v 0.053 -0.109989 0.144791 
v 0.053 -0.109956 0.144584 
v 0.053 -0.109902 0.144382 
v 0.053 -0.109827 0.144187 
v 0.053 -0.109732 0.144 
v 0.053 -0.109618 0.143824 
v 0.053 -0.109486 0.143662 
v 0.053 -0.109338 0.143514 
v 0.053 -0.109176 0.143382 
v 0.053 -0.109 0.143268 
v 0.053 -0.108813 0.143173 
v 0.053 -0.108618 0.143098 
v 0.053 -0.108416 0.143044 
v 0.053 -0.108209 0.143011 
v 0.0532091 -0.109978 0.144792 
v 0.0532091 -0.109946 0.144586 
v 0.0532091 -0.109892 0.144385 
v 0.0532091 -0.109817 0.144191 
v 0.0532091 -0.109723 0.144005 
v 0.0532091 -0.109609 0.143831 
v 0.0532091 -0.109478 0.143669 
v 0.0532091 -0.109331 0.143522 
v 0.0532091 -0.109169 0.143391 
v 0.0532091 -0.108995 0.143277 
v 0.0532091 -0.108809 0.143183 
v 0.0532091 -0.108615 0.143108 
v 0.0532091 -0.108414 0.143054 
v 0.0532091 -0.108208 0.143022 
v 0.0534158 -0.109946 0.144796 
v 0.0534158 -0.109914 0.144593 
v 0.0534158 -0.109861 0.144395 
v 0.0534158 -0.109787 0.144204 
v 0.0534158 -0.109694 0.144022 
v 0.0534158 -0.109583 0.14385 
v 0.0534158 -0.109454 0.143691 
v 0.0534158 -0.109309 0.143546 
v 0.0534158 -0.10915 0.143417 
v 0.0534158 -0.108978 0.143306 
v 0.0534158 -0.108796 0.143213 
v 0.0534158 -0.108605 0.143139 
v 0.0534158 -0.108407 0.143086 
v 0.0534158 -0.108204 0.143054 
v 0.053618 -0.109892 0.144801 
v 0.053618 -0.109861 0.144605 
v 0.053618 -0.109809 0.144412 
v 0.053618 -0.109738 0.144226 
v 0.053618 -0.109647 0.144049 
v 0.053618 -0.109539 0.143882 
v 0.053618 -0.109414 0.143727 
v 0.053618 -0.109273 0.143586 
v 0.053618 -0.109118 0.143461 
v 0.053618 -0.108951 0.143353 
v 0.053618 -0.108774 0.143262 
v 0.053618 -0.108588 0.143191 
v 0.053618 -0.108395 0.143139 
v 0.053618 -0.108199 0.143108 
v 0.0538135 -0.109817 0.144809 
v 0.0538135 -0.109787 0.14462 
v 0.0538135 -0.109738 0.144435 
v 0.0538135 -0.109669 0.144257 
v 0.0538135 -0.109582 0.144086 
v 0.0538135 -0.109478 0.143926 
v 0.0538135 -0.109358 0.143777 
v 0.0538135 -0.109223 0.143642 
v 0.0538135 -0.109074 0.143522 
v 0.0538135 -0.108914 0.143418 
v 0.0538135 -0.108743 0.143331 
v 0.0538135 -0.108565 0.143262 
v 0.0538135 -0.10838 0.143213 
v 0.0538135 -0.108191 0.143183 
v 0.054 -0.109723 0.144819 
v 0.054 -0.109694 0.14464 
v 0.054 -0.109647 0.144465 
v 0.054 -0.109582 0.144296 
v 0.054 -0.1095 0.144134 
v 0.054 -0.109401 0.143982 
v 0.054 -0.109287 0.143841 
v 0.054 -0.109159 0.143713 
v 0.054 -0.109018 0.143599 
v 0.054 -0.108866 0.1435 
v 0.054 -0.108704 0.143418 
v 0.054 -0.108535 0.143353 
v 0.054 -0.10836 0.143306 
v 0.054 -0.108181 0.143277 
v 0.0541756 -0.109609 0.144831 
v 0.0541756 -0.109583 0.144664 
v 0.0541756 -0.109539 0.1445 
v 0.0541756 -0.109478 0.144342 
v 0.0541756 -0.109401 0.144191 
v 0.0541756 -0.109309 0.144049 
v 0.0541756 -0.109202 0.143917 
v 0.0541756 -0.109083 0.143798 
v 0.0541756 -0.108951 0.143691 
v 0.0541756 -0.108809 0.143599 
v 0.0541756 -0.108658 0.143522 
v 0.0541756 -0.1085 0.143461 
v 0.0541756 -0.108336 0.143417 
v 0.0541756 -0.108169 0.143391 
v 0.0543383 -0.109478 0.144845 
v 0.0543383 -0.109454 0.144691 
v 0.0543383 -0.109414 0.144541 
v 0.0543383 -0.109358 0.144395 
v 0.0543383 -0.109287 0.144257 
v 0.0543383 -0.109202 0.144126 
v 0.0543383 -0.109105 0.144005 
v 0.0543383 -0.108995 0.143895 
v 0.0543383 -0.108874 0.143798 
v 0.0543383 -0.108743 0.143713 
v 0.0543383 -0.108605 0.143642 
v 0.0543383 -0.108459 0.143586 
v 0.0543383 -0.108309 0.143546 
v 0.0543383 -0.108155 0.143522 
v 0.0544863 -0.109331 0.14486 
v 0.0544863 -0.109309 0.144722 
v 0.0544863 -0.109273 0.144586 
v 0.0544863 -0.109223 0.144456 
v 0.0544863 -0.109159 0.144331 
v 0.0544863 -0.109083 0.144213 
v 0.0544863 -0.108995 0.144105 
v 0.0544863 -0.108895 0.144005 
v 0.0544863 -0.108787 0.143917 
v 0.0544863 -0.108669 0.143841 
v 0.0544863 -0.108544 0.143777 
v 0.0544863 -0.108414 0.143727 
v 0.0544863 -0.108278 0.143691 
v 0.0544863 -0.10814 0.143669 
v 0.054618 -0.109169 0.144877 
v 0.054618 -0.10915 0.144756 
v 0.054618 -0.109118 0.144637 
v 0.054618 -0.109074 0.144522 
v 0.054618 -0.109018 0.144412 
v 0.054618 -0.108951 0.144309 
v 0.054618 -0.108874 0.144213 
v 0.054618 -0.108787 0.144126 
v 0.054618 -0.108691 0.144049 
v 0.054618 -0.108588 0.143982 
v 0.054618 -0.108478 0.143926 
v 0.054618 -0.108363 0.143882 
v 0.054618 -0.108244 0.14385 
v 0.054618 -0.108123 0.143831 
v 0.0547321 -0.108995 0.144895 
v 0.0547321 -0.108978 0.144792 
v 0.0547321 -0.108951 0.144691 
v 0.0547321 -0.108914 0.144593 
v 0.0547321 -0.108866 0.1445 
v 0.0547321 -0.108809 0.144412 
v 0.0547321 -0.108743 0.144331 
v 0.0547321 -0.108669 0.144257 
v 0.0547321 -0.108588 0.144191 
v 0.0547321 -0.1085 0.144134 
v 0.0547321 -0.108407 0.144086 
v 0.0547321 -0.108309 0.144049 
v 0.0547321 -0.108208 0.144022 
v 0.0547321 -0.108105 0.144005 
v 0.0548271 -0.108809 0.144915 
v 0.0548271 -0.108796 0.144831 
v 0.0548271 -0.108774 0.144749 
v 0.0548271 -0.108743 0.144669 
v 0.0548271 -0.108704 0.144593 
v 0.0548271 -0.108658 0.144522 
v 0.0548271 -0.108605 0.144456 
v 0.0548271 -0.108544 0.144395 
v 0.0548271 -0.108478 0.144342 
v 0.0548271 -0.108407 0.144296 
v 0.0548271 -0.108331 0.144257 
v 0.0548271 -0.108251 0.144226 
v 0.0548271 -0.108169 0.144204 
v 0.0548271 -0.108085 0.144191 
v 0.0549021 -0.108615 0.144935 
v 0.0549021 -0.108605 0.144872 
v 0.0549021 -0.108588 0.144809 
v 0.0549021 -0.108565 0.144749 
v 0.0549021 -0.108535 0.144691 
v 0.0549021 -0.1085 0.144637 
v 0.0549021 -0.108459 0.144586 
v 0.0549021 -0.108414 0.144541 
v 0.0549021 -0.108363 0.1445 
v 0.0549021 -0.108309 0.144465 
v 0.0549021 -0.108251 0.144435 
v 0.0549021 -0.108191 0.144412 
v 0.0549021 -0.108128 0.144395 
v 0.0549021 -0.108065 0.144385 
v 0.0549563 -0.108414 0.144957 
v 0.0549563 -0.108407 0.144914 
v 0.0549563 -0.108395 0.144872 
v 0.0549563 -0.10838 0.144831 
v 0.0549563 -0.10836 0.144792 
v 0.0549563 -0.108336 0.144756 
v 0.0549563 -0.108309 0.144722 
v 0.0549563 -0.108278 0.144691 
v 0.0549563 -0.108244 0.144664 
v 0.0549563 -0.108208 0.14464 
v 0.0549563 -0.108169 0.14462 
v 0.0549563 -0.108128 0.144605 
v 0.0549563 -0.108086 0.144593 
v 0.0549563 -0.108043 0.144586 
v 0.054989 -0.108208 0.144978 
v 0.054989 -0.108204 0.144957 
v 0.054989 -0.108199 0.144935 
v 0.054989 -0.108191 0.144915 
v 0.054989 -0.108181 0.144895 
v 0.054989 -0.108169 0.144877 
v 0.054989 -0.108155 0.14486 
v 0.054989 -0.10814 0.144845 
v 0.054989 -0.108123 0.144831 
v 0.054989 -0.108105 0.144819 
v 0.054989 -0.108085 0.144809 
v 0.054989 -0.108065 0.144801 
v 0.054989 -0.108043 0.144796 
v 0.054989 -0.108022 0.144792 
v -0.0532091 -0.109989 0.145 
v -0.0534158 -0.109956 0.145 
v -0.053618 -0.109902 0.145 
v -0.0538135 -0.109827 0.145 
v -0.054 -0.109732 0.145 
v -0.0541756 -0.109618 0.145 
v -0.0543383 -0.109486 0.145 
v -0.0544863 -0.109338 0.145 
v -0.054618 -0.109176 0.145 
v -0.0547321 -0.109 0.145 
v -0.0548271 -0.108813 0.145 
v -0.0549021 -0.108618 0.145 
v -0.0549563 -0.108416 0.145 
v -0.054989 -0.108209 0.145 
v -0.053 -0.108209 0.143011 
v -0.053 -0.108416 0.143044 
v -0.053 -0.108618 0.143098 
v -0.053 -0.108813 0.143173 
v -0.053 -0.109 0.143268 
v -0.053 -0.109176 0.143382 
v -0.053 -0.109338 0.143514 
v -0.053 -0.109486 0.143662 
v -0.053 -0.109618 0.143824 
v -0.053 -0.109732 0.144 
v -0.053 -0.109827 0.144187 
v -0.053 -0.109902 0.144382 
v -0.053 -0.109956 0.144584 
v -0.053 -0.109989 0.144791 
v -0.054989 -0.108 0.144791 
v -0.0549563 -0.108 0.144584 
v -0.0549021 -0.108 0.144382 
v -0.0548271 -0.108 0.144187 
v -0.0547321 -0.108 0.144 
v -0.054618 -0.108 0.143824 
v -0.0544863 -0.108 0.143662 
v -0.0543383 -0.108 0.143514 
v -0.0541756 -0.108 0.143382 
v -0.054 -0.108 0.143268 
v -0.0538135 -0.108 0.143173 
v -0.053618 -0.108 0.143098 
v -0.0534158 -0.108 0.143044 
v -0.0532091 -0.108 0.143011 
v -0.0549781 -0.108209 0.144792 
v -0.0549456 -0.108209 0.144586 
v -0.0548917 -0.108209 0.144385 
v -0.0548171 -0.108209 0.144191 
v -0.0547226 -0.108209 0.144005 
v -0.0546092 -0.108209 0.143831 
v -0.0544781 -0.108209 0.143669 
v -0.0543309 -0.108209 0.143522 
v -0.0541691 -0.108209 0.143391 
v -0.0539945 -0.108209 0.143277 
v -0.053809 -0.108209 0.143183 
v -0.0536146 -0.108209 0.143108 
v -0.0534135 -0.108209 0.143054 
v -0.0532079 -0.108209 0.143022 
v -0.0549456 -0.108416 0.144796 
v -0.0549135 -0.108416 0.144593 
v -0.0548605 -0.108416 0.144395 
v -0.0547872 -0.108416 0.144204 
v -0.0546942 -0.108416 0.144022 
v -0.0545827 -0.108416 0.14385 
v -0.0544538 -0.108416 0.143691 
v -0.054309 -0.108416 0.143546 
v -0.0541499 -0.108416 0.143417 
v -0.0539781 -0.108416 0.143306 
v -0.0537957 -0.108416 0.143213 
v -0.0536045 -0.108416 0.143139 
v -0.0534067 -0.108416 0.143086 
v -0.0532045 -0.108416 0.143054 
v -0.0548917 -0.108618 0.144801 
v -0.0548605 -0.108618 0.144605 
v -0.054809 -0.108618 0.144412 
v -0.0547377 -0.108618 0.144226 
v -0.0546473 -0.108618 0.144049 
v -0.0545388 -0.108618 0.143882 
v -0.0544135 -0.108618 0.143727 
v -0.0542728 -0.108618 0.143586 
v -0.054118 -0.108618 0.143461 
v -0.0539511 -0.108618 0.143353 
v -0.0537737 -0.108618 0.143262 
v -0.0535878 -0.108618 0.143191 
v -0.0533955 -0.108618 0.143139 
v -0.0531988 -0.108618 0.143108 
v -0.0548171 -0.108813 0.144809 
v -0.0547872 -0.108813 0.14462 
v -0.0547377 -0.108813 0.144435 
v -0.0546691 -0.108813 0.144257 
v -0.0545823 -0.108813 0.144086 
v -0.0544781 -0.108813 0.143926 
v -0.0543578 -0.108813 0.143777 
v -0.0542226 -0.108813 0.143642 
v -0.0540739 -0.108813 0.143522 
v -0.0539135 -0.108813 0.143418 
v -0.0537431 -0.108813 0.143331 
v -0.0535646 -0.108813 0.143262 
v -0.0533799 -0.108813 0.143213 
v -0.053191 -0.108813 0.143183 
v -0.0547226 -0.109 0.144819 
v -0.0546942 -0.109 0.14464 
v -0.0546473 -0.109 0.144465 
v -0.0545823 -0.109 0.144296 
v -0.0545 -0.109 0.144134 
v -0.0544013 -0.109 0.143982 
v -0.0542872 -0.109 0.143841 
v -0.054159 -0.109 0.143713 
v -0.0540181 -0.109 0.143599 
v -0.053866 -0.109 0.1435 
v -0.0537045 -0.109 0.143418 
v -0.0535352 -0.109 0.143353 
v -0.0533601 -0.109 0.143306 
v -0.053181 -0.109 0.143277 
v -0.0546092 -0.109176 0.144831 
v -0.0545827 -0.109176 0.144664 
v -0.0545388 -0.109176 0.1445 
v -0.0544781 -0.109176 0.144342 
v -0.0544013 -0.109176 0.144191 
v -0.054309 -0.109176 0.144049 
v -0.0542024 -0.109176 0.143917 
v -0.0540827 -0.109176 0.143798 
v -0.0539511 -0.109176 0.143691 
v -0.053809 -0.109176 0.143599 
v -0.0536581 -0.109176 0.143522 
v -0.0535 -0.109176 0.143461 
v -0.0533364 -0.109176 0.143417 
v -0.0531691 -0.109176 0.143391 
v -0.0544781 -0.109338 0.144845 
v -0.0544538 -0.109338 0.144691 
v -0.0544135 -0.109338 0.144541 
v -0.0543578 -0.109338 0.144395 
v -0.0542872 -0.109338 0.144257 
v -0.0542024 -0.109338 0.144126 
v -0.0541045 -0.109338 0.144005 
v -0.0539945 -0.109338 0.143895 
v -0.0538736 -0.109338 0.143798 
v -0.0537431 -0.109338 0.143713 
v -0.0536045 -0.109338 0.143642 
v -0.0534593 -0.109338 0.143586 
v -0.053309 -0.109338 0.143546 
v -0.0531554 -0.109338 0.143522 
v -0.0543309 -0.109486 0.14486 
v -0.054309 -0.109486 0.144722 
v -0.0542728 -0.109486 0.144586 
v -0.0542226 -0.109486 0.144456 
v -0.054159 -0.109486 0.144331 
v -0.0540827 -0.109486 0.144213 
v -0.0539945 -0.109486 0.144105 
v -0.0538955 -0.109486 0.144005 
v -0.0537866 -0.109486 0.143917 
v -0.0536691 -0.109486 0.143841 
v -0.0535443 -0.109486 0.143777 
v -0.0534135 -0.109486 0.143727 
v -0.0532782 -0.109486 0.143691 
v -0.0531399 -0.109486 0.143669 
v -0.0541691 -0.109618 0.144877 
v -0.0541499 -0.109618 0.144756 
v -0.054118 -0.109618 0.144637 
v -0.0540739 -0.109618 0.144522 
v -0.0540181 -0.109618 0.144412 
v -0.0539511 -0.109618 0.144309 
v -0.0538736 -0.109618 0.144213 
v -0.0537866 -0.109618 0.144126 
v -0.053691 -0.109618 0.144049 
v -0.0535878 -0.109618 0.143982 
v -0.0534781 -0.109618 0.143926 
v -0.0533633 -0.109618 0.143882 
v -0.0532444 -0.109618 0.14385 
v -0.0531229 -0.109618 0.143831 
v -0.0539945 -0.109732 0.144895 
v -0.0539781 -0.109732 0.144792 
v -0.0539511 -0.109732 0.144691 
v -0.0539135 -0.109732 0.144593 
v -0.053866 -0.109732 0.1445 
v -0.053809 -0.109732 0.144412 
v -0.0537431 -0.109732 0.144331 
v -0.0536691 -0.109732 0.144257 
v -0.0535878 -0.109732 0.144191 
v -0.0535 -0.109732 0.144134 
v -0.0534067 -0.109732 0.144086 
v -0.053309 -0.109732 0.144049 
v -0.0532079 -0.109732 0.144022 
v -0.0531045 -0.109732 0.144005 
v -0.053809 -0.109827 0.144915 
v -0.0537957 -0.109827 0.144831 
v -0.0537737 -0.109827 0.144749 
v -0.0537431 -0.109827 0.144669 
v -0.0537045 -0.109827 0.144593 
v -0.0536581 -0.109827 0.144522 
v -0.0536045 -0.109827 0.144456 
v -0.0535443 -0.109827 0.144395 
v -0.0534781 -0.109827 0.144342 
v -0.0534067 -0.109827 0.144296 
v -0.0533309 -0.109827 0.144257 
v -0.0532514 -0.109827 0.144226 
v -0.0531691 -0.109827 0.144204 
v -0.053085 -0.109827 0.144191 
v -0.0536146 -0.109902 0.144935 
v -0.0536045 -0.109902 0.144872 
v -0.0535878 -0.109902 0.144809 
v -0.0535646 -0.109902 0.144749 
v -0.0535352 -0.109902 0.144691 
v -0.0535 -0.109902 0.144637 
v -0.0534593 -0.109902 0.144586 
v -0.0534135 -0.109902 0.144541 
v -0.0533633 -0.109902 0.1445 
v -0.053309 -0.109902 0.144465 
v -0.0532514 -0.109902 0.144435 
v -0.053191 -0.109902 0.144412 
v -0.0531285 -0.109902 0.144395 
v -0.0530646 -0.109902 0.144385 
v -0.0534135 -0.109956 0.144957 
v -0.0534067 -0.109956 0.144914 
v -0.0533955 -0.109956 0.144872 
v -0.0533799 -0.109956 0.144831 
v -0.0533601 -0.109956 0.144792 
v -0.0533364 -0.109956 0.144756 
v -0.053309 -0.109956 0.144722 
v -0.0532782 -0.109956 0.144691 
v -0.0532444 -0.109956 0.144664 
v -0.0532079 -0.109956 0.14464 
v -0.0531691 -0.109956 0.14462 
v -0.0531285 -0.109956 0.144605 
v -0.0530865 -0.109956 0.144593 
v -0.0530435 -0.109956 0.144586 
v -0.0532079 -0.109989 0.144978 
v -0.0532045 -0.109989 0.144957 
v -0.0531988 -0.109989 0.144935 
v -0.053191 -0.109989 0.144915 
v -0.053181 -0.109989 0.144895 
v -0.0531691 -0.109989 0.144877 
v -0.0531554 -0.109989 0.14486 
v -0.0531399 -0.109989 0.144845 
v -0.0531229 -0.109989 0.144831 
v -0.0531045 -0.109989 0.144819 
v -0.053085 -0.109989 0.144809 
v -0.0530646 -0.109989 0.144801 
v -0.0530435 -0.109989 0.144796 
v -0.0530219 -0.109989 0.144792 
vn 0 -0.994138 -0.108119 
vn 0 -1 -2.44929e-16 
vn 0 -0.976621 -0.21497 
vn 0 -0.994138 -0.108119 
vn 0 -0.947653 -0.319302 
vn 0 -0.976621 -0.21497 
vn 0 -0.907575 -0.419889 
vn 0 -0.947653 -0.319302 
vn 0 -0.856857 -0.515554 
vn 0 -0.907575 -0.419889 
vn 0 -0.796093 -0.605174 
vn 0 -0.856857 -0.515554 
vn 0 -0.725995 -0.687699 
vn 0 -0.796093 -0.605174 
vn 0 -0.647386 -0.762162 
vn 0 -0.725995 -0.687699 
vn 0 -0.561187 -0.827689 
vn 0 -0.647386 -0.762162 
vn 0 -0.468408 -0.883512 
vn 0 -0.561187 -0.827689 
vn 0 -0.370138 -0.928977 
vn 0 -0.468408 -0.883512 
vn 0 -0.267528 -0.96355 
vn 0 -0.370138 -0.928977 
vn 0 -0.161782 -0.986827 
vn 0 -0.267528 -0.96355 
vn 0 -0.0541389 -0.998533 
vn 0 -0.161782 -0.986827 
vn 0 0.0541389 -0.998533 
vn 0 -0.0541389 -0.998533 
vn 0 0.161782 -0.986827 
vn 0 0.0541389 -0.998533 
vn 0 0.267528 -0.96355 
vn 0 0.161782 -0.986827 
vn 0 0.370138 -0.928977 
vn 0 0.267528 -0.96355 
vn 0 0.468408 -0.883512 
vn 0 0.370138 -0.928977 
vn 0 0.561187 -0.827689 
vn 0 0.468408 -0.883512 
vn 0 0.647386 -0.762162 
vn 0 0.561187 -0.827689 
vn 0 0.725995 -0.687699 
vn 0 0.647386 -0.762162 
vn 0 0.796093 -0.605174 
vn 0 0.725995 -0.687699 
vn 0 0.856857 -0.515554 
vn 0 0.796093 -0.605174 
vn 0 0.907575 -0.419889 
vn 0 0.856857 -0.515554 
vn 0 0.947653 -0.319302 
vn 0 0.907575 -0.419889 
vn 0 0.976621 -0.21497 
vn 0 0.947653 -0.319302 
vn 0 0.994138 -0.108119 
vn 0 0.976621 -0.21497 
vn 0 1 1.22465e-16 
vn 0 0.994138 -0.108119 
vn 0 0.994138 0.108119 
vn 0 1 1.22465e-16 
vn 0 0.976621 0.21497 
vn 0 0.994138 0.108119 
vn 0 0.947653 0.319302 
vn 0 0.976621 0.21497 
vn 0 0.907575 0.419889 
vn 0 0.947653 0.319302 
vn 0 0.856857 0.515554 
vn 0 0.907575 0.419889 
vn 0 0.796093 0.605174 
vn 0 0.856857 0.515554 
vn 0 0.725995 0.687699 
vn 0 0.796093 0.605174 
vn 0 0.647386 0.762162 
vn 0 0.725995 0.687699 
vn 0 0.561187 0.827689 
vn 0 0.647386 0.762162 
vn 0 0.468408 0.883512 
vn 0 0.561187 0.827689 
vn 0 0.370138 0.928977 
vn 0 0.468408 0.883512 
vn 0 0.267528 0.96355 
vn 0 0.370138 0.928977 
vn 0 0.161782 0.986827 
vn 0 0.267528 0.96355 
vn 0 0.0541389 0.998533 
vn 0 0.161782 0.986827 
vn 0 -0.0541389 0.998533 
vn 0 0.0541389 0.998533 
vn 0 -0.161782 0.986827 
vn 0 -0.0541389 0.998533 
vn 0 -0.267528 0.96355 
vn 0 -0.161782 0.986827 
vn 0 -0.370138 0.928977 
vn 0 -0.267528 0.96355 
vn 0 -0.468408 0.883512 
vn 0 -0.370138 0.928977 
vn 0 -0.561187 0.827689 
vn 0 -0.468408 0.883512 
vn 0 -0.647386 0.762162 
vn 0 -0.561187 0.827689 
vn 0 -0.725995 0.687699 
vn 0 -0.647386 0.762162 
vn 0 -0.796093 0.605174 
vn 0 -0.725995 0.687699 
vn 0 -0.856857 0.515554 
vn 0 -0.796093 0.605174 
vn 0 -0.907575 0.419889 
vn 0 -0.856857 0.515554 
vn 0 -0.947653 0.319302 
vn 0 -0.907575 0.419889 
vn 0 -0.976621 0.21497 
vn 0 -0.947653 0.319302 
vn 0 -0.994138 0.108119 
vn 0 -0.976621 0.21497 
vn -1 0 0 
vn 6.12323e-17 0 -1 
vn -0.104528 0 -0.994522 
vn -0.207912 0 -0.978148 
vn -0.309017 0 -0.951057 
vn -0.406737 0 -0.913545 
vn -0.5 0 -0.866025 
vn -0.587785 0 -0.809017 
vn -0.669131 0 -0.743145 
vn -0.743145 0 -0.669131 
vn -0.809017 0 -0.587785 
vn -0.866025 0 -0.5 
vn -0.913545 0 -0.406737 
vn -0.951057 0 -0.309017 
vn -0.978148 0 -0.207912 
vn -0.994522 0 -0.104528 
vn -1 0 -1.22465e-16 
vn 1.21794e-16 -0.994522 -0.104528 
vn 1.22465e-16 -1 0 
vn -0.104528 -0.994522 0 
vn -0.103956 -0.989074 -0.104528 
vn -0.207912 -0.978148 0 
vn -0.206773 -0.972789 -0.104528 
vn -0.309017 -0.951057 0 
vn -0.307324 -0.945847 -0.104528 
vn -0.406737 -0.913545 0 
vn -0.404508 -0.908541 -0.104528 
vn -0.5 -0.866025 0 
vn -0.497261 -0.861281 -0.104528 
vn -0.587785 -0.809017 0 
vn -0.584565 -0.804585 -0.104528 
vn -0.669131 -0.743145 0 
vn -0.665465 -0.739074 -0.104528 
vn -0.743145 -0.669131 0 
vn -0.739074 -0.665465 -0.104528 
vn -0.809017 -0.587785 0 
vn -0.804585 -0.584565 -0.104528 
vn -0.866025 -0.5 0 
vn -0.861281 -0.497261 -0.104528 
vn -0.913545 -0.406737 0 
vn -0.908541 -0.404508 -0.104528 
vn -0.951057 -0.309017 0 
vn -0.945847 -0.307324 -0.104528 
vn -0.978148 -0.207912 0 
vn -0.972789 -0.206773 -0.104528 
vn -0.994522 -0.104528 0 
vn -0.989074 -0.103956 -0.104528 
vn -1 -1.38778e-16 0 
vn 1.19789e-16 -0.978148 -0.207912 
vn -0.102244 -0.972789 -0.207912 
vn -0.203368 -0.956773 -0.207912 
vn -0.302264 -0.930274 -0.207912 
vn -0.397848 -0.893582 -0.207912 
vn -0.489074 -0.847101 -0.207912 
vn -0.574941 -0.791338 -0.207912 
vn -0.654508 -0.726905 -0.207912 
vn -0.726905 -0.654508 -0.207912 
vn -0.791338 -0.574941 -0.207912 
vn -0.847101 -0.489074 -0.207912 
vn -0.893582 -0.397848 -0.207912 
vn -0.930274 -0.302264 -0.207912 
vn -0.956773 -0.203368 -0.207912 
vn -0.972789 -0.102244 -0.207912 
vn -0.994522 -1.38018e-16 -0.104528 
vn 1.16471e-16 -0.951057 -0.309017 
vn -0.0994125 -0.945847 -0.309017 
vn -0.197736 -0.930274 -0.309017 
vn -0.293893 -0.904508 -0.309017 
vn -0.38683 -0.868833 -0.309017 
vn -0.475528 -0.823639 -0.309017 
vn -0.559017 -0.769421 -0.309017 
vn -0.636381 -0.706773 -0.309017 
vn -0.706773 -0.636381 -0.309017 
vn -0.769421 -0.559017 -0.309017 
vn -0.823639 -0.475528 -0.309017 
vn -0.868833 -0.38683 -0.309017 
vn -0.904508 -0.293893 -0.309017 
vn -0.930274 -0.197736 -0.309017 
vn -0.945847 -0.0994125 -0.309017 
vn -0.978148 -1.35745e-16 -0.207912 
vn 1.11877e-16 -0.913545 -0.406737 
vn -0.0954915 -0.908541 -0.406737 
vn -0.189937 -0.893582 -0.406737 
vn -0.282301 -0.868833 -0.406737 
vn -0.371572 -0.834565 -0.406737 
vn -0.456773 -0.791154 -0.406737 
vn -0.536969 -0.739074 -0.406737 
vn -0.611281 -0.678897 -0.406737 
vn -0.678897 -0.611281 -0.406737 
vn -0.739074 -0.536969 -0.406737 
vn -0.791154 -0.456773 -0.406737 
vn -0.834565 -0.371572 -0.406737 
vn -0.868833 -0.282301 -0.406737 
vn -0.893582 -0.189937 -0.406737 
vn -0.908541 -0.0954915 -0.406737 
vn -0.951057 -1.31986e-16 -0.309017 
vn 1.06058e-16 -0.866025 -0.5 
vn -0.0905243 -0.861281 -0.5 
vn -0.180057 -0.847101 -0.5 
vn -0.267617 -0.823639 -0.5 
vn -0.352244 -0.791154 -0.5 
vn -0.433013 -0.75 -0.5 
vn -0.509037 -0.700629 -0.5 
vn -0.579484 -0.643582 -0.5 
vn -0.643582 -0.579484 -0.5 
vn -0.700629 -0.509037 -0.5 
vn -0.75 -0.433013 -0.5 
vn -0.791154 -0.352244 -0.5 
vn -0.823639 -0.267617 -0.5 
vn -0.847101 -0.180057 -0.5 
vn -0.861281 -0.0905243 -0.5 
vn -0.913545 -1.2678e-16 -0.406737 
vn 9.9076e-17 -0.809017 -0.587785 
vn -0.0845653 -0.804585 -0.587785 
vn -0.168204 -0.791338 -0.587785 
vn -0.25 -0.769421 -0.587785 
vn -0.329057 -0.739074 -0.587785 
vn -0.404508 -0.700629 -0.587785 
vn -0.475528 -0.654508 -0.587785 
vn -0.541338 -0.601217 -0.587785 
vn -0.601217 -0.541338 -0.587785 
vn -0.654508 -0.475528 -0.587785 
vn -0.700629 -0.404508 -0.587785 
vn -0.739074 -0.329057 -0.587785 
vn -0.769421 -0.25 -0.587785 
vn -0.791338 -0.168204 -0.587785 
vn -0.804585 -0.0845653 -0.587785 
vn -0.866025 -1.20185e-16 -0.5 
vn 9.1009e-17 -0.743145 -0.669131 
vn -0.0776798 -0.739074 -0.669131 
vn -0.154508 -0.726905 -0.669131 
vn -0.229644 -0.706773 -0.669131 
vn -0.302264 -0.678897 -0.669131 
vn -0.371572 -0.643582 -0.669131 
vn -0.43681 -0.601217 -0.669131 
vn -0.497261 -0.552264 -0.669131 
vn -0.552264 -0.497261 -0.669131 
vn -0.601217 -0.43681 -0.669131 
vn -0.643582 -0.371572 -0.669131 
vn -0.678897 -0.302264 -0.669131 
vn -0.706773 -0.229644 -0.669131 
vn -0.726905 -0.154508 -0.669131 
vn -0.739074 -0.0776798 -0.669131 
vn -0.809017 -1.12274e-16 -0.587785 
vn 8.19449e-17 -0.669131 -0.743145 
vn -0.0699432 -0.665465 -0.743145 
vn -0.13912 -0.654508 -0.743145 
vn -0.206773 -0.636381 -0.743145 
vn -0.27216 -0.611281 -0.743145 
vn -0.334565 -0.579484 -0.743145 
vn -0.393305 -0.541338 -0.743145 
vn -0.447736 -0.497261 -0.743145 
vn -0.497261 -0.447736 -0.743145 
vn -0.541338 -0.393305 -0.743145 
vn -0.579484 -0.334565 -0.743145 
vn -0.611281 -0.27216 -0.743145 
vn -0.636381 -0.206773 -0.743145 
vn -0.654508 -0.13912 -0.743145 
vn -0.665465 -0.0699432 -0.743145 
vn -0.743145 -1.03132e-16 -0.669131 
vn 7.19829e-17 -0.587785 -0.809017 
vn -0.0614403 -0.584565 -0.809017 
vn -0.122207 -0.574941 -0.809017 
vn -0.181636 -0.559017 -0.809017 
vn -0.239074 -0.536969 -0.809017 
vn -0.293893 -0.509037 -0.809017 
vn -0.345492 -0.475528 -0.809017 
vn -0.393305 -0.43681 -0.809017 
vn -0.43681 -0.393305 -0.809017 
vn -0.475528 -0.345492 -0.809017 
vn -0.509037 -0.293893 -0.809017 
vn -0.536969 -0.239074 -0.809017 
vn -0.559017 -0.181636 -0.809017 
vn -0.574941 -0.122207 -0.809017 
vn -0.584565 -0.0614403 -0.809017 
vn -0.669131 -9.28605e-17 -0.743145 
vn 6.12323e-17 -0.5 -0.866025 
vn -0.0522642 -0.497261 -0.866025 
vn -0.103956 -0.489074 -0.866025 
vn -0.154508 -0.475528 -0.866025 
vn -0.203368 -0.456773 -0.866025 
vn -0.25 -0.433013 -0.866025 
vn -0.293893 -0.404508 -0.866025 
vn -0.334565 -0.371572 -0.866025 
vn -0.371572 -0.334565 -0.866025 
vn -0.404508 -0.293893 -0.866025 
vn -0.433013 -0.25 -0.866025 
vn -0.456773 -0.203368 -0.866025 
vn -0.475528 -0.154508 -0.866025 
vn -0.489074 -0.103956 -0.866025 
vn -0.497261 -0.0522642 -0.866025 
vn -0.587785 -8.15716e-17 -0.809017 
vn 4.98109e-17 -0.406737 -0.913545 
vn -0.0425156 -0.404508 -0.913545 
vn -0.0845653 -0.397848 -0.913545 
vn -0.125689 -0.38683 -0.913545 
vn -0.165435 -0.371572 -0.913545 
vn -0.203368 -0.352244 -0.913545 
vn -0.239074 -0.329057 -0.913545 
vn -0.27216 -0.302264 -0.913545 
vn -0.302264 -0.27216 -0.913545 
vn -0.329057 -0.239074 -0.913545 
vn -0.352244 -0.203368 -0.913545 
vn -0.371572 -0.165435 -0.913545 
vn -0.38683 -0.125689 -0.913545 
vn -0.397848 -0.0845653 -0.913545 
vn -0.404508 -0.0425156 -0.913545 
vn -0.5 -6.93889e-17 -0.866025 
vn 3.78437e-17 -0.309017 -0.951057 
vn -0.0323011 -0.307324 -0.951057 
vn -0.0642482 -0.302264 -0.951057 
vn -0.0954915 -0.293893 -0.951057 
vn -0.125689 -0.282301 -0.951057 
vn -0.154508 -0.267617 -0.951057 
vn -0.181636 -0.25 -0.951057 
vn -0.206773 -0.229644 -0.951057 
vn -0.229644 -0.206773 -0.951057 
vn -0.25 -0.181636 -0.951057 
vn -0.267617 -0.154508 -0.951057 
vn -0.282301 -0.125689 -0.951057 
vn -0.293893 -0.0954915 -0.951057 
vn -0.302264 -0.0642482 -0.951057 
vn -0.307324 -0.0323011 -0.951057 
vn -0.406737 -5.6446e-17 -0.913545 
vn 2.54618e-17 -0.207912 -0.978148 
vn -0.0217327 -0.206773 -0.978148 
vn -0.0432273 -0.203368 -0.978148 
vn -0.0642482 -0.197736 -0.978148 
vn -0.0845653 -0.189937 -0.978148 
vn -0.103956 -0.180057 -0.978148 
vn -0.122207 -0.168204 -0.978148 
vn -0.13912 -0.154508 -0.978148 
vn -0.154508 -0.13912 -0.978148 
vn -0.168204 -0.122207 -0.978148 
vn -0.180057 -0.103956 -0.978148 
vn -0.189937 -0.0845653 -0.978148 
vn -0.197736 -0.0642482 -0.978148 
vn -0.203368 -0.0432273 -0.978148 
vn -0.206773 -0.0217327 -0.978148 
vn -0.309017 -4.28847e-17 -0.951057 
vn 1.2801e-17 -0.104528 -0.994522 
vn -0.0109262 -0.103956 -0.994522 
vn -0.0217327 -0.102244 -0.994522 
vn -0.0323011 -0.0994125 -0.994522 
vn -0.0425156 -0.0954915 -0.994522 
vn -0.0522642 -0.0905243 -0.994522 
vn -0.0614403 -0.0845653 -0.994522 
vn -0.0699432 -0.0776798 -0.994522 
vn -0.0776798 -0.0699432 -0.994522 
vn -0.0845653 -0.0614403 -0.994522 
vn -0.0905243 -0.0522642 -0.994522 
vn -0.0954915 -0.0425156 -0.994522 
vn -0.0994125 -0.0323011 -0.994522 
vn -0.102244 -0.0217327 -0.994522 
vn -0.103956 -0.0109262 -0.994522 
vn -0.207912 -2.88535e-17 -0.978148 
vn 0 0 -1 
vn -0.104528 -1.45062e-17 -0.994522 
vn -4.01677e-32 -1 1.83697e-16 
vn 2.28565e-17 -0.994522 -0.104528 
vn 4.54625e-17 -0.978148 -0.207912 
vn 6.75705e-17 -0.951057 -0.309017 
vn 8.89381e-17 -0.913545 -0.406737 
vn 1.09331e-16 -0.866025 -0.5 
vn 1.28527e-16 -0.809017 -0.587785 
vn 1.46314e-16 -0.743145 -0.669131 
vn 1.62498e-16 -0.669131 -0.743145 
vn 1.76902e-16 -0.587785 -0.809017 
vn 1.89367e-16 -0.5 -0.866025 
vn 1.99758e-16 -0.406737 -0.913545 
vn 2.07961e-16 -0.309017 -0.951057 
vn 2.13884e-16 -0.207912 -0.978148 
vn 2.17465e-16 -0.104528 -0.994522 
vn 2.18663e-16 -2.44929e-16 -1 
vn 1.22465e-16 -1 0 
vn -0.104528 -0.994522 0 
vn -0.207912 -0.978148 0 
vn -0.309017 -0.951057 0 
vn -0.406737 -0.913545 0 
vn -0.5 -0.866025 0 
vn -0.587785 -0.809017 0 
vn -0.669131 -0.743145 0 
vn -0.743145 -0.669131 0 
vn -0.809017 -0.587785 0 
vn -0.866025 -0.5 0 
vn -0.913545 -0.406737 0 
vn -0.951057 -0.309017 0 
vn -0.978148 -0.207912 0 
vn -0.994522 -0.104528 0 
vn -1 -1.83697e-16 0 
vn 1.83697e-16 0 1 
vn -0.104528 0 0.994522 
vn -0.207912 0 0.978148 
vn -0.309017 0 0.951057 
vn -0.406737 0 0.913545 
vn -0.5 0 0.866025 
vn -0.587785 0 0.809017 
vn -0.669131 0 0.743145 
vn -0.743145 0 0.669131 
vn -0.809017 0 0.587785 
vn -0.866025 0 0.5 
vn -0.913545 0 0.406737 
vn -0.951057 0 0.309017 
vn -0.978148 0 0.207912 
vn -0.994522 0 0.104528 
vn -1 0 2.44929e-16 
vn -0.104528 -0.994522 -1.21794e-16 
vn 0 -1 -1.22465e-16 
vn 0 -0.994522 0.104528 
vn -0.104528 -0.989074 0.103956 
vn 0 -0.978148 0.207912 
vn -0.104528 -0.972789 0.206773 
vn 0 -0.951057 0.309017 
vn -0.104528 -0.945847 0.307324 
vn 0 -0.913545 0.406737 
vn -0.104528 -0.908541 0.404508 
vn 0 -0.866025 0.5 
vn -0.104528 -0.861281 0.497261 
vn 0 -0.809017 0.587785 
vn -0.104528 -0.804585 0.584565 
vn 0 -0.743145 0.669131 
vn -0.104528 -0.739074 0.665465 
vn 0 -0.669131 0.743145 
vn -0.104528 -0.665465 0.739074 
vn 0 -0.587785 0.809017 
vn -0.104528 -0.584565 0.804585 
vn 0 -0.5 0.866025 
vn -0.104528 -0.497261 0.861281 
vn 0 -0.406737 0.913545 
vn -0.104528 -0.404508 0.908541 
vn 0 -0.309017 0.951057 
vn -0.104528 -0.307324 0.945847 
vn 0 -0.207912 0.978148 
vn -0.104528 -0.206773 0.972789 
vn 0 -0.104528 0.994522 
vn -0.104528 -0.103956 0.989074 
vn 0 -1.38778e-16 1 
vn -0.207912 -0.978148 -1.19789e-16 
vn -0.207912 -0.972789 0.102244 
vn -0.207912 -0.956773 0.203368 
vn -0.207912 -0.930274 0.302264 
vn -0.207912 -0.893582 0.397848 
vn -0.207912 -0.847101 0.489074 
vn -0.207912 -0.791338 0.574941 
vn -0.207912 -0.726905 0.654508 
vn -0.207912 -0.654508 0.726905 
vn -0.207912 -0.574941 0.791338 
vn -0.207912 -0.489074 0.847101 
vn -0.207912 -0.397848 0.893582 
vn -0.207912 -0.302264 0.930274 
vn -0.207912 -0.203368 0.956773 
vn -0.207912 -0.102244 0.972789 
vn -0.104528 -1.38018e-16 0.994522 
vn -0.309017 -0.951057 -1.16471e-16 
vn -0.309017 -0.945847 0.0994125 
vn -0.309017 -0.930274 0.197736 
vn -0.309017 -0.904508 0.293893 
vn -0.309017 -0.868833 0.38683 
vn -0.309017 -0.823639 0.475528 
vn -0.309017 -0.769421 0.559017 
vn -0.309017 -0.706773 0.636381 
vn -0.309017 -0.636381 0.706773 
vn -0.309017 -0.559017 0.769421 
vn -0.309017 -0.475528 0.823639 
vn -0.309017 -0.38683 0.868833 
vn -0.309017 -0.293893 0.904508 
vn -0.309017 -0.197736 0.930274 
vn -0.309017 -0.0994125 0.945847 
vn -0.207912 -1.35745e-16 0.978148 
vn -0.406737 -0.913545 -1.11877e-16 
vn -0.406737 -0.908541 0.0954915 
vn -0.406737 -0.893582 0.189937 
vn -0.406737 -0.868833 0.282301 
vn -0.406737 -0.834565 0.371572 
vn -0.406737 -0.791154 0.456773 
vn -0.406737 -0.739074 0.536969 
vn -0.406737 -0.678897 0.611281 
vn -0.406737 -0.611281 0.678897 
vn -0.406737 -0.536969 0.739074 
vn -0.406737 -0.456773 0.791154 
vn -0.406737 -0.371572 0.834565 
vn -0.406737 -0.282301 0.868833 
vn -0.406737 -0.189937 0.893582 
vn -0.406737 -0.0954915 0.908541 
vn -0.309017 -1.31986e-16 0.951057 
vn -0.5 -0.866025 -1.06058e-16 
vn -0.5 -0.861281 0.0905243 
vn -0.5 -0.847101 0.180057 
vn -0.5 -0.823639 0.267617 
vn -0.5 -0.791154 0.352244 
vn -0.5 -0.75 0.433013 
vn -0.5 -0.700629 0.509037 
vn -0.5 -0.643582 0.579484 
vn -0.5 -0.579484 0.643582 
vn -0.5 -0.509037 0.700629 
vn -0.5 -0.433013 0.75 
vn -0.5 -0.352244 0.791154 
vn -0.5 -0.267617 0.823639 
vn -0.5 -0.180057 0.847101 
vn -0.5 -0.0905243 0.861281 
vn -0.406737 -1.2678e-16 0.913545 
vn -0.587785 -0.809017 -9.9076e-17 
vn -0.587785 -0.804585 0.0845653 
vn -0.587785 -0.791338 0.168204 
vn -0.587785 -0.769421 0.25 
vn -0.587785 -0.739074 0.329057 
vn -0.587785 -0.700629 0.404508 
vn -0.587785 -0.654508 0.475528 
vn -0.587785 -0.601217 0.541338 
vn -0.587785 -0.541338 0.601217 
vn -0.587785 -0.475528 0.654508 
vn -0.587785 -0.404508 0.700629 
vn -0.587785 -0.329057 0.739074 
vn -0.587785 -0.25 0.769421 
vn -0.587785 -0.168204 0.791338 
vn -0.587785 -0.0845653 0.804585 
vn -0.5 -1.20185e-16 0.866025 
vn -0.669131 -0.743145 -9.1009e-17 
vn -0.669131 -0.739074 0.0776798 
vn -0.669131 -0.726905 0.154508 
vn -0.669131 -0.706773 0.229644 
vn -0.669131 -0.678897 0.302264 
vn -0.669131 -0.643582 0.371572 
vn -0.669131 -0.601217 0.43681 
vn -0.669131 -0.552264 0.497261 
vn -0.669131 -0.497261 0.552264 
vn -0.669131 -0.43681 0.601217 
vn -0.669131 -0.371572 0.643582 
vn -0.669131 -0.302264 0.678897 
vn -0.669131 -0.229644 0.706773 
vn -0.669131 -0.154508 0.726905 
vn -0.669131 -0.0776798 0.739074 
vn -0.587785 -1.12274e-16 0.809017 
vn -0.743145 -0.669131 -8.19449e-17 
vn -0.743145 -0.665465 0.0699432 
vn -0.743145 -0.654508 0.13912 
vn -0.743145 -0.636381 0.206773 
vn -0.743145 -0.611281 0.27216 
vn -0.743145 -0.579484 0.334565 
vn -0.743145 -0.541338 0.393305 
vn -0.743145 -0.497261 0.447736 
vn -0.743145 -0.447736 0.497261 
vn -0.743145 -0.393305 0.541338 
vn -0.743145 -0.334565 0.579484 
vn -0.743145 -0.27216 0.611281 
vn -0.743145 -0.206773 0.636381 
vn -0.743145 -0.13912 0.654508 
vn -0.743145 -0.0699432 0.665465 
vn -0.669131 -1.03132e-16 0.743145 
vn -0.809017 -0.587785 -7.19829e-17 
vn -0.809017 -0.584565 0.0614403 
vn -0.809017 -0.574941 0.122207 
vn -0.809017 -0.559017 0.181636 
vn -0.809017 -0.536969 0.239074 
vn -0.809017 -0.509037 0.293893 
vn -0.809017 -0.475528 0.345492 
vn -0.809017 -0.43681 0.393305 
vn -0.809017 -0.393305 0.43681 
vn -0.809017 -0.345492 0.475528 
vn -0.809017 -0.293893 0.509037 
vn -0.809017 -0.239074 0.536969 
vn -0.809017 -0.181636 0.559017 
vn -0.809017 -0.122207 0.574941 
vn -0.809017 -0.0614403 0.584565 
vn -0.743145 -9.28605e-17 0.669131 
vn -0.866025 -0.5 -6.12323e-17 
vn -0.866025 -0.497261 0.0522642 
vn -0.866025 -0.489074 0.103956 
vn -0.866025 -0.475528 0.154508 
vn -0.866025 -0.456773 0.203368 
vn -0.866025 -0.433013 0.25 
vn -0.866025 -0.404508 0.293893 
vn -0.866025 -0.371572 0.334565 
vn -0.866025 -0.334565 0.371572 
vn -0.866025 -0.293893 0.404508 
vn -0.866025 -0.25 0.433013 
vn -0.866025 -0.203368 0.456773 
vn -0.866025 -0.154508 0.475528 
vn -0.866025 -0.103956 0.489074 
vn -0.866025 -0.0522642 0.497261 
vn -0.809017 -8.15716e-17 0.587785 
vn -0.913545 -0.406737 -4.98109e-17 
vn -0.913545 -0.404508 0.0425156 
vn -0.913545 -0.397848 0.0845653 
vn -0.913545 -0.38683 0.125689 
vn -0.913545 -0.371572 0.165435 
vn -0.913545 -0.352244 0.203368 
vn -0.913545 -0.329057 0.239074 
vn -0.913545 -0.302264 0.27216 
vn -0.913545 -0.27216 0.302264 
vn -0.913545 -0.239074 0.329057 
vn -0.913545 -0.203368 0.352244 
vn -0.913545 -0.165435 0.371572 
vn -0.913545 -0.125689 0.38683 
vn -0.913545 -0.0845653 0.397848 
vn -0.913545 -0.0425156 0.404508 
vn -0.866025 -6.93889e-17 0.5 
vn -0.951057 -0.309017 -3.78437e-17 
vn -0.951057 -0.307324 0.0323011 
vn -0.951057 -0.302264 0.0642482 
vn -0.951057 -0.293893 0.0954915 
vn -0.951057 -0.282301 0.125689 
vn -0.951057 -0.267617 0.154508 
vn -0.951057 -0.25 0.181636 
vn -0.951057 -0.229644 0.206773 
vn -0.951057 -0.206773 0.229644 
vn -0.951057 -0.181636 0.25 
vn -0.951057 -0.154508 0.267617 
vn -0.951057 -0.125689 0.282301 
vn -0.951057 -0.0954915 0.293893 
vn -0.951057 -0.0642482 0.302264 
vn -0.951057 -0.0323011 0.307324 
vn -0.913545 -5.6446e-17 0.406737 
vn -0.978148 -0.207912 -2.54618e-17 
vn -0.978148 -0.206773 0.0217327 
vn -0.978148 -0.203368 0.0432273 
vn -0.978148 -0.197736 0.0642482 
vn -0.978148 -0.189937 0.0845653 
vn -0.978148 -0.180057 0.103956 
vn -0.978148 -0.168204 0.122207 
vn -0.978148 -0.154508 0.13912 
vn -0.978148 -0.13912 0.154508 
vn -0.978148 -0.122207 0.168204 
vn -0.978148 -0.103956 0.180057 
vn -0.978148 -0.0845653 0.189937 
vn -0.978148 -0.0642482 0.197736 
vn -0.978148 -0.0432273 0.203368 
vn -0.978148 -0.0217327 0.206773 
vn -0.951057 -4.28847e-17 0.309017 
vn -0.994522 -0.104528 -1.2801e-17 
vn -0.994522 -0.103956 0.0109262 
vn -0.994522 -0.102244 0.0217327 
vn -0.994522 -0.0994125 0.0323011 
vn -0.994522 -0.0954915 0.0425156 
vn -0.994522 -0.0905243 0.0522642 
vn -0.994522 -0.0845653 0.0614403 
vn -0.994522 -0.0776798 0.0699432 
vn -0.994522 -0.0699432 0.0776798 
vn -0.994522 -0.0614403 0.0845653 
vn -0.994522 -0.0522642 0.0905243 
vn -0.994522 -0.0425156 0.0954915 
vn -0.994522 -0.0323011 0.0994125 
vn -0.994522 -0.0217327 0.102244 
vn -0.994522 -0.0109262 0.103956 
vn -0.978148 -2.88535e-17 0.207912 
vn -1 0 0 
vn -0.994522 -1.45062e-17 0.104528 
vn 0 -1 0 
vn 1 6.12323e-17 0 
vn 0.994522 -0.104528 0 
vn 0.978148 -0.207912 0 
vn 0.951057 -0.309017 0 
vn 0.913545 -0.406737 0 
vn 0.866025 -0.5 0 
vn 0.809017 -0.587785 0 
vn 0.743145 -0.669131 0 
vn 0.669131 -0.743145 0 
vn 0.587785 -0.809017 0 
vn 0.5 -0.866025 0 
vn 0.406737 -0.913545 0 
vn 0.309017 -0.951057 0 
vn 0.207912 -0.978148 0 
vn 0.104528 -0.994522 0 
vn 1.22465e-16 -1 0 
vn 0 -0.994522 0.104528 
vn 0 -0.978148 0.207912 
vn 0 -0.951057 0.309017 
vn 0 -0.913545 0.406737 
vn 0 -0.866025 0.5 
vn 0 -0.809017 0.587785 
vn 0 -0.743145 0.669131 
vn 0 -0.669131 0.743145 
vn 0 -0.587785 0.809017 
vn 0 -0.5 0.866025 
vn 0 -0.406737 0.913545 
vn 0 -0.309017 0.951057 
vn 0 -0.207912 0.978148 
vn 0 -0.104528 0.994522 
vn 0 -1.83697e-16 1 
vn 0.994522 6.08969e-17 -0.104528 
vn 1 6.12323e-17 0 
vn 0.994522 -0.104528 0 
vn 0.989074 -0.103956 -0.104528 
vn 0.978148 -0.207912 0 
vn 0.972789 -0.206773 -0.104528 
vn 0.951057 -0.309017 0 
vn 0.945847 -0.307324 -0.104528 
vn 0.913545 -0.406737 0 
vn 0.908541 -0.404508 -0.104528 
vn 0.866025 -0.5 0 
vn 0.861281 -0.497261 -0.104528 
vn 0.809017 -0.587785 0 
vn 0.804585 -0.584565 -0.104528 
vn 0.743145 -0.669131 0 
vn 0.739074 -0.665465 -0.104528 
vn 0.669131 -0.743145 0 
vn 0.665465 -0.739074 -0.104528 
vn 0.587785 -0.809017 0 
vn 0.584565 -0.804585 -0.104528 
vn 0.5 -0.866025 0 
vn 0.497261 -0.861281 -0.104528 
vn 0.406737 -0.913545 0 
vn 0.404508 -0.908541 -0.104528 
vn 0.309017 -0.951057 0 
vn 0.307324 -0.945847 -0.104528 
vn 0.207912 -0.978148 0 
vn 0.206773 -0.972789 -0.104528 
vn 0.104528 -0.994522 0 
vn 0.103956 -0.989074 -0.104528 
vn 1.38778e-16 -1 0 
vn 0.978148 5.98943e-17 -0.207912 
vn 0.972789 -0.102244 -0.207912 
vn 0.956773 -0.203368 -0.207912 
vn 0.930274 -0.302264 -0.207912 
vn 0.893582 -0.397848 -0.207912 
vn 0.847101 -0.489074 -0.207912 
vn 0.791338 -0.574941 -0.207912 
vn 0.726905 -0.654508 -0.207912 
vn 0.654508 -0.726905 -0.207912 
vn 0.574941 -0.791338 -0.207912 
vn 0.489074 -0.847101 -0.207912 
vn 0.397848 -0.893582 -0.207912 
vn 0.302264 -0.930274 -0.207912 
vn 0.203368 -0.956773 -0.207912 
vn 0.102244 -0.972789 -0.207912 
vn 1.38018e-16 -0.994522 -0.104528 
vn 0.951057 5.82354e-17 -0.309017 
vn 0.945847 -0.0994125 -0.309017 
vn 0.930274 -0.197736 -0.309017 
vn 0.904508 -0.293893 -0.309017 
vn 0.868833 -0.38683 -0.309017 
vn 0.823639 -0.475528 -0.309017 
vn 0.769421 -0.559017 -0.309017 
vn 0.706773 -0.636381 -0.309017 
vn 0.636381 -0.706773 -0.309017 
vn 0.559017 -0.769421 -0.309017 
vn 0.475528 -0.823639 -0.309017 
vn 0.38683 -0.868833 -0.309017 
vn 0.293893 -0.904508 -0.309017 
vn 0.197736 -0.930274 -0.309017 
vn 0.0994125 -0.945847 -0.309017 
vn 1.35745e-16 -0.978148 -0.207912 
vn 0.913545 5.59385e-17 -0.406737 
vn 0.908541 -0.0954915 -0.406737 
vn 0.893582 -0.189937 -0.406737 
vn 0.868833 -0.282301 -0.406737 
vn 0.834565 -0.371572 -0.406737 
vn 0.791154 -0.456773 -0.406737 
vn 0.739074 -0.536969 -0.406737 
vn 0.678897 -0.611281 -0.406737 
vn 0.611281 -0.678897 -0.406737 
vn 0.536969 -0.739074 -0.406737 
vn 0.456773 -0.791154 -0.406737 
vn 0.371572 -0.834565 -0.406737 
vn 0.282301 -0.868833 -0.406737 
vn 0.189937 -0.893582 -0.406737 
vn 0.0954915 -0.908541 -0.406737 
vn 1.31986e-16 -0.951057 -0.309017 
vn 0.866025 5.30288e-17 -0.5 
vn 0.861281 -0.0905243 -0.5 
vn 0.847101 -0.180057 -0.5 
vn 0.823639 -0.267617 -0.5 
vn 0.791154 -0.352244 -0.5 
vn 0.75 -0.433013 -0.5 
vn 0.700629 -0.509037 -0.5 
vn 0.643582 -0.579484 -0.5 
vn 0.579484 -0.643582 -0.5 
vn 0.509037 -0.700629 -0.5 
vn 0.433013 -0.75 -0.5 
vn 0.352244 -0.791154 -0.5 
vn 0.267617 -0.823639 -0.5 
vn 0.180057 -0.847101 -0.5 
vn 0.0905243 -0.861281 -0.5 
vn 1.2678e-16 -0.913545 -0.406737 
vn 0.809017 4.9538e-17 -0.587785 
vn 0.804585 -0.0845653 -0.587785 
vn 0.791338 -0.168204 -0.587785 
vn 0.769421 -0.25 -0.587785 
vn 0.739074 -0.329057 -0.587785 
vn 0.700629 -0.404508 -0.587785 
vn 0.654508 -0.475528 -0.587785 
vn 0.601217 -0.541338 -0.587785 
vn 0.541338 -0.601217 -0.587785 
vn 0.475528 -0.654508 -0.587785 
vn 0.404508 -0.700629 -0.587785 
vn 0.329057 -0.739074 -0.587785 
vn 0.25 -0.769421 -0.587785 
vn 0.168204 -0.791338 -0.587785 
vn 0.0845653 -0.804585 -0.587785 
vn 1.20185e-16 -0.866025 -0.5 
vn 0.743145 4.55045e-17 -0.669131 
vn 0.739074 -0.0776798 -0.669131 
vn 0.726905 -0.154508 -0.669131 
vn 0.706773 -0.229644 -0.669131 
vn 0.678897 -0.302264 -0.669131 
vn 0.643582 -0.371572 -0.669131 
vn 0.601217 -0.43681 -0.669131 
vn 0.552264 -0.497261 -0.669131 
vn 0.497261 -0.552264 -0.669131 
vn 0.43681 -0.601217 -0.669131 
vn 0.371572 -0.643582 -0.669131 
vn 0.302264 -0.678897 -0.669131 
vn 0.229644 -0.706773 -0.669131 
vn 0.154508 -0.726905 -0.669131 
vn 0.0776798 -0.739074 -0.669131 
vn 1.12274e-16 -0.809017 -0.587785 
vn 0.669131 4.09724e-17 -0.743145 
vn 0.665465 -0.0699432 -0.743145 
vn 0.654508 -0.13912 -0.743145 
vn 0.636381 -0.206773 -0.743145 
vn 0.611281 -0.27216 -0.743145 
vn 0.579484 -0.334565 -0.743145 
vn 0.541338 -0.393305 -0.743145 
vn 0.497261 -0.447736 -0.743145 
vn 0.447736 -0.497261 -0.743145 
vn 0.393305 -0.541338 -0.743145 
vn 0.334565 -0.579484 -0.743145 
vn 0.27216 -0.611281 -0.743145 
vn 0.206773 -0.636381 -0.743145 
vn 0.13912 -0.654508 -0.743145 
vn 0.0699432 -0.665465 -0.743145 
vn 1.03132e-16 -0.743145 -0.669131 
vn 0.587785 3.59915e-17 -0.809017 
vn 0.584565 -0.0614403 -0.809017 
vn 0.574941 -0.122207 -0.809017 
vn 0.559017 -0.181636 -0.809017 
vn 0.536969 -0.239074 -0.809017 
vn 0.509037 -0.293893 -0.809017 
vn 0.475528 -0.345492 -0.809017 
vn 0.43681 -0.393305 -0.809017 
vn 0.393305 -0.43681 -0.809017 
vn 0.345492 -0.475528 -0.809017 
vn 0.293893 -0.509037 -0.809017 
vn 0.239074 -0.536969 -0.809017 
vn 0.181636 -0.559017 -0.809017 
vn 0.122207 -0.574941 -0.809017 
vn 0.0614403 -0.584565 -0.809017 
vn 9.28605e-17 -0.669131 -0.743145 
vn 0.5 3.06162e-17 -0.866025 
vn 0.497261 -0.0522642 -0.866025 
vn 0.489074 -0.103956 -0.866025 
vn 0.475528 -0.154508 -0.866025 
vn 0.456773 -0.203368 -0.866025 
vn 0.433013 -0.25 -0.866025 
vn 0.404508 -0.293893 -0.866025 
vn 0.371572 -0.334565 -0.866025 
vn 0.334565 -0.371572 -0.866025 
vn 0.293893 -0.404508 -0.866025 
vn 0.25 -0.433013 -0.866025 
vn 0.203368 -0.456773 -0.866025 
vn 0.154508 -0.475528 -0.866025 
vn 0.103956 -0.489074 -0.866025 
vn 0.0522642 -0.497261 -0.866025 
vn 8.15716e-17 -0.587785 -0.809017 
vn 0.406737 2.49054e-17 -0.913545 
vn 0.404508 -0.0425156 -0.913545 
vn 0.397848 -0.0845653 -0.913545 
vn 0.38683 -0.125689 -0.913545 
vn 0.371572 -0.165435 -0.913545 
vn 0.352244 -0.203368 -0.913545 
vn 0.329057 -0.239074 -0.913545 
vn 0.302264 -0.27216 -0.913545 
vn 0.27216 -0.302264 -0.913545 
vn 0.239074 -0.329057 -0.913545 
vn 0.203368 -0.352244 -0.913545 
vn 0.165435 -0.371572 -0.913545 
vn 0.125689 -0.38683 -0.913545 
vn 0.0845653 -0.397848 -0.913545 
vn 0.0425156 -0.404508 -0.913545 
vn 6.93889e-17 -0.5 -0.866025 
vn 0.309017 1.89218e-17 -0.951057 
vn 0.307324 -0.0323011 -0.951057 
vn 0.302264 -0.0642482 -0.951057 
vn 0.293893 -0.0954915 -0.951057 
vn 0.282301 -0.125689 -0.951057 
vn 0.267617 -0.154508 -0.951057 
vn 0.25 -0.181636 -0.951057 
vn 0.229644 -0.206773 -0.951057 
vn 0.206773 -0.229644 -0.951057 
vn 0.181636 -0.25 -0.951057 
vn 0.154508 -0.267617 -0.951057 
vn 0.125689 -0.282301 -0.951057 
vn 0.0954915 -0.293893 -0.951057 
vn 0.0642482 -0.302264 -0.951057 
vn 0.0323011 -0.307324 -0.951057 
vn 5.6446e-17 -0.406737 -0.913545 
vn 0.207912 1.27309e-17 -0.978148 
vn 0.206773 -0.0217327 -0.978148 
vn 0.203368 -0.0432273 -0.978148 
vn 0.197736 -0.0642482 -0.978148 
vn 0.189937 -0.0845653 -0.978148 
vn 0.180057 -0.103956 -0.978148 
vn 0.168204 -0.122207 -0.978148 
vn 0.154508 -0.13912 -0.978148 
vn 0.13912 -0.154508 -0.978148 
vn 0.122207 -0.168204 -0.978148 
vn 0.103956 -0.180057 -0.978148 
vn 0.0845653 -0.189937 -0.978148 
vn 0.0642482 -0.197736 -0.978148 
vn 0.0432273 -0.203368 -0.978148 
vn 0.0217327 -0.206773 -0.978148 
vn 4.28847e-17 -0.309017 -0.951057 
vn 0.104528 6.40052e-18 -0.994522 
vn 0.103956 -0.0109262 -0.994522 
vn 0.102244 -0.0217327 -0.994522 
vn 0.0994125 -0.0323011 -0.994522 
vn 0.0954915 -0.0425156 -0.994522 
vn 0.0905243 -0.0522642 -0.994522 
vn 0.0845653 -0.0614403 -0.994522 
vn 0.0776798 -0.0699432 -0.994522 
vn 0.0699432 -0.0776798 -0.994522 
vn 0.0614403 -0.0845653 -0.994522 
vn 0.0522642 -0.0905243 -0.994522 
vn 0.0425156 -0.0954915 -0.994522 
vn 0.0323011 -0.0994125 -0.994522 
vn 0.0217327 -0.102244 -0.994522 
vn 0.0109262 -0.103956 -0.994522 
vn 2.88535e-17 -0.207912 -0.978148 
vn 0 0 -1 
vn 1.45062e-17 -0.104528 -0.994522 
vn 0.104528 0 -0.994522 
vn 0.207912 0 -0.978148 
vn 0.309017 0 -0.951057 
vn 0.406737 0 -0.913545 
vn 0.5 0 -0.866025 
vn 0.587785 0 -0.809017 
vn 0.669131 0 -0.743145 
vn 0.743145 0 -0.669131 
vn 0.809017 0 -0.587785 
vn 0.838671 0 -0.544639 
vn 0.866025 0 -0.5 
vn 0.891007 0 -0.45399 
vn 0.913545 0 -0.406737 
vn 0.93358 0 -0.358368 
vn 0.951057 0 -0.309017 
vn 0.965926 0 -0.258819 
vn 0.978148 0 -0.207912 
vn 0.987688 0 -0.156434 
vn 0.994522 0 -0.104528 
vn 0.99863 0 -0.052336 
vn 1 0 0 
vn 0.994522 -0.104528 -1.21794e-16 
vn 0.994522 0 0.104528 
vn 0.989074 -0.104528 0.103956 
vn 0.978148 0 0.207912 
vn 0.972789 -0.104528 0.206773 
vn 0.951057 0 0.309017 
vn 0.945847 -0.104528 0.307324 
vn 0.913545 0 0.406737 
vn 0.908541 -0.104528 0.404508 
vn 0.866025 0 0.5 
vn 0.861281 -0.104528 0.497261 
vn 0.809017 0 0.587785 
vn 0.804585 -0.104528 0.584565 
vn 0.743145 0 0.669131 
vn 0.739074 -0.104528 0.665465 
vn 0.669131 0 0.743145 
vn 0.665465 -0.104528 0.739074 
vn 0.587785 0 0.809017 
vn 0.584565 -0.104528 0.804585 
vn 0.5 0 0.866025 
vn 0.497261 -0.104528 0.861281 
vn 0.406737 0 0.913545 
vn 0.404508 -0.104528 0.908541 
vn 0.309017 0 0.951057 
vn 0.307324 -0.104528 0.945847 
vn 0.207912 0 0.978148 
vn 0.206773 -0.104528 0.972789 
vn 0.104528 0 0.994522 
vn 0.103956 -0.104528 0.989074 
vn 1.38778e-16 0 1 
vn 0.978148 -0.207912 -1.19789e-16 
vn 0.972789 -0.207912 0.102244 
vn 0.956773 -0.207912 0.203368 
vn 0.930274 -0.207912 0.302264 
vn 0.893582 -0.207912 0.397848 
vn 0.847101 -0.207912 0.489074 
vn 0.791338 -0.207912 0.574941 
vn 0.726905 -0.207912 0.654508 
vn 0.654508 -0.207912 0.726905 
vn 0.574941 -0.207912 0.791338 
vn 0.489074 -0.207912 0.847101 
vn 0.397848 -0.207912 0.893582 
vn 0.302264 -0.207912 0.930274 
vn 0.203368 -0.207912 0.956773 
vn 0.102244 -0.207912 0.972789 
vn 1.38018e-16 -0.104528 0.994522 
vn 0.951057 -0.309017 -1.16471e-16 
vn 0.945847 -0.309017 0.0994125 
vn 0.930274 -0.309017 0.197736 
vn 0.904508 -0.309017 0.293893 
vn 0.868833 -0.309017 0.38683 
vn 0.823639 -0.309017 0.475528 
vn 0.769421 -0.309017 0.559017 
vn 0.706773 -0.309017 0.636381 
vn 0.636381 -0.309017 0.706773 
vn 0.559017 -0.309017 0.769421 
vn 0.475528 -0.309017 0.823639 
vn 0.38683 -0.309017 0.868833 
vn 0.293893 -0.309017 0.904508 
vn 0.197736 -0.309017 0.930274 
vn 0.0994125 -0.309017 0.945847 
vn 1.35745e-16 -0.207912 0.978148 
vn 0.913545 -0.406737 -1.11877e-16 
vn 0.908541 -0.406737 0.0954915 
vn 0.893582 -0.406737 0.189937 
vn 0.868833 -0.406737 0.282301 
vn 0.834565 -0.406737 0.371572 
vn 0.791154 -0.406737 0.456773 
vn 0.739074 -0.406737 0.536969 
vn 0.678897 -0.406737 0.611281 
vn 0.611281 -0.406737 0.678897 
vn 0.536969 -0.406737 0.739074 
vn 0.456773 -0.406737 0.791154 
vn 0.371572 -0.406737 0.834565 
vn 0.282301 -0.406737 0.868833 
vn 0.189937 -0.406737 0.893582 
vn 0.0954915 -0.406737 0.908541 
vn 1.31986e-16 -0.309017 0.951057 
vn 0.866025 -0.5 -1.06058e-16 
vn 0.861281 -0.5 0.0905243 
vn 0.847101 -0.5 0.180057 
vn 0.823639 -0.5 0.267617 
vn 0.791154 -0.5 0.352244 
vn 0.75 -0.5 0.433013 
vn 0.700629 -0.5 0.509037 
vn 0.643582 -0.5 0.579484 
vn 0.579484 -0.5 0.643582 
vn 0.509037 -0.5 0.700629 
vn 0.433013 -0.5 0.75 
vn 0.352244 -0.5 0.791154 
vn 0.267617 -0.5 0.823639 
vn 0.180057 -0.5 0.847101 
vn 0.0905243 -0.5 0.861281 
vn 1.2678e-16 -0.406737 0.913545 
vn 0.809017 -0.587785 -9.9076e-17 
vn 0.804585 -0.587785 0.0845653 
vn 0.791338 -0.587785 0.168204 
vn 0.769421 -0.587785 0.25 
vn 0.739074 -0.587785 0.329057 
vn 0.700629 -0.587785 0.404508 
vn 0.654508 -0.587785 0.475528 
vn 0.601217 -0.587785 0.541338 
vn 0.541338 -0.587785 0.601217 
vn 0.475528 -0.587785 0.654508 
vn 0.404508 -0.587785 0.700629 
vn 0.329057 -0.587785 0.739074 
vn 0.25 -0.587785 0.769421 
vn 0.168204 -0.587785 0.791338 
vn 0.0845653 -0.587785 0.804585 
vn 1.20185e-16 -0.5 0.866025 
vn 0.743145 -0.669131 -9.1009e-17 
vn 0.739074 -0.669131 0.0776798 
vn 0.726905 -0.669131 0.154508 
vn 0.706773 -0.669131 0.229644 
vn 0.678897 -0.669131 0.302264 
vn 0.643582 -0.669131 0.371572 
vn 0.601217 -0.669131 0.43681 
vn 0.552264 -0.669131 0.497261 
vn 0.497261 -0.669131 0.552264 
vn 0.43681 -0.669131 0.601217 
vn 0.371572 -0.669131 0.643582 
vn 0.302264 -0.669131 0.678897 
vn 0.229644 -0.669131 0.706773 
vn 0.154508 -0.669131 0.726905 
vn 0.0776798 -0.669131 0.739074 
vn 1.12274e-16 -0.587785 0.809017 
vn 0.669131 -0.743145 -8.19449e-17 
vn 0.665465 -0.743145 0.0699432 
vn 0.654508 -0.743145 0.13912 
vn 0.636381 -0.743145 0.206773 
vn 0.611281 -0.743145 0.27216 
vn 0.579484 -0.743145 0.334565 
vn 0.541338 -0.743145 0.393305 
vn 0.497261 -0.743145 0.447736 
vn 0.447736 -0.743145 0.497261 
vn 0.393305 -0.743145 0.541338 
vn 0.334565 -0.743145 0.579484 
vn 0.27216 -0.743145 0.611281 
vn 0.206773 -0.743145 0.636381 
vn 0.13912 -0.743145 0.654508 
vn 0.0699432 -0.743145 0.665465 
vn 1.03132e-16 -0.669131 0.743145 
vn 0.587785 -0.809017 -7.19829e-17 
vn 0.584565 -0.809017 0.0614403 
vn 0.574941 -0.809017 0.122207 
vn 0.559017 -0.809017 0.181636 
vn 0.536969 -0.809017 0.239074 
vn 0.509037 -0.809017 0.293893 
vn 0.475528 -0.809017 0.345492 
vn 0.43681 -0.809017 0.393305 
vn 0.393305 -0.809017 0.43681 
vn 0.345492 -0.809017 0.475528 
vn 0.293893 -0.809017 0.509037 
vn 0.239074 -0.809017 0.536969 
vn 0.181636 -0.809017 0.559017 
vn 0.122207 -0.809017 0.574941 
vn 0.0614403 -0.809017 0.584565 
vn 9.28605e-17 -0.743145 0.669131 
vn 0.5 -0.866025 -6.12323e-17 
vn 0.497261 -0.866025 0.0522642 
vn 0.489074 -0.866025 0.103956 
vn 0.475528 -0.866025 0.154508 
vn 0.456773 -0.866025 0.203368 
vn 0.433013 -0.866025 0.25 
vn 0.404508 -0.866025 0.293893 
vn 0.371572 -0.866025 0.334565 
vn 0.334565 -0.866025 0.371572 
vn 0.293893 -0.866025 0.404508 
vn 0.25 -0.866025 0.433013 
vn 0.203368 -0.866025 0.456773 
vn 0.154508 -0.866025 0.475528 
vn 0.103956 -0.866025 0.489074 
vn 0.0522642 -0.866025 0.497261 
vn 8.15716e-17 -0.809017 0.587785 
vn 0.406737 -0.913545 -4.98109e-17 
vn 0.404508 -0.913545 0.0425156 
vn 0.397848 -0.913545 0.0845653 
vn 0.38683 -0.913545 0.125689 
vn 0.371572 -0.913545 0.165435 
vn 0.352244 -0.913545 0.203368 
vn 0.329057 -0.913545 0.239074 
vn 0.302264 -0.913545 0.27216 
vn 0.27216 -0.913545 0.302264 
vn 0.239074 -0.913545 0.329057 
vn 0.203368 -0.913545 0.352244 
vn 0.165435 -0.913545 0.371572 
vn 0.125689 -0.913545 0.38683 
vn 0.0845653 -0.913545 0.397848 
vn 0.0425156 -0.913545 0.404508 
vn 6.93889e-17 -0.866025 0.5 
vn 0.309017 -0.951057 -3.78437e-17 
vn 0.307324 -0.951057 0.0323011 
vn 0.302264 -0.951057 0.0642482 
vn 0.293893 -0.951057 0.0954915 
vn 0.282301 -0.951057 0.125689 
vn 0.267617 -0.951057 0.154508 
vn 0.25 -0.951057 0.181636 
vn 0.229644 -0.951057 0.206773 
vn 0.206773 -0.951057 0.229644 
vn 0.181636 -0.951057 0.25 
vn 0.154508 -0.951057 0.267617 
vn 0.125689 -0.951057 0.282301 
vn 0.0954915 -0.951057 0.293893 
vn 0.0642482 -0.951057 0.302264 
vn 0.0323011 -0.951057 0.307324 
vn 5.6446e-17 -0.913545 0.406737 
vn 0.207912 -0.978148 -2.54618e-17 
vn 0.206773 -0.978148 0.0217327 
vn 0.203368 -0.978148 0.0432273 
vn 0.197736 -0.978148 0.0642482 
vn 0.189937 -0.978148 0.0845653 
vn 0.180057 -0.978148 0.103956 
vn 0.168204 -0.978148 0.122207 
vn 0.154508 -0.978148 0.13912 
vn 0.13912 -0.978148 0.154508 
vn 0.122207 -0.978148 0.168204 
vn 0.103956 -0.978148 0.180057 
vn 0.0845653 -0.978148 0.189937 
vn 0.0642482 -0.978148 0.197736 
vn 0.0432273 -0.978148 0.203368 
vn 0.0217327 -0.978148 0.206773 
vn 4.28847e-17 -0.951057 0.309017 
vn 0.104528 -0.994522 -1.2801e-17 
vn 0.103956 -0.994522 0.0109262 
vn 0.102244 -0.994522 0.0217327 
vn 0.0994125 -0.994522 0.0323011 
vn 0.0954915 -0.994522 0.0425156 
vn 0.0905243 -0.994522 0.0522642 
vn 0.0845653 -0.994522 0.0614403 
vn 0.0776798 -0.994522 0.0699432 
vn 0.0699432 -0.994522 0.0776798 
vn 0.0614403 -0.994522 0.0845653 
vn 0.0522642 -0.994522 0.0905243 
vn 0.0425156 -0.994522 0.0954915 
vn 0.0323011 -0.994522 0.0994125 
vn 0.0217327 -0.994522 0.102244 
vn 0.0109262 -0.994522 0.103956 
vn 2.88535e-17 -0.978148 0.207912 
vn 0 -1 0 
vn 1.45062e-17 -0.994522 0.104528 
vn 1 0 0 
vn 0 -0.99863 -0.052336 
vn 0 -0.994522 -0.104528 
vn 0 -1 1.8477e-14 
vn 0 -0.987688 -0.156434 
vn 0 -0.978148 -0.207912 
vn 0 -0.965926 -0.258819 
vn 0 -0.951057 -0.309017 
vn 0 -0.93358 -0.358368 
vn 0 -0.913545 -0.406737 
vn 0 -0.951057 -0.309017 
vn 0 -0.891007 -0.45399 
vn 0 -0.866025 -0.5 
vn 0 -0.913545 -0.406737 
vn 0 -0.838671 -0.544639 
vn 0 -0.809017 -0.587785 
vn 0 -0.743145 -0.669131 
vn 0 -0.669131 -0.743145 
vn 0 -0.587785 -0.809017 
vn 0 -0.5 -0.866025 
vn 0 -0.406737 -0.913545 
vn 0 -0.309017 -0.951057 
vn 0 -0.207912 -0.978148 
vn 0 -0.104528 -0.994522 
vn 2.18663e-16 1.22465e-16 -1 
vn 0 -0.587785 -0.809017 
vn 3.9244e-30 -1 -1.79473e-14 
vn 0.994522 0 0.104528 
vn 1 0 -1.22465e-16 
vn 0.99863 0 0.052336 
vn 0.978148 0 0.207912 
vn 0.994522 0 0.104528 
vn 0.987688 0 0.156434 
vn 0.951057 0 0.309017 
vn 0.978148 0 0.207912 
vn 0.965926 0 0.258819 
vn 0.913545 0 0.406737 
vn 0.951057 0 0.309017 
vn 0.93358 0 0.358368 
vn 0.866025 0 0.5 
vn 0.913545 0 0.406737 
vn 0.891007 0 0.45399 
vn 0.809017 0 0.587785 
vn 0.866025 0 0.5 
vn 0.838671 0 0.544639 
vn 0.743145 0 0.669131 
vn 0.809017 0 0.587785 
vn 0.669131 0 0.743145 
vn 0.743145 0 0.669131 
vn 0.587785 0 0.809017 
vn 0.669131 0 0.743145 
vn 0.5 0 0.866025 
vn 0.587785 0 0.809017 
vn 0.406737 0 0.913545 
vn 0.5 0 0.866025 
vn 0.309017 0 0.951057 
vn 0.406737 0 0.913545 
vn 0.207912 0 0.978148 
vn 0.309017 0 0.951057 
vn 0.104528 0 0.994522 
vn 0.207912 0 0.978148 
vn 1.83697e-16 0 1 
vn 0.104528 0 0.994522 
vn 0 -0.104528 0.994522 
vn 0 -0.207912 0.978148 
vn 0 -0.309017 0.951057 
vn 0 -0.406737 0.913545 
vn 0 -0.5 0.866025 
vn 0 -0.587785 0.809017 
vn 0 -0.669131 0.743145 
vn 0 -0.743145 0.669131 
vn 0 -0.809017 0.587785 
vn 0 -0.838671 0.544639 
vn 0 -0.866025 0.5 
vn 0 -0.891007 0.45399 
vn 0 -0.913545 0.406737 
vn 0 -0.93358 0.358368 
vn 0 -0.951057 0.309017 
vn 0 -0.965926 0.258819 
vn 0 -0.978148 0.207912 
vn 0 -0.987688 0.156434 
vn 0 -0.994522 0.104528 
vn 0 -0.99863 0.052336 
vn 0 -1 2.44929e-16 
vn -0.104528 0 0.994522 
vn -6.12323e-17 0 1 
vn -0.207912 0 0.978148 
vn -0.104528 0 0.994522 
vn -0.309017 0 0.951057 
vn -0.207912 0 0.978148 
vn -0.406737 0 0.913545 
vn -0.309017 0 0.951057 
vn -0.5 0 0.866025 
vn -0.406737 0 0.913545 
vn -0.587785 0 0.809017 
vn -0.5 0 0.866025 
vn -0.669131 0 0.743145 
vn -0.587785 0 0.809017 
vn -0.743145 0 0.669131 
vn -0.669131 0 0.743145 
vn -0.809017 0 0.587785 
vn -0.743145 0 0.669131 
vn -0.866025 0 0.5 
vn -0.809017 0 0.587785 
vn -0.913545 0 0.406737 
vn -0.866025 0 0.5 
vn -0.951057 0 0.309017 
vn -0.913545 0 0.406737 
vn -0.978148 0 0.207912 
vn -0.951057 0 0.309017 
vn -0.994522 0 0.104528 
vn -0.978148 0 0.207912 
vn -1 0 0 
vn -0.994522 0 0.104528 
vn -0.994522 -0.104528 0 
vn -1 -1.22465e-16 0 
vn -0.994522 -1.22465e-16 0.104528 
vn -0.989074 -0.104528 0.103956 
vn -0.978148 -1.22465e-16 0.207912 
vn -0.972789 -0.104528 0.206773 
vn -0.951057 -1.22465e-16 0.309017 
vn -0.945847 -0.104528 0.307324 
vn -0.913545 -1.22465e-16 0.406737 
vn -0.908541 -0.104528 0.404508 
vn -0.866025 -1.22465e-16 0.5 
vn -0.861281 -0.104528 0.497261 
vn -0.809017 -1.22465e-16 0.587785 
vn -0.804585 -0.104528 0.584565 
vn -0.743145 -1.22465e-16 0.669131 
vn -0.739074 -0.104528 0.665465 
vn -0.669131 -1.22465e-16 0.743145 
vn -0.665465 -0.104528 0.739074 
vn -0.587785 -1.22465e-16 0.809017 
vn -0.584565 -0.104528 0.804585 
vn -0.5 -1.22465e-16 0.866025 
vn -0.497261 -0.104528 0.861281 
vn -0.406737 -1.22465e-16 0.913545 
vn -0.404508 -0.104528 0.908541 
vn -0.309017 -1.22465e-16 0.951057 
vn -0.307324 -0.104528 0.945847 
vn -0.207912 -1.22465e-16 0.978148 
vn -0.206773 -0.104528 0.972789 
vn -0.104528 -1.22465e-16 0.994522 
vn -0.103956 -0.104528 0.989074 
vn -1.38778e-16 -1.22465e-16 1 
vn -0.978148 -0.207912 0 
vn -0.972789 -0.207912 0.102244 
vn -0.956773 -0.207912 0.203368 
vn -0.930274 -0.207912 0.302264 
vn -0.893582 -0.207912 0.397848 
vn -0.847101 -0.207912 0.489074 
vn -0.791338 -0.207912 0.574941 
vn -0.726905 -0.207912 0.654508 
vn -0.654508 -0.207912 0.726905 
vn -0.574941 -0.207912 0.791338 
vn -0.489074 -0.207912 0.847101 
vn -0.397848 -0.207912 0.893582 
vn -0.302264 -0.207912 0.930274 
vn -0.203368 -0.207912 0.956773 
vn -0.102244 -0.207912 0.972789 
vn -1.38018e-16 -0.104528 0.994522 
vn -0.951057 -0.309017 0 
vn -0.945847 -0.309017 0.0994125 
vn -0.930274 -0.309017 0.197736 
vn -0.904508 -0.309017 0.293893 
vn -0.868833 -0.309017 0.38683 
vn -0.823639 -0.309017 0.475528 
vn -0.769421 -0.309017 0.559017 
vn -0.706773 -0.309017 0.636381 
vn -0.636381 -0.309017 0.706773 
vn -0.559017 -0.309017 0.769421 
vn -0.475528 -0.309017 0.823639 
vn -0.38683 -0.309017 0.868833 
vn -0.293893 -0.309017 0.904508 
vn -0.197736 -0.309017 0.930274 
vn -0.0994125 -0.309017 0.945847 
vn -1.35745e-16 -0.207912 0.978148 
vn -0.913545 -0.406737 0 
vn -0.908541 -0.406737 0.0954915 
vn -0.893582 -0.406737 0.189937 
vn -0.868833 -0.406737 0.282301 
vn -0.834565 -0.406737 0.371572 
vn -0.791154 -0.406737 0.456773 
vn -0.739074 -0.406737 0.536969 
vn -0.678897 -0.406737 0.611281 
vn -0.611281 -0.406737 0.678897 
vn -0.536969 -0.406737 0.739074 
vn -0.456773 -0.406737 0.791154 
vn -0.371572 -0.406737 0.834565 
vn -0.282301 -0.406737 0.868833 
vn -0.189937 -0.406737 0.893582 
vn -0.0954915 -0.406737 0.908541 
vn -1.31986e-16 -0.309017 0.951057 
vn -0.866025 -0.5 0 
vn -0.861281 -0.5 0.0905243 
vn -0.847101 -0.5 0.180057 
vn -0.823639 -0.5 0.267617 
vn -0.791154 -0.5 0.352244 
vn -0.75 -0.5 0.433013 
vn -0.700629 -0.5 0.509037 
vn -0.643582 -0.5 0.579484 
vn -0.579484 -0.5 0.643582 
vn -0.509037 -0.5 0.700629 
vn -0.433013 -0.5 0.75 
vn -0.352244 -0.5 0.791154 
vn -0.267617 -0.5 0.823639 
vn -0.180057 -0.5 0.847101 
vn -0.0905243 -0.5 0.861281 
vn -1.2678e-16 -0.406737 0.913545 
vn -0.809017 -0.587785 0 
vn -0.804585 -0.587785 0.0845653 
vn -0.791338 -0.587785 0.168204 
vn -0.769421 -0.587785 0.25 
vn -0.739074 -0.587785 0.329057 
vn -0.700629 -0.587785 0.404508 
vn -0.654508 -0.587785 0.475528 
vn -0.601217 -0.587785 0.541338 
vn -0.541338 -0.587785 0.601217 
vn -0.475528 -0.587785 0.654508 
vn -0.404508 -0.587785 0.700629 
vn -0.329057 -0.587785 0.739074 
vn -0.25 -0.587785 0.769421 
vn -0.168204 -0.587785 0.791338 
vn -0.0845653 -0.587785 0.804585 
vn -1.20185e-16 -0.5 0.866025 
vn -0.743145 -0.669131 0 
vn -0.739074 -0.669131 0.0776798 
vn -0.726905 -0.669131 0.154508 
vn -0.706773 -0.669131 0.229644 
vn -0.678897 -0.669131 0.302264 
vn -0.643582 -0.669131 0.371572 
vn -0.601217 -0.669131 0.43681 
vn -0.552264 -0.669131 0.497261 
vn -0.497261 -0.669131 0.552264 
vn -0.43681 -0.669131 0.601217 
vn -0.371572 -0.669131 0.643582 
vn -0.302264 -0.669131 0.678897 
vn -0.229644 -0.669131 0.706773 
vn -0.154508 -0.669131 0.726905 
vn -0.0776798 -0.669131 0.739074 
vn -1.12274e-16 -0.587785 0.809017 
vn -0.669131 -0.743145 0 
vn -0.665465 -0.743145 0.0699432 
vn -0.654508 -0.743145 0.13912 
vn -0.636381 -0.743145 0.206773 
vn -0.611281 -0.743145 0.27216 
vn -0.579484 -0.743145 0.334565 
vn -0.541338 -0.743145 0.393305 
vn -0.497261 -0.743145 0.447736 
vn -0.447736 -0.743145 0.497261 
vn -0.393305 -0.743145 0.541338 
vn -0.334565 -0.743145 0.579484 
vn -0.27216 -0.743145 0.611281 
vn -0.206773 -0.743145 0.636381 
vn -0.13912 -0.743145 0.654508 
vn -0.0699432 -0.743145 0.665465 
vn -1.03132e-16 -0.669131 0.743145 
vn -0.587785 -0.809017 0 
vn -0.584565 -0.809017 0.0614403 
vn -0.574941 -0.809017 0.122207 
vn -0.559017 -0.809017 0.181636 
vn -0.536969 -0.809017 0.239074 
vn -0.509037 -0.809017 0.293893 
vn -0.475528 -0.809017 0.345492 
vn -0.43681 -0.809017 0.393305 
vn -0.393305 -0.809017 0.43681 
vn -0.345492 -0.809017 0.475528 
vn -0.293893 -0.809017 0.509037 
vn -0.239074 -0.809017 0.536969 
vn -0.181636 -0.809017 0.559017 
vn -0.122207 -0.809017 0.574941 
vn -0.0614403 -0.809017 0.584565 
vn -9.28605e-17 -0.743145 0.669131 
vn -0.5 -0.866025 0 
vn -0.497261 -0.866025 0.0522642 
vn -0.489074 -0.866025 0.103956 
vn -0.475528 -0.866025 0.154508 
vn -0.456773 -0.866025 0.203368 
vn -0.433013 -0.866025 0.25 
vn -0.404508 -0.866025 0.293893 
vn -0.371572 -0.866025 0.334565 
vn -0.334565 -0.866025 0.371572 
vn -0.293893 -0.866025 0.404508 
vn -0.25 -0.866025 0.433013 
vn -0.203368 -0.866025 0.456773 
vn -0.154508 -0.866025 0.475528 
vn -0.103956 -0.866025 0.489074 
vn -0.0522642 -0.866025 0.497261 
vn -8.15716e-17 -0.809017 0.587785 
vn -0.406737 -0.913545 0 
vn -0.404508 -0.913545 0.0425156 
vn -0.397848 -0.913545 0.0845653 
vn -0.38683 -0.913545 0.125689 
vn -0.371572 -0.913545 0.165435 
vn -0.352244 -0.913545 0.203368 
vn -0.329057 -0.913545 0.239074 
vn -0.302264 -0.913545 0.27216 
vn -0.27216 -0.913545 0.302264 
vn -0.239074 -0.913545 0.329057 
vn -0.203368 -0.913545 0.352244 
vn -0.165435 -0.913545 0.371572 
vn -0.125689 -0.913545 0.38683 
vn -0.0845653 -0.913545 0.397848 
vn -0.0425156 -0.913545 0.404508 
vn -6.93889e-17 -0.866025 0.5 
vn -0.309017 -0.951057 0 
vn -0.307324 -0.951057 0.0323011 
vn -0.302264 -0.951057 0.0642482 
vn -0.293893 -0.951057 0.0954915 
vn -0.282301 -0.951057 0.125689 
vn -0.267617 -0.951057 0.154508 
vn -0.25 -0.951057 0.181636 
vn -0.229644 -0.951057 0.206773 
vn -0.206773 -0.951057 0.229644 
vn -0.181636 -0.951057 0.25 
vn -0.154508 -0.951057 0.267617 
vn -0.125689 -0.951057 0.282301 
vn -0.0954915 -0.951057 0.293893 
vn -0.0642482 -0.951057 0.302264 
vn -0.0323011 -0.951057 0.307324 
vn -5.6446e-17 -0.913545 0.406737 
vn -0.207912 -0.978148 0 
vn -0.206773 -0.978148 0.0217327 
vn -0.203368 -0.978148 0.0432273 
vn -0.197736 -0.978148 0.0642482 
vn -0.189937 -0.978148 0.0845653 
vn -0.180057 -0.978148 0.103956 
vn -0.168204 -0.978148 0.122207 
vn -0.154508 -0.978148 0.13912 
vn -0.13912 -0.978148 0.154508 
vn -0.122207 -0.978148 0.168204 
vn -0.103956 -0.978148 0.180057 
vn -0.0845653 -0.978148 0.189937 
vn -0.0642482 -0.978148 0.197736 
vn -0.0432273 -0.978148 0.203368 
vn -0.0217327 -0.978148 0.206773 
vn -4.28847e-17 -0.951057 0.309017 
vn -0.104528 -0.994522 0 
vn -0.103956 -0.994522 0.0109262 
vn -0.102244 -0.994522 0.0217327 
vn -0.0994125 -0.994522 0.0323011 
vn -0.0954915 -0.994522 0.0425156 
vn -0.0905243 -0.994522 0.0522642 
vn -0.0845653 -0.994522 0.0614403 
vn -0.0776798 -0.994522 0.0699432 
vn -0.0699432 -0.994522 0.0776798 
vn -0.0614403 -0.994522 0.0845653 
vn -0.0522642 -0.994522 0.0905243 
vn -0.0425156 -0.994522 0.0954915 
vn -0.0323011 -0.994522 0.0994125 
vn -0.0217327 -0.994522 0.102244 
vn -0.0109262 -0.994522 0.103956 
vn -2.88535e-17 -0.978148 0.207912 
vn 6.12323e-17 -1 0 
vn -1.45062e-17 -0.994522 0.104528 
vn -0.104528 -0.994522 -1.55424e-17 
vn 4.2572e-15 -1 6.33005e-31 
vn -0.052336 -0.99863 0 
vn -0.207912 -0.978148 -3.09145e-17 
vn -0.104528 -0.994522 0 
vn -0.156434 -0.987688 0 
vn -0.309017 -0.951057 -4.59479e-17 
vn -0.207912 -0.978148 0 
vn -0.258819 -0.965926 0 
vn -0.406737 -0.913545 -6.04779e-17 
vn -0.309017 -0.951057 0 
vn -0.358368 -0.93358 0 
vn -0.5 -0.866025 -7.43453e-17 
vn -0.406737 -0.913545 0 
vn -0.45399 -0.891007 0 
vn -0.587785 -0.809017 -8.73981e-17 
vn -0.5 -0.866025 0 
vn -0.544639 -0.838671 0 
vn -0.669131 -0.743145 -9.94934e-17 
vn -0.587785 -0.809017 0 
vn -0.743145 -0.669131 -1.10499e-16 
vn -0.669131 -0.743145 0 
vn -0.809017 -0.587785 -1.20293e-16 
vn -0.743145 -0.669131 0 
vn -0.866025 -0.5 -1.2877e-16 
vn -0.809017 -0.587785 0 
vn -0.913545 -0.406737 -1.35836e-16 
vn -0.866025 -0.5 0 
vn -0.951057 -0.309017 -1.41413e-16 
vn -0.913545 -0.406737 0 
vn -0.978148 -0.207912 -1.45441e-16 
vn -0.951057 -0.309017 0 
vn -0.994522 -0.104528 -1.47876e-16 
vn -0.978148 -0.207912 0 
vn -1 1.22465e-16 -1.48691e-16 
vn -0.994522 -0.104528 0 
vn 2.18663e-16 0 -1 
vn 1 0 -1.22465e-16 
vn 0.99863 0 -0.052336 
vn 0.994522 0 -0.104528 
vn 1 0 0 
vn 0.987688 0 -0.156434 
vn 0.978148 0 -0.207912 
vn 0.965926 0 -0.258819 
vn 0.951057 0 -0.309017 
vn 0.93358 0 -0.358368 
vn 0.913545 0 -0.406737 
vn 0.891007 0 -0.45399 
vn 0.866025 0 -0.5 
vn 0.838671 0 -0.544639 
vn 0.809017 0 -0.587785 
vn 0.743145 0 -0.669131 
vn 0.669131 0 -0.743145 
vn 0.587785 0 -0.809017 
vn 0.5 0 -0.866025 
vn 0.406737 0 -0.913545 
vn 0.309017 0 -0.951057 
vn 0.207912 0 -0.978148 
vn 0.104528 0 -0.994522 
vn -6.12323e-17 0 -1 
vn -1 0 -1.48691e-16 
vn 2.17465e-16 -0.104528 -0.994522 
vn 2.18663e-16 -2.44929e-16 -1 
vn 2.13884e-16 -0.207912 -0.978148 
vn 0 -0.104528 -0.994522 
vn 2.07961e-16 -0.309017 -0.951057 
vn 0 -0.207912 -0.978148 
vn 1.99758e-16 -0.406737 -0.913545 
vn 0 -0.309017 -0.951057 
vn 1.89367e-16 -0.5 -0.866025 
vn 0 -0.406737 -0.913545 
vn 1.76902e-16 -0.587785 -0.809017 
vn 0 -0.5 -0.866025 
vn 1.62498e-16 -0.669131 -0.743145 
vn 0 -0.587785 -0.809017 
vn 1.46314e-16 -0.743145 -0.669131 
vn 0 -0.669131 -0.743145 
vn 1.28527e-16 -0.809017 -0.587785 
vn 0 -0.743145 -0.669131 
vn 1.09331e-16 -0.866025 -0.5 
vn 0 -0.809017 -0.587785 
vn 0 -0.838671 -0.544639 
vn 8.89381e-17 -0.913545 -0.406737 
vn 0 -0.866025 -0.5 
vn 0 -0.891007 -0.45399 
vn 6.75705e-17 -0.951057 -0.309017 
vn 0 -0.913545 -0.406737 
vn 0 -0.93358 -0.358368 
vn 4.54625e-17 -0.978148 -0.207912 
vn 0 -0.951057 -0.309017 
vn 0 -0.965926 -0.258819 
vn 2.28565e-17 -0.994522 -0.104528 
vn 0 -0.978148 -0.207912 
vn 0 -0.987688 -0.156434 
vn -4.01677e-32 -1 1.83697e-16 
vn 0 -0.994522 -0.104528 
vn 0 -0.99863 -0.052336 
vn -4.01677e-32 -1 1.83697e-16 
vn -0.994522 0 -0.104528 
vn -1 0 0 
vn -0.99863 0 -0.052336 
vn -0.978148 0 -0.207912 
vn -0.994522 0 -0.104528 
vn -0.987688 0 -0.156434 
vn -0.951057 0 -0.309017 
vn -0.978148 0 -0.207912 
vn -0.965926 0 -0.258819 
vn -0.913545 0 -0.406737 
vn -0.951057 0 -0.309017 
vn -0.93358 0 -0.358368 
vn -0.866025 0 -0.5 
vn -0.913545 0 -0.406737 
vn -0.891007 0 -0.45399 
vn -0.809017 0 -0.587785 
vn -0.866025 0 -0.5 
vn -0.838671 0 -0.544639 
vn -0.743145 0 -0.669131 
vn -0.809017 0 -0.587785 
vn -0.669131 0 -0.743145 
vn -0.743145 0 -0.669131 
vn -0.587785 0 -0.809017 
vn -0.669131 0 -0.743145 
vn -0.5 0 -0.866025 
vn -0.587785 0 -0.809017 
vn -0.406737 0 -0.913545 
vn -0.5 0 -0.866025 
vn -0.309017 0 -0.951057 
vn -0.406737 0 -0.913545 
vn -0.207912 0 -0.978148 
vn -0.309017 0 -0.951057 
vn -0.104528 0 -0.994522 
vn -0.207912 0 -0.978148 
vn -6.12323e-17 0 -1 
vn -0.104528 0 -0.994522 
vn -0.994522 -0.104528 1.85865e-15 
vn -1 -8.67362e-16 1.96005e-15 
vn -0.994522 -7.76698e-16 -0.104528 
vn -0.989074 -0.104528 -0.103956 
vn -0.978148 -6.87027e-16 -0.207912 
vn -0.972789 -0.104528 -0.206773 
vn -0.951057 -5.99332e-16 -0.309017 
vn -0.945847 -0.104528 -0.307324 
vn -0.913545 -5.14574e-16 -0.406737 
vn -0.908541 -0.104528 -0.404508 
vn -0.866025 -4.33681e-16 -0.5 
vn -0.861281 -0.104528 -0.497261 
vn -0.809017 -3.57539e-16 -0.587785 
vn -0.804585 -0.104528 -0.584565 
vn -0.743145 -2.86983e-16 -0.669131 
vn -0.739074 -0.104528 -0.665465 
vn -0.669131 -2.22786e-16 -0.743145 
vn -0.665465 -0.104528 -0.739074 
vn -0.587785 -1.65651e-16 -0.809017 
vn -0.584565 -0.104528 -0.804585 
vn -0.5 -1.16204e-16 -0.866025 
vn -0.497261 -0.104528 -0.861281 
vn -0.406737 -7.49874e-17 -0.913545 
vn -0.404508 -0.104528 -0.908541 
vn -0.309017 -4.24517e-17 -0.951057 
vn -0.307324 -0.104528 -0.945847 
vn -0.207912 -1.89539e-17 -0.978148 
vn -0.206773 -0.104528 -0.972789 
vn -0.104528 -4.7515e-18 -0.994522 
vn -0.103956 -0.104528 -0.989074 
vn -1.249e-16 -4.93038e-31 -1 
vn -0.978148 -0.207912 1.73689e-15 
vn -0.972789 -0.207912 -0.102244 
vn -0.956773 -0.207912 -0.203368 
vn -0.930274 -0.207912 -0.302264 
vn -0.893582 -0.207912 -0.397848 
vn -0.847101 -0.207912 -0.489074 
vn -0.791338 -0.207912 -0.574941 
vn -0.726905 -0.207912 -0.654508 
vn -0.654508 -0.207912 -0.726905 
vn -0.574941 -0.207912 -0.791338 
vn -0.489074 -0.207912 -0.847101 
vn -0.397848 -0.207912 -0.893582 
vn -0.302264 -0.207912 -0.930274 
vn -0.203368 -0.207912 -0.956773 
vn -0.102244 -0.207912 -0.972789 
vn -1.33719e-16 -0.104528 -0.994522 
vn -0.951057 -0.309017 1.59609e-15 
vn -0.945847 -0.309017 -0.0994125 
vn -0.930274 -0.309017 -0.197736 
vn -0.904508 -0.309017 -0.293893 
vn -0.868833 -0.309017 -0.38683 
vn -0.823639 -0.309017 -0.475528 
vn -0.769421 -0.309017 -0.559017 
vn -0.706773 -0.309017 -0.636381 
vn -0.636381 -0.309017 -0.706773 
vn -0.559017 -0.309017 -0.769421 
vn -0.475528 -0.309017 -0.823639 
vn -0.38683 -0.309017 -0.868833 
vn -0.293893 -0.309017 -0.904508 
vn -0.197736 -0.309017 -0.930274 
vn -0.0994125 -0.309017 -0.945847 
vn -1.60079e-16 -0.207912 -0.978148 
vn -0.913545 -0.406737 1.43781e-15 
vn -0.908541 -0.406737 -0.0954915 
vn -0.893582 -0.406737 -0.189937 
vn -0.868833 -0.406737 -0.282301 
vn -0.834565 -0.406737 -0.371572 
vn -0.791154 -0.406737 -0.456773 
vn -0.739074 -0.406737 -0.536969 
vn -0.678897 -0.406737 -0.611281 
vn -0.611281 -0.406737 -0.678897 
vn -0.536969 -0.406737 -0.739074 
vn -0.456773 -0.406737 -0.791154 
vn -0.371572 -0.406737 -0.834565 
vn -0.282301 -0.406737 -0.868833 
vn -0.189937 -0.406737 -0.893582 
vn -0.0954915 -0.406737 -0.908541 
vn -2.0369e-16 -0.309017 -0.951057 
vn -0.866025 -0.5 1.26378e-15 
vn -0.861281 -0.5 -0.0905243 
vn -0.847101 -0.5 -0.180057 
vn -0.823639 -0.5 -0.267617 
vn -0.791154 -0.5 -0.352244 
vn -0.75 -0.5 -0.433013 
vn -0.700629 -0.5 -0.509037 
vn -0.643582 -0.5 -0.579484 
vn -0.579484 -0.5 -0.643582 
vn -0.509037 -0.5 -0.700629 
vn -0.433013 -0.5 -0.75 
vn -0.352244 -0.5 -0.791154 
vn -0.267617 -0.5 -0.823639 
vn -0.180057 -0.5 -0.847101 
vn -0.0905243 -0.5 -0.861281 
vn -2.64077e-16 -0.406737 -0.913545 
vn -0.809017 -0.587785 1.07589e-15 
vn -0.804585 -0.587785 -0.0845653 
vn -0.791338 -0.587785 -0.168204 
vn -0.769421 -0.587785 -0.25 
vn -0.739074 -0.587785 -0.329057 
vn -0.700629 -0.587785 -0.404508 
vn -0.654508 -0.587785 -0.475528 
vn -0.601217 -0.587785 -0.541338 
vn -0.541338 -0.587785 -0.601217 
vn -0.475528 -0.587785 -0.654508 
vn -0.404508 -0.587785 -0.700629 
vn -0.329057 -0.587785 -0.739074 
vn -0.25 -0.587785 -0.769421 
vn -0.168204 -0.587785 -0.791338 
vn -0.0845653 -0.587785 -0.804585 
vn 5.26786e-16 -0.5 -0.866025 
vn -0.743145 -0.669131 8.76226e-16 
vn -0.739074 -0.669131 -0.0776798 
vn -0.726905 -0.669131 -0.154508 
vn -0.706773 -0.669131 -0.229644 
vn -0.678897 -0.669131 -0.302264 
vn -0.643582 -0.669131 -0.371572 
vn -0.601217 -0.669131 -0.43681 
vn -0.552264 -0.669131 -0.497261 
vn -0.497261 -0.669131 -0.552264 
vn -0.43681 -0.669131 -0.601217 
vn -0.371572 -0.669131 -0.643582 
vn -0.302264 -0.669131 -0.678897 
vn -0.229644 -0.669131 -0.706773 
vn -0.154508 -0.669131 -0.726905 
vn -0.0776798 -0.669131 -0.739074 
vn -4.32349e-16 -0.587785 -0.809017 
vn -0.669131 -0.743145 6.66957e-16 
vn -0.665465 -0.743145 -0.0699432 
vn -0.654508 -0.743145 -0.13912 
vn -0.636381 -0.743145 -0.206773 
vn -0.611281 -0.743145 -0.27216 
vn -0.579484 -0.743145 -0.334565 
vn -0.541338 -0.743145 -0.393305 
vn -0.497261 -0.743145 -0.447736 
vn -0.447736 -0.743145 -0.497261 
vn -0.393305 -0.743145 -0.541338 
vn -0.334565 -0.743145 -0.579484 
vn -0.27216 -0.743145 -0.611281 
vn -0.206773 -0.743145 -0.636381 
vn -0.13912 -0.743145 -0.654508 
vn -0.0699432 -0.743145 -0.665465 
vn -5.38392e-16 -0.669131 -0.743145 
vn -0.587785 -0.809017 4.5038e-16 
vn -0.584565 -0.809017 -0.0614403 
vn -0.574941 -0.809017 -0.122207 
vn -0.559017 -0.809017 -0.181636 
vn -0.536969 -0.809017 -0.239074 
vn -0.509037 -0.809017 -0.293893 
vn -0.475528 -0.809017 -0.345492 
vn -0.43681 -0.809017 -0.393305 
vn -0.393305 -0.809017 -0.43681 
vn -0.345492 -0.809017 -0.475528 
vn -0.293893 -0.809017 -0.509037 
vn -0.239074 -0.809017 -0.536969 
vn -0.181636 -0.809017 -0.559017 
vn -0.122207 -0.809017 -0.574941 
vn -0.0614403 -0.809017 -0.584565 
vn -6.57541e-16 -0.743145 -0.669131 
vn -0.5 -0.866025 2.2887e-16 
vn -0.497261 -0.866025 -0.0522642 
vn -0.489074 -0.866025 -0.103956 
vn -0.475528 -0.866025 -0.154508 
vn -0.456773 -0.866025 -0.203368 
vn -0.433013 -0.866025 -0.25 
vn -0.404508 -0.866025 -0.293893 
vn -0.371572 -0.866025 -0.334565 
vn -0.334565 -0.866025 -0.371572 
vn -0.293893 -0.866025 -0.404508 
vn -0.25 -0.866025 -0.433013 
vn -0.203368 -0.866025 -0.456773 
vn -0.154508 -0.866025 -0.475528 
vn -0.103956 -0.866025 -0.489074 
vn -0.0522642 -0.866025 -0.497261 
vn -7.88493e-16 -0.809017 -0.587785 
vn -0.406737 -0.913545 4.85135e-18 
vn -0.404508 -0.913545 -0.0425156 
vn -0.397848 -0.913545 -0.0845653 
vn -0.38683 -0.913545 -0.125689 
vn -0.371572 -0.913545 -0.165435 
vn -0.352244 -0.913545 -0.203368 
vn -0.329057 -0.913545 -0.239074 
vn -0.302264 -0.913545 -0.27216 
vn -0.27216 -0.913545 -0.302264 
vn -0.239074 -0.913545 -0.329057 
vn -0.203368 -0.913545 -0.352244 
vn -0.165435 -0.913545 -0.371572 
vn -0.125689 -0.913545 -0.38683 
vn -0.0845653 -0.913545 -0.397848 
vn -0.0425156 -0.913545 -0.404508 
vn -6.245e-17 -0.866025 -0.5 
vn -0.309017 -0.951057 -2.1922e-16 
vn -0.307324 -0.951057 -0.0323011 
vn -0.302264 -0.951057 -0.0642482 
vn -0.293893 -0.951057 -0.0954915 
vn -0.282301 -0.951057 -0.125689 
vn -0.267617 -0.951057 -0.154508 
vn -0.25 -0.951057 -0.181636 
vn -0.229644 -0.951057 -0.206773 
vn -0.206773 -0.951057 -0.229644 
vn -0.181636 -0.951057 -0.25 
vn -0.154508 -0.951057 -0.267617 
vn -0.125689 -0.951057 -0.282301 
vn -0.0954915 -0.951057 -0.293893 
vn -0.0642482 -0.951057 -0.302264 
vn -0.0323011 -0.951057 -0.307324 
vn -2.12588e-16 -0.913545 -0.406737 
vn -0.207912 -0.978148 -4.4089e-16 
vn -0.206773 -0.978148 -0.0217327 
vn -0.203368 -0.978148 -0.0432273 
vn -0.197736 -0.978148 -0.0642482 
vn -0.189937 -0.978148 -0.0845653 
vn -0.180057 -0.978148 -0.103956 
vn -0.168204 -0.978148 -0.122207 
vn -0.154508 -0.978148 -0.13912 
vn -0.13912 -0.978148 -0.154508 
vn -0.122207 -0.978148 -0.168204 
vn -0.103956 -0.978148 -0.180057 
vn -0.0845653 -0.978148 -0.189937 
vn -0.0642482 -0.978148 -0.197736 
vn -0.0432273 -0.978148 -0.203368 
vn -0.0217327 -0.978148 -0.206773 
vn -3.69899e-16 -0.951057 -0.309017 
vn -0.104528 -0.994522 -6.57729e-16 
vn -0.103956 -0.994522 -0.0109262 
vn -0.102244 -0.994522 -0.0217327 
vn -0.0994125 -0.994522 -0.0323011 
vn -0.0954915 -0.994522 -0.0425156 
vn -0.0905243 -0.994522 -0.0522642 
vn -0.0845653 -0.994522 -0.0614403 
vn -0.0776798 -0.994522 -0.0699432 
vn -0.0699432 -0.994522 -0.0776798 
vn -0.0614403 -0.994522 -0.0845653 
vn -0.0522642 -0.994522 -0.0905243 
vn -0.0425156 -0.994522 -0.0954915 
vn -0.0323011 -0.994522 -0.0994125 
vn -0.0217327 -0.994522 -0.102244 
vn -0.0109262 -0.994522 -0.103956 
vn 3.34701e-16 -0.978148 -0.207912 
vn 0 -1 -8.67362e-16 
vn 1.68272e-16 -0.994522 -0.104528 
vn -1 1.83697e-16 0 
vn -0.994522 -0.104528 0 
vn -0.978148 -0.207912 0 
vn -0.951057 -0.309017 0 
vn -0.913545 -0.406737 0 
vn -0.866025 -0.5 0 
vn -0.809017 -0.587785 0 
vn -0.743145 -0.669131 0 
vn -0.669131 -0.743145 0 
vn -0.587785 -0.809017 0 
vn -0.5 -0.866025 0 
vn -0.406737 -0.913545 0 
vn -0.309017 -0.951057 0 
vn -0.207912 -0.978148 0 
vn -0.104528 -0.994522 0 
vn -2.44929e-16 -1 0 
vn 1.82691e-16 -0.104528 0.994522 
vn 1.83697e-16 0 1 
vn -0.104528 0 0.994522 
vn -0.103956 -0.104528 0.989074 
vn -0.207912 0 0.978148 
vn -0.206773 -0.104528 0.972789 
vn -0.309017 0 0.951057 
vn -0.307324 -0.104528 0.945847 
vn -0.406737 0 0.913545 
vn -0.404508 -0.104528 0.908541 
vn -0.5 0 0.866025 
vn -0.497261 -0.104528 0.861281 
vn -0.587785 0 0.809017 
vn -0.584565 -0.104528 0.804585 
vn -0.669131 0 0.743145 
vn -0.665465 -0.104528 0.739074 
vn -0.743145 0 0.669131 
vn -0.739074 -0.104528 0.665465 
vn -0.809017 0 0.587785 
vn -0.804585 -0.104528 0.584565 
vn -0.866025 0 0.5 
vn -0.861281 -0.104528 0.497261 
vn -0.913545 0 0.406737 
vn -0.908541 -0.104528 0.404508 
vn -0.951057 0 0.309017 
vn -0.945847 -0.104528 0.307324 
vn -0.978148 0 0.207912 
vn -0.972789 -0.104528 0.206773 
vn -0.994522 0 0.104528 
vn -0.989074 -0.104528 0.103956 
vn -1 0 1.38778e-16 
vn 1.79683e-16 -0.207912 0.978148 
vn -0.102244 -0.207912 0.972789 
vn -0.203368 -0.207912 0.956773 
vn -0.302264 -0.207912 0.930274 
vn -0.397848 -0.207912 0.893582 
vn -0.489074 -0.207912 0.847101 
vn -0.574941 -0.207912 0.791338 
vn -0.654508 -0.207912 0.726905 
vn -0.726905 -0.207912 0.654508 
vn -0.791338 -0.207912 0.574941 
vn -0.847101 -0.207912 0.489074 
vn -0.893582 -0.207912 0.397848 
vn -0.930274 -0.207912 0.302264 
vn -0.956773 -0.207912 0.203368 
vn -0.972789 -0.207912 0.102244 
vn -0.994522 -0.104528 1.38018e-16 
vn 1.74706e-16 -0.309017 0.951057 
vn -0.0994125 -0.309017 0.945847 
vn -0.197736 -0.309017 0.930274 
vn -0.293893 -0.309017 0.904508 
vn -0.38683 -0.309017 0.868833 
vn -0.475528 -0.309017 0.823639 
vn -0.559017 -0.309017 0.769421 
vn -0.636381 -0.309017 0.706773 
vn -0.706773 -0.309017 0.636381 
vn -0.769421 -0.309017 0.559017 
vn -0.823639 -0.309017 0.475528 
vn -0.868833 -0.309017 0.38683 
vn -0.904508 -0.309017 0.293893 
vn -0.930274 -0.309017 0.197736 
vn -0.945847 -0.309017 0.0994125 
vn -0.978148 -0.207912 1.35745e-16 
vn 1.67816e-16 -0.406737 0.913545 
vn -0.0954915 -0.406737 0.908541 
vn -0.189937 -0.406737 0.893582 
vn -0.282301 -0.406737 0.868833 
vn -0.371572 -0.406737 0.834565 
vn -0.456773 -0.406737 0.791154 
vn -0.536969 -0.406737 0.739074 
vn -0.611281 -0.406737 0.678897 
vn -0.678897 -0.406737 0.611281 
vn -0.739074 -0.406737 0.536969 
vn -0.791154 -0.406737 0.456773 
vn -0.834565 -0.406737 0.371572 
vn -0.868833 -0.406737 0.282301 
vn -0.893582 -0.406737 0.189937 
vn -0.908541 -0.406737 0.0954915 
vn -0.951057 -0.309017 1.31986e-16 
vn 1.59086e-16 -0.5 0.866025 
vn -0.0905243 -0.5 0.861281 
vn -0.180057 -0.5 0.847101 
vn -0.267617 -0.5 0.823639 
vn -0.352244 -0.5 0.791154 
vn -0.433013 -0.5 0.75 
vn -0.509037 -0.5 0.700629 
vn -0.579484 -0.5 0.643582 
vn -0.643582 -0.5 0.579484 
vn -0.700629 -0.5 0.509037 
vn -0.75 -0.5 0.433013 
vn -0.791154 -0.5 0.352244 
vn -0.823639 -0.5 0.267617 
vn -0.847101 -0.5 0.180057 
vn -0.861281 -0.5 0.0905243 
vn -0.913545 -0.406737 1.2678e-16 
vn 1.48614e-16 -0.587785 0.809017 
vn -0.0845653 -0.587785 0.804585 
vn -0.168204 -0.587785 0.791338 
vn -0.25 -0.587785 0.769421 
vn -0.329057 -0.587785 0.739074 
vn -0.404508 -0.587785 0.700629 
vn -0.475528 -0.587785 0.654508 
vn -0.541338 -0.587785 0.601217 
vn -0.601217 -0.587785 0.541338 
vn -0.654508 -0.587785 0.475528 
vn -0.700629 -0.587785 0.404508 
vn -0.739074 -0.587785 0.329057 
vn -0.769421 -0.587785 0.25 
vn -0.791338 -0.587785 0.168204 
vn -0.804585 -0.587785 0.0845653 
vn -0.866025 -0.5 1.20185e-16 
vn 1.36513e-16 -0.669131 0.743145 
vn -0.0776798 -0.669131 0.739074 
vn -0.154508 -0.669131 0.726905 
vn -0.229644 -0.669131 0.706773 
vn -0.302264 -0.669131 0.678897 
vn -0.371572 -0.669131 0.643582 
vn -0.43681 -0.669131 0.601217 
vn -0.497261 -0.669131 0.552264 
vn -0.552264 -0.669131 0.497261 
vn -0.601217 -0.669131 0.43681 
vn -0.643582 -0.669131 0.371572 
vn -0.678897 -0.669131 0.302264 
vn -0.706773 -0.669131 0.229644 
vn -0.726905 -0.669131 0.154508 
vn -0.739074 -0.669131 0.0776798 
vn -0.809017 -0.587785 1.12274e-16 
vn 1.22917e-16 -0.743145 0.669131 
vn -0.0699432 -0.743145 0.665465 
vn -0.13912 -0.743145 0.654508 
vn -0.206773 -0.743145 0.636381 
vn -0.27216 -0.743145 0.611281 
vn -0.334565 -0.743145 0.579484 
vn -0.393305 -0.743145 0.541338 
vn -0.447736 -0.743145 0.497261 
vn -0.497261 -0.743145 0.447736 
vn -0.541338 -0.743145 0.393305 
vn -0.579484 -0.743145 0.334565 
vn -0.611281 -0.743145 0.27216 
vn -0.636381 -0.743145 0.206773 
vn -0.654508 -0.743145 0.13912 
vn -0.665465 -0.743145 0.0699432 
vn -0.743145 -0.669131 1.03132e-16 
vn 1.07974e-16 -0.809017 0.587785 
vn -0.0614403 -0.809017 0.584565 
vn -0.122207 -0.809017 0.574941 
vn -0.181636 -0.809017 0.559017 
vn -0.239074 -0.809017 0.536969 
vn -0.293893 -0.809017 0.509037 
vn -0.345492 -0.809017 0.475528 
vn -0.393305 -0.809017 0.43681 
vn -0.43681 -0.809017 0.393305 
vn -0.475528 -0.809017 0.345492 
vn -0.509037 -0.809017 0.293893 
vn -0.536969 -0.809017 0.239074 
vn -0.559017 -0.809017 0.181636 
vn -0.574941 -0.809017 0.122207 
vn -0.584565 -0.809017 0.0614403 
vn -0.669131 -0.743145 9.28605e-17 
vn 9.18485e-17 -0.866025 0.5 
vn -0.0522642 -0.866025 0.497261 
vn -0.103956 -0.866025 0.489074 
vn -0.154508 -0.866025 0.475528 
vn -0.203368 -0.866025 0.456773 
vn -0.25 -0.866025 0.433013 
vn -0.293893 -0.866025 0.404508 
vn -0.334565 -0.866025 0.371572 
vn -0.371572 -0.866025 0.334565 
vn -0.404508 -0.866025 0.293893 
vn -0.433013 -0.866025 0.25 
vn -0.456773 -0.866025 0.203368 
vn -0.475528 -0.866025 0.154508 
vn -0.489074 -0.866025 0.103956 
vn -0.497261 -0.866025 0.0522642 
vn -0.587785 -0.809017 8.15716e-17 
vn 7.47163e-17 -0.913545 0.406737 
vn -0.0425156 -0.913545 0.404508 
vn -0.0845653 -0.913545 0.397848 
vn -0.125689 -0.913545 0.38683 
vn -0.165435 -0.913545 0.371572 
vn -0.203368 -0.913545 0.352244 
vn -0.239074 -0.913545 0.329057 
vn -0.27216 -0.913545 0.302264 
vn -0.302264 -0.913545 0.27216 
vn -0.329057 -0.913545 0.239074 
vn -0.352244 -0.913545 0.203368 
vn -0.371572 -0.913545 0.165435 
vn -0.38683 -0.913545 0.125689 
vn -0.397848 -0.913545 0.0845653 
vn -0.404508 -0.913545 0.0425156 
vn -0.5 -0.866025 6.93889e-17 
vn 5.67655e-17 -0.951057 0.309017 
vn -0.0323011 -0.951057 0.307324 
vn -0.0642482 -0.951057 0.302264 
vn -0.0954915 -0.951057 0.293893 
vn -0.125689 -0.951057 0.282301 
vn -0.154508 -0.951057 0.267617 
vn -0.181636 -0.951057 0.25 
vn -0.206773 -0.951057 0.229644 
vn -0.229644 -0.951057 0.206773 
vn -0.25 -0.951057 0.181636 
vn -0.267617 -0.951057 0.154508 
vn -0.282301 -0.951057 0.125689 
vn -0.293893 -0.951057 0.0954915 
vn -0.302264 -0.951057 0.0642482 
vn -0.307324 -0.951057 0.0323011 
vn -0.406737 -0.913545 5.6446e-17 
vn 3.81928e-17 -0.978148 0.207912 
vn -0.0217327 -0.978148 0.206773 
vn -0.0432273 -0.978148 0.203368 
vn -0.0642482 -0.978148 0.197736 
vn -0.0845653 -0.978148 0.189937 
vn -0.103956 -0.978148 0.180057 
vn -0.122207 -0.978148 0.168204 
vn -0.13912 -0.978148 0.154508 
vn -0.154508 -0.978148 0.13912 
vn -0.168204 -0.978148 0.122207 
vn -0.180057 -0.978148 0.103956 
vn -0.189937 -0.978148 0.0845653 
vn -0.197736 -0.978148 0.0642482 
vn -0.203368 -0.978148 0.0432273 
vn -0.206773 -0.978148 0.0217327 
vn -0.309017 -0.951057 4.28847e-17 
vn 1.92016e-17 -0.994522 0.104528 
vn -0.0109262 -0.994522 0.103956 
vn -0.0217327 -0.994522 0.102244 
vn -0.0323011 -0.994522 0.0994125 
vn -0.0425156 -0.994522 0.0954915 
vn -0.0522642 -0.994522 0.0905243 
vn -0.0614403 -0.994522 0.0845653 
vn -0.0699432 -0.994522 0.0776798 
vn -0.0776798 -0.994522 0.0699432 
vn -0.0845653 -0.994522 0.0614403 
vn -0.0905243 -0.994522 0.0522642 
vn -0.0954915 -0.994522 0.0425156 
vn -0.0994125 -0.994522 0.0323011 
vn -0.102244 -0.994522 0.0217327 
vn -0.103956 -0.994522 0.0109262 
vn -0.207912 -0.978148 2.88535e-17 
vn 0 -1 0 
vn -0.104528 -0.994522 1.45062e-17 
vn -1 0 0 
vn 0 -0.994138 -0.108119 
vn 0 -1 -2.44929e-16 
vn 0 -0.976621 -0.21497 
vn 0 -0.994138 -0.108119 
vn 0 -0.947653 -0.319302 
vn 0 -0.976621 -0.21497 
vn 0 -0.907575 -0.419889 
vn 0 -0.947653 -0.319302 
vn 0 -0.856857 -0.515554 
vn 0 -0.907575 -0.419889 
vn 0 -0.796093 -0.605174 
vn 0 -0.856857 -0.515554 
vn 0 -0.725995 -0.687699 
vn 0 -0.796093 -0.605174 
vn 0 -0.647386 -0.762162 
vn 0 -0.725995 -0.687699 
vn 0 -0.561187 -0.827689 
vn 0 -0.647386 -0.762162 
vn 0 -0.468408 -0.883512 
vn 0 -0.561187 -0.827689 
vn 0 -0.370138 -0.928977 
vn 0 -0.468408 -0.883512 
vn 0 -0.267528 -0.96355 
vn 0 -0.370138 -0.928977 
vn 0 -0.161782 -0.986827 
vn 0 -0.267528 -0.96355 
vn 0 -0.0541389 -0.998533 
vn 0 -0.161782 -0.986827 
vn 0 0.0541389 -0.998533 
vn 0 -0.0541389 -0.998533 
vn 0 0.161782 -0.986827 
vn 0 0.0541389 -0.998533 
vn 0 0.267528 -0.96355 
vn 0 0.161782 -0.986827 
vn 0 0.370138 -0.928977 
vn 0 0.267528 -0.96355 
vn 0 0.468408 -0.883512 
vn 0 0.370138 -0.928977 
vn 0 0.561187 -0.827689 
vn 0 0.468408 -0.883512 
vn 0 0.647386 -0.762162 
vn 0 0.561187 -0.827689 
vn 0 0.725995 -0.687699 
vn 0 0.647386 -0.762162 
vn 0 0.796093 -0.605174 
vn 0 0.725995 -0.687699 
vn 0 0.856857 -0.515554 
vn 0 0.796093 -0.605174 
vn 0 0.907575 -0.419889 
vn 0 0.856857 -0.515554 
vn 0 0.947653 -0.319302 
vn 0 0.907575 -0.419889 
vn 0 0.976621 -0.21497 
vn 0 0.947653 -0.319302 
vn 0 0.994138 -0.108119 
vn 0 0.976621 -0.21497 
vn 0 1 1.22465e-16 
vn 0 0.994138 -0.108119 
vn 0 0.994138 0.108119 
vn 0 1 1.22465e-16 
vn 0 0.976621 0.21497 
vn 0 0.994138 0.108119 
vn 0 0.947653 0.319302 
vn 0 0.976621 0.21497 
vn 0 0.907575 0.419889 
vn 0 0.947653 0.319302 
vn 0 0.856857 0.515554 
vn 0 0.907575 0.419889 
vn 0 0.796093 0.605174 
vn 0 0.856857 0.515554 
vn 0 0.725995 0.687699 
vn 0 0.796093 0.605174 
vn 0 0.647386 0.762162 
vn 0 0.725995 0.687699 
vn 0 0.561187 0.827689 
vn 0 0.647386 0.762162 
vn 0 0.468408 0.883512 
vn 0 0.561187 0.827689 
vn 0 0.370138 0.928977 
vn 0 0.468408 0.883512 
vn 0 0.267528 0.96355 
vn 0 0.370138 0.928977 
vn 0 0.161782 0.986827 
vn 0 0.267528 0.96355 
vn 0 0.0541389 0.998533 
vn 0 0.161782 0.986827 
vn 0 -0.0541389 0.998533 
vn 0 0.0541389 0.998533 
vn 0 -0.161782 0.986827 
vn 0 -0.0541389 0.998533 
vn 0 -0.267528 0.96355 
vn 0 -0.161782 0.986827 
vn 0 -0.370138 0.928977 
vn 0 -0.267528 0.96355 
vn 0 -0.468408 0.883512 
vn 0 -0.370138 0.928977 
vn 0 -0.561187 0.827689 
vn 0 -0.468408 0.883512 
vn 0 -0.647386 0.762162 
vn 0 -0.561187 0.827689 
vn 0 -0.725995 0.687699 
vn 0 -0.647386 0.762162 
vn 0 -0.796093 0.605174 
vn 0 -0.725995 0.687699 
vn 0 -0.856857 0.515554 
vn 0 -0.796093 0.605174 
vn 0 -0.907575 0.419889 
vn 0 -0.856857 0.515554 
vn 0 -0.947653 0.319302 
vn 0 -0.907575 0.419889 
vn 0 -0.976621 0.21497 
vn 0 -0.947653 0.319302 
vn 0 -0.994138 0.108119 
vn 0 -0.976621 0.21497 
vn 1 0 0 
vn 0.104528 0 0.994522 
vn -1.83697e-16 0 1 
vn 0.207912 0 0.978148 
vn 0.104528 0 0.994522 
vn 0.309017 0 0.951057 
vn 0.207912 0 0.978148 
vn 0.406737 0 0.913545 
vn 0.309017 0 0.951057 
vn 0.5 0 0.866025 
vn 0.406737 0 0.913545 
vn 0.587785 0 0.809017 
vn 0.5 0 0.866025 
vn 0.669131 0 0.743145 
vn 0.587785 0 0.809017 
vn 0.743145 0 0.669131 
vn 0.669131 0 0.743145 
vn 0.809017 0 0.587785 
vn 0.743145 0 0.669131 
vn 0.866025 0 0.5 
vn 0.809017 0 0.587785 
vn 0.838671 0 0.544639 
vn 0.913545 0 0.406737 
vn 0.866025 0 0.5 
vn 0.891007 0 0.45399 
vn 0.951057 0 0.309017 
vn 0.913545 0 0.406737 
vn 0.93358 0 0.358368 
vn 0.978148 0 0.207912 
vn 0.951057 0 0.309017 
vn 0.965926 0 0.258819 
vn 0.994522 0 0.104528 
vn 0.978148 0 0.207912 
vn 0.987688 0 0.156434 
vn 1 0 2.44929e-16 
vn 0.994522 0 0.104528 
vn 0.99863 0 0.052336 
vn 1 0 0 
vn 0 -1 -1.22465e-16 
vn 0 -0.99863 0.052336 
vn 0 -0.994522 0.104528 
vn 0 -1 -1.22465e-16 
vn 0 -0.987688 0.156434 
vn 0 -0.978148 0.207912 
vn 0 -0.965926 0.258819 
vn 0 -0.951057 0.309017 
vn 0 -0.93358 0.358368 
vn 0 -0.913545 0.406737 
vn 0 -0.891007 0.45399 
vn 0 -0.866025 0.5 
vn 0 -0.838671 0.544639 
vn 0 -0.809017 0.587785 
vn 0 -0.743145 0.669131 
vn 0 -0.669131 0.743145 
vn 0 -0.587785 0.809017 
vn 0 -0.5 0.866025 
vn 0 -0.406737 0.913545 
vn 0 -0.309017 0.951057 
vn 0 -0.207912 0.978148 
vn 0 -0.104528 0.994522 
vn 0 -1.83697e-16 1 
vn -0.104528 0 0.994522 
vn -0.207912 0 0.978148 
vn -0.309017 0 0.951057 
vn -0.406737 0 0.913545 
vn -0.5 0 0.866025 
vn -0.587785 0 0.809017 
vn -0.669131 0 0.743145 
vn -0.743145 0 0.669131 
vn -0.809017 0 0.587785 
vn -0.838671 0 0.544639 
vn -0.866025 0 0.5 
vn -0.891007 0 0.45399 
vn -0.913545 0 0.406737 
vn -0.93358 0 0.358368 
vn -0.951057 0 0.309017 
vn -0.965926 0 0.258819 
vn -0.978148 0 0.207912 
vn -0.987688 0 0.156434 
vn -0.994522 0 0.104528 
vn -0.99863 0 0.052336 
vn -1 0 -1.22465e-16 
vn 0 0 1 
vn 0 1 0 
vn 0.104528 0 0.994522 
vn 6.12323e-17 0 1 
vn 0.207912 0 0.978148 
vn 0.104528 0 0.994522 
vn 0.309017 0 0.951057 
vn 0.207912 0 0.978148 
vn 0.406737 0 0.913545 
vn 0.309017 0 0.951057 
vn 0.5 0 0.866025 
vn 0.406737 0 0.913545 
vn 0.587785 0 0.809017 
vn 0.5 0 0.866025 
vn 0.669131 0 0.743145 
vn 0.587785 0 0.809017 
vn 0.743145 0 0.669131 
vn 0.669131 0 0.743145 
vn 0.809017 0 0.587785 
vn 0.743145 0 0.669131 
vn 0.866025 0 0.5 
vn 0.809017 0 0.587785 
vn 0.913545 0 0.406737 
vn 0.866025 0 0.5 
vn 0.951057 0 0.309017 
vn 0.913545 0 0.406737 
vn 0.978148 0 0.207912 
vn 0.951057 0 0.309017 
vn 0.994522 0 0.104528 
vn 0.978148 0 0.207912 
vn 1 0 0 
vn 0.994522 0 0.104528 
vn 0 -0.994522 0.104528 
vn 0 -1 2.44929e-16 
vn 0 -0.99863 0.052336 
vn 0 -0.978148 0.207912 
vn 0 -0.994522 0.104528 
vn 0 -0.987688 0.156434 
vn 0 -0.951057 0.309017 
vn 0 -0.978148 0.207912 
vn 0 -0.965926 0.258819 
vn 0 -0.913545 0.406737 
vn 0 -0.951057 0.309017 
vn 0 -0.93358 0.358368 
vn 0 -0.866025 0.5 
vn 0 -0.913545 0.406737 
vn 0 -0.891007 0.45399 
vn 0 -0.809017 0.587785 
vn 0 -0.866025 0.5 
vn 0 -0.838671 0.544639 
vn 0 -0.743145 0.669131 
vn 0 -0.809017 0.587785 
vn 0 -0.669131 0.743145 
vn 0 -0.743145 0.669131 
vn 0 -0.587785 0.809017 
vn 0 -0.669131 0.743145 
vn 0 -0.5 0.866025 
vn 0 -0.587785 0.809017 
vn 0 -0.406737 0.913545 
vn 0 -0.5 0.866025 
vn 0 -0.309017 0.951057 
vn 0 -0.406737 0.913545 
vn 0 -0.207912 0.978148 
vn 0 -0.309017 0.951057 
vn 0 -0.104528 0.994522 
vn 0 -0.207912 0.978148 
vn 0 1.83697e-16 1 
vn 0 -0.104528 0.994522 
vn 0.104528 -1.22465e-16 0.994522 
vn 0.103956 -0.104528 0.989074 
vn 0.207912 -1.22465e-16 0.978148 
vn 0.206773 -0.104528 0.972789 
vn 0.309017 -1.22465e-16 0.951057 
vn 0.307324 -0.104528 0.945847 
vn 0.406737 -1.22465e-16 0.913545 
vn 0.404508 -0.104528 0.908541 
vn 0.5 -1.22465e-16 0.866025 
vn 0.497261 -0.104528 0.861281 
vn 0.587785 -1.22465e-16 0.809017 
vn 0.584565 -0.104528 0.804585 
vn 0.669131 -1.22465e-16 0.743145 
vn 0.665465 -0.104528 0.739074 
vn 0.743145 -1.22465e-16 0.669131 
vn 0.739074 -0.104528 0.665465 
vn 0.809017 -1.22465e-16 0.587785 
vn 0.804585 -0.104528 0.584565 
vn 0.866025 -1.22465e-16 0.5 
vn 0.861281 -0.104528 0.497261 
vn 0.913545 -1.22465e-16 0.406737 
vn 0.908541 -0.104528 0.404508 
vn 0.951057 -1.22465e-16 0.309017 
vn 0.945847 -0.104528 0.307324 
vn 0.978148 -1.22465e-16 0.207912 
vn 0.972789 -0.104528 0.206773 
vn 0.994522 -1.22465e-16 0.104528 
vn 0.989074 -0.104528 0.103956 
vn 1 -1.22465e-16 1.38778e-16 
vn -5.98943e-17 -0.207912 0.978148 
vn 0.102244 -0.207912 0.972789 
vn 0.203368 -0.207912 0.956773 
vn 0.302264 -0.207912 0.930274 
vn 0.397848 -0.207912 0.893582 
vn 0.489074 -0.207912 0.847101 
vn 0.574941 -0.207912 0.791338 
vn 0.654508 -0.207912 0.726905 
vn 0.726905 -0.207912 0.654508 
vn 0.791338 -0.207912 0.574941 
vn 0.847101 -0.207912 0.489074 
vn 0.893582 -0.207912 0.397848 
vn 0.930274 -0.207912 0.302264 
vn 0.956773 -0.207912 0.203368 
vn 0.972789 -0.207912 0.102244 
vn 0.994522 -0.104528 1.38018e-16 
vn -5.82354e-17 -0.309017 0.951057 
vn 0.0994125 -0.309017 0.945847 
vn 0.197736 -0.309017 0.930274 
vn 0.293893 -0.309017 0.904508 
vn 0.38683 -0.309017 0.868833 
vn 0.475528 -0.309017 0.823639 
vn 0.559017 -0.309017 0.769421 
vn 0.636381 -0.309017 0.706773 
vn 0.706773 -0.309017 0.636381 
vn 0.769421 -0.309017 0.559017 
vn 0.823639 -0.309017 0.475528 
vn 0.868833 -0.309017 0.38683 
vn 0.904508 -0.309017 0.293893 
vn 0.930274 -0.309017 0.197736 
vn 0.945847 -0.309017 0.0994125 
vn 0.978148 -0.207912 1.35745e-16 
vn -5.59385e-17 -0.406737 0.913545 
vn 0.0954915 -0.406737 0.908541 
vn 0.189937 -0.406737 0.893582 
vn 0.282301 -0.406737 0.868833 
vn 0.371572 -0.406737 0.834565 
vn 0.456773 -0.406737 0.791154 
vn 0.536969 -0.406737 0.739074 
vn 0.611281 -0.406737 0.678897 
vn 0.678897 -0.406737 0.611281 
vn 0.739074 -0.406737 0.536969 
vn 0.791154 -0.406737 0.456773 
vn 0.834565 -0.406737 0.371572 
vn 0.868833 -0.406737 0.282301 
vn 0.893582 -0.406737 0.189937 
vn 0.908541 -0.406737 0.0954915 
vn 0.951057 -0.309017 1.31986e-16 
vn -5.30288e-17 -0.5 0.866025 
vn 0.0905243 -0.5 0.861281 
vn 0.180057 -0.5 0.847101 
vn 0.267617 -0.5 0.823639 
vn 0.352244 -0.5 0.791154 
vn 0.433013 -0.5 0.75 
vn 0.509037 -0.5 0.700629 
vn 0.579484 -0.5 0.643582 
vn 0.643582 -0.5 0.579484 
vn 0.700629 -0.5 0.509037 
vn 0.75 -0.5 0.433013 
vn 0.791154 -0.5 0.352244 
vn 0.823639 -0.5 0.267617 
vn 0.847101 -0.5 0.180057 
vn 0.861281 -0.5 0.0905243 
vn 0.913545 -0.406737 1.2678e-16 
vn -4.9538e-17 -0.587785 0.809017 
vn 0.0845653 -0.587785 0.804585 
vn 0.168204 -0.587785 0.791338 
vn 0.25 -0.587785 0.769421 
vn 0.329057 -0.587785 0.739074 
vn 0.404508 -0.587785 0.700629 
vn 0.475528 -0.587785 0.654508 
vn 0.541338 -0.587785 0.601217 
vn 0.601217 -0.587785 0.541338 
vn 0.654508 -0.587785 0.475528 
vn 0.700629 -0.587785 0.404508 
vn 0.739074 -0.587785 0.329057 
vn 0.769421 -0.587785 0.25 
vn 0.791338 -0.587785 0.168204 
vn 0.804585 -0.587785 0.0845653 
vn 0.866025 -0.5 1.20185e-16 
vn -4.55045e-17 -0.669131 0.743145 
vn 0.0776798 -0.669131 0.739074 
vn 0.154508 -0.669131 0.726905 
vn 0.229644 -0.669131 0.706773 
vn 0.302264 -0.669131 0.678897 
vn 0.371572 -0.669131 0.643582 
vn 0.43681 -0.669131 0.601217 
vn 0.497261 -0.669131 0.552264 
vn 0.552264 -0.669131 0.497261 
vn 0.601217 -0.669131 0.43681 
vn 0.643582 -0.669131 0.371572 
vn 0.678897 -0.669131 0.302264 
vn 0.706773 -0.669131 0.229644 
vn 0.726905 -0.669131 0.154508 
vn 0.739074 -0.669131 0.0776798 
vn 0.809017 -0.587785 1.12274e-16 
vn -4.09724e-17 -0.743145 0.669131 
vn 0.0699432 -0.743145 0.665465 
vn 0.13912 -0.743145 0.654508 
vn 0.206773 -0.743145 0.636381 
vn 0.27216 -0.743145 0.611281 
vn 0.334565 -0.743145 0.579484 
vn 0.393305 -0.743145 0.541338 
vn 0.447736 -0.743145 0.497261 
vn 0.497261 -0.743145 0.447736 
vn 0.541338 -0.743145 0.393305 
vn 0.579484 -0.743145 0.334565 
vn 0.611281 -0.743145 0.27216 
vn 0.636381 -0.743145 0.206773 
vn 0.654508 -0.743145 0.13912 
vn 0.665465 -0.743145 0.0699432 
vn 0.743145 -0.669131 1.03132e-16 
vn -3.59915e-17 -0.809017 0.587785 
vn 0.0614403 -0.809017 0.584565 
vn 0.122207 -0.809017 0.574941 
vn 0.181636 -0.809017 0.559017 
vn 0.239074 -0.809017 0.536969 
vn 0.293893 -0.809017 0.509037 
vn 0.345492 -0.809017 0.475528 
vn 0.393305 -0.809017 0.43681 
vn 0.43681 -0.809017 0.393305 
vn 0.475528 -0.809017 0.345492 
vn 0.509037 -0.809017 0.293893 
vn 0.536969 -0.809017 0.239074 
vn 0.559017 -0.809017 0.181636 
vn 0.574941 -0.809017 0.122207 
vn 0.584565 -0.809017 0.0614403 
vn 0.669131 -0.743145 9.28605e-17 
vn -3.06162e-17 -0.866025 0.5 
vn 0.0522642 -0.866025 0.497261 
vn 0.103956 -0.866025 0.489074 
vn 0.154508 -0.866025 0.475528 
vn 0.203368 -0.866025 0.456773 
vn 0.25 -0.866025 0.433013 
vn 0.293893 -0.866025 0.404508 
vn 0.334565 -0.866025 0.371572 
vn 0.371572 -0.866025 0.334565 
vn 0.404508 -0.866025 0.293893 
vn 0.433013 -0.866025 0.25 
vn 0.456773 -0.866025 0.203368 
vn 0.475528 -0.866025 0.154508 
vn 0.489074 -0.866025 0.103956 
vn 0.497261 -0.866025 0.0522642 
vn 0.587785 -0.809017 8.15716e-17 
vn -2.49054e-17 -0.913545 0.406737 
vn 0.0425156 -0.913545 0.404508 
vn 0.0845653 -0.913545 0.397848 
vn 0.125689 -0.913545 0.38683 
vn 0.165435 -0.913545 0.371572 
vn 0.203368 -0.913545 0.352244 
vn 0.239074 -0.913545 0.329057 
vn 0.27216 -0.913545 0.302264 
vn 0.302264 -0.913545 0.27216 
vn 0.329057 -0.913545 0.239074 
vn 0.352244 -0.913545 0.203368 
vn 0.371572 -0.913545 0.165435 
vn 0.38683 -0.913545 0.125689 
vn 0.397848 -0.913545 0.0845653 
vn 0.404508 -0.913545 0.0425156 
vn 0.5 -0.866025 6.93889e-17 
vn -1.89218e-17 -0.951057 0.309017 
vn 0.0323011 -0.951057 0.307324 
vn 0.0642482 -0.951057 0.302264 
vn 0.0954915 -0.951057 0.293893 
vn 0.125689 -0.951057 0.282301 
vn 0.154508 -0.951057 0.267617 
vn 0.181636 -0.951057 0.25 
vn 0.206773 -0.951057 0.229644 
vn 0.229644 -0.951057 0.206773 
vn 0.25 -0.951057 0.181636 
vn 0.267617 -0.951057 0.154508 
vn 0.282301 -0.951057 0.125689 
vn 0.293893 -0.951057 0.0954915 
vn 0.302264 -0.951057 0.0642482 
vn 0.307324 -0.951057 0.0323011 
vn 0.406737 -0.913545 5.6446e-17 
vn -1.27309e-17 -0.978148 0.207912 
vn 0.0217327 -0.978148 0.206773 
vn 0.0432273 -0.978148 0.203368 
vn 0.0642482 -0.978148 0.197736 
vn 0.0845653 -0.978148 0.189937 
vn 0.103956 -0.978148 0.180057 
vn 0.122207 -0.978148 0.168204 
vn 0.13912 -0.978148 0.154508 
vn 0.154508 -0.978148 0.13912 
vn 0.168204 -0.978148 0.122207 
vn 0.180057 -0.978148 0.103956 
vn 0.189937 -0.978148 0.0845653 
vn 0.197736 -0.978148 0.0642482 
vn 0.203368 -0.978148 0.0432273 
vn 0.206773 -0.978148 0.0217327 
vn 0.309017 -0.951057 4.28847e-17 
vn -6.40052e-18 -0.994522 0.104528 
vn 0.0109262 -0.994522 0.103956 
vn 0.0217327 -0.994522 0.102244 
vn 0.0323011 -0.994522 0.0994125 
vn 0.0425156 -0.994522 0.0954915 
vn 0.0522642 -0.994522 0.0905243 
vn 0.0614403 -0.994522 0.0845653 
vn 0.0699432 -0.994522 0.0776798 
vn 0.0776798 -0.994522 0.0699432 
vn 0.0845653 -0.994522 0.0614403 
vn 0.0905243 -0.994522 0.0522642 
vn 0.0954915 -0.994522 0.0425156 
vn 0.0994125 -0.994522 0.0323011 
vn 0.102244 -0.994522 0.0217327 
vn 0.103956 -0.994522 0.0109262 
vn 0.207912 -0.978148 2.88535e-17 
vn 3.7494e-33 -1 -6.12323e-17 
vn 0.104528 -0.994522 1.45062e-17 
vn 1 1.22465e-16 1.48691e-16 
vn 0.994522 -0.104528 0 
vn 0.978148 -0.207912 0 
vn 0.951057 -0.309017 0 
vn 0.913545 -0.406737 0 
vn 0.866025 -0.5 0 
vn 0.809017 -0.587785 0 
vn 0.743145 -0.669131 0 
vn 0.669131 -0.743145 0 
vn 0.587785 -0.809017 0 
vn 0.544639 -0.838671 0 
vn 0.5 -0.866025 7.43453e-17 
vn 0.45399 -0.891007 0 
vn 0.406737 -0.913545 6.04779e-17 
vn 0.358368 -0.93358 0 
vn 0.309017 -0.951057 4.59479e-17 
vn 0.258819 -0.965926 0 
vn 0.207912 -0.978148 3.09145e-17 
vn 0.156434 -0.987688 0 
vn 0.104528 -0.994522 1.55424e-17 
vn 0.052336 -0.99863 0 
vn -2.48084e-15 -1 -3.68877e-31 
vn 1 0 1.48691e-16 
vn 0 0 1 
vn 0 0 -1 
vn 0 -1 0 
vn 0.104528 -0.994522 1.55424e-17 
vn 0.207912 -0.978148 3.09145e-17 
vn 0.309017 -0.951057 4.59479e-17 
vn 0.406737 -0.913545 6.04779e-17 
vn 0.5 -0.866025 7.43453e-17 
vn 0.587785 -0.809017 8.73981e-17 
vn 0.669131 -0.743145 9.94934e-17 
vn 0.743145 -0.669131 1.10499e-16 
vn 0.809017 -0.587785 1.20293e-16 
vn 0.866025 -0.5 1.2877e-16 
vn 0.913545 -0.406737 1.35836e-16 
vn 0.951057 -0.309017 1.41413e-16 
vn 0.978148 -0.207912 1.45441e-16 
vn 0.994522 -0.104528 1.47876e-16 
vn 1 -2.44929e-16 1.48691e-16 
vn 0.104528 0 -0.994522 
vn -6.12323e-17 0 -1 
vn 0.052336 0 -0.99863 
vn 0.207912 0 -0.978148 
vn 0.104528 0 -0.994522 
vn 0.156434 0 -0.987688 
vn 0.309017 0 -0.951057 
vn 0.207912 0 -0.978148 
vn 0.258819 0 -0.965926 
vn 0.406737 0 -0.913545 
vn 0.309017 0 -0.951057 
vn 0.358368 0 -0.93358 
vn 0.5 0 -0.866025 
vn 0.406737 0 -0.913545 
vn 0.45399 0 -0.891007 
vn 0.587785 0 -0.809017 
vn 0.5 0 -0.866025 
vn 0.544639 0 -0.838671 
vn 0.669131 0 -0.743145 
vn 0.587785 0 -0.809017 
vn 0.743145 0 -0.669131 
vn 0.669131 0 -0.743145 
vn 0.809017 0 -0.587785 
vn 0.743145 0 -0.669131 
vn 0.866025 0 -0.5 
vn 0.809017 0 -0.587785 
vn 0.913545 0 -0.406737 
vn 0.866025 0 -0.5 
vn 0.951057 0 -0.309017 
vn 0.913545 0 -0.406737 
vn 0.978148 0 -0.207912 
vn 0.951057 0 -0.309017 
vn 0.994522 0 -0.104528 
vn 0.978148 0 -0.207912 
vn 1 0 -1.22465e-16 
vn 0.994522 0 -0.104528 
vn 0.104528 -0.994522 0 
vn 0 -1 0 
vn 0 -0.994522 -0.104528 
vn 0.104528 -0.989074 -0.103956 
vn 0 -0.978148 -0.207912 
vn 0.104528 -0.972789 -0.206773 
vn 0 -0.951057 -0.309017 
vn 0.104528 -0.945847 -0.307324 
vn 0 -0.913545 -0.406737 
vn 0.104528 -0.908541 -0.404508 
vn 0 -0.866025 -0.5 
vn 0.104528 -0.861281 -0.497261 
vn 0 -0.809017 -0.587785 
vn 0.104528 -0.804585 -0.584565 
vn 0 -0.743145 -0.669131 
vn 0.104528 -0.739074 -0.665465 
vn 0 -0.669131 -0.743145 
vn 0.104528 -0.665465 -0.739074 
vn 0 -0.587785 -0.809017 
vn 0.104528 -0.584565 -0.804585 
vn 0 -0.5 -0.866025 
vn 0.104528 -0.497261 -0.861281 
vn 0 -0.406737 -0.913545 
vn 0.104528 -0.404508 -0.908541 
vn 0 -0.309017 -0.951057 
vn 0.104528 -0.307324 -0.945847 
vn 0 -0.207912 -0.978148 
vn 0.104528 -0.206773 -0.972789 
vn 0 -0.104528 -0.994522 
vn 0.104528 -0.103956 -0.989074 
vn 0 -1.38778e-16 -1 
vn 0.207912 -0.978148 0 
vn 0.207912 -0.972789 -0.102244 
vn 0.207912 -0.956773 -0.203368 
vn 0.207912 -0.930274 -0.302264 
vn 0.207912 -0.893582 -0.397848 
vn 0.207912 -0.847101 -0.489074 
vn 0.207912 -0.791338 -0.574941 
vn 0.207912 -0.726905 -0.654508 
vn 0.207912 -0.654508 -0.726905 
vn 0.207912 -0.574941 -0.791338 
vn 0.207912 -0.489074 -0.847101 
vn 0.207912 -0.397848 -0.893582 
vn 0.207912 -0.302264 -0.930274 
vn 0.207912 -0.203368 -0.956773 
vn 0.207912 -0.102244 -0.972789 
vn 0.104528 -1.38018e-16 -0.994522 
vn 0.309017 -0.951057 0 
vn 0.309017 -0.945847 -0.0994125 
vn 0.309017 -0.930274 -0.197736 
vn 0.309017 -0.904508 -0.293893 
vn 0.309017 -0.868833 -0.38683 
vn 0.309017 -0.823639 -0.475528 
vn 0.309017 -0.769421 -0.559017 
vn 0.309017 -0.706773 -0.636381 
vn 0.309017 -0.636381 -0.706773 
vn 0.309017 -0.559017 -0.769421 
vn 0.309017 -0.475528 -0.823639 
vn 0.309017 -0.38683 -0.868833 
vn 0.309017 -0.293893 -0.904508 
vn 0.309017 -0.197736 -0.930274 
vn 0.309017 -0.0994125 -0.945847 
vn 0.207912 -1.35745e-16 -0.978148 
vn 0.406737 -0.913545 0 
vn 0.406737 -0.908541 -0.0954915 
vn 0.406737 -0.893582 -0.189937 
vn 0.406737 -0.868833 -0.282301 
vn 0.406737 -0.834565 -0.371572 
vn 0.406737 -0.791154 -0.456773 
vn 0.406737 -0.739074 -0.536969 
vn 0.406737 -0.678897 -0.611281 
vn 0.406737 -0.611281 -0.678897 
vn 0.406737 -0.536969 -0.739074 
vn 0.406737 -0.456773 -0.791154 
vn 0.406737 -0.371572 -0.834565 
vn 0.406737 -0.282301 -0.868833 
vn 0.406737 -0.189937 -0.893582 
vn 0.406737 -0.0954915 -0.908541 
vn 0.309017 -1.31986e-16 -0.951057 
vn 0.5 -0.866025 0 
vn 0.5 -0.861281 -0.0905243 
vn 0.5 -0.847101 -0.180057 
vn 0.5 -0.823639 -0.267617 
vn 0.5 -0.791154 -0.352244 
vn 0.5 -0.75 -0.433013 
vn 0.5 -0.700629 -0.509037 
vn 0.5 -0.643582 -0.579484 
vn 0.5 -0.579484 -0.643582 
vn 0.5 -0.509037 -0.700629 
vn 0.5 -0.433013 -0.75 
vn 0.5 -0.352244 -0.791154 
vn 0.5 -0.267617 -0.823639 
vn 0.5 -0.180057 -0.847101 
vn 0.5 -0.0905243 -0.861281 
vn 0.406737 -1.2678e-16 -0.913545 
vn 0.587785 -0.809017 0 
vn 0.587785 -0.804585 -0.0845653 
vn 0.587785 -0.791338 -0.168204 
vn 0.587785 -0.769421 -0.25 
vn 0.587785 -0.739074 -0.329057 
vn 0.587785 -0.700629 -0.404508 
vn 0.587785 -0.654508 -0.475528 
vn 0.587785 -0.601217 -0.541338 
vn 0.587785 -0.541338 -0.601217 
vn 0.587785 -0.475528 -0.654508 
vn 0.587785 -0.404508 -0.700629 
vn 0.587785 -0.329057 -0.739074 
vn 0.587785 -0.25 -0.769421 
vn 0.587785 -0.168204 -0.791338 
vn 0.587785 -0.0845653 -0.804585 
vn 0.5 -1.20185e-16 -0.866025 
vn 0.669131 -0.743145 0 
vn 0.669131 -0.739074 -0.0776798 
vn 0.669131 -0.726905 -0.154508 
vn 0.669131 -0.706773 -0.229644 
vn 0.669131 -0.678897 -0.302264 
vn 0.669131 -0.643582 -0.371572 
vn 0.669131 -0.601217 -0.43681 
vn 0.669131 -0.552264 -0.497261 
vn 0.669131 -0.497261 -0.552264 
vn 0.669131 -0.43681 -0.601217 
vn 0.669131 -0.371572 -0.643582 
vn 0.669131 -0.302264 -0.678897 
vn 0.669131 -0.229644 -0.706773 
vn 0.669131 -0.154508 -0.726905 
vn 0.669131 -0.0776798 -0.739074 
vn 0.587785 -1.12274e-16 -0.809017 
vn 0.743145 -0.669131 0 
vn 0.743145 -0.665465 -0.0699432 
vn 0.743145 -0.654508 -0.13912 
vn 0.743145 -0.636381 -0.206773 
vn 0.743145 -0.611281 -0.27216 
vn 0.743145 -0.579484 -0.334565 
vn 0.743145 -0.541338 -0.393305 
vn 0.743145 -0.497261 -0.447736 
vn 0.743145 -0.447736 -0.497261 
vn 0.743145 -0.393305 -0.541338 
vn 0.743145 -0.334565 -0.579484 
vn 0.743145 -0.27216 -0.611281 
vn 0.743145 -0.206773 -0.636381 
vn 0.743145 -0.13912 -0.654508 
vn 0.743145 -0.0699432 -0.665465 
vn 0.669131 -1.03132e-16 -0.743145 
vn 0.809017 -0.587785 0 
vn 0.809017 -0.584565 -0.0614403 
vn 0.809017 -0.574941 -0.122207 
vn 0.809017 -0.559017 -0.181636 
vn 0.809017 -0.536969 -0.239074 
vn 0.809017 -0.509037 -0.293893 
vn 0.809017 -0.475528 -0.345492 
vn 0.809017 -0.43681 -0.393305 
vn 0.809017 -0.393305 -0.43681 
vn 0.809017 -0.345492 -0.475528 
vn 0.809017 -0.293893 -0.509037 
vn 0.809017 -0.239074 -0.536969 
vn 0.809017 -0.181636 -0.559017 
vn 0.809017 -0.122207 -0.574941 
vn 0.809017 -0.0614403 -0.584565 
vn 0.743145 -9.28605e-17 -0.669131 
vn 0.866025 -0.5 0 
vn 0.866025 -0.497261 -0.0522642 
vn 0.866025 -0.489074 -0.103956 
vn 0.866025 -0.475528 -0.154508 
vn 0.866025 -0.456773 -0.203368 
vn 0.866025 -0.433013 -0.25 
vn 0.866025 -0.404508 -0.293893 
vn 0.866025 -0.371572 -0.334565 
vn 0.866025 -0.334565 -0.371572 
vn 0.866025 -0.293893 -0.404508 
vn 0.866025 -0.25 -0.433013 
vn 0.866025 -0.203368 -0.456773 
vn 0.866025 -0.154508 -0.475528 
vn 0.866025 -0.103956 -0.489074 
vn 0.866025 -0.0522642 -0.497261 
vn 0.809017 -8.15716e-17 -0.587785 
vn 0.913545 -0.406737 0 
vn 0.913545 -0.404508 -0.0425156 
vn 0.913545 -0.397848 -0.0845653 
vn 0.913545 -0.38683 -0.125689 
vn 0.913545 -0.371572 -0.165435 
vn 0.913545 -0.352244 -0.203368 
vn 0.913545 -0.329057 -0.239074 
vn 0.913545 -0.302264 -0.27216 
vn 0.913545 -0.27216 -0.302264 
vn 0.913545 -0.239074 -0.329057 
vn 0.913545 -0.203368 -0.352244 
vn 0.913545 -0.165435 -0.371572 
vn 0.913545 -0.125689 -0.38683 
vn 0.913545 -0.0845653 -0.397848 
vn 0.913545 -0.0425156 -0.404508 
vn 0.866025 -6.93889e-17 -0.5 
vn 0.951057 -0.309017 0 
vn 0.951057 -0.307324 -0.0323011 
vn 0.951057 -0.302264 -0.0642482 
vn 0.951057 -0.293893 -0.0954915 
vn 0.951057 -0.282301 -0.125689 
vn 0.951057 -0.267617 -0.154508 
vn 0.951057 -0.25 -0.181636 
vn 0.951057 -0.229644 -0.206773 
vn 0.951057 -0.206773 -0.229644 
vn 0.951057 -0.181636 -0.25 
vn 0.951057 -0.154508 -0.267617 
vn 0.951057 -0.125689 -0.282301 
vn 0.951057 -0.0954915 -0.293893 
vn 0.951057 -0.0642482 -0.302264 
vn 0.951057 -0.0323011 -0.307324 
vn 0.913545 -5.6446e-17 -0.406737 
vn 0.978148 -0.207912 0 
vn 0.978148 -0.206773 -0.0217327 
vn 0.978148 -0.203368 -0.0432273 
vn 0.978148 -0.197736 -0.0642482 
vn 0.978148 -0.189937 -0.0845653 
vn 0.978148 -0.180057 -0.103956 
vn 0.978148 -0.168204 -0.122207 
vn 0.978148 -0.154508 -0.13912 
vn 0.978148 -0.13912 -0.154508 
vn 0.978148 -0.122207 -0.168204 
vn 0.978148 -0.103956 -0.180057 
vn 0.978148 -0.0845653 -0.189937 
vn 0.978148 -0.0642482 -0.197736 
vn 0.978148 -0.0432273 -0.203368 
vn 0.978148 -0.0217327 -0.206773 
vn 0.951057 -4.28847e-17 -0.309017 
vn 0.994522 -0.104528 0 
vn 0.994522 -0.103956 -0.0109262 
vn 0.994522 -0.102244 -0.0217327 
vn 0.994522 -0.0994125 -0.0323011 
vn 0.994522 -0.0954915 -0.0425156 
vn 0.994522 -0.0905243 -0.0522642 
vn 0.994522 -0.0845653 -0.0614403 
vn 0.994522 -0.0776798 -0.0699432 
vn 0.994522 -0.0699432 -0.0776798 
vn 0.994522 -0.0614403 -0.0845653 
vn 0.994522 -0.0522642 -0.0905243 
vn 0.994522 -0.0425156 -0.0954915 
vn 0.994522 -0.0323011 -0.0994125 
vn 0.994522 -0.0217327 -0.102244 
vn 0.994522 -0.0109262 -0.103956 
vn 0.978148 -2.88535e-17 -0.207912 
vn 1 0 0 
vn 0.994522 -1.45062e-17 -0.104528 
vn 5.51277e-15 -1 8.19697e-31 
vn -0.104528 -0.994522 -1.55424e-17 
vn -0.207912 -0.978148 -3.09145e-17 
vn -0.309017 -0.951057 -4.59479e-17 
vn -0.406737 -0.913545 -6.04779e-17 
vn -0.5 -0.866025 -7.43453e-17 
vn -0.587785 -0.809017 -8.73981e-17 
vn -0.669131 -0.743145 -9.94934e-17 
vn -0.743145 -0.669131 -1.10499e-16 
vn -0.809017 -0.587785 -1.20293e-16 
vn -0.866025 -0.5 -1.2877e-16 
vn -0.913545 -0.406737 -1.35836e-16 
vn -0.951057 -0.309017 -1.41413e-16 
vn -0.978148 -0.207912 -1.45441e-16 
vn -0.994522 -0.104528 -1.47876e-16 
vn -1 -2.44929e-16 -1.48691e-16 
vn 0 6.12323e-17 -1 
vn 0 -0.104528 -0.994522 
vn 0 -0.207912 -0.978148 
vn 0 -0.309017 -0.951057 
vn 0 -0.406737 -0.913545 
vn 0 -0.5 -0.866025 
vn 0 -0.587785 -0.809017 
vn 0 -0.669131 -0.743145 
vn 0 -0.743145 -0.669131 
vn 0 -0.809017 -0.587785 
vn 0 -0.866025 -0.5 
vn 0 -0.913545 -0.406737 
vn 0 -0.951057 -0.309017 
vn 0 -0.978148 -0.207912 
vn 0 -0.994522 -0.104528 
vn 0 -1 -1.22465e-16 
vn -1 0 -1.22465e-16 
vn -0.994522 0 -0.104528 
vn -0.978148 0 -0.207912 
vn -0.951057 0 -0.309017 
vn -0.913545 0 -0.406737 
vn -0.866025 0 -0.5 
vn -0.809017 0 -0.587785 
vn -0.743145 0 -0.669131 
vn -0.669131 0 -0.743145 
vn -0.587785 0 -0.809017 
vn -0.544639 0 -0.838671 
vn -0.5 0 -0.866025 
vn -0.45399 0 -0.891007 
vn -0.406737 0 -0.913545 
vn -0.358368 0 -0.93358 
vn -0.309017 0 -0.951057 
vn -0.258819 0 -0.965926 
vn -0.207912 0 -0.978148 
vn -0.156434 0 -0.987688 
vn -0.104528 0 -0.994522 
vn -0.052336 0 -0.99863 
vn 6.12323e-17 0 -1 
vn -0.994522 -0.104528 0 
vn -1 0 0 
vn -0.994522 0 -0.104528 
vn -0.989074 -0.104528 -0.103956 
vn -0.978148 0 -0.207912 
vn -0.972789 -0.104528 -0.206773 
vn -0.951057 0 -0.309017 
vn -0.945847 -0.104528 -0.307324 
vn -0.913545 0 -0.406737 
vn -0.908541 -0.104528 -0.404508 
vn -0.866025 0 -0.5 
vn -0.861281 -0.104528 -0.497261 
vn -0.809017 0 -0.587785 
vn -0.804585 -0.104528 -0.584565 
vn -0.743145 0 -0.669131 
vn -0.739074 -0.104528 -0.665465 
vn -0.669131 0 -0.743145 
vn -0.665465 -0.104528 -0.739074 
vn -0.587785 0 -0.809017 
vn -0.584565 -0.104528 -0.804585 
vn -0.5 0 -0.866025 
vn -0.497261 -0.104528 -0.861281 
vn -0.406737 0 -0.913545 
vn -0.404508 -0.104528 -0.908541 
vn -0.309017 0 -0.951057 
vn -0.307324 -0.104528 -0.945847 
vn -0.207912 0 -0.978148 
vn -0.206773 -0.104528 -0.972789 
vn -0.104528 0 -0.994522 
vn -0.103956 -0.104528 -0.989074 
vn -1.38778e-16 0 -1 
vn -0.978148 -0.207912 0 
vn -0.972789 -0.207912 -0.102244 
vn -0.956773 -0.207912 -0.203368 
vn -0.930274 -0.207912 -0.302264 
vn -0.893582 -0.207912 -0.397848 
vn -0.847101 -0.207912 -0.489074 
vn -0.791338 -0.207912 -0.574941 
vn -0.726905 -0.207912 -0.654508 
vn -0.654508 -0.207912 -0.726905 
vn -0.574941 -0.207912 -0.791338 
vn -0.489074 -0.207912 -0.847101 
vn -0.397848 -0.207912 -0.893582 
vn -0.302264 -0.207912 -0.930274 
vn -0.203368 -0.207912 -0.956773 
vn -0.102244 -0.207912 -0.972789 
vn -1.38018e-16 -0.104528 -0.994522 
vn -0.951057 -0.309017 0 
vn -0.945847 -0.309017 -0.0994125 
vn -0.930274 -0.309017 -0.197736 
vn -0.904508 -0.309017 -0.293893 
vn -0.868833 -0.309017 -0.38683 
vn -0.823639 -0.309017 -0.475528 
vn -0.769421 -0.309017 -0.559017 
vn -0.706773 -0.309017 -0.636381 
vn -0.636381 -0.309017 -0.706773 
vn -0.559017 -0.309017 -0.769421 
vn -0.475528 -0.309017 -0.823639 
vn -0.38683 -0.309017 -0.868833 
vn -0.293893 -0.309017 -0.904508 
vn -0.197736 -0.309017 -0.930274 
vn -0.0994125 -0.309017 -0.945847 
vn -1.35745e-16 -0.207912 -0.978148 
vn -0.913545 -0.406737 0 
vn -0.908541 -0.406737 -0.0954915 
vn -0.893582 -0.406737 -0.189937 
vn -0.868833 -0.406737 -0.282301 
vn -0.834565 -0.406737 -0.371572 
vn -0.791154 -0.406737 -0.456773 
vn -0.739074 -0.406737 -0.536969 
vn -0.678897 -0.406737 -0.611281 
vn -0.611281 -0.406737 -0.678897 
vn -0.536969 -0.406737 -0.739074 
vn -0.456773 -0.406737 -0.791154 
vn -0.371572 -0.406737 -0.834565 
vn -0.282301 -0.406737 -0.868833 
vn -0.189937 -0.406737 -0.893582 
vn -0.0954915 -0.406737 -0.908541 
vn -1.31986e-16 -0.309017 -0.951057 
vn -0.866025 -0.5 0 
vn -0.861281 -0.5 -0.0905243 
vn -0.847101 -0.5 -0.180057 
vn -0.823639 -0.5 -0.267617 
vn -0.791154 -0.5 -0.352244 
vn -0.75 -0.5 -0.433013 
vn -0.700629 -0.5 -0.509037 
vn -0.643582 -0.5 -0.579484 
vn -0.579484 -0.5 -0.643582 
vn -0.509037 -0.5 -0.700629 
vn -0.433013 -0.5 -0.75 
vn -0.352244 -0.5 -0.791154 
vn -0.267617 -0.5 -0.823639 
vn -0.180057 -0.5 -0.847101 
vn -0.0905243 -0.5 -0.861281 
vn -1.2678e-16 -0.406737 -0.913545 
vn -0.809017 -0.587785 0 
vn -0.804585 -0.587785 -0.0845653 
vn -0.791338 -0.587785 -0.168204 
vn -0.769421 -0.587785 -0.25 
vn -0.739074 -0.587785 -0.329057 
vn -0.700629 -0.587785 -0.404508 
vn -0.654508 -0.587785 -0.475528 
vn -0.601217 -0.587785 -0.541338 
vn -0.541338 -0.587785 -0.601217 
vn -0.475528 -0.587785 -0.654508 
vn -0.404508 -0.587785 -0.700629 
vn -0.329057 -0.587785 -0.739074 
vn -0.25 -0.587785 -0.769421 
vn -0.168204 -0.587785 -0.791338 
vn -0.0845653 -0.587785 -0.804585 
vn -1.20185e-16 -0.5 -0.866025 
vn -0.743145 -0.669131 0 
vn -0.739074 -0.669131 -0.0776798 
vn -0.726905 -0.669131 -0.154508 
vn -0.706773 -0.669131 -0.229644 
vn -0.678897 -0.669131 -0.302264 
vn -0.643582 -0.669131 -0.371572 
vn -0.601217 -0.669131 -0.43681 
vn -0.552264 -0.669131 -0.497261 
vn -0.497261 -0.669131 -0.552264 
vn -0.43681 -0.669131 -0.601217 
vn -0.371572 -0.669131 -0.643582 
vn -0.302264 -0.669131 -0.678897 
vn -0.229644 -0.669131 -0.706773 
vn -0.154508 -0.669131 -0.726905 
vn -0.0776798 -0.669131 -0.739074 
vn -1.12274e-16 -0.587785 -0.809017 
vn -0.669131 -0.743145 0 
vn -0.665465 -0.743145 -0.0699432 
vn -0.654508 -0.743145 -0.13912 
vn -0.636381 -0.743145 -0.206773 
vn -0.611281 -0.743145 -0.27216 
vn -0.579484 -0.743145 -0.334565 
vn -0.541338 -0.743145 -0.393305 
vn -0.497261 -0.743145 -0.447736 
vn -0.447736 -0.743145 -0.497261 
vn -0.393305 -0.743145 -0.541338 
vn -0.334565 -0.743145 -0.579484 
vn -0.27216 -0.743145 -0.611281 
vn -0.206773 -0.743145 -0.636381 
vn -0.13912 -0.743145 -0.654508 
vn -0.0699432 -0.743145 -0.665465 
vn -1.03132e-16 -0.669131 -0.743145 
vn -0.587785 -0.809017 0 
vn -0.584565 -0.809017 -0.0614403 
vn -0.574941 -0.809017 -0.122207 
vn -0.559017 -0.809017 -0.181636 
vn -0.536969 -0.809017 -0.239074 
vn -0.509037 -0.809017 -0.293893 
vn -0.475528 -0.809017 -0.345492 
vn -0.43681 -0.809017 -0.393305 
vn -0.393305 -0.809017 -0.43681 
vn -0.345492 -0.809017 -0.475528 
vn -0.293893 -0.809017 -0.509037 
vn -0.239074 -0.809017 -0.536969 
vn -0.181636 -0.809017 -0.559017 
vn -0.122207 -0.809017 -0.574941 
vn -0.0614403 -0.809017 -0.584565 
vn -9.28605e-17 -0.743145 -0.669131 
vn -0.5 -0.866025 0 
vn -0.497261 -0.866025 -0.0522642 
vn -0.489074 -0.866025 -0.103956 
vn -0.475528 -0.866025 -0.154508 
vn -0.456773 -0.866025 -0.203368 
vn -0.433013 -0.866025 -0.25 
vn -0.404508 -0.866025 -0.293893 
vn -0.371572 -0.866025 -0.334565 
vn -0.334565 -0.866025 -0.371572 
vn -0.293893 -0.866025 -0.404508 
vn -0.25 -0.866025 -0.433013 
vn -0.203368 -0.866025 -0.456773 
vn -0.154508 -0.866025 -0.475528 
vn -0.103956 -0.866025 -0.489074 
vn -0.0522642 -0.866025 -0.497261 
vn -8.15716e-17 -0.809017 -0.587785 
vn -0.406737 -0.913545 0 
vn -0.404508 -0.913545 -0.0425156 
vn -0.397848 -0.913545 -0.0845653 
vn -0.38683 -0.913545 -0.125689 
vn -0.371572 -0.913545 -0.165435 
vn -0.352244 -0.913545 -0.203368 
vn -0.329057 -0.913545 -0.239074 
vn -0.302264 -0.913545 -0.27216 
vn -0.27216 -0.913545 -0.302264 
vn -0.239074 -0.913545 -0.329057 
vn -0.203368 -0.913545 -0.352244 
vn -0.165435 -0.913545 -0.371572 
vn -0.125689 -0.913545 -0.38683 
vn -0.0845653 -0.913545 -0.397848 
vn -0.0425156 -0.913545 -0.404508 
vn -6.93889e-17 -0.866025 -0.5 
vn -0.309017 -0.951057 0 
vn -0.307324 -0.951057 -0.0323011 
vn -0.302264 -0.951057 -0.0642482 
vn -0.293893 -0.951057 -0.0954915 
vn -0.282301 -0.951057 -0.125689 
vn -0.267617 -0.951057 -0.154508 
vn -0.25 -0.951057 -0.181636 
vn -0.229644 -0.951057 -0.206773 
vn -0.206773 -0.951057 -0.229644 
vn -0.181636 -0.951057 -0.25 
vn -0.154508 -0.951057 -0.267617 
vn -0.125689 -0.951057 -0.282301 
vn -0.0954915 -0.951057 -0.293893 
vn -0.0642482 -0.951057 -0.302264 
vn -0.0323011 -0.951057 -0.307324 
vn -5.6446e-17 -0.913545 -0.406737 
vn -0.207912 -0.978148 0 
vn -0.206773 -0.978148 -0.0217327 
vn -0.203368 -0.978148 -0.0432273 
vn -0.197736 -0.978148 -0.0642482 
vn -0.189937 -0.978148 -0.0845653 
vn -0.180057 -0.978148 -0.103956 
vn -0.168204 -0.978148 -0.122207 
vn -0.154508 -0.978148 -0.13912 
vn -0.13912 -0.978148 -0.154508 
vn -0.122207 -0.978148 -0.168204 
vn -0.103956 -0.978148 -0.180057 
vn -0.0845653 -0.978148 -0.189937 
vn -0.0642482 -0.978148 -0.197736 
vn -0.0432273 -0.978148 -0.203368 
vn -0.0217327 -0.978148 -0.206773 
vn -4.28847e-17 -0.951057 -0.309017 
vn -0.104528 -0.994522 0 
vn -0.103956 -0.994522 -0.0109262 
vn -0.102244 -0.994522 -0.0217327 
vn -0.0994125 -0.994522 -0.0323011 
vn -0.0954915 -0.994522 -0.0425156 
vn -0.0905243 -0.994522 -0.0522642 
vn -0.0845653 -0.994522 -0.0614403 
vn -0.0776798 -0.994522 -0.0699432 
vn -0.0699432 -0.994522 -0.0776798 
vn -0.0614403 -0.994522 -0.0845653 
vn -0.0522642 -0.994522 -0.0905243 
vn -0.0425156 -0.994522 -0.0954915 
vn -0.0323011 -0.994522 -0.0994125 
vn -0.0217327 -0.994522 -0.102244 
vn -0.0109262 -0.994522 -0.103956 
vn -2.88535e-17 -0.978148 -0.207912 
vn 0 -1 0 
vn -1.45062e-17 -0.994522 -0.104528 
usemtl 0.800000_0.800000_0.800000_0.000000_0.000000
o mesh0
f 1//1 2//2 3//2 
f 4//3 1//1 5//4 
f 6//5 4//3 7//6 
f 8//7 6//5 9//8 
f 10//9 8//7 11//10 
f 12//11 10//9 13//12 
f 14//13 12//11 15//14 
f 16//15 14//13 17//16 
f 18//17 16//15 19//18 
f 20//19 18//17 21//20 
f 22//21 20//19 23//22 
f 24//23 22//21 25//24 
f 26//25 24//23 27//26 
f 28//27 26//25 29//28 
f 30//29 28//27 31//30 
f 32//31 30//29 33//32 
f 34//33 32//31 35//34 
f 36//35 34//33 37//36 
f 38//37 36//35 39//38 
f 40//39 38//37 41//40 
f 42//41 40//39 43//42 
f 44//43 42//41 45//44 
f 46//45 44//43 47//46 
f 48//47 46//45 49//48 
f 50//49 48//47 51//50 
f 52//51 50//49 53//52 
f 54//53 52//51 55//54 
f 56//55 54//53 57//56 
f 58//57 56//55 59//58 
f 60//59 58//57 61//60 
f 62//61 60//59 63//62 
f 64//63 62//61 65//64 
f 66//65 64//63 67//66 
f 68//67 66//65 69//68 
f 70//69 68//67 71//70 
f 72//71 70//69 73//72 
f 74//73 72//71 75//74 
f 76//75 74//73 77//76 
f 78//77 76//75 79//78 
f 80//79 78//77 81//80 
f 82//81 80//79 83//82 
f 84//83 82//81 85//84 
f 86//85 84//83 87//86 
f 88//87 86//85 89//88 
f 90//89 88//87 91//90 
f 92//91 90//89 93//92 
f 94//93 92//91 95//94 
f 96//95 94//93 97//96 
f 98//97 96//95 99//98 
f 100//99 98//97 101//100 
f 102//101 100//99 103//102 
f 104//103 102//101 105//104 
f 106//105 104//103 107//106 
f 108//107 106//105 109//108 
f 110//109 108//107 111//110 
f 112//111 110//109 113//112 
f 114//113 112//111 115//114 
f 2//2 114//113 116//113 
f 116//113 3//2 2//2 
f 115//114 116//113 114//113 
f 113//112 115//114 112//111 
f 111//110 113//112 110//109 
f 109//108 111//110 108//107 
f 107//106 109//108 106//105 
f 105//104 107//106 104//103 
f 103//102 105//104 102//101 
f 101//100 103//102 100//99 
f 99//98 101//100 98//97 
f 97//96 99//98 96//95 
f 95//94 97//96 94//93 
f 93//92 95//94 92//91 
f 91//90 93//92 90//89 
f 89//88 91//90 88//87 
f 87//86 89//88 86//85 
f 85//84 87//86 84//83 
f 83//82 85//84 82//81 
f 81//80 83//82 80//79 
f 79//78 81//80 78//77 
f 77//76 79//78 76//75 
f 75//74 77//76 74//73 
f 73//72 75//74 72//71 
f 71//70 73//72 70//69 
f 69//68 71//70 68//67 
f 67//66 69//68 66//65 
f 65//64 67//66 64//63 
f 63//62 65//64 62//61 
f 61//60 63//62 60//59 
f 59//58 61//60 58//57 
f 57//56 59//58 56//55 
f 55//54 57//56 54//53 
f 53//52 55//54 52//51 
f 51//50 53//52 50//49 
f 49//48 51//50 48//47 
f 47//46 49//48 46//45 
f 45//44 47//46 44//43 
f 43//42 45//44 42//41 
f 41//40 43//42 40//39 
f 39//38 41//40 38//37 
f 37//36 39//38 36//35 
f 35//34 37//36 34//33 
f 33//32 35//34 32//31 
f 31//30 33//32 30//29 
f 29//28 31//30 28//27 
f 27//26 29//28 26//25 
f 25//24 27//26 24//23 
f 23//22 25//24 22//21 
f 21//20 23//22 20//19 
f 19//18 21//20 18//17 
f 17//16 19//18 16//15 
f 15//14 17//16 14//13 
f 13//12 15//14 12//11 
f 11//10 13//12 10//9 
f 9//8 11//10 8//7 
f 7//6 9//8 6//5 
f 5//4 7//6 4//3 
f 3//2 5//4 1//1 
o mesh1
f 117//115 118//115 90//115 
f 118//115 88//115 90//115 
f 118//115 86//115 88//115 
f 118//115 82//115 84//115 
f 84//115 86//115 118//115 
f 117//115 102//115 104//115 
f 117//115 98//115 100//115 
f 117//115 92//115 94//115 
f 118//115 80//115 82//115 
f 118//115 76//115 78//115 
f 117//115 114//115 2//115 
f 117//115 106//115 108//115 
f 100//115 102//115 117//115 
f 94//115 96//115 117//115 
f 78//115 80//115 118//115 
f 119//115 24//115 26//115 
f 117//115 112//115 114//115 
f 104//115 106//115 117//115 
f 90//115 92//115 117//115 
f 120//115 32//115 34//115 
f 26//115 120//115 119//115 
f 117//115 110//115 112//115 
f 96//115 98//115 117//115 
f 118//115 72//115 74//115 
f 118//115 68//115 70//115 
f 120//115 30//115 32//115 
f 119//115 22//115 24//115 
f 119//115 18//115 20//115 
f 119//115 14//115 16//115 
f 119//115 10//115 12//115 
f 108//115 110//115 117//115 
f 70//115 72//115 118//115 
f 118//115 64//115 66//115 
f 120//115 56//115 58//115 
f 120//115 48//115 50//115 
f 120//115 44//115 46//115 
f 120//115 40//115 42//115 
f 120//115 36//115 38//115 
f 120//115 28//115 30//115 
f 20//115 22//115 119//115 
f 12//115 14//115 119//115 
f 74//115 76//115 118//115 
f 118//115 62//115 64//115 
f 120//115 54//115 56//115 
f 50//115 52//115 120//115 
f 42//115 44//115 120//115 
f 34//115 36//115 120//115 
f 16//115 18//115 119//115 
f 119//115 6//115 8//115 
f 119//115 2//115 1//115 
f 66//115 68//115 118//115 
f 118//115 58//115 60//115 
f 52//115 54//115 120//115 
f 38//115 40//115 120//115 
f 8//115 10//115 119//115 
f 1//115 4//115 119//115 
f 60//115 62//115 118//115 
f 46//115 48//115 120//115 
f 4//115 6//115 119//115 
f 58//115 118//115 120//115 
f 2//115 119//115 117//115 
f 26//115 28//115 120//115 
o mesh2
f 121//116 122//116 123//117 
f 124//117 123//117 125//118 
f 126//118 125//118 127//119 
f 128//119 127//119 129//120 
f 130//120 129//120 131//121 
f 132//121 131//121 133//122 
f 134//122 133//122 135//123 
f 136//123 135//123 137//124 
f 138//124 137//124 139//125 
f 140//125 139//125 141//126 
f 142//126 141//126 143//127 
f 144//127 143//127 145//128 
f 146//128 145//128 147//129 
f 148//129 147//129 149//130 
f 150//130 149//130 118//131 
f 118//131 117//131 150//130 
f 149//130 150//130 148//129 
f 147//129 148//129 146//128 
f 145//128 146//128 144//127 
f 143//127 144//127 142//126 
f 141//126 142//126 140//125 
f 139//125 140//125 138//124 
f 137//124 138//124 136//123 
f 135//123 136//123 134//122 
f 133//122 134//122 132//121 
f 131//121 132//121 130//120 
f 129//120 130//120 128//119 
f 127//119 128//119 126//118 
f 125//118 126//118 124//117 
f 123//117 124//117 121//116 
o mesh3
f 151//132 152//133 153//134 
f 180//135 153//134 154//136 
f 181//137 154//136 155//138 
f 182//139 155//138 156//140 
f 183//141 156//140 157//142 
f 184//143 157//142 158//144 
f 185//145 158//144 159//146 
f 186//147 159//146 160//148 
f 187//149 160//148 161//150 
f 188//151 161//150 162//152 
f 189//153 162//152 163//154 
f 190//155 163//154 164//156 
f 191//157 164//156 165//158 
f 192//159 165//158 166//160 
f 193//161 166//160 118//162 
f 167//163 151//132 180//135 
f 194//164 180//135 181//137 
f 195//165 181//137 182//139 
f 196//166 182//139 183//141 
f 197//167 183//141 184//143 
f 198//168 184//143 185//145 
f 199//169 185//145 186//147 
f 200//170 186//147 187//149 
f 201//171 187//149 188//151 
f 202//172 188//151 189//153 
f 203//173 189//153 190//155 
f 204//174 190//155 191//157 
f 205//175 191//157 192//159 
f 206//176 192//159 193//161 
f 207//177 193//161 149//178 
f 168//179 167//163 194//164 
f 208//180 194//164 195//165 
f 209//181 195//165 196//166 
f 210//182 196//166 197//167 
f 211//183 197//167 198//168 
f 212//184 198//168 199//169 
f 213//185 199//169 200//170 
f 214//186 200//170 201//171 
f 215//187 201//171 202//172 
f 216//188 202//172 203//173 
f 217//189 203//173 204//174 
f 218//190 204//174 205//175 
f 219//191 205//175 206//176 
f 220//192 206//176 207//177 
f 221//193 207//177 147//194 
f 169//195 168//179 208//180 
f 222//196 208//180 209//181 
f 223//197 209//181 210//182 
f 224//198 210//182 211//183 
f 225//199 211//183 212//184 
f 226//200 212//184 213//185 
f 227//201 213//185 214//186 
f 228//202 214//186 215//187 
f 229//203 215//187 216//188 
f 230//204 216//188 217//189 
f 231//205 217//189 218//190 
f 232//206 218//190 219//191 
f 233//207 219//191 220//192 
f 234//208 220//192 221//193 
f 235//209 221//193 145//210 
f 170//211 169//195 222//196 
f 236//212 222//196 223//197 
f 237//213 223//197 224//198 
f 238//214 224//198 225//199 
f 239//215 225//199 226//200 
f 240//216 226//200 227//201 
f 241//217 227//201 228//202 
f 242//218 228//202 229//203 
f 243//219 229//203 230//204 
f 244//220 230//204 231//205 
f 245//221 231//205 232//206 
f 246//222 232//206 233//207 
f 247//223 233//207 234//208 
f 248//224 234//208 235//209 
f 249//225 235//209 143//226 
f 171//227 170//211 236//212 
f 250//228 236//212 237//213 
f 251//229 237//213 238//214 
f 252//230 238//214 239//215 
f 253//231 239//215 240//216 
f 254//232 240//216 241//217 
f 255//233 241//217 242//218 
f 256//234 242//218 243//219 
f 257//235 243//219 244//220 
f 258//236 244//220 245//221 
f 259//237 245//221 246//222 
f 260//238 246//222 247//223 
f 261//239 247//223 248//224 
f 262//240 248//224 249//225 
f 263//241 249//225 141//242 
f 172//243 171//227 250//228 
f 264//244 250//228 251//229 
f 265//245 251//229 252//230 
f 266//246 252//230 253//231 
f 267//247 253//231 254//232 
f 268//248 254//232 255//233 
f 269//249 255//233 256//234 
f 270//250 256//234 257//235 
f 271//251 257//235 258//236 
f 272//252 258//236 259//237 
f 273//253 259//237 260//238 
f 274//254 260//238 261//239 
f 275//255 261//239 262//240 
f 276//256 262//240 263//241 
f 277//257 263//241 139//258 
f 173//259 172//243 264//244 
f 278//260 264//244 265//245 
f 279//261 265//245 266//246 
f 280//262 266//246 267//247 
f 281//263 267//247 268//248 
f 282//264 268//248 269//249 
f 283//265 269//249 270//250 
f 284//266 270//250 271//251 
f 285//267 271//251 272//252 
f 286//268 272//252 273//253 
f 287//269 273//253 274//254 
f 288//270 274//254 275//255 
f 289//271 275//255 276//256 
f 290//272 276//256 277//257 
f 291//273 277//257 137//274 
f 174//275 173//259 278//260 
f 292//276 278//260 279//261 
f 293//277 279//261 280//262 
f 294//278 280//262 281//263 
f 295//279 281//263 282//264 
f 296//280 282//264 283//265 
f 297//281 283//265 284//266 
f 298//282 284//266 285//267 
f 299//283 285//267 286//268 
f 300//284 286//268 287//269 
f 301//285 287//269 288//270 
f 302//286 288//270 289//271 
f 303//287 289//271 290//272 
f 304//288 290//272 291//273 
f 305//289 291//273 135//290 
f 175//291 174//275 292//276 
f 306//292 292//276 293//277 
f 307//293 293//277 294//278 
f 308//294 294//278 295//279 
f 309//295 295//279 296//280 
f 310//296 296//280 297//281 
f 311//297 297//281 298//282 
f 312//298 298//282 299//283 
f 313//299 299//283 300//284 
f 314//300 300//284 301//285 
f 315//301 301//285 302//286 
f 316//302 302//286 303//287 
f 317//303 303//287 304//288 
f 318//304 304//288 305//289 
f 319//305 305//289 133//306 
f 176//307 175//291 306//292 
f 320//308 306//292 307//293 
f 321//309 307//293 308//294 
f 322//310 308//294 309//295 
f 323//311 309//295 310//296 
f 324//312 310//296 311//297 
f 325//313 311//297 312//298 
f 326//314 312//298 313//299 
f 327//315 313//299 314//300 
f 328//316 314//300 315//301 
f 329//317 315//301 316//302 
f 330//318 316//302 317//303 
f 331//319 317//303 318//304 
f 332//320 318//304 319//305 
f 333//321 319//305 131//322 
f 177//323 176//307 320//308 
f 334//324 320//308 321//309 
f 335//325 321//309 322//310 
f 336//326 322//310 323//311 
f 337//327 323//311 324//312 
f 338//328 324//312 325//313 
f 339//329 325//313 326//314 
f 340//330 326//314 327//315 
f 341//331 327//315 328//316 
f 342//332 328//316 329//317 
f 343//333 329//317 330//318 
f 344//334 330//318 331//319 
f 345//335 331//319 332//320 
f 346//336 332//320 333//321 
f 347//337 333//321 129//338 
f 178//339 177//323 334//324 
f 348//340 334//324 335//325 
f 349//341 335//325 336//326 
f 350//342 336//326 337//327 
f 351//343 337//327 338//328 
f 352//344 338//328 339//329 
f 353//345 339//329 340//330 
f 354//346 340//330 341//331 
f 355//347 341//331 342//332 
f 356//348 342//332 343//333 
f 357//349 343//333 344//334 
f 358//350 344//334 345//335 
f 359//351 345//335 346//336 
f 360//352 346//336 347//337 
f 361//353 347//337 127//354 
f 179//355 178//339 348//340 
f 362//356 348//340 349//341 
f 363//357 349//341 350//342 
f 364//358 350//342 351//343 
f 365//359 351//343 352//344 
f 366//360 352//344 353//345 
f 367//361 353//345 354//346 
f 368//362 354//346 355//347 
f 369//363 355//347 356//348 
f 370//364 356//348 357//349 
f 371//365 357//349 358//350 
f 372//366 358//350 359//351 
f 373//367 359//351 360//352 
f 374//368 360//352 361//353 
f 375//369 361//353 125//370 
f 122//371 375//369 123//372 
f 122//371 374//368 375//369 
f 122//371 373//367 374//368 
f 122//371 372//366 373//367 
f 122//371 371//365 372//366 
f 122//371 370//364 371//365 
f 122//371 369//363 370//364 
f 122//371 368//362 369//363 
f 122//371 367//361 368//362 
f 122//371 366//360 367//361 
f 122//371 365//359 366//360 
f 122//371 364//358 365//359 
f 122//371 363//357 364//358 
f 122//371 362//356 363//357 
f 122//371 179//355 362//356 
f 125//370 123//372 375//369 
f 361//353 375//369 374//368 
f 360//352 374//368 373//367 
f 359//351 373//367 372//366 
f 358//350 372//366 371//365 
f 357//349 371//365 370//364 
f 356//348 370//364 369//363 
f 355//347 369//363 368//362 
f 354//346 368//362 367//361 
f 353//345 367//361 366//360 
f 352//344 366//360 365//359 
f 351//343 365//359 364//358 
f 350//342 364//358 363//357 
f 349//341 363//357 362//356 
f 348//340 362//356 179//355 
f 127//354 125//370 361//353 
f 347//337 361//353 360//352 
f 346//336 360//352 359//351 
f 345//335 359//351 358//350 
f 344//334 358//350 357//349 
f 343//333 357//349 356//348 
f 342//332 356//348 355//347 
f 341//331 355//347 354//346 
f 340//330 354//346 353//345 
f 339//329 353//345 352//344 
f 338//328 352//344 351//343 
f 337//327 351//343 350//342 
f 336//326 350//342 349//341 
f 335//325 349//341 348//340 
f 334//324 348//340 178//339 
f 129//338 127//354 347//337 
f 333//321 347//337 346//336 
f 332//320 346//336 345//335 
f 331//319 345//335 344//334 
f 330//318 344//334 343//333 
f 329//317 343//333 342//332 
f 328//316 342//332 341//331 
f 327//315 341//331 340//330 
f 326//314 340//330 339//329 
f 325//313 339//329 338//328 
f 324//312 338//328 337//327 
f 323//311 337//327 336//326 
f 322//310 336//326 335//325 
f 321//309 335//325 334//324 
f 320//308 334//324 177//323 
f 131//322 129//338 333//321 
f 319//305 333//321 332//320 
f 318//304 332//320 331//319 
f 317//303 331//319 330//318 
f 316//302 330//318 329//317 
f 315//301 329//317 328//316 
f 314//300 328//316 327//315 
f 313//299 327//315 326//314 
f 312//298 326//314 325//313 
f 311//297 325//313 324//312 
f 310//296 324//312 323//311 
f 309//295 323//311 322//310 
f 308//294 322//310 321//309 
f 307//293 321//309 320//308 
f 306//292 320//308 176//307 
f 133//306 131//322 319//305 
f 305//289 319//305 318//304 
f 304//288 318//304 317//303 
f 303//287 317//303 316//302 
f 302//286 316//302 315//301 
f 301//285 315//301 314//300 
f 300//284 314//300 313//299 
f 299//283 313//299 312//298 
f 298//282 312//298 311//297 
f 297//281 311//297 310//296 
f 296//280 310//296 309//295 
f 295//279 309//295 308//294 
f 294//278 308//294 307//293 
f 293//277 307//293 306//292 
f 292//276 306//292 175//291 
f 135//290 133//306 305//289 
f 291//273 305//289 304//288 
f 290//272 304//288 303//287 
f 289//271 303//287 302//286 
f 288//270 302//286 301//285 
f 287//269 301//285 300//284 
f 286//268 300//284 299//283 
f 285//267 299//283 298//282 
f 284//266 298//282 297//281 
f 283//265 297//281 296//280 
f 282//264 296//280 295//279 
f 281//263 295//279 294//278 
f 280//262 294//278 293//277 
f 279//261 293//277 292//276 
f 278//260 292//276 174//275 
f 137//274 135//290 291//273 
f 277//257 291//273 290//272 
f 276//256 290//272 289//271 
f 275//255 289//271 288//270 
f 274//254 288//270 287//269 
f 273//253 287//269 286//268 
f 272//252 286//268 285//267 
f 271//251 285//267 284//266 
f 270//250 284//266 283//265 
f 269//249 283//265 282//264 
f 268//248 282//264 281//263 
f 267//247 281//263 280//262 
f 266//246 280//262 279//261 
f 265//245 279//261 278//260 
f 264//244 278//260 173//259 
f 139//258 137//274 277//257 
f 263//241 277//257 276//256 
f 262//240 276//256 275//255 
f 261//239 275//255 274//254 
f 260//238 274//254 273//253 
f 259//237 273//253 272//252 
f 258//236 272//252 271//251 
f 257//235 271//251 270//250 
f 256//234 270//250 269//249 
f 255//233 269//249 268//248 
f 254//232 268//248 267//247 
f 253//231 267//247 266//246 
f 252//230 266//246 265//245 
f 251//229 265//245 264//244 
f 250//228 264//244 172//243 
f 141//242 139//258 263//241 
f 249//225 263//241 262//240 
f 248//224 262//240 261//239 
f 247//223 261//239 260//238 
f 246//222 260//238 259//237 
f 245//221 259//237 258//236 
f 244//220 258//236 257//235 
f 243//219 257//235 256//234 
f 242//218 256//234 255//233 
f 241//217 255//233 254//232 
f 240//216 254//232 253//231 
f 239//215 253//231 252//230 
f 238//214 252//230 251//229 
f 237//213 251//229 250//228 
f 236//212 250//228 171//227 
f 143//226 141//242 249//225 
f 235//209 249//225 248//224 
f 234//208 248//224 247//223 
f 233//207 247//223 246//222 
f 232//206 246//222 245//221 
f 231//205 245//221 244//220 
f 230//204 244//220 243//219 
f 229//203 243//219 242//218 
f 228//202 242//218 241//217 
f 227//201 241//217 240//216 
f 226//200 240//216 239//215 
f 225//199 239//215 238//214 
f 224//198 238//214 237//213 
f 223//197 237//213 236//212 
f 222//196 236//212 170//211 
f 145//210 143//226 235//209 
f 221//193 235//209 234//208 
f 220//192 234//208 233//207 
f 219//191 233//207 232//206 
f 218//190 232//206 231//205 
f 217//189 231//205 230//204 
f 216//188 230//204 229//203 
f 215//187 229//203 228//202 
f 214//186 228//202 227//201 
f 213//185 227//201 226//200 
f 212//184 226//200 225//199 
f 211//183 225//199 224//198 
f 210//182 224//198 223//197 
f 209//181 223//197 222//196 
f 208//180 222//196 169//195 
f 147//194 145//210 221//193 
f 207//177 221//193 220//192 
f 206//176 220//192 219//191 
f 205//175 219//191 218//190 
f 204//174 218//190 217//189 
f 203//173 217//189 216//188 
f 202//172 216//188 215//187 
f 201//171 215//187 214//186 
f 200//170 214//186 213//185 
f 199//169 213//185 212//184 
f 198//168 212//184 211//183 
f 197//167 211//183 210//182 
f 196//166 210//182 209//181 
f 195//165 209//181 208//180 
f 194//164 208//180 168//179 
f 149//178 147//194 207//177 
f 193//161 207//177 206//176 
f 192//159 206//176 205//175 
f 191//157 205//175 204//174 
f 190//155 204//174 203//173 
f 189//153 203//173 202//172 
f 188//151 202//172 201//171 
f 187//149 201//171 200//170 
f 186//147 200//170 199//169 
f 185//145 199//169 198//168 
f 184//143 198//168 197//167 
f 183//141 197//167 196//166 
f 182//139 196//166 195//165 
f 181//137 195//165 194//164 
f 180//135 194//164 167//163 
f 118//162 149//178 193//161 
f 166//160 193//161 192//159 
f 165//158 192//159 191//157 
f 164//156 191//157 190//155 
f 163//154 190//155 189//153 
f 162//152 189//153 188//151 
f 161//150 188//151 187//149 
f 160//148 187//149 186//147 
f 159//146 186//147 185//145 
f 158//144 185//145 184//143 
f 157//142 184//143 183//141 
f 156//140 183//141 182//139 
f 155//138 182//139 181//137 
f 154//136 181//137 180//135 
f 153//134 180//135 151//132 
o mesh4
f 376//373 152//373 151//374 
f 377//374 151//374 167//375 
f 378//375 167//375 168//376 
f 379//376 168//376 169//377 
f 380//377 169//377 170//378 
f 381//378 170//378 171//379 
f 382//379 171//379 172//380 
f 383//380 172//380 173//381 
f 384//381 173//381 174//382 
f 385//382 174//382 175//383 
f 386//383 175//383 176//384 
f 387//384 176//384 177//385 
f 388//385 177//385 178//386 
f 389//386 178//386 179//387 
f 390//387 179//387 122//388 
f 122//388 391//388 390//387 
f 179//387 390//387 389//386 
f 178//386 389//386 388//385 
f 177//385 388//385 387//384 
f 176//384 387//384 386//383 
f 175//383 386//383 385//382 
f 174//382 385//382 384//381 
f 173//381 384//381 383//380 
f 172//380 383//380 382//379 
f 171//379 382//379 381//378 
f 170//378 381//378 380//377 
f 169//377 380//377 379//376 
f 168//376 379//376 378//375 
f 167//375 378//375 377//374 
f 151//374 377//374 376//373 
o mesh5
f 152//389 392//389 393//390 
f 153//390 393//390 394//391 
f 154//391 394//391 395//392 
f 155//392 395//392 396//393 
f 156//393 396//393 397//394 
f 157//394 397//394 398//395 
f 158//395 398//395 399//396 
f 159//396 399//396 400//397 
f 160//397 400//397 401//398 
f 161//398 401//398 402//399 
f 162//399 402//399 403//400 
f 163//400 403//400 404//401 
f 164//401 404//401 405//402 
f 165//402 405//402 406//403 
f 166//403 406//403 120//404 
f 120//404 118//404 166//403 
f 406//403 166//403 165//402 
f 405//402 165//402 164//401 
f 404//401 164//401 163//400 
f 403//400 163//400 162//399 
f 402//399 162//399 161//398 
f 401//398 161//398 160//397 
f 400//397 160//397 159//396 
f 399//396 159//396 158//395 
f 398//395 158//395 157//394 
f 397//394 157//394 156//393 
f 396//393 156//393 155//392 
f 395//392 155//392 154//391 
f 394//391 154//391 153//390 
f 393//390 153//390 152//389 
o mesh6
f 407//405 408//405 409//406 
f 410//406 409//406 411//407 
f 412//407 411//407 413//408 
f 414//408 413//408 415//409 
f 416//409 415//409 417//410 
f 418//410 417//410 419//411 
f 420//411 419//411 421//412 
f 422//412 421//412 423//413 
f 424//413 423//413 425//414 
f 426//414 425//414 427//415 
f 428//415 427//415 429//416 
f 430//416 429//416 431//417 
f 432//417 431//417 433//418 
f 434//418 433//418 435//419 
f 436//419 435//419 119//420 
f 119//420 120//420 436//419 
f 435//419 436//419 434//418 
f 433//418 434//418 432//417 
f 431//417 432//417 430//416 
f 429//416 430//416 428//415 
f 427//415 428//415 426//414 
f 425//414 426//414 424//413 
f 423//413 424//413 422//412 
f 421//412 422//412 420//411 
f 419//411 420//411 418//410 
f 417//410 418//410 416//409 
f 415//409 416//409 414//408 
f 413//408 414//408 412//407 
f 411//407 412//407 410//406 
f 409//406 410//406 407//405 
o mesh7
f 393//421 392//422 437//423 
f 451//424 437//423 438//425 
f 452//426 438//425 439//427 
f 453//428 439//427 440//429 
f 454//430 440//429 441//431 
f 455//432 441//431 442//433 
f 456//434 442//433 443//435 
f 457//436 443//435 444//437 
f 458//438 444//437 445//439 
f 459//440 445//439 446//441 
f 460//442 446//441 447//443 
f 461//444 447//443 448//445 
f 462//446 448//445 449//447 
f 463//448 449//447 450//449 
f 464//450 450//449 407//451 
f 394//452 393//421 451//424 
f 465//453 451//424 452//426 
f 466//454 452//426 453//428 
f 467//455 453//428 454//430 
f 468//456 454//430 455//432 
f 469//457 455//432 456//434 
f 470//458 456//434 457//436 
f 471//459 457//436 458//438 
f 472//460 458//438 459//440 
f 473//461 459//440 460//442 
f 474//462 460//442 461//444 
f 475//463 461//444 462//446 
f 476//464 462//446 463//448 
f 477//465 463//448 464//450 
f 478//466 464//450 410//467 
f 395//468 394//452 465//453 
f 479//469 465//453 466//454 
f 480//470 466//454 467//455 
f 481//471 467//455 468//456 
f 482//472 468//456 469//457 
f 483//473 469//457 470//458 
f 484//474 470//458 471//459 
f 485//475 471//459 472//460 
f 486//476 472//460 473//461 
f 487//477 473//461 474//462 
f 488//478 474//462 475//463 
f 489//479 475//463 476//464 
f 490//480 476//464 477//465 
f 491//481 477//465 478//466 
f 492//482 478//466 412//483 
f 396//484 395//468 479//469 
f 493//485 479//469 480//470 
f 494//486 480//470 481//471 
f 495//487 481//471 482//472 
f 496//488 482//472 483//473 
f 497//489 483//473 484//474 
f 498//490 484//474 485//475 
f 499//491 485//475 486//476 
f 500//492 486//476 487//477 
f 501//493 487//477 488//478 
f 502//494 488//478 489//479 
f 503//495 489//479 490//480 
f 504//496 490//480 491//481 
f 505//497 491//481 492//482 
f 506//498 492//482 414//499 
f 397//500 396//484 493//485 
f 507//501 493//485 494//486 
f 508//502 494//486 495//487 
f 509//503 495//487 496//488 
f 510//504 496//488 497//489 
f 511//505 497//489 498//490 
f 512//506 498//490 499//491 
f 513//507 499//491 500//492 
f 514//508 500//492 501//493 
f 515//509 501//493 502//494 
f 516//510 502//494 503//495 
f 517//511 503//495 504//496 
f 518//512 504//496 505//497 
f 519//513 505//497 506//498 
f 520//514 506//498 416//515 
f 398//516 397//500 507//501 
f 521//517 507//501 508//502 
f 522//518 508//502 509//503 
f 523//519 509//503 510//504 
f 524//520 510//504 511//505 
f 525//521 511//505 512//506 
f 526//522 512//506 513//507 
f 527//523 513//507 514//508 
f 528//524 514//508 515//509 
f 529//525 515//509 516//510 
f 530//526 516//510 517//511 
f 531//527 517//511 518//512 
f 532//528 518//512 519//513 
f 533//529 519//513 520//514 
f 534//530 520//514 418//531 
f 399//532 398//516 521//517 
f 535//533 521//517 522//518 
f 536//534 522//518 523//519 
f 537//535 523//519 524//520 
f 538//536 524//520 525//521 
f 539//537 525//521 526//522 
f 540//538 526//522 527//523 
f 541//539 527//523 528//524 
f 542//540 528//524 529//525 
f 543//541 529//525 530//526 
f 544//542 530//526 531//527 
f 545//543 531//527 532//528 
f 546//544 532//528 533//529 
f 547//545 533//529 534//530 
f 548//546 534//530 420//547 
f 400//548 399//532 535//533 
f 549//549 535//533 536//534 
f 550//550 536//534 537//535 
f 551//551 537//535 538//536 
f 552//552 538//536 539//537 
f 553//553 539//537 540//538 
f 554//554 540//538 541//539 
f 555//555 541//539 542//540 
f 556//556 542//540 543//541 
f 557//557 543//541 544//542 
f 558//558 544//542 545//543 
f 559//559 545//543 546//544 
f 560//560 546//544 547//545 
f 561//561 547//545 548//546 
f 562//562 548//546 422//563 
f 401//564 400//548 549//549 
f 563//565 549//549 550//550 
f 564//566 550//550 551//551 
f 565//567 551//551 552//552 
f 566//568 552//552 553//553 
f 567//569 553//553 554//554 
f 568//570 554//554 555//555 
f 569//571 555//555 556//556 
f 570//572 556//556 557//557 
f 571//573 557//557 558//558 
f 572//574 558//558 559//559 
f 573//575 559//559 560//560 
f 574//576 560//560 561//561 
f 575//577 561//561 562//562 
f 576//578 562//562 424//579 
f 402//580 401//564 563//565 
f 577//581 563//565 564//566 
f 578//582 564//566 565//567 
f 579//583 565//567 566//568 
f 580//584 566//568 567//569 
f 581//585 567//569 568//570 
f 582//586 568//570 569//571 
f 583//587 569//571 570//572 
f 584//588 570//572 571//573 
f 585//589 571//573 572//574 
f 586//590 572//574 573//575 
f 587//591 573//575 574//576 
f 588//592 574//576 575//577 
f 589//593 575//577 576//578 
f 590//594 576//578 426//595 
f 403//596 402//580 577//581 
f 591//597 577//581 578//582 
f 592//598 578//582 579//583 
f 593//599 579//583 580//584 
f 594//600 580//584 581//585 
f 595//601 581//585 582//586 
f 596//602 582//586 583//587 
f 597//603 583//587 584//588 
f 598//604 584//588 585//589 
f 599//605 585//589 586//590 
f 600//606 586//590 587//591 
f 601//607 587//591 588//592 
f 602//608 588//592 589//593 
f 603//609 589//593 590//594 
f 604//610 590//594 428//611 
f 404//612 403//596 591//597 
f 605//613 591//597 592//598 
f 606//614 592//598 593//599 
f 607//615 593//599 594//600 
f 608//616 594//600 595//601 
f 609//617 595//601 596//602 
f 610//618 596//602 597//603 
f 611//619 597//603 598//604 
f 612//620 598//604 599//605 
f 613//621 599//605 600//606 
f 614//622 600//606 601//607 
f 615//623 601//607 602//608 
f 616//624 602//608 603//609 
f 617//625 603//609 604//610 
f 618//626 604//610 430//627 
f 405//628 404//612 605//613 
f 619//629 605//613 606//614 
f 620//630 606//614 607//615 
f 621//631 607//615 608//616 
f 622//632 608//616 609//617 
f 623//633 609//617 610//618 
f 624//634 610//618 611//619 
f 625//635 611//619 612//620 
f 626//636 612//620 613//621 
f 627//637 613//621 614//622 
f 628//638 614//622 615//623 
f 629//639 615//623 616//624 
f 630//640 616//624 617//625 
f 631//641 617//625 618//626 
f 632//642 618//626 432//643 
f 406//644 405//628 619//629 
f 633//645 619//629 620//630 
f 634//646 620//630 621//631 
f 635//647 621//631 622//632 
f 636//648 622//632 623//633 
f 637//649 623//633 624//634 
f 638//650 624//634 625//635 
f 639//651 625//635 626//636 
f 640//652 626//636 627//637 
f 641//653 627//637 628//638 
f 642//654 628//638 629//639 
f 643//655 629//639 630//640 
f 644//656 630//640 631//641 
f 645//657 631//641 632//642 
f 646//658 632//642 434//659 
f 120//660 646//658 436//661 
f 120//660 645//657 646//658 
f 120//660 644//656 645//657 
f 120//660 643//655 644//656 
f 120//660 642//654 643//655 
f 120//660 641//653 642//654 
f 120//660 640//652 641//653 
f 120//660 639//651 640//652 
f 120//660 638//650 639//651 
f 120//660 637//649 638//650 
f 120//660 636//648 637//649 
f 120//660 635//647 636//648 
f 120//660 634//646 635//647 
f 120//660 633//645 634//646 
f 120//660 406//644 633//645 
f 434//659 436//661 646//658 
f 632//642 646//658 645//657 
f 631//641 645//657 644//656 
f 630//640 644//656 643//655 
f 629//639 643//655 642//654 
f 628//638 642//654 641//653 
f 627//637 641//653 640//652 
f 626//636 640//652 639//651 
f 625//635 639//651 638//650 
f 624//634 638//650 637//649 
f 623//633 637//649 636//648 
f 622//632 636//648 635//647 
f 621//631 635//647 634//646 
f 620//630 634//646 633//645 
f 619//629 633//645 406//644 
f 432//643 434//659 632//642 
f 618//626 632//642 631//641 
f 617//625 631//641 630//640 
f 616//624 630//640 629//639 
f 615//623 629//639 628//638 
f 614//622 628//638 627//637 
f 613//621 627//637 626//636 
f 612//620 626//636 625//635 
f 611//619 625//635 624//634 
f 610//618 624//634 623//633 
f 609//617 623//633 622//632 
f 608//616 622//632 621//631 
f 607//615 621//631 620//630 
f 606//614 620//630 619//629 
f 605//613 619//629 405//628 
f 430//627 432//643 618//626 
f 604//610 618//626 617//625 
f 603//609 617//625 616//624 
f 602//608 616//624 615//623 
f 601//607 615//623 614//622 
f 600//606 614//622 613//621 
f 599//605 613//621 612//620 
f 598//604 612//620 611//619 
f 597//603 611//619 610//618 
f 596//602 610//618 609//617 
f 595//601 609//617 608//616 
f 594//600 608//616 607//615 
f 593//599 607//615 606//614 
f 592//598 606//614 605//613 
f 591//597 605//613 404//612 
f 428//611 430//627 604//610 
f 590//594 604//610 603//609 
f 589//593 603//609 602//608 
f 588//592 602//608 601//607 
f 587//591 601//607 600//606 
f 586//590 600//606 599//605 
f 585//589 599//605 598//604 
f 584//588 598//604 597//603 
f 583//587 597//603 596//602 
f 582//586 596//602 595//601 
f 581//585 595//601 594//600 
f 580//584 594//600 593//599 
f 579//583 593//599 592//598 
f 578//582 592//598 591//597 
f 577//581 591//597 403//596 
f 426//595 428//611 590//594 
f 576//578 590//594 589//593 
f 575//577 589//593 588//592 
f 574//576 588//592 587//591 
f 573//575 587//591 586//590 
f 572//574 586//590 585//589 
f 571//573 585//589 584//588 
f 570//572 584//588 583//587 
f 569//571 583//587 582//586 
f 568//570 582//586 581//585 
f 567//569 581//585 580//584 
f 566//568 580//584 579//583 
f 565//567 579//583 578//582 
f 564//566 578//582 577//581 
f 563//565 577//581 402//580 
f 424//579 426//595 576//578 
f 562//562 576//578 575//577 
f 561//561 575//577 574//576 
f 560//560 574//576 573//575 
f 559//559 573//575 572//574 
f 558//558 572//574 571//573 
f 557//557 571//573 570//572 
f 556//556 570//572 569//571 
f 555//555 569//571 568//570 
f 554//554 568//570 567//569 
f 553//553 567//569 566//568 
f 552//552 566//568 565//567 
f 551//551 565//567 564//566 
f 550//550 564//566 563//565 
f 549//549 563//565 401//564 
f 422//563 424//579 562//562 
f 548//546 562//562 561//561 
f 547//545 561//561 560//560 
f 546//544 560//560 559//559 
f 545//543 559//559 558//558 
f 544//542 558//558 557//557 
f 543//541 557//557 556//556 
f 542//540 556//556 555//555 
f 541//539 555//555 554//554 
f 540//538 554//554 553//553 
f 539//537 553//553 552//552 
f 538//536 552//552 551//551 
f 537//535 551//551 550//550 
f 536//534 550//550 549//549 
f 535//533 549//549 400//548 
f 420//547 422//563 548//546 
f 534//530 548//546 547//545 
f 533//529 547//545 546//544 
f 532//528 546//544 545//543 
f 531//527 545//543 544//542 
f 530//526 544//542 543//541 
f 529//525 543//541 542//540 
f 528//524 542//540 541//539 
f 527//523 541//539 540//538 
f 526//522 540//538 539//537 
f 525//521 539//537 538//536 
f 524//520 538//536 537//535 
f 523//519 537//535 536//534 
f 522//518 536//534 535//533 
f 521//517 535//533 399//532 
f 418//531 420//547 534//530 
f 520//514 534//530 533//529 
f 519//513 533//529 532//528 
f 518//512 532//528 531//527 
f 517//511 531//527 530//526 
f 516//510 530//526 529//525 
f 515//509 529//525 528//524 
f 514//508 528//524 527//523 
f 513//507 527//523 526//522 
f 512//506 526//522 525//521 
f 511//505 525//521 524//520 
f 510//504 524//520 523//519 
f 509//503 523//519 522//518 
f 508//502 522//518 521//517 
f 507//501 521//517 398//516 
f 416//515 418//531 520//514 
f 506//498 520//514 519//513 
f 505//497 519//513 518//512 
f 504//496 518//512 517//511 
f 503//495 517//511 516//510 
f 502//494 516//510 515//509 
f 501//493 515//509 514//508 
f 500//492 514//508 513//507 
f 499//491 513//507 512//506 
f 498//490 512//506 511//505 
f 497//489 511//505 510//504 
f 496//488 510//504 509//503 
f 495//487 509//503 508//502 
f 494//486 508//502 507//501 
f 493//485 507//501 397//500 
f 414//499 416//515 506//498 
f 492//482 506//498 505//497 
f 491//481 505//497 504//496 
f 490//480 504//496 503//495 
f 489//479 503//495 502//494 
f 488//478 502//494 501//493 
f 487//477 501//493 500//492 
f 486//476 500//492 499//491 
f 485//475 499//491 498//490 
f 484//474 498//490 497//489 
f 483//473 497//489 496//488 
f 482//472 496//488 495//487 
f 481//471 495//487 494//486 
f 480//470 494//486 493//485 
f 479//469 493//485 396//484 
f 412//483 414//499 492//482 
f 478//466 492//482 491//481 
f 477//465 491//481 490//480 
f 476//464 490//480 489//479 
f 475//463 489//479 488//478 
f 474//462 488//478 487//477 
f 473//461 487//477 486//476 
f 472//460 486//476 485//475 
f 471//459 485//475 484//474 
f 470//458 484//474 483//473 
f 469//457 483//473 482//472 
f 468//456 482//472 481//471 
f 467//455 481//471 480//470 
f 466//454 480//470 479//469 
f 465//453 479//469 395//468 
f 410//467 412//483 478//466 
f 464//450 478//466 477//465 
f 463//448 477//465 476//464 
f 462//446 476//464 475//463 
f 461//444 475//463 474//462 
f 460//442 474//462 473//461 
f 459//440 473//461 472//460 
f 458//438 472//460 471//459 
f 457//436 471//459 470//458 
f 456//434 470//458 469//457 
f 455//432 469//457 468//456 
f 454//430 468//456 467//455 
f 453//428 467//455 466//454 
f 452//426 466//454 465//453 
f 451//424 465//453 394//452 
f 407//451 410//467 464//450 
f 450//449 464//450 463//448 
f 449//447 463//448 462//446 
f 448//445 462//446 461//444 
f 447//443 461//444 460//442 
f 446//441 460//442 459//440 
f 445//439 459//440 458//438 
f 444//437 458//438 457//436 
f 443//435 457//436 456//434 
f 442//433 456//434 455//432 
f 441//431 455//432 454//430 
f 440//429 454//430 453//428 
f 439//427 453//428 452//426 
f 438//425 452//426 451//424 
f 437//423 451//424 393//421 
o mesh8
f 392//662 152//662 376//662 
f 376//662 647//662 392//662 
o mesh9
f 648//663 649//663 650//664 
f 651//664 650//664 652//665 
f 653//665 652//665 654//666 
f 655//666 654//666 656//667 
f 657//667 656//667 658//668 
f 659//668 658//668 660//669 
f 661//669 660//669 662//670 
f 663//670 662//670 664//671 
f 665//671 664//671 666//672 
f 667//672 666//672 668//673 
f 669//673 668//673 670//674 
f 671//674 670//674 672//675 
f 673//675 672//675 674//676 
f 675//676 674//676 676//677 
f 677//677 676//677 647//678 
f 647//678 376//678 677//677 
f 676//677 677//677 675//676 
f 674//676 675//676 673//675 
f 672//675 673//675 671//674 
f 670//674 671//674 669//673 
f 668//673 669//673 667//672 
f 666//672 667//672 665//671 
f 664//671 665//671 663//670 
f 662//670 663//670 661//669 
f 660//669 661//669 659//668 
f 658//668 659//668 657//667 
f 656//667 657//667 655//666 
f 654//666 655//666 653//665 
f 652//665 653//665 651//664 
f 650//664 651//664 648//663 
o mesh10
f 392//678 647//678 678//679 
f 437//679 678//679 679//680 
f 438//680 679//680 680//681 
f 439//681 680//681 681//682 
f 440//682 681//682 682//683 
f 441//683 682//683 683//684 
f 442//684 683//684 684//685 
f 443//685 684//685 685//686 
f 444//686 685//686 686//687 
f 445//687 686//687 687//688 
f 446//688 687//688 688//689 
f 447//689 688//689 689//690 
f 448//690 689//690 690//691 
f 449//691 690//691 691//692 
f 450//692 691//692 692//693 
f 692//693 407//693 450//692 
f 691//692 450//692 449//691 
f 690//691 449//691 448//690 
f 689//690 448//690 447//689 
f 688//689 447//689 446//688 
f 687//688 446//688 445//687 
f 686//687 445//687 444//686 
f 685//686 444//686 443//685 
f 684//685 443//685 442//684 
f 683//684 442//684 441//683 
f 682//683 441//683 440//682 
f 681//682 440//682 439//681 
f 680//681 439//681 438//680 
f 679//680 438//680 437//679 
f 678//679 437//679 392//678 
o mesh11
f 693//694 648//695 651//696 
f 707//697 651//696 653//698 
f 708//699 653//698 655//700 
f 709//701 655//700 657//702 
f 710//703 657//702 659//704 
f 711//705 659//704 661//706 
f 712//707 661//706 663//708 
f 713//709 663//708 665//710 
f 714//711 665//710 667//712 
f 715//713 667//712 669//714 
f 716//715 669//714 671//716 
f 717//717 671//716 673//718 
f 718//719 673//718 675//720 
f 719//721 675//720 677//722 
f 720//723 677//722 376//724 
f 694//725 693//694 707//697 
f 721//726 707//697 708//699 
f 722//727 708//699 709//701 
f 723//728 709//701 710//703 
f 724//729 710//703 711//705 
f 725//730 711//705 712//707 
f 726//731 712//707 713//709 
f 727//732 713//709 714//711 
f 728//733 714//711 715//713 
f 729//734 715//713 716//715 
f 730//735 716//715 717//717 
f 731//736 717//717 718//719 
f 732//737 718//719 719//721 
f 733//738 719//721 720//723 
f 734//739 720//723 377//740 
f 695//741 694//725 721//726 
f 735//742 721//726 722//727 
f 736//743 722//727 723//728 
f 737//744 723//728 724//729 
f 738//745 724//729 725//730 
f 739//746 725//730 726//731 
f 740//747 726//731 727//732 
f 741//748 727//732 728//733 
f 742//749 728//733 729//734 
f 743//750 729//734 730//735 
f 744//751 730//735 731//736 
f 745//752 731//736 732//737 
f 746//753 732//737 733//738 
f 747//754 733//738 734//739 
f 748//755 734//739 378//756 
f 696//757 695//741 735//742 
f 749//758 735//742 736//743 
f 750//759 736//743 737//744 
f 751//760 737//744 738//745 
f 752//761 738//745 739//746 
f 753//762 739//746 740//747 
f 754//763 740//747 741//748 
f 755//764 741//748 742//749 
f 756//765 742//749 743//750 
f 757//766 743//750 744//751 
f 758//767 744//751 745//752 
f 759//768 745//752 746//753 
f 760//769 746//753 747//754 
f 761//770 747//754 748//755 
f 762//771 748//755 379//772 
f 697//773 696//757 749//758 
f 763//774 749//758 750//759 
f 764//775 750//759 751//760 
f 765//776 751//760 752//761 
f 766//777 752//761 753//762 
f 767//778 753//762 754//763 
f 768//779 754//763 755//764 
f 769//780 755//764 756//765 
f 770//781 756//765 757//766 
f 771//782 757//766 758//767 
f 772//783 758//767 759//768 
f 773//784 759//768 760//769 
f 774//785 760//769 761//770 
f 775//786 761//770 762//771 
f 776//787 762//771 380//788 
f 698//789 697//773 763//774 
f 777//790 763//774 764//775 
f 778//791 764//775 765//776 
f 779//792 765//776 766//777 
f 780//793 766//777 767//778 
f 781//794 767//778 768//779 
f 782//795 768//779 769//780 
f 783//796 769//780 770//781 
f 784//797 770//781 771//782 
f 785//798 771//782 772//783 
f 786//799 772//783 773//784 
f 787//800 773//784 774//785 
f 788//801 774//785 775//786 
f 789//802 775//786 776//787 
f 790//803 776//787 381//804 
f 699//805 698//789 777//790 
f 791//806 777//790 778//791 
f 792//807 778//791 779//792 
f 793//808 779//792 780//793 
f 794//809 780//793 781//794 
f 795//810 781//794 782//795 
f 796//811 782//795 783//796 
f 797//812 783//796 784//797 
f 798//813 784//797 785//798 
f 799//814 785//798 786//799 
f 800//815 786//799 787//800 
f 801//816 787//800 788//801 
f 802//817 788//801 789//802 
f 803//818 789//802 790//803 
f 804//819 790//803 382//820 
f 700//821 699//805 791//806 
f 805//822 791//806 792//807 
f 806//823 792//807 793//808 
f 807//824 793//808 794//809 
f 808//825 794//809 795//810 
f 809//826 795//810 796//811 
f 810//827 796//811 797//812 
f 811//828 797//812 798//813 
f 812//829 798//813 799//814 
f 813//830 799//814 800//815 
f 814//831 800//815 801//816 
f 815//832 801//816 802//817 
f 816//833 802//817 803//818 
f 817//834 803//818 804//819 
f 818//835 804//819 383//836 
f 701//837 700//821 805//822 
f 819//838 805//822 806//823 
f 820//839 806//823 807//824 
f 821//840 807//824 808//825 
f 822//841 808//825 809//826 
f 823//842 809//826 810//827 
f 824//843 810//827 811//828 
f 825//844 811//828 812//829 
f 826//845 812//829 813//830 
f 827//846 813//830 814//831 
f 828//847 814//831 815//832 
f 829//848 815//832 816//833 
f 830//849 816//833 817//834 
f 831//850 817//834 818//835 
f 832//851 818//835 384//852 
f 702//853 701//837 819//838 
f 833//854 819//838 820//839 
f 834//855 820//839 821//840 
f 835//856 821//840 822//841 
f 836//857 822//841 823//842 
f 837//858 823//842 824//843 
f 838//859 824//843 825//844 
f 839//860 825//844 826//845 
f 840//861 826//845 827//846 
f 841//862 827//846 828//847 
f 842//863 828//847 829//848 
f 843//864 829//848 830//849 
f 844//865 830//849 831//850 
f 845//866 831//850 832//851 
f 846//867 832//851 385//868 
f 703//869 702//853 833//854 
f 847//870 833//854 834//855 
f 848//871 834//855 835//856 
f 849//872 835//856 836//857 
f 850//873 836//857 837//858 
f 851//874 837//858 838//859 
f 852//875 838//859 839//860 
f 853//876 839//860 840//861 
f 854//877 840//861 841//862 
f 855//878 841//862 842//863 
f 856//879 842//863 843//864 
f 857//880 843//864 844//865 
f 858//881 844//865 845//866 
f 859//882 845//866 846//867 
f 860//883 846//867 386//884 
f 704//885 703//869 847//870 
f 861//886 847//870 848//871 
f 862//887 848//871 849//872 
f 863//888 849//872 850//873 
f 864//889 850//873 851//874 
f 865//890 851//874 852//875 
f 866//891 852//875 853//876 
f 867//892 853//876 854//877 
f 868//893 854//877 855//878 
f 869//894 855//878 856//879 
f 870//895 856//879 857//880 
f 871//896 857//880 858//881 
f 872//897 858//881 859//882 
f 873//898 859//882 860//883 
f 874//899 860//883 387//900 
f 705//901 704//885 861//886 
f 875//902 861//886 862//887 
f 876//903 862//887 863//888 
f 877//904 863//888 864//889 
f 878//905 864//889 865//890 
f 879//906 865//890 866//891 
f 880//907 866//891 867//892 
f 881//908 867//892 868//893 
f 882//909 868//893 869//894 
f 883//910 869//894 870//895 
f 884//911 870//895 871//896 
f 885//912 871//896 872//897 
f 886//913 872//897 873//898 
f 887//914 873//898 874//899 
f 888//915 874//899 388//916 
f 706//917 705//901 875//902 
f 889//918 875//902 876//903 
f 890//919 876//903 877//904 
f 891//920 877//904 878//905 
f 892//921 878//905 879//906 
f 893//922 879//906 880//907 
f 894//923 880//907 881//908 
f 895//924 881//908 882//909 
f 896//925 882//909 883//910 
f 897//926 883//910 884//911 
f 898//927 884//911 885//912 
f 899//928 885//912 886//913 
f 900//929 886//913 887//914 
f 901//930 887//914 888//915 
f 902//931 888//915 389//932 
f 391//933 902//931 390//934 
f 391//933 901//930 902//931 
f 391//933 900//929 901//930 
f 391//933 899//928 900//929 
f 391//933 898//927 899//928 
f 391//933 897//926 898//927 
f 391//933 896//925 897//926 
f 391//933 895//924 896//925 
f 391//933 894//923 895//924 
f 391//933 893//922 894//923 
f 391//933 892//921 893//922 
f 391//933 891//920 892//921 
f 391//933 890//919 891//920 
f 391//933 889//918 890//919 
f 391//933 706//917 889//918 
f 389//932 390//934 902//931 
f 888//915 902//931 901//930 
f 887//914 901//930 900//929 
f 886//913 900//929 899//928 
f 885//912 899//928 898//927 
f 884//911 898//927 897//926 
f 883//910 897//926 896//925 
f 882//909 896//925 895//924 
f 881//908 895//924 894//923 
f 880//907 894//923 893//922 
f 879//906 893//922 892//921 
f 878//905 892//921 891//920 
f 877//904 891//920 890//919 
f 876//903 890//919 889//918 
f 875//902 889//918 706//917 
f 388//916 389//932 888//915 
f 874//899 888//915 887//914 
f 873//898 887//914 886//913 
f 872//897 886//913 885//912 
f 871//896 885//912 884//911 
f 870//895 884//911 883//910 
f 869//894 883//910 882//909 
f 868//893 882//909 881//908 
f 867//892 881//908 880//907 
f 866//891 880//907 879//906 
f 865//890 879//906 878//905 
f 864//889 878//905 877//904 
f 863//888 877//904 876//903 
f 862//887 876//903 875//902 
f 861//886 875//902 705//901 
f 387//900 388//916 874//899 
f 860//883 874//899 873//898 
f 859//882 873//898 872//897 
f 858//881 872//897 871//896 
f 857//880 871//896 870//895 
f 856//879 870//895 869//894 
f 855//878 869//894 868//893 
f 854//877 868//893 867//892 
f 853//876 867//892 866//891 
f 852//875 866//891 865//890 
f 851//874 865//890 864//889 
f 850//873 864//889 863//888 
f 849//872 863//888 862//887 
f 848//871 862//887 861//886 
f 847//870 861//886 704//885 
f 386//884 387//900 860//883 
f 846//867 860//883 859//882 
f 845//866 859//882 858//881 
f 844//865 858//881 857//880 
f 843//864 857//880 856//879 
f 842//863 856//879 855//878 
f 841//862 855//878 854//877 
f 840//861 854//877 853//876 
f 839//860 853//876 852//875 
f 838//859 852//875 851//874 
f 837//858 851//874 850//873 
f 836//857 850//873 849//872 
f 835//856 849//872 848//871 
f 834//855 848//871 847//870 
f 833//854 847//870 703//869 
f 385//868 386//884 846//867 
f 832//851 846//867 845//866 
f 831//850 845//866 844//865 
f 830//849 844//865 843//864 
f 829//848 843//864 842//863 
f 828//847 842//863 841//862 
f 827//846 841//862 840//861 
f 826//845 840//861 839//860 
f 825//844 839//860 838//859 
f 824//843 838//859 837//858 
f 823//842 837//858 836//857 
f 822//841 836//857 835//856 
f 821//840 835//856 834//855 
f 820//839 834//855 833//854 
f 819//838 833//854 702//853 
f 384//852 385//868 832//851 
f 818//835 832//851 831//850 
f 817//834 831//850 830//849 
f 816//833 830//849 829//848 
f 815//832 829//848 828//847 
f 814//831 828//847 827//846 
f 813//830 827//846 826//845 
f 812//829 826//845 825//844 
f 811//828 825//844 824//843 
f 810//827 824//843 823//842 
f 809//826 823//842 822//841 
f 808//825 822//841 821//840 
f 807//824 821//840 820//839 
f 806//823 820//839 819//838 
f 805//822 819//838 701//837 
f 383//836 384//852 818//835 
f 804//819 818//835 817//834 
f 803//818 817//834 816//833 
f 802//817 816//833 815//832 
f 801//816 815//832 814//831 
f 800//815 814//831 813//830 
f 799//814 813//830 812//829 
f 798//813 812//829 811//828 
f 797//812 811//828 810//827 
f 796//811 810//827 809//826 
f 795//810 809//826 808//825 
f 794//809 808//825 807//824 
f 793//808 807//824 806//823 
f 792//807 806//823 805//822 
f 791//806 805//822 700//821 
f 382//820 383//836 804//819 
f 790//803 804//819 803//818 
f 789//802 803//818 802//817 
f 788//801 802//817 801//816 
f 787//800 801//816 800//815 
f 786//799 800//815 799//814 
f 785//798 799//814 798//813 
f 784//797 798//813 797//812 
f 783//796 797//812 796//811 
f 782//795 796//811 795//810 
f 781//794 795//810 794//809 
f 780//793 794//809 793//808 
f 779//792 793//808 792//807 
f 778//791 792//807 791//806 
f 777//790 791//806 699//805 
f 381//804 382//820 790//803 
f 776//787 790//803 789//802 
f 775//786 789//802 788//801 
f 774//785 788//801 787//800 
f 773//784 787//800 786//799 
f 772//783 786//799 785//798 
f 771//782 785//798 784//797 
f 770//781 784//797 783//796 
f 769//780 783//796 782//795 
f 768//779 782//795 781//794 
f 767//778 781//794 780//793 
f 766//777 780//793 779//792 
f 765//776 779//792 778//791 
f 764//775 778//791 777//790 
f 763//774 777//790 698//789 
f 380//788 381//804 776//787 
f 762//771 776//787 775//786 
f 761//770 775//786 774//785 
f 760//769 774//785 773//784 
f 759//768 773//784 772//783 
f 758//767 772//783 771//782 
f 757//766 771//782 770//781 
f 756//765 770//781 769//780 
f 755//764 769//780 768//779 
f 754//763 768//779 767//778 
f 753//762 767//778 766//777 
f 752//761 766//777 765//776 
f 751//760 765//776 764//775 
f 750//759 764//775 763//774 
f 749//758 763//774 697//773 
f 379//772 380//788 762//771 
f 748//755 762//771 761//770 
f 747//754 761//770 760//769 
f 746//753 760//769 759//768 
f 745//752 759//768 758//767 
f 744//751 758//767 757//766 
f 743//750 757//766 756//765 
f 742//749 756//765 755//764 
f 741//748 755//764 754//763 
f 740//747 754//763 753//762 
f 739//746 753//762 752//761 
f 738//745 752//761 751//760 
f 737//744 751//760 750//759 
f 736//743 750//759 749//758 
f 735//742 749//758 696//757 
f 378//756 379//772 748//755 
f 734//739 748//755 747//754 
f 733//738 747//754 746//753 
f 732//737 746//753 745//752 
f 731//736 745//752 744//751 
f 730//735 744//751 743//750 
f 729//734 743//750 742//749 
f 728//733 742//749 741//748 
f 727//732 741//748 740//747 
f 726//731 740//747 739//746 
f 725//730 739//746 738//745 
f 724//729 738//745 737//744 
f 723//728 737//744 736//743 
f 722//727 736//743 735//742 
f 721//726 735//742 695//741 
f 377//740 378//756 734//739 
f 720//723 734//739 733//738 
f 719//721 733//738 732//737 
f 718//719 732//737 731//736 
f 717//717 731//736 730//735 
f 716//715 730//735 729//734 
f 715//713 729//734 728//733 
f 714//711 728//733 727//732 
f 713//709 727//732 726//731 
f 712//707 726//731 725//730 
f 711//705 725//730 724//729 
f 710//703 724//729 723//728 
f 709//701 723//728 722//727 
f 708//699 722//727 721//726 
f 707//697 721//726 694//725 
f 376//724 377//740 720//723 
f 677//722 720//723 719//721 
f 675//720 719//721 718//719 
f 673//718 718//719 717//717 
f 671//716 717//717 716//715 
f 669//714 716//715 715//713 
f 667//712 715//713 714//711 
f 665//710 714//711 713//709 
f 663//708 713//709 712//707 
f 661//706 712//707 711//705 
f 659//704 711//705 710//703 
f 657//702 710//703 709//701 
f 655//700 709//701 708//699 
f 653//698 708//699 707//697 
f 651//696 707//697 693//694 
o mesh12
f 391//933 903//933 904//935 
f 706//935 904//935 905//936 
f 705//936 905//936 906//937 
f 704//937 906//937 907//938 
f 703//938 907//938 908//939 
f 702//939 908//939 909//940 
f 701//940 909//940 910//941 
f 700//941 910//941 911//942 
f 699//942 911//942 912//943 
f 698//943 912//943 913//944 
f 913//944 697//945 698//943 
f 697//945 914//945 915//946 
f 915//946 696//947 697//945 
f 696//947 916//947 917//948 
f 917//948 695//949 696//947 
f 695//949 918//949 919//950 
f 919//950 694//951 695//949 
f 694//951 920//951 921//952 
f 921//952 693//953 694//951 
f 693//953 922//953 923//954 
f 923//954 648//955 693//953 
f 923//954 924//955 648//955 
f 921//952 922//953 693//953 
f 919//950 920//951 694//951 
f 917//948 918//949 695//949 
f 915//946 916//947 696//947 
f 913//944 914//945 697//945 
f 912//943 698//943 699//942 
f 911//942 699//942 700//941 
f 910//941 700//941 701//940 
f 909//940 701//940 702//939 
f 908//939 702//939 703//938 
f 907//938 703//938 704//937 
f 906//937 704//937 705//936 
f 905//936 705//936 706//935 
f 904//935 706//935 391//933 
o mesh13
f 650//956 649//955 925//957 
f 939//958 925//957 926//959 
f 940//960 926//959 927//961 
f 941//962 927//961 928//963 
f 942//964 928//963 929//965 
f 943//966 929//965 930//967 
f 944//968 930//967 931//969 
f 945//970 931//969 932//971 
f 946//972 932//971 933//973 
f 947//974 933//973 934//975 
f 948//976 934//975 935//977 
f 949//978 935//977 936//979 
f 950//980 936//979 937//981 
f 951//982 937//981 938//983 
f 952//984 938//983 692//985 
f 652//986 650//956 939//958 
f 953//987 939//958 940//960 
f 954//988 940//960 941//962 
f 955//989 941//962 942//964 
f 956//990 942//964 943//966 
f 957//991 943//966 944//968 
f 958//992 944//968 945//970 
f 959//993 945//970 946//972 
f 960//994 946//972 947//974 
f 961//995 947//974 948//976 
f 962//996 948//976 949//978 
f 963//997 949//978 950//980 
f 964//998 950//980 951//982 
f 965//999 951//982 952//984 
f 966//1000 952//984 691//1001 
f 654//1002 652//986 953//987 
f 967//1003 953//987 954//988 
f 968//1004 954//988 955//989 
f 969//1005 955//989 956//990 
f 970//1006 956//990 957//991 
f 971//1007 957//991 958//992 
f 972//1008 958//992 959//993 
f 973//1009 959//993 960//994 
f 974//1010 960//994 961//995 
f 975//1011 961//995 962//996 
f 976//1012 962//996 963//997 
f 977//1013 963//997 964//998 
f 978//1014 964//998 965//999 
f 979//1015 965//999 966//1000 
f 980//1016 966//1000 690//1017 
f 656//1018 654//1002 967//1003 
f 981//1019 967//1003 968//1004 
f 982//1020 968//1004 969//1005 
f 983//1021 969//1005 970//1006 
f 984//1022 970//1006 971//1007 
f 985//1023 971//1007 972//1008 
f 986//1024 972//1008 973//1009 
f 987//1025 973//1009 974//1010 
f 988//1026 974//1010 975//1011 
f 989//1027 975//1011 976//1012 
f 990//1028 976//1012 977//1013 
f 991//1029 977//1013 978//1014 
f 992//1030 978//1014 979//1015 
f 993//1031 979//1015 980//1016 
f 994//1032 980//1016 689//1033 
f 658//1034 656//1018 981//1019 
f 995//1035 981//1019 982//1020 
f 996//1036 982//1020 983//1021 
f 997//1037 983//1021 984//1022 
f 998//1038 984//1022 985//1023 
f 999//1039 985//1023 986//1024 
f 1000//1040 986//1024 987//1025 
f 1001//1041 987//1025 988//1026 
f 1002//1042 988//1026 989//1027 
f 1003//1043 989//1027 990//1028 
f 1004//1044 990//1028 991//1029 
f 1005//1045 991//1029 992//1030 
f 1006//1046 992//1030 993//1031 
f 1007//1047 993//1031 994//1032 
f 1008//1048 994//1032 688//1049 
f 660//1050 658//1034 995//1035 
f 1009//1051 995//1035 996//1036 
f 1010//1052 996//1036 997//1037 
f 1011//1053 997//1037 998//1038 
f 1012//1054 998//1038 999//1039 
f 1013//1055 999//1039 1000//1040 
f 1014//1056 1000//1040 1001//1041 
f 1015//1057 1001//1041 1002//1042 
f 1016//1058 1002//1042 1003//1043 
f 1017//1059 1003//1043 1004//1044 
f 1018//1060 1004//1044 1005//1045 
f 1019//1061 1005//1045 1006//1046 
f 1020//1062 1006//1046 1007//1047 
f 1021//1063 1007//1047 1008//1048 
f 1022//1064 1008//1048 687//1065 
f 662//1066 660//1050 1009//1051 
f 1023//1067 1009//1051 1010//1052 
f 1024//1068 1010//1052 1011//1053 
f 1025//1069 1011//1053 1012//1054 
f 1026//1070 1012//1054 1013//1055 
f 1027//1071 1013//1055 1014//1056 
f 1028//1072 1014//1056 1015//1057 
f 1029//1073 1015//1057 1016//1058 
f 1030//1074 1016//1058 1017//1059 
f 1031//1075 1017//1059 1018//1060 
f 1032//1076 1018//1060 1019//1061 
f 1033//1077 1019//1061 1020//1062 
f 1034//1078 1020//1062 1021//1063 
f 1035//1079 1021//1063 1022//1064 
f 1036//1080 1022//1064 686//1081 
f 664//1082 662//1066 1023//1067 
f 1037//1083 1023//1067 1024//1068 
f 1038//1084 1024//1068 1025//1069 
f 1039//1085 1025//1069 1026//1070 
f 1040//1086 1026//1070 1027//1071 
f 1041//1087 1027//1071 1028//1072 
f 1042//1088 1028//1072 1029//1073 
f 1043//1089 1029//1073 1030//1074 
f 1044//1090 1030//1074 1031//1075 
f 1045//1091 1031//1075 1032//1076 
f 1046//1092 1032//1076 1033//1077 
f 1047//1093 1033//1077 1034//1078 
f 1048//1094 1034//1078 1035//1079 
f 1049//1095 1035//1079 1036//1080 
f 1050//1096 1036//1080 685//1097 
f 666//1098 664//1082 1037//1083 
f 1051//1099 1037//1083 1038//1084 
f 1052//1100 1038//1084 1039//1085 
f 1053//1101 1039//1085 1040//1086 
f 1054//1102 1040//1086 1041//1087 
f 1055//1103 1041//1087 1042//1088 
f 1056//1104 1042//1088 1043//1089 
f 1057//1105 1043//1089 1044//1090 
f 1058//1106 1044//1090 1045//1091 
f 1059//1107 1045//1091 1046//1092 
f 1060//1108 1046//1092 1047//1093 
f 1061//1109 1047//1093 1048//1094 
f 1062//1110 1048//1094 1049//1095 
f 1063//1111 1049//1095 1050//1096 
f 1064//1112 1050//1096 684//1113 
f 668//1114 666//1098 1051//1099 
f 1065//1115 1051//1099 1052//1100 
f 1066//1116 1052//1100 1053//1101 
f 1067//1117 1053//1101 1054//1102 
f 1068//1118 1054//1102 1055//1103 
f 1069//1119 1055//1103 1056//1104 
f 1070//1120 1056//1104 1057//1105 
f 1071//1121 1057//1105 1058//1106 
f 1072//1122 1058//1106 1059//1107 
f 1073//1123 1059//1107 1060//1108 
f 1074//1124 1060//1108 1061//1109 
f 1075//1125 1061//1109 1062//1110 
f 1076//1126 1062//1110 1063//1111 
f 1077//1127 1063//1111 1064//1112 
f 1078//1128 1064//1112 683//1129 
f 670//1130 668//1114 1065//1115 
f 1079//1131 1065//1115 1066//1116 
f 1080//1132 1066//1116 1067//1117 
f 1081//1133 1067//1117 1068//1118 
f 1082//1134 1068//1118 1069//1119 
f 1083//1135 1069//1119 1070//1120 
f 1084//1136 1070//1120 1071//1121 
f 1085//1137 1071//1121 1072//1122 
f 1086//1138 1072//1122 1073//1123 
f 1087//1139 1073//1123 1074//1124 
f 1088//1140 1074//1124 1075//1125 
f 1089//1141 1075//1125 1076//1126 
f 1090//1142 1076//1126 1077//1127 
f 1091//1143 1077//1127 1078//1128 
f 1092//1144 1078//1128 682//1145 
f 672//1146 670//1130 1079//1131 
f 1093//1147 1079//1131 1080//1132 
f 1094//1148 1080//1132 1081//1133 
f 1095//1149 1081//1133 1082//1134 
f 1096//1150 1082//1134 1083//1135 
f 1097//1151 1083//1135 1084//1136 
f 1098//1152 1084//1136 1085//1137 
f 1099//1153 1085//1137 1086//1138 
f 1100//1154 1086//1138 1087//1139 
f 1101//1155 1087//1139 1088//1140 
f 1102//1156 1088//1140 1089//1141 
f 1103//1157 1089//1141 1090//1142 
f 1104//1158 1090//1142 1091//1143 
f 1105//1159 1091//1143 1092//1144 
f 1106//1160 1092//1144 681//1161 
f 674//1162 672//1146 1093//1147 
f 1107//1163 1093//1147 1094//1148 
f 1108//1164 1094//1148 1095//1149 
f 1109//1165 1095//1149 1096//1150 
f 1110//1166 1096//1150 1097//1151 
f 1111//1167 1097//1151 1098//1152 
f 1112//1168 1098//1152 1099//1153 
f 1113//1169 1099//1153 1100//1154 
f 1114//1170 1100//1154 1101//1155 
f 1115//1171 1101//1155 1102//1156 
f 1116//1172 1102//1156 1103//1157 
f 1117//1173 1103//1157 1104//1158 
f 1118//1174 1104//1158 1105//1159 
f 1119//1175 1105//1159 1106//1160 
f 1120//1176 1106//1160 680//1177 
f 676//1178 674//1162 1107//1163 
f 1121//1179 1107//1163 1108//1164 
f 1122//1180 1108//1164 1109//1165 
f 1123//1181 1109//1165 1110//1166 
f 1124//1182 1110//1166 1111//1167 
f 1125//1183 1111//1167 1112//1168 
f 1126//1184 1112//1168 1113//1169 
f 1127//1185 1113//1169 1114//1170 
f 1128//1186 1114//1170 1115//1171 
f 1129//1187 1115//1171 1116//1172 
f 1130//1188 1116//1172 1117//1173 
f 1131//1189 1117//1173 1118//1174 
f 1132//1190 1118//1174 1119//1175 
f 1133//1191 1119//1175 1120//1176 
f 1134//1192 1120//1176 679//1193 
f 647//1194 1134//1192 678//1195 
f 647//1194 1133//1191 1134//1192 
f 647//1194 1132//1190 1133//1191 
f 647//1194 1131//1189 1132//1190 
f 647//1194 1130//1188 1131//1189 
f 647//1194 1129//1187 1130//1188 
f 647//1194 1128//1186 1129//1187 
f 647//1194 1127//1185 1128//1186 
f 647//1194 1126//1184 1127//1185 
f 647//1194 1125//1183 1126//1184 
f 647//1194 1124//1182 1125//1183 
f 647//1194 1123//1181 1124//1182 
f 647//1194 1122//1180 1123//1181 
f 647//1194 1121//1179 1122//1180 
f 647//1194 676//1178 1121//1179 
f 679//1193 678//1195 1134//1192 
f 1120//1176 1134//1192 1133//1191 
f 1119//1175 1133//1191 1132//1190 
f 1118//1174 1132//1190 1131//1189 
f 1117//1173 1131//1189 1130//1188 
f 1116//1172 1130//1188 1129//1187 
f 1115//1171 1129//1187 1128//1186 
f 1114//1170 1128//1186 1127//1185 
f 1113//1169 1127//1185 1126//1184 
f 1112//1168 1126//1184 1125//1183 
f 1111//1167 1125//1183 1124//1182 
f 1110//1166 1124//1182 1123//1181 
f 1109//1165 1123//1181 1122//1180 
f 1108//1164 1122//1180 1121//1179 
f 1107//1163 1121//1179 676//1178 
f 680//1177 679//1193 1120//1176 
f 1106//1160 1120//1176 1119//1175 
f 1105//1159 1119//1175 1118//1174 
f 1104//1158 1118//1174 1117//1173 
f 1103//1157 1117//1173 1116//1172 
f 1102//1156 1116//1172 1115//1171 
f 1101//1155 1115//1171 1114//1170 
f 1100//1154 1114//1170 1113//1169 
f 1099//1153 1113//1169 1112//1168 
f 1098//1152 1112//1168 1111//1167 
f 1097//1151 1111//1167 1110//1166 
f 1096//1150 1110//1166 1109//1165 
f 1095//1149 1109//1165 1108//1164 
f 1094//1148 1108//1164 1107//1163 
f 1093//1147 1107//1163 674//1162 
f 681//1161 680//1177 1106//1160 
f 1092//1144 1106//1160 1105//1159 
f 1091//1143 1105//1159 1104//1158 
f 1090//1142 1104//1158 1103//1157 
f 1089//1141 1103//1157 1102//1156 
f 1088//1140 1102//1156 1101//1155 
f 1087//1139 1101//1155 1100//1154 
f 1086//1138 1100//1154 1099//1153 
f 1085//1137 1099//1153 1098//1152 
f 1084//1136 1098//1152 1097//1151 
f 1083//1135 1097//1151 1096//1150 
f 1082//1134 1096//1150 1095//1149 
f 1081//1133 1095//1149 1094//1148 
f 1080//1132 1094//1148 1093//1147 
f 1079//1131 1093//1147 672//1146 
f 682//1145 681//1161 1092//1144 
f 1078//1128 1092//1144 1091//1143 
f 1077//1127 1091//1143 1090//1142 
f 1076//1126 1090//1142 1089//1141 
f 1075//1125 1089//1141 1088//1140 
f 1074//1124 1088//1140 1087//1139 
f 1073//1123 1087//1139 1086//1138 
f 1072//1122 1086//1138 1085//1137 
f 1071//1121 1085//1137 1084//1136 
f 1070//1120 1084//1136 1083//1135 
f 1069//1119 1083//1135 1082//1134 
f 1068//1118 1082//1134 1081//1133 
f 1067//1117 1081//1133 1080//1132 
f 1066//1116 1080//1132 1079//1131 
f 1065//1115 1079//1131 670//1130 
f 683//1129 682//1145 1078//1128 
f 1064//1112 1078//1128 1077//1127 
f 1063//1111 1077//1127 1076//1126 
f 1062//1110 1076//1126 1075//1125 
f 1061//1109 1075//1125 1074//1124 
f 1060//1108 1074//1124 1073//1123 
f 1059//1107 1073//1123 1072//1122 
f 1058//1106 1072//1122 1071//1121 
f 1057//1105 1071//1121 1070//1120 
f 1056//1104 1070//1120 1069//1119 
f 1055//1103 1069//1119 1068//1118 
f 1054//1102 1068//1118 1067//1117 
f 1053//1101 1067//1117 1066//1116 
f 1052//1100 1066//1116 1065//1115 
f 1051//1099 1065//1115 668//1114 
f 684//1113 683//1129 1064//1112 
f 1050//1096 1064//1112 1063//1111 
f 1049//1095 1063//1111 1062//1110 
f 1048//1094 1062//1110 1061//1109 
f 1047//1093 1061//1109 1060//1108 
f 1046//1092 1060//1108 1059//1107 
f 1045//1091 1059//1107 1058//1106 
f 1044//1090 1058//1106 1057//1105 
f 1043//1089 1057//1105 1056//1104 
f 1042//1088 1056//1104 1055//1103 
f 1041//1087 1055//1103 1054//1102 
f 1040//1086 1054//1102 1053//1101 
f 1039//1085 1053//1101 1052//1100 
f 1038//1084 1052//1100 1051//1099 
f 1037//1083 1051//1099 666//1098 
f 685//1097 684//1113 1050//1096 
f 1036//1080 1050//1096 1049//1095 
f 1035//1079 1049//1095 1048//1094 
f 1034//1078 1048//1094 1047//1093 
f 1033//1077 1047//1093 1046//1092 
f 1032//1076 1046//1092 1045//1091 
f 1031//1075 1045//1091 1044//1090 
f 1030//1074 1044//1090 1043//1089 
f 1029//1073 1043//1089 1042//1088 
f 1028//1072 1042//1088 1041//1087 
f 1027//1071 1041//1087 1040//1086 
f 1026//1070 1040//1086 1039//1085 
f 1025//1069 1039//1085 1038//1084 
f 1024//1068 1038//1084 1037//1083 
f 1023//1067 1037//1083 664//1082 
f 686//1081 685//1097 1036//1080 
f 1022//1064 1036//1080 1035//1079 
f 1021//1063 1035//1079 1034//1078 
f 1020//1062 1034//1078 1033//1077 
f 1019//1061 1033//1077 1032//1076 
f 1018//1060 1032//1076 1031//1075 
f 1017//1059 1031//1075 1030//1074 
f 1016//1058 1030//1074 1029//1073 
f 1015//1057 1029//1073 1028//1072 
f 1014//1056 1028//1072 1027//1071 
f 1013//1055 1027//1071 1026//1070 
f 1012//1054 1026//1070 1025//1069 
f 1011//1053 1025//1069 1024//1068 
f 1010//1052 1024//1068 1023//1067 
f 1009//1051 1023//1067 662//1066 
f 687//1065 686//1081 1022//1064 
f 1008//1048 1022//1064 1021//1063 
f 1007//1047 1021//1063 1020//1062 
f 1006//1046 1020//1062 1019//1061 
f 1005//1045 1019//1061 1018//1060 
f 1004//1044 1018//1060 1017//1059 
f 1003//1043 1017//1059 1016//1058 
f 1002//1042 1016//1058 1015//1057 
f 1001//1041 1015//1057 1014//1056 
f 1000//1040 1014//1056 1013//1055 
f 999//1039 1013//1055 1012//1054 
f 998//1038 1012//1054 1011//1053 
f 997//1037 1011//1053 1010//1052 
f 996//1036 1010//1052 1009//1051 
f 995//1035 1009//1051 660//1050 
f 688//1049 687//1065 1008//1048 
f 994//1032 1008//1048 1007//1047 
f 993//1031 1007//1047 1006//1046 
f 992//1030 1006//1046 1005//1045 
f 991//1029 1005//1045 1004//1044 
f 990//1028 1004//1044 1003//1043 
f 989//1027 1003//1043 1002//1042 
f 988//1026 1002//1042 1001//1041 
f 987//1025 1001//1041 1000//1040 
f 986//1024 1000//1040 999//1039 
f 985//1023 999//1039 998//1038 
f 984//1022 998//1038 997//1037 
f 983//1021 997//1037 996//1036 
f 982//1020 996//1036 995//1035 
f 981//1019 995//1035 658//1034 
f 689//1033 688//1049 994//1032 
f 980//1016 994//1032 993//1031 
f 979//1015 993//1031 992//1030 
f 978//1014 992//1030 991//1029 
f 977//1013 991//1029 990//1028 
f 976//1012 990//1028 989//1027 
f 975//1011 989//1027 988//1026 
f 974//1010 988//1026 987//1025 
f 973//1009 987//1025 986//1024 
f 972//1008 986//1024 985//1023 
f 971//1007 985//1023 984//1022 
f 970//1006 984//1022 983//1021 
f 969//1005 983//1021 982//1020 
f 968//1004 982//1020 981//1019 
f 967//1003 981//1019 656//1018 
f 690//1017 689//1033 980//1016 
f 966//1000 980//1016 979//1015 
f 965//999 979//1015 978//1014 
f 964//998 978//1014 977//1013 
f 963//997 977//1013 976//1012 
f 962//996 976//1012 975//1011 
f 961//995 975//1011 974//1010 
f 960//994 974//1010 973//1009 
f 959//993 973//1009 972//1008 
f 958//992 972//1008 971//1007 
f 957//991 971//1007 970//1006 
f 956//990 970//1006 969//1005 
f 955//989 969//1005 968//1004 
f 954//988 968//1004 967//1003 
f 953//987 967//1003 654//1002 
f 691//1001 690//1017 966//1000 
f 952//984 966//1000 965//999 
f 951//982 965//999 964//998 
f 950//980 964//998 963//997 
f 949//978 963//997 962//996 
f 948//976 962//996 961//995 
f 947//974 961//995 960//994 
f 946//972 960//994 959//993 
f 945//970 959//993 958//992 
f 944//968 958//992 957//991 
f 943//966 957//991 956//990 
f 942//964 956//990 955//989 
f 941//962 955//989 954//988 
f 940//960 954//988 953//987 
f 939//958 953//987 652//986 
f 692//985 691//1001 952//984 
f 938//983 952//984 951//982 
f 937//981 951//982 950//980 
f 936//979 950//980 949//978 
f 935//977 949//978 948//976 
f 934//975 948//976 947//974 
f 933//973 947//974 946//972 
f 932//971 946//972 945//970 
f 931//969 945//970 944//968 
f 930//967 944//968 943//966 
f 929//965 943//966 942//964 
f 928//963 942//964 941//962 
f 927//961 941//962 940//960 
f 926//959 940//960 939//958 
f 925//957 939//958 650//956 
o mesh14
f 1135//1196 29//1196 27//1196 
f 1135//1196 649//1196 31//1196 
f 924//1196 99//1196 97//1196 
f 31//1196 29//1196 1135//1196 
f 924//1196 93//1196 91//1196 
f 97//1196 95//1196 924//1196 
f 924//1196 109//1196 107//1196 
f 649//1196 33//1196 31//1196 
f 649//1196 41//1196 39//1196 
f 95//1196 93//1196 924//1196 
f 924//1196 111//1196 109//1196 
f 1135//1196 9//1196 7//1196 
f 1135//1196 13//1196 11//1196 
f 649//1196 35//1196 33//1196 
f 39//1196 37//1196 649//1196 
f 924//1196 101//1196 99//1196 
f 924//1196 105//1196 103//1196 
f 924//1196 113//1196 111//1196 
f 924//1196 116//1196 115//1196 
f 924//1196 1135//1196 3//1196 
f 11//1196 9//1196 1135//1196 
f 1135//1196 17//1196 15//1196 
f 1135//1196 25//1196 23//1196 
f 37//1196 35//1196 649//1196 
f 649//1196 47//1196 45//1196 
f 648//1196 83//1196 81//1196 
f 648//1196 87//1196 85//1196 
f 103//1196 101//1196 924//1196 
f 115//1196 113//1196 924//1196 
f 1135//1196 5//1196 3//1196 
f 15//1196 13//1196 1135//1196 
f 27//1196 25//1196 1135//1196 
f 45//1196 43//1196 649//1196 
f 649//1196 55//1196 53//1196 
f 648//1196 71//1196 69//1196 
f 648//1196 79//1196 77//1196 
f 85//1196 83//1196 648//1196 
f 648//1196 91//1196 89//1196 
f 107//1196 105//1196 924//1196 
f 7//1196 5//1196 1135//1196 
f 1135//1196 21//1196 19//1196 
f 43//1196 41//1196 649//1196 
f 53//1196 51//1196 649//1196 
f 649//1196 648//1196 61//1196 
f 648//1196 73//1196 71//1196 
f 77//1196 75//1196 648//1196 
f 89//1196 87//1196 648//1196 
f 3//1196 116//1196 924//1196 
f 23//1196 21//1196 1135//1196 
f 649//1196 57//1196 55//1196 
f 61//1196 59//1196 649//1196 
f 648//1196 65//1196 63//1196 
f 69//1196 67//1196 648//1196 
f 81//1196 79//1196 648//1196 
f 19//1196 17//1196 1135//1196 
f 51//1196 49//1196 649//1196 
f 63//1196 61//1196 648//1196 
f 75//1196 73//1196 648//1196 
f 49//1196 47//1196 649//1196 
f 67//1196 65//1196 648//1196 
f 59//1196 57//1196 649//1196 
f 91//1196 648//1196 924//1196 
o mesh15
f 923//1197 1136//1198 1137//1197 
f 1137//1197 924//1199 923//1197 
f 923//1197 922//1198 1136//1198 
f 921//1200 1138//1201 1139//1200 
f 1139//1200 922//1198 921//1200 
f 921//1200 920//1201 1138//1201 
f 919//1202 1140//1203 1141//1202 
f 1141//1202 920//1201 919//1202 
f 1141//1202 1138//1201 920//1201 
f 917//1204 1142//1205 1143//1204 
f 1143//1204 918//1206 917//1204 
f 1143//1204 1140//1203 918//1206 
f 915//1207 1144//1208 1145//1207 
f 1145//1207 916//1209 915//1207 
f 915//1207 914//1208 1144//1208 
f 913//1210 1146//1211 1147//1210 
f 1147//1210 914//1208 913//1210 
f 913//1210 912//1211 1146//1211 
f 911//1212 1148//1212 1146//1211 
f 910//1213 1149//1213 1148//1212 
f 1150//1214 1149//1213 910//1213 
f 908//1215 1151//1215 1150//1214 
f 907//1216 1152//1216 1151//1215 
f 906//1217 1153//1217 1152//1216 
f 905//1218 1154//1218 1153//1217 
f 1155//1219 1154//1218 905//1218 
f 903//1220 1156//1220 1155//1219 
f 1155//1219 904//1219 903//1220 
f 905//1218 904//1219 1155//1219 
f 1153//1217 906//1217 905//1218 
f 1152//1216 907//1216 906//1217 
f 1151//1215 908//1215 907//1216 
f 1150//1214 909//1221 908//1215 
f 910//1213 909//1221 1150//1214 
f 1148//1212 911//1212 910//1213 
f 1146//1211 912//1211 911//1212 
f 1147//1210 1144//1208 914//1208 
f 1145//1207 1142//1205 916//1209 
f 917//1204 916//1209 1142//1205 
f 919//1202 918//1206 1140//1203 
f 1139//1200 1136//1198 922//1198 
f 1137//1197 1157//1222 924//1199 
o mesh16
f 925//1223 649//1224 1135//1224 
f 1135//1224 1158//1225 925//1223 
f 926//1226 925//1223 1159//1227 
f 1159//1227 1160//1228 926//1226 
f 927//1229 926//1226 1161//1230 
f 1161//1230 1162//1231 927//1229 
f 928//1232 927//1229 1163//1233 
f 1163//1233 1164//1234 928//1232 
f 929//1235 928//1232 1165//1236 
f 1165//1236 1166//1237 929//1235 
f 930//1238 929//1235 1167//1239 
f 1167//1239 1168//1240 930//1238 
f 931//1241 930//1238 1169//1242 
f 932//1243 931//1241 1170//1244 
f 933//1245 932//1243 1171//1246 
f 934//1247 933//1245 1172//1248 
f 935//1249 934//1247 1173//1250 
f 936//1251 935//1249 1174//1252 
f 937//1253 936//1251 1175//1254 
f 938//1255 937//1253 1176//1256 
f 692//1257 938//1255 1177//1258 
f 1177//1258 1178//1257 692//1257 
f 1176//1256 1177//1258 938//1255 
f 1175//1254 1176//1256 937//1253 
f 1174//1252 1175//1254 936//1251 
f 1173//1250 1174//1252 935//1249 
f 1172//1248 1173//1250 934//1247 
f 1171//1246 1172//1248 933//1245 
f 1170//1244 1171//1246 932//1243 
f 1169//1242 1170//1244 931//1241 
f 1168//1240 1169//1242 930//1238 
f 1166//1237 1167//1239 929//1235 
f 1164//1234 1165//1236 928//1232 
f 1162//1231 1163//1233 927//1229 
f 1160//1228 1161//1230 926//1226 
f 1158//1225 1159//1227 925//1223 
o mesh17
f 1179//1257 408//1257 1178//1257 
f 407//1257 692//1257 1178//1257 
f 1178//1257 408//1257 407//1257 
f 1178//1257 1180//1257 1179//1257 
o mesh18
f 1180//1257 1178//1257 1177//1259 
f 1181//1259 1177//1259 1176//1260 
f 1182//1260 1176//1260 1175//1261 
f 1183//1261 1175//1261 1174//1262 
f 1184//1262 1174//1262 1173//1263 
f 1185//1263 1173//1263 1172//1264 
f 1186//1264 1172//1264 1171//1265 
f 1187//1265 1171//1265 1170//1266 
f 1188//1266 1170//1266 1169//1267 
f 1189//1267 1169//1267 1168//1268 
f 1168//1268 1190//1269 1189//1267 
f 1190//1269 1167//1269 1166//1270 
f 1166//1270 1191//1271 1190//1269 
f 1191//1271 1165//1271 1164//1272 
f 1164//1272 1192//1273 1191//1271 
f 1192//1273 1163//1273 1162//1274 
f 1162//1274 1193//1275 1192//1273 
f 1193//1275 1161//1275 1160//1276 
f 1160//1276 1194//1277 1193//1275 
f 1194//1277 1159//1277 1158//1278 
f 1158//1278 1195//1279 1194//1277 
f 1158//1278 1135//1279 1195//1279 
f 1160//1276 1159//1277 1194//1277 
f 1162//1274 1161//1275 1193//1275 
f 1164//1272 1163//1273 1192//1273 
f 1166//1270 1165//1271 1191//1271 
f 1168//1268 1167//1269 1190//1269 
f 1169//1267 1189//1267 1188//1266 
f 1170//1266 1188//1266 1187//1265 
f 1171//1265 1187//1265 1186//1264 
f 1172//1264 1186//1264 1185//1263 
f 1173//1263 1185//1263 1184//1262 
f 1174//1262 1184//1262 1183//1261 
f 1175//1261 1183//1261 1182//1260 
f 1176//1260 1182//1260 1181//1259 
f 1177//1259 1181//1259 1180//1257 
o mesh19
f 1196//1280 1179//1281 1180//1281 
f 1197//1282 1196//1280 1198//1283 
f 1199//1284 1197//1282 1200//1285 
f 1201//1286 1199//1284 1202//1287 
f 1203//1288 1201//1286 1204//1289 
f 1205//1290 1203//1288 1206//1291 
f 1207//1292 1205//1290 1208//1293 
f 1209//1294 1207//1292 1210//1295 
f 1211//1296 1209//1294 1212//1297 
f 1213//1298 1211//1296 1214//1299 
f 1215//1300 1213//1298 1216//1301 
f 1217//1302 1215//1300 1218//1303 
f 1219//1304 1217//1302 1220//1305 
f 1221//1306 1219//1304 1222//1307 
f 1223//1308 1221//1306 1224//1309 
f 1224//1309 1225//1308 1223//1308 
f 1222//1307 1224//1309 1221//1306 
f 1220//1305 1222//1307 1219//1304 
f 1218//1303 1220//1305 1217//1302 
f 1216//1301 1218//1303 1215//1300 
f 1214//1299 1216//1301 1213//1298 
f 1212//1297 1214//1299 1211//1296 
f 1210//1295 1212//1297 1209//1294 
f 1208//1293 1210//1295 1207//1292 
f 1206//1291 1208//1293 1205//1290 
f 1204//1289 1206//1291 1203//1288 
f 1202//1287 1204//1289 1201//1286 
f 1200//1285 1202//1287 1199//1284 
f 1198//1283 1200//1285 1197//1282 
f 1180//1281 1198//1283 1196//1280 
o mesh20
f 1226//1310 1225//1311 1224//1312 
f 1255//1313 1224//1312 1222//1314 
f 1256//1315 1222//1314 1220//1316 
f 1257//1317 1220//1316 1218//1318 
f 1258//1319 1218//1318 1216//1320 
f 1259//1321 1216//1320 1214//1322 
f 1260//1323 1214//1322 1212//1324 
f 1261//1325 1212//1324 1210//1326 
f 1262//1327 1210//1326 1208//1328 
f 1263//1329 1208//1328 1206//1330 
f 1264//1331 1206//1330 1204//1332 
f 1265//1333 1204//1332 1202//1334 
f 1266//1335 1202//1334 1200//1336 
f 1267//1337 1200//1336 1198//1338 
f 1268//1339 1198//1338 1180//1340 
f 1227//1341 1226//1310 1255//1313 
f 1269//1342 1255//1313 1256//1315 
f 1270//1343 1256//1315 1257//1317 
f 1271//1344 1257//1317 1258//1319 
f 1272//1345 1258//1319 1259//1321 
f 1273//1346 1259//1321 1260//1323 
f 1274//1347 1260//1323 1261//1325 
f 1275//1348 1261//1325 1262//1327 
f 1276//1349 1262//1327 1263//1329 
f 1277//1350 1263//1329 1264//1331 
f 1278//1351 1264//1331 1265//1333 
f 1279//1352 1265//1333 1266//1335 
f 1280//1353 1266//1335 1267//1337 
f 1281//1354 1267//1337 1268//1339 
f 1282//1355 1268//1339 1181//1356 
f 1228//1357 1227//1341 1269//1342 
f 1283//1358 1269//1342 1270//1343 
f 1284//1359 1270//1343 1271//1344 
f 1285//1360 1271//1344 1272//1345 
f 1286//1361 1272//1345 1273//1346 
f 1287//1362 1273//1346 1274//1347 
f 1288//1363 1274//1347 1275//1348 
f 1289//1364 1275//1348 1276//1349 
f 1290//1365 1276//1349 1277//1350 
f 1291//1366 1277//1350 1278//1351 
f 1292//1367 1278//1351 1279//1352 
f 1293//1368 1279//1352 1280//1353 
f 1294//1369 1280//1353 1281//1354 
f 1295//1370 1281//1354 1282//1355 
f 1296//1371 1282//1355 1182//1372 
f 1229//1373 1228//1357 1283//1358 
f 1297//1374 1283//1358 1284//1359 
f 1298//1375 1284//1359 1285//1360 
f 1299//1376 1285//1360 1286//1361 
f 1300//1377 1286//1361 1287//1362 
f 1301//1378 1287//1362 1288//1363 
f 1302//1379 1288//1363 1289//1364 
f 1303//1380 1289//1364 1290//1365 
f 1304//1381 1290//1365 1291//1366 
f 1305//1382 1291//1366 1292//1367 
f 1306//1383 1292//1367 1293//1368 
f 1307//1384 1293//1368 1294//1369 
f 1308//1385 1294//1369 1295//1370 
f 1309//1386 1295//1370 1296//1371 
f 1310//1387 1296//1371 1183//1388 
f 1230//1389 1229//1373 1297//1374 
f 1311//1390 1297//1374 1298//1375 
f 1312//1391 1298//1375 1299//1376 
f 1313//1392 1299//1376 1300//1377 
f 1314//1393 1300//1377 1301//1378 
f 1315//1394 1301//1378 1302//1379 
f 1316//1395 1302//1379 1303//1380 
f 1317//1396 1303//1380 1304//1381 
f 1318//1397 1304//1381 1305//1382 
f 1319//1398 1305//1382 1306//1383 
f 1320//1399 1306//1383 1307//1384 
f 1321//1400 1307//1384 1308//1385 
f 1322//1401 1308//1385 1309//1386 
f 1323//1402 1309//1386 1310//1387 
f 1324//1403 1310//1387 1184//1404 
f 1231//1405 1230//1389 1311//1390 
f 1325//1406 1311//1390 1312//1391 
f 1326//1407 1312//1391 1313//1392 
f 1327//1408 1313//1392 1314//1393 
f 1328//1409 1314//1393 1315//1394 
f 1329//1410 1315//1394 1316//1395 
f 1330//1411 1316//1395 1317//1396 
f 1331//1412 1317//1396 1318//1397 
f 1332//1413 1318//1397 1319//1398 
f 1333//1414 1319//1398 1320//1399 
f 1334//1415 1320//1399 1321//1400 
f 1335//1416 1321//1400 1322//1401 
f 1336//1417 1322//1401 1323//1402 
f 1337//1418 1323//1402 1324//1403 
f 1338//1419 1324//1403 1185//1420 
f 1232//1421 1231//1405 1325//1406 
f 1339//1422 1325//1406 1326//1407 
f 1340//1423 1326//1407 1327//1408 
f 1341//1424 1327//1408 1328//1409 
f 1342//1425 1328//1409 1329//1410 
f 1343//1426 1329//1410 1330//1411 
f 1344//1427 1330//1411 1331//1412 
f 1345//1428 1331//1412 1332//1413 
f 1346//1429 1332//1413 1333//1414 
f 1347//1430 1333//1414 1334//1415 
f 1348//1431 1334//1415 1335//1416 
f 1349//1432 1335//1416 1336//1417 
f 1350//1433 1336//1417 1337//1418 
f 1351//1434 1337//1418 1338//1419 
f 1352//1435 1338//1419 1186//1436 
f 1233//1437 1232//1421 1339//1422 
f 1353//1438 1339//1422 1340//1423 
f 1354//1439 1340//1423 1341//1424 
f 1355//1440 1341//1424 1342//1425 
f 1356//1441 1342//1425 1343//1426 
f 1357//1442 1343//1426 1344//1427 
f 1358//1443 1344//1427 1345//1428 
f 1359//1444 1345//1428 1346//1429 
f 1360//1445 1346//1429 1347//1430 
f 1361//1446 1347//1430 1348//1431 
f 1362//1447 1348//1431 1349//1432 
f 1363//1448 1349//1432 1350//1433 
f 1364//1449 1350//1433 1351//1434 
f 1365//1450 1351//1434 1352//1435 
f 1366//1451 1352//1435 1187//1452 
f 1234//1453 1233//1437 1353//1438 
f 1367//1454 1353//1438 1354//1439 
f 1368//1455 1354//1439 1355//1440 
f 1369//1456 1355//1440 1356//1441 
f 1370//1457 1356//1441 1357//1442 
f 1371//1458 1357//1442 1358//1443 
f 1372//1459 1358//1443 1359//1444 
f 1373//1460 1359//1444 1360//1445 
f 1374//1461 1360//1445 1361//1446 
f 1375//1462 1361//1446 1362//1447 
f 1376//1463 1362//1447 1363//1448 
f 1377//1464 1363//1448 1364//1449 
f 1378//1465 1364//1449 1365//1450 
f 1379//1466 1365//1450 1366//1451 
f 1380//1467 1366//1451 1188//1468 
f 1235//1469 1234//1453 1367//1454 
f 1381//1470 1367//1454 1368//1455 
f 1382//1471 1368//1455 1369//1456 
f 1383//1472 1369//1456 1370//1457 
f 1384//1473 1370//1457 1371//1458 
f 1385//1474 1371//1458 1372//1459 
f 1386//1475 1372//1459 1373//1460 
f 1387//1476 1373//1460 1374//1461 
f 1388//1477 1374//1461 1375//1462 
f 1389//1478 1375//1462 1376//1463 
f 1390//1479 1376//1463 1377//1464 
f 1391//1480 1377//1464 1378//1465 
f 1392//1481 1378//1465 1379//1466 
f 1393//1482 1379//1466 1380//1467 
f 1394//1483 1380//1467 1189//1484 
f 1236//1485 1235//1469 1381//1470 
f 1395//1486 1381//1470 1382//1471 
f 1396//1487 1382//1471 1383//1472 
f 1397//1488 1383//1472 1384//1473 
f 1398//1489 1384//1473 1385//1474 
f 1399//1490 1385//1474 1386//1475 
f 1400//1491 1386//1475 1387//1476 
f 1401//1492 1387//1476 1388//1477 
f 1402//1493 1388//1477 1389//1478 
f 1403//1494 1389//1478 1390//1479 
f 1404//1495 1390//1479 1391//1480 
f 1405//1496 1391//1480 1392//1481 
f 1406//1497 1392//1481 1393//1482 
f 1407//1498 1393//1482 1394//1483 
f 1408//1499 1394//1483 1190//1500 
f 1237//1501 1236//1485 1395//1486 
f 1409//1502 1395//1486 1396//1487 
f 1410//1503 1396//1487 1397//1488 
f 1411//1504 1397//1488 1398//1489 
f 1412//1505 1398//1489 1399//1490 
f 1413//1506 1399//1490 1400//1491 
f 1414//1507 1400//1491 1401//1492 
f 1415//1508 1401//1492 1402//1493 
f 1416//1509 1402//1493 1403//1494 
f 1417//1510 1403//1494 1404//1495 
f 1418//1511 1404//1495 1405//1496 
f 1419//1512 1405//1496 1406//1497 
f 1420//1513 1406//1497 1407//1498 
f 1421//1514 1407//1498 1408//1499 
f 1422//1515 1408//1499 1191//1516 
f 1238//1517 1237//1501 1409//1502 
f 1423//1518 1409//1502 1410//1503 
f 1424//1519 1410//1503 1411//1504 
f 1425//1520 1411//1504 1412//1505 
f 1426//1521 1412//1505 1413//1506 
f 1427//1522 1413//1506 1414//1507 
f 1428//1523 1414//1507 1415//1508 
f 1429//1524 1415//1508 1416//1509 
f 1430//1525 1416//1509 1417//1510 
f 1431//1526 1417//1510 1418//1511 
f 1432//1527 1418//1511 1419//1512 
f 1433//1528 1419//1512 1420//1513 
f 1434//1529 1420//1513 1421//1514 
f 1435//1530 1421//1514 1422//1515 
f 1436//1531 1422//1515 1192//1532 
f 1239//1533 1238//1517 1423//1518 
f 1437//1534 1423//1518 1424//1519 
f 1438//1535 1424//1519 1425//1520 
f 1439//1536 1425//1520 1426//1521 
f 1440//1537 1426//1521 1427//1522 
f 1441//1538 1427//1522 1428//1523 
f 1442//1539 1428//1523 1429//1524 
f 1443//1540 1429//1524 1430//1525 
f 1444//1541 1430//1525 1431//1526 
f 1445//1542 1431//1526 1432//1527 
f 1446//1543 1432//1527 1433//1528 
f 1447//1544 1433//1528 1434//1529 
f 1448//1545 1434//1529 1435//1530 
f 1449//1546 1435//1530 1436//1531 
f 1450//1547 1436//1531 1193//1548 
f 1240//1549 1239//1533 1437//1534 
f 1241//1549 1437//1534 1438//1535 
f 1242//1549 1438//1535 1439//1536 
f 1243//1549 1439//1536 1440//1537 
f 1244//1549 1440//1537 1441//1538 
f 1245//1549 1441//1538 1442//1539 
f 1246//1549 1442//1539 1443//1540 
f 1247//1549 1443//1540 1444//1541 
f 1248//1549 1444//1541 1445//1542 
f 1249//1549 1445//1542 1446//1543 
f 1250//1549 1446//1543 1447//1544 
f 1251//1549 1447//1544 1448//1545 
f 1252//1549 1448//1545 1449//1546 
f 1253//1549 1449//1546 1450//1547 
f 1254//1549 1450//1547 1194//1550 
f 1194//1550 1195//1549 1254//1549 
f 1450//1547 1254//1549 1253//1549 
f 1449//1546 1253//1549 1252//1549 
f 1448//1545 1252//1549 1251//1549 
f 1447//1544 1251//1549 1250//1549 
f 1446//1543 1250//1549 1249//1549 
f 1445//1542 1249//1549 1248//1549 
f 1444//1541 1248//1549 1247//1549 
f 1443//1540 1247//1549 1246//1549 
f 1442//1539 1246//1549 1245//1549 
f 1441//1538 1245//1549 1244//1549 
f 1440//1537 1244//1549 1243//1549 
f 1439//1536 1243//1549 1242//1549 
f 1438//1535 1242//1549 1241//1549 
f 1437//1534 1241//1549 1240//1549 
f 1193//1548 1194//1550 1450//1547 
f 1436//1531 1450//1547 1449//1546 
f 1435//1530 1449//1546 1448//1545 
f 1434//1529 1448//1545 1447//1544 
f 1433//1528 1447//1544 1446//1543 
f 1432//1527 1446//1543 1445//1542 
f 1431//1526 1445//1542 1444//1541 
f 1430//1525 1444//1541 1443//1540 
f 1429//1524 1443//1540 1442//1539 
f 1428//1523 1442//1539 1441//1538 
f 1427//1522 1441//1538 1440//1537 
f 1426//1521 1440//1537 1439//1536 
f 1425//1520 1439//1536 1438//1535 
f 1424//1519 1438//1535 1437//1534 
f 1423//1518 1437//1534 1239//1533 
f 1192//1532 1193//1548 1436//1531 
f 1422//1515 1436//1531 1435//1530 
f 1421//1514 1435//1530 1434//1529 
f 1420//1513 1434//1529 1433//1528 
f 1419//1512 1433//1528 1432//1527 
f 1418//1511 1432//1527 1431//1526 
f 1417//1510 1431//1526 1430//1525 
f 1416//1509 1430//1525 1429//1524 
f 1415//1508 1429//1524 1428//1523 
f 1414//1507 1428//1523 1427//1522 
f 1413//1506 1427//1522 1426//1521 
f 1412//1505 1426//1521 1425//1520 
f 1411//1504 1425//1520 1424//1519 
f 1410//1503 1424//1519 1423//1518 
f 1409//1502 1423//1518 1238//1517 
f 1191//1516 1192//1532 1422//1515 
f 1408//1499 1422//1515 1421//1514 
f 1407//1498 1421//1514 1420//1513 
f 1406//1497 1420//1513 1419//1512 
f 1405//1496 1419//1512 1418//1511 
f 1404//1495 1418//1511 1417//1510 
f 1403//1494 1417//1510 1416//1509 
f 1402//1493 1416//1509 1415//1508 
f 1401//1492 1415//1508 1414//1507 
f 1400//1491 1414//1507 1413//1506 
f 1399//1490 1413//1506 1412//1505 
f 1398//1489 1412//1505 1411//1504 
f 1397//1488 1411//1504 1410//1503 
f 1396//1487 1410//1503 1409//1502 
f 1395//1486 1409//1502 1237//1501 
f 1190//1500 1191//1516 1408//1499 
f 1394//1483 1408//1499 1407//1498 
f 1393//1482 1407//1498 1406//1497 
f 1392//1481 1406//1497 1405//1496 
f 1391//1480 1405//1496 1404//1495 
f 1390//1479 1404//1495 1403//1494 
f 1389//1478 1403//1494 1402//1493 
f 1388//1477 1402//1493 1401//1492 
f 1387//1476 1401//1492 1400//1491 
f 1386//1475 1400//1491 1399//1490 
f 1385//1474 1399//1490 1398//1489 
f 1384//1473 1398//1489 1397//1488 
f 1383//1472 1397//1488 1396//1487 
f 1382//1471 1396//1487 1395//1486 
f 1381//1470 1395//1486 1236//1485 
f 1189//1484 1190//1500 1394//1483 
f 1380//1467 1394//1483 1393//1482 
f 1379//1466 1393//1482 1392//1481 
f 1378//1465 1392//1481 1391//1480 
f 1377//1464 1391//1480 1390//1479 
f 1376//1463 1390//1479 1389//1478 
f 1375//1462 1389//1478 1388//1477 
f 1374//1461 1388//1477 1387//1476 
f 1373//1460 1387//1476 1386//1475 
f 1372//1459 1386//1475 1385//1474 
f 1371//1458 1385//1474 1384//1473 
f 1370//1457 1384//1473 1383//1472 
f 1369//1456 1383//1472 1382//1471 
f 1368//1455 1382//1471 1381//1470 
f 1367//1454 1381//1470 1235//1469 
f 1188//1468 1189//1484 1380//1467 
f 1366//1451 1380//1467 1379//1466 
f 1365//1450 1379//1466 1378//1465 
f 1364//1449 1378//1465 1377//1464 
f 1363//1448 1377//1464 1376//1463 
f 1362//1447 1376//1463 1375//1462 
f 1361//1446 1375//1462 1374//1461 
f 1360//1445 1374//1461 1373//1460 
f 1359//1444 1373//1460 1372//1459 
f 1358//1443 1372//1459 1371//1458 
f 1357//1442 1371//1458 1370//1457 
f 1356//1441 1370//1457 1369//1456 
f 1355//1440 1369//1456 1368//1455 
f 1354//1439 1368//1455 1367//1454 
f 1353//1438 1367//1454 1234//1453 
f 1187//1452 1188//1468 1366//1451 
f 1352//1435 1366//1451 1365//1450 
f 1351//1434 1365//1450 1364//1449 
f 1350//1433 1364//1449 1363//1448 
f 1349//1432 1363//1448 1362//1447 
f 1348//1431 1362//1447 1361//1446 
f 1347//1430 1361//1446 1360//1445 
f 1346//1429 1360//1445 1359//1444 
f 1345//1428 1359//1444 1358//1443 
f 1344//1427 1358//1443 1357//1442 
f 1343//1426 1357//1442 1356//1441 
f 1342//1425 1356//1441 1355//1440 
f 1341//1424 1355//1440 1354//1439 
f 1340//1423 1354//1439 1353//1438 
f 1339//1422 1353//1438 1233//1437 
f 1186//1436 1187//1452 1352//1435 
f 1338//1419 1352//1435 1351//1434 
f 1337//1418 1351//1434 1350//1433 
f 1336//1417 1350//1433 1349//1432 
f 1335//1416 1349//1432 1348//1431 
f 1334//1415 1348//1431 1347//1430 
f 1333//1414 1347//1430 1346//1429 
f 1332//1413 1346//1429 1345//1428 
f 1331//1412 1345//1428 1344//1427 
f 1330//1411 1344//1427 1343//1426 
f 1329//1410 1343//1426 1342//1425 
f 1328//1409 1342//1425 1341//1424 
f 1327//1408 1341//1424 1340//1423 
f 1326//1407 1340//1423 1339//1422 
f 1325//1406 1339//1422 1232//1421 
f 1185//1420 1186//1436 1338//1419 
f 1324//1403 1338//1419 1337//1418 
f 1323//1402 1337//1418 1336//1417 
f 1322//1401 1336//1417 1335//1416 
f 1321//1400 1335//1416 1334//1415 
f 1320//1399 1334//1415 1333//1414 
f 1319//1398 1333//1414 1332//1413 
f 1318//1397 1332//1413 1331//1412 
f 1317//1396 1331//1412 1330//1411 
f 1316//1395 1330//1411 1329//1410 
f 1315//1394 1329//1410 1328//1409 
f 1314//1393 1328//1409 1327//1408 
f 1313//1392 1327//1408 1326//1407 
f 1312//1391 1326//1407 1325//1406 
f 1311//1390 1325//1406 1231//1405 
f 1184//1404 1185//1420 1324//1403 
f 1310//1387 1324//1403 1323//1402 
f 1309//1386 1323//1402 1322//1401 
f 1308//1385 1322//1401 1321//1400 
f 1307//1384 1321//1400 1320//1399 
f 1306//1383 1320//1399 1319//1398 
f 1305//1382 1319//1398 1318//1397 
f 1304//1381 1318//1397 1317//1396 
f 1303//1380 1317//1396 1316//1395 
f 1302//1379 1316//1395 1315//1394 
f 1301//1378 1315//1394 1314//1393 
f 1300//1377 1314//1393 1313//1392 
f 1299//1376 1313//1392 1312//1391 
f 1298//1375 1312//1391 1311//1390 
f 1297//1374 1311//1390 1230//1389 
f 1183//1388 1184//1404 1310//1387 
f 1296//1371 1310//1387 1309//1386 
f 1295//1370 1309//1386 1308//1385 
f 1294//1369 1308//1385 1307//1384 
f 1293//1368 1307//1384 1306//1383 
f 1292//1367 1306//1383 1305//1382 
f 1291//1366 1305//1382 1304//1381 
f 1290//1365 1304//1381 1303//1380 
f 1289//1364 1303//1380 1302//1379 
f 1288//1363 1302//1379 1301//1378 
f 1287//1362 1301//1378 1300//1377 
f 1286//1361 1300//1377 1299//1376 
f 1285//1360 1299//1376 1298//1375 
f 1284//1359 1298//1375 1297//1374 
f 1283//1358 1297//1374 1229//1373 
f 1182//1372 1183//1388 1296//1371 
f 1282//1355 1296//1371 1295//1370 
f 1281//1354 1295//1370 1294//1369 
f 1280//1353 1294//1369 1293//1368 
f 1279//1352 1293//1368 1292//1367 
f 1278//1351 1292//1367 1291//1366 
f 1277//1350 1291//1366 1290//1365 
f 1276//1349 1290//1365 1289//1364 
f 1275//1348 1289//1364 1288//1363 
f 1274//1347 1288//1363 1287//1362 
f 1273//1346 1287//1362 1286//1361 
f 1272//1345 1286//1361 1285//1360 
f 1271//1344 1285//1360 1284//1359 
f 1270//1343 1284//1359 1283//1358 
f 1269//1342 1283//1358 1228//1357 
f 1181//1356 1182//1372 1282//1355 
f 1268//1339 1282//1355 1281//1354 
f 1267//1337 1281//1354 1280//1353 
f 1266//1335 1280//1353 1279//1352 
f 1265//1333 1279//1352 1278//1351 
f 1264//1331 1278//1351 1277//1350 
f 1263//1329 1277//1350 1276//1349 
f 1262//1327 1276//1349 1275//1348 
f 1261//1325 1275//1348 1274//1347 
f 1260//1323 1274//1347 1273//1346 
f 1259//1321 1273//1346 1272//1345 
f 1258//1319 1272//1345 1271//1344 
f 1257//1317 1271//1344 1270//1343 
f 1256//1315 1270//1343 1269//1342 
f 1255//1313 1269//1342 1227//1341 
f 1180//1340 1181//1356 1268//1339 
f 1198//1338 1268//1339 1267//1337 
f 1200//1336 1267//1337 1266//1335 
f 1202//1334 1266//1335 1265//1333 
f 1204//1332 1265//1333 1264//1331 
f 1206//1330 1264//1331 1263//1329 
f 1208//1328 1263//1329 1262//1327 
f 1210//1326 1262//1327 1261//1325 
f 1212//1324 1261//1325 1260//1323 
f 1214//1322 1260//1323 1259//1321 
f 1216//1320 1259//1321 1258//1319 
f 1218//1318 1258//1319 1257//1317 
f 1220//1316 1257//1317 1256//1315 
f 1222//1314 1256//1315 1255//1313 
f 1224//1312 1255//1313 1226//1310 
o mesh21
f 1239//1551 1240//1552 1451//1552 
f 1451//1552 1452//1553 1239//1551 
f 1238//1554 1239//1551 1453//1555 
f 1453//1555 1454//1556 1238//1554 
f 1237//1557 1238//1554 1455//1558 
f 1455//1558 1456//1559 1237//1557 
f 1236//1560 1237//1557 1457//1561 
f 1457//1561 1458//1562 1236//1560 
f 1235//1563 1236//1560 1459//1564 
f 1459//1564 1460//1565 1235//1563 
f 1234//1566 1235//1563 1461//1567 
f 1461//1567 1462//1568 1234//1566 
f 1233//1569 1234//1566 1463//1570 
f 1232//1571 1233//1569 1464//1572 
f 1231//1573 1232//1571 1465//1574 
f 1230//1575 1231//1573 1466//1576 
f 1229//1577 1230//1575 1467//1578 
f 1228//1579 1229//1577 1468//1580 
f 1227//1581 1228//1579 1469//1582 
f 1226//1583 1227//1581 1470//1584 
f 1225//1585 1226//1583 1471//1586 
f 1471//1586 1472//1585 1225//1585 
f 1470//1584 1471//1586 1226//1583 
f 1469//1582 1470//1584 1227//1581 
f 1468//1580 1469//1582 1228//1579 
f 1467//1578 1468//1580 1229//1577 
f 1466//1576 1467//1578 1230//1575 
f 1465//1574 1466//1576 1231//1573 
f 1464//1572 1465//1574 1232//1571 
f 1463//1570 1464//1572 1233//1569 
f 1462//1568 1463//1570 1234//1566 
f 1460//1565 1461//1567 1235//1563 
f 1458//1562 1459//1564 1236//1560 
f 1456//1559 1457//1561 1237//1557 
f 1454//1556 1455//1558 1238//1554 
f 1452//1553 1453//1555 1239//1551 
o mesh22
f 122//1587 121//1587 903//1587 
f 121//1587 1473//1587 1156//1587 
f 1156//1587 903//1587 121//1587 
f 1474//1587 1475//1587 1156//1587 
f 1156//1587 1473//1587 1474//1587 
f 903//1587 391//1587 122//1587 
o mesh23
f 1476//1588 1477//1589 1478//1590 
f 1476//1588 1479//1591 1477//1589 
f 1480//1590 1481//1592 1482//1593 
f 1480//1590 1478//1590 1481//1592 
f 1483//1593 1484//1594 1485//1595 
f 1483//1593 1482//1593 1484//1594 
f 1486//1595 1487//1596 1488//1597 
f 1486//1595 1485//1595 1487//1596 
f 1489//1597 1490//1598 1491//1599 
f 1489//1597 1488//1597 1490//1598 
f 1492//1599 1493//1600 1494//1601 
f 1492//1599 1491//1599 1493//1600 
f 1495//1601 1494//1601 1496//1602 
f 1497//1602 1496//1602 1498//1603 
f 1499//1603 1498//1603 1500//1604 
f 1501//1604 1500//1604 1502//1605 
f 1503//1605 1502//1605 1504//1606 
f 1505//1606 1504//1606 1506//1607 
f 1507//1607 1506//1607 1508//1608 
f 1509//1608 1508//1608 1510//1609 
f 1511//1609 1510//1609 1474//1610 
f 1474//1610 1473//1610 1511//1609 
f 1510//1609 1511//1609 1509//1608 
f 1508//1608 1509//1608 1507//1607 
f 1506//1607 1507//1607 1505//1606 
f 1504//1606 1505//1606 1503//1605 
f 1502//1605 1503//1605 1501//1604 
f 1500//1604 1501//1604 1499//1603 
f 1498//1603 1499//1603 1497//1602 
f 1496//1602 1497//1602 1495//1601 
f 1494//1601 1495//1601 1492//1599 
f 1491//1599 1492//1599 1489//1597 
f 1488//1597 1489//1597 1486//1595 
f 1485//1595 1486//1595 1483//1593 
f 1482//1593 1483//1593 1480//1590 
f 1478//1590 1480//1590 1476//1588 
o mesh24
f 1512//1611 1513//1611 1472//1611 
f 1223//1611 1225//1611 1472//1611 
f 1472//1611 1513//1611 1223//1611 
f 1472//1611 1514//1611 1512//1611 
o mesh25
f 1515//1612 1475//1613 1474//1613 
f 1516//1614 1515//1612 1510//1615 
f 1517//1616 1516//1614 1508//1617 
f 1518//1618 1517//1616 1506//1619 
f 1519//1620 1518//1618 1504//1621 
f 1520//1622 1519//1620 1502//1623 
f 1521//1624 1520//1622 1500//1625 
f 1522//1626 1521//1624 1498//1627 
f 1523//1628 1522//1626 1496//1629 
f 1524//1630 1523//1628 1494//1631 
f 1494//1631 1493//1632 1524//1630 
f 1525//1633 1524//1630 1491//1634 
f 1491//1634 1490//1635 1525//1633 
f 1526//1636 1525//1633 1488//1637 
f 1488//1637 1487//1638 1526//1636 
f 1527//1639 1526//1636 1485//1640 
f 1485//1640 1484//1641 1527//1639 
f 1528//1642 1527//1639 1482//1643 
f 1482//1643 1481//1644 1528//1642 
f 1529//1645 1528//1642 1478//1646 
f 1478//1646 1477//1647 1529//1645 
f 1477//1647 1479//1648 1529//1645 
f 1481//1644 1478//1646 1528//1642 
f 1484//1641 1482//1643 1527//1639 
f 1487//1638 1485//1640 1526//1636 
f 1490//1635 1488//1637 1525//1633 
f 1493//1632 1491//1634 1524//1630 
f 1496//1629 1494//1631 1523//1628 
f 1498//1627 1496//1629 1522//1626 
f 1500//1625 1498//1627 1521//1624 
f 1502//1623 1500//1625 1520//1622 
f 1504//1621 1502//1623 1519//1620 
f 1506//1619 1504//1621 1518//1618 
f 1508//1617 1506//1619 1517//1616 
f 1510//1615 1508//1617 1516//1614 
f 1474//1613 1510//1615 1515//1612 
o mesh26
f 1530//1649 1531//1650 1157//1650 
f 1157//1650 1137//1651 1530//1649 
f 1532//1652 1530//1649 1136//1653 
f 1136//1653 1139//1654 1532//1652 
f 1533//1655 1532//1652 1138//1656 
f 1138//1656 1141//1657 1533//1655 
f 1534//1658 1533//1655 1140//1659 
f 1140//1659 1143//1660 1534//1658 
f 1535//1661 1534//1658 1142//1662 
f 1142//1662 1145//1663 1535//1661 
f 1536//1664 1535//1661 1144//1665 
f 1144//1665 1147//1666 1536//1664 
f 1537//1667 1536//1664 1146//1668 
f 1538//1669 1537//1667 1148//1670 
f 1539//1671 1538//1669 1149//1672 
f 1540//1673 1539//1671 1150//1674 
f 1541//1675 1540//1673 1151//1676 
f 1542//1677 1541//1675 1152//1678 
f 1543//1679 1542//1677 1153//1680 
f 1544//1681 1543//1679 1154//1682 
f 1475//1683 1544//1681 1155//1684 
f 1155//1684 1156//1683 1475//1683 
f 1154//1682 1155//1684 1544//1681 
f 1153//1680 1154//1682 1543//1679 
f 1152//1678 1153//1680 1542//1677 
f 1151//1676 1152//1678 1541//1675 
f 1150//1674 1151//1676 1540//1673 
f 1149//1672 1150//1674 1539//1671 
f 1148//1670 1149//1672 1538//1669 
f 1146//1668 1148//1670 1537//1667 
f 1147//1666 1146//1668 1536//1664 
f 1145//1663 1144//1665 1535//1661 
f 1143//1660 1142//1662 1534//1658 
f 1141//1657 1140//1659 1533//1655 
f 1139//1654 1138//1656 1532//1652 
f 1137//1651 1136//1653 1530//1649 
o mesh27
f 1545//1685 1531//1686 1530//1687 
f 1559//1688 1530//1687 1532//1689 
f 1560//1690 1532//1689 1533//1691 
f 1561//1692 1533//1691 1534//1693 
f 1562//1694 1534//1693 1535//1695 
f 1563//1696 1535//1695 1536//1697 
f 1564//1698 1536//1697 1537//1699 
f 1565//1700 1537//1699 1538//1701 
f 1566//1702 1538//1701 1539//1703 
f 1567//1704 1539//1703 1540//1705 
f 1568//1706 1540//1705 1541//1707 
f 1569//1708 1541//1707 1542//1709 
f 1570//1710 1542//1709 1543//1711 
f 1571//1712 1543//1711 1544//1713 
f 1572//1714 1544//1713 1475//1715 
f 1546//1716 1545//1685 1559//1688 
f 1573//1717 1559//1688 1560//1690 
f 1574//1718 1560//1690 1561//1692 
f 1575//1719 1561//1692 1562//1694 
f 1576//1720 1562//1694 1563//1696 
f 1577//1721 1563//1696 1564//1698 
f 1578//1722 1564//1698 1565//1700 
f 1579//1723 1565//1700 1566//1702 
f 1580//1724 1566//1702 1567//1704 
f 1581//1725 1567//1704 1568//1706 
f 1582//1726 1568//1706 1569//1708 
f 1583//1727 1569//1708 1570//1710 
f 1584//1728 1570//1710 1571//1712 
f 1585//1729 1571//1712 1572//1714 
f 1586//1730 1572//1714 1515//1731 
f 1547//1732 1546//1716 1573//1717 
f 1587//1733 1573//1717 1574//1718 
f 1588//1734 1574//1718 1575//1719 
f 1589//1735 1575//1719 1576//1720 
f 1590//1736 1576//1720 1577//1721 
f 1591//1737 1577//1721 1578//1722 
f 1592//1738 1578//1722 1579//1723 
f 1593//1739 1579//1723 1580//1724 
f 1594//1740 1580//1724 1581//1725 
f 1595//1741 1581//1725 1582//1726 
f 1596//1742 1582//1726 1583//1727 
f 1597//1743 1583//1727 1584//1728 
f 1598//1744 1584//1728 1585//1729 
f 1599//1745 1585//1729 1586//1730 
f 1600//1746 1586//1730 1516//1747 
f 1548//1748 1547//1732 1587//1733 
f 1601//1749 1587//1733 1588//1734 
f 1602//1750 1588//1734 1589//1735 
f 1603//1751 1589//1735 1590//1736 
f 1604//1752 1590//1736 1591//1737 
f 1605//1753 1591//1737 1592//1738 
f 1606//1754 1592//1738 1593//1739 
f 1607//1755 1593//1739 1594//1740 
f 1608//1756 1594//1740 1595//1741 
f 1609//1757 1595//1741 1596//1742 
f 1610//1758 1596//1742 1597//1743 
f 1611//1759 1597//1743 1598//1744 
f 1612//1760 1598//1744 1599//1745 
f 1613//1761 1599//1745 1600//1746 
f 1614//1762 1600//1746 1517//1763 
f 1549//1764 1548//1748 1601//1749 
f 1615//1765 1601//1749 1602//1750 
f 1616//1766 1602//1750 1603//1751 
f 1617//1767 1603//1751 1604//1752 
f 1618//1768 1604//1752 1605//1753 
f 1619//1769 1605//1753 1606//1754 
f 1620//1770 1606//1754 1607//1755 
f 1621//1771 1607//1755 1608//1756 
f 1622//1772 1608//1756 1609//1757 
f 1623//1773 1609//1757 1610//1758 
f 1624//1774 1610//1758 1611//1759 
f 1625//1775 1611//1759 1612//1760 
f 1626//1776 1612//1760 1613//1761 
f 1627//1777 1613//1761 1614//1762 
f 1628//1778 1614//1762 1518//1779 
f 1550//1780 1549//1764 1615//1765 
f 1629//1781 1615//1765 1616//1766 
f 1630//1782 1616//1766 1617//1767 
f 1631//1783 1617//1767 1618//1768 
f 1632//1784 1618//1768 1619//1769 
f 1633//1785 1619//1769 1620//1770 
f 1634//1786 1620//1770 1621//1771 
f 1635//1787 1621//1771 1622//1772 
f 1636//1788 1622//1772 1623//1773 
f 1637//1789 1623//1773 1624//1774 
f 1638//1790 1624//1774 1625//1775 
f 1639//1791 1625//1775 1626//1776 
f 1640//1792 1626//1776 1627//1777 
f 1641//1793 1627//1777 1628//1778 
f 1642//1794 1628//1778 1519//1795 
f 1551//1796 1550//1780 1629//1781 
f 1643//1797 1629//1781 1630//1782 
f 1644//1798 1630//1782 1631//1783 
f 1645//1799 1631//1783 1632//1784 
f 1646//1800 1632//1784 1633//1785 
f 1647//1801 1633//1785 1634//1786 
f 1648//1802 1634//1786 1635//1787 
f 1649//1803 1635//1787 1636//1788 
f 1650//1804 1636//1788 1637//1789 
f 1651//1805 1637//1789 1638//1790 
f 1652//1806 1638//1790 1639//1791 
f 1653//1807 1639//1791 1640//1792 
f 1654//1808 1640//1792 1641//1793 
f 1655//1809 1641//1793 1642//1794 
f 1656//1810 1642//1794 1520//1811 
f 1552//1812 1551//1796 1643//1797 
f 1657//1813 1643//1797 1644//1798 
f 1658//1814 1644//1798 1645//1799 
f 1659//1815 1645//1799 1646//1800 
f 1660//1816 1646//1800 1647//1801 
f 1661//1817 1647//1801 1648//1802 
f 1662//1818 1648//1802 1649//1803 
f 1663//1819 1649//1803 1650//1804 
f 1664//1820 1650//1804 1651//1805 
f 1665//1821 1651//1805 1652//1806 
f 1666//1822 1652//1806 1653//1807 
f 1667//1823 1653//1807 1654//1808 
f 1668//1824 1654//1808 1655//1809 
f 1669//1825 1655//1809 1656//1810 
f 1670//1826 1656//1810 1521//1827 
f 1553//1828 1552//1812 1657//1813 
f 1671//1829 1657//1813 1658//1814 
f 1672//1830 1658//1814 1659//1815 
f 1673//1831 1659//1815 1660//1816 
f 1674//1832 1660//1816 1661//1817 
f 1675//1833 1661//1817 1662//1818 
f 1676//1834 1662//1818 1663//1819 
f 1677//1835 1663//1819 1664//1820 
f 1678//1836 1664//1820 1665//1821 
f 1679//1837 1665//1821 1666//1822 
f 1680//1838 1666//1822 1667//1823 
f 1681//1839 1667//1823 1668//1824 
f 1682//1840 1668//1824 1669//1825 
f 1683//1841 1669//1825 1670//1826 
f 1684//1842 1670//1826 1522//1843 
f 1554//1844 1553//1828 1671//1829 
f 1685//1845 1671//1829 1672//1830 
f 1686//1846 1672//1830 1673//1831 
f 1687//1847 1673//1831 1674//1832 
f 1688//1848 1674//1832 1675//1833 
f 1689//1849 1675//1833 1676//1834 
f 1690//1850 1676//1834 1677//1835 
f 1691//1851 1677//1835 1678//1836 
f 1692//1852 1678//1836 1679//1837 
f 1693//1853 1679//1837 1680//1838 
f 1694//1854 1680//1838 1681//1839 
f 1695//1855 1681//1839 1682//1840 
f 1696//1856 1682//1840 1683//1841 
f 1697//1857 1683//1841 1684//1842 
f 1698//1858 1684//1842 1523//1859 
f 1555//1860 1554//1844 1685//1845 
f 1699//1861 1685//1845 1686//1846 
f 1700//1862 1686//1846 1687//1847 
f 1701//1863 1687//1847 1688//1848 
f 1702//1864 1688//1848 1689//1849 
f 1703//1865 1689//1849 1690//1850 
f 1704//1866 1690//1850 1691//1851 
f 1705//1867 1691//1851 1692//1852 
f 1706//1868 1692//1852 1693//1853 
f 1707//1869 1693//1853 1694//1854 
f 1708//1870 1694//1854 1695//1855 
f 1709//1871 1695//1855 1696//1856 
f 1710//1872 1696//1856 1697//1857 
f 1711//1873 1697//1857 1698//1858 
f 1712//1874 1698//1858 1524//1875 
f 1556//1876 1555//1860 1699//1861 
f 1713//1877 1699//1861 1700//1862 
f 1714//1878 1700//1862 1701//1863 
f 1715//1879 1701//1863 1702//1864 
f 1716//1880 1702//1864 1703//1865 
f 1717//1881 1703//1865 1704//1866 
f 1718//1882 1704//1866 1705//1867 
f 1719//1883 1705//1867 1706//1868 
f 1720//1884 1706//1868 1707//1869 
f 1721//1885 1707//1869 1708//1870 
f 1722//1886 1708//1870 1709//1871 
f 1723//1887 1709//1871 1710//1872 
f 1724//1888 1710//1872 1711//1873 
f 1725//1889 1711//1873 1712//1874 
f 1726//1890 1712//1874 1525//1891 
f 1557//1892 1556//1876 1713//1877 
f 1727//1893 1713//1877 1714//1878 
f 1728//1894 1714//1878 1715//1879 
f 1729//1895 1715//1879 1716//1880 
f 1730//1896 1716//1880 1717//1881 
f 1731//1897 1717//1881 1718//1882 
f 1732//1898 1718//1882 1719//1883 
f 1733//1899 1719//1883 1720//1884 
f 1734//1900 1720//1884 1721//1885 
f 1735//1901 1721//1885 1722//1886 
f 1736//1902 1722//1886 1723//1887 
f 1737//1903 1723//1887 1724//1888 
f 1738//1904 1724//1888 1725//1889 
f 1739//1905 1725//1889 1726//1890 
f 1740//1906 1726//1890 1526//1907 
f 1558//1908 1557//1892 1727//1893 
f 1741//1909 1727//1893 1728//1894 
f 1742//1910 1728//1894 1729//1895 
f 1743//1911 1729//1895 1730//1896 
f 1744//1912 1730//1896 1731//1897 
f 1745//1913 1731//1897 1732//1898 
f 1746//1914 1732//1898 1733//1899 
f 1747//1915 1733//1899 1734//1900 
f 1748//1916 1734//1900 1735//1901 
f 1749//1917 1735//1901 1736//1902 
f 1750//1918 1736//1902 1737//1903 
f 1751//1919 1737//1903 1738//1904 
f 1752//1920 1738//1904 1739//1905 
f 1753//1921 1739//1905 1740//1906 
f 1754//1922 1740//1906 1527//1923 
f 1529//1924 1754//1922 1528//1925 
f 1529//1924 1753//1921 1754//1922 
f 1529//1924 1752//1920 1753//1921 
f 1529//1924 1751//1919 1752//1920 
f 1529//1924 1750//1918 1751//1919 
f 1529//1924 1749//1917 1750//1918 
f 1529//1924 1748//1916 1749//1917 
f 1529//1924 1747//1915 1748//1916 
f 1529//1924 1746//1914 1747//1915 
f 1529//1924 1745//1913 1746//1914 
f 1529//1924 1744//1912 1745//1913 
f 1529//1924 1743//1911 1744//1912 
f 1529//1924 1742//1910 1743//1911 
f 1529//1924 1741//1909 1742//1910 
f 1529//1924 1558//1908 1741//1909 
f 1527//1923 1528//1925 1754//1922 
f 1740//1906 1754//1922 1753//1921 
f 1739//1905 1753//1921 1752//1920 
f 1738//1904 1752//1920 1751//1919 
f 1737//1903 1751//1919 1750//1918 
f 1736//1902 1750//1918 1749//1917 
f 1735//1901 1749//1917 1748//1916 
f 1734//1900 1748//1916 1747//1915 
f 1733//1899 1747//1915 1746//1914 
f 1732//1898 1746//1914 1745//1913 
f 1731//1897 1745//1913 1744//1912 
f 1730//1896 1744//1912 1743//1911 
f 1729//1895 1743//1911 1742//1910 
f 1728//1894 1742//1910 1741//1909 
f 1727//1893 1741//1909 1558//1908 
f 1526//1907 1527//1923 1740//1906 
f 1726//1890 1740//1906 1739//1905 
f 1725//1889 1739//1905 1738//1904 
f 1724//1888 1738//1904 1737//1903 
f 1723//1887 1737//1903 1736//1902 
f 1722//1886 1736//1902 1735//1901 
f 1721//1885 1735//1901 1734//1900 
f 1720//1884 1734//1900 1733//1899 
f 1719//1883 1733//1899 1732//1898 
f 1718//1882 1732//1898 1731//1897 
f 1717//1881 1731//1897 1730//1896 
f 1716//1880 1730//1896 1729//1895 
f 1715//1879 1729//1895 1728//1894 
f 1714//1878 1728//1894 1727//1893 
f 1713//1877 1727//1893 1557//1892 
f 1525//1891 1526//1907 1726//1890 
f 1712//1874 1726//1890 1725//1889 
f 1711//1873 1725//1889 1724//1888 
f 1710//1872 1724//1888 1723//1887 
f 1709//1871 1723//1887 1722//1886 
f 1708//1870 1722//1886 1721//1885 
f 1707//1869 1721//1885 1720//1884 
f 1706//1868 1720//1884 1719//1883 
f 1705//1867 1719//1883 1718//1882 
f 1704//1866 1718//1882 1717//1881 
f 1703//1865 1717//1881 1716//1880 
f 1702//1864 1716//1880 1715//1879 
f 1701//1863 1715//1879 1714//1878 
f 1700//1862 1714//1878 1713//1877 
f 1699//1861 1713//1877 1556//1876 
f 1524//1875 1525//1891 1712//1874 
f 1698//1858 1712//1874 1711//1873 
f 1697//1857 1711//1873 1710//1872 
f 1696//1856 1710//1872 1709//1871 
f 1695//1855 1709//1871 1708//1870 
f 1694//1854 1708//1870 1707//1869 
f 1693//1853 1707//1869 1706//1868 
f 1692//1852 1706//1868 1705//1867 
f 1691//1851 1705//1867 1704//1866 
f 1690//1850 1704//1866 1703//1865 
f 1689//1849 1703//1865 1702//1864 
f 1688//1848 1702//1864 1701//1863 
f 1687//1847 1701//1863 1700//1862 
f 1686//1846 1700//1862 1699//1861 
f 1685//1845 1699//1861 1555//1860 
f 1523//1859 1524//1875 1698//1858 
f 1684//1842 1698//1858 1697//1857 
f 1683//1841 1697//1857 1696//1856 
f 1682//1840 1696//1856 1695//1855 
f 1681//1839 1695//1855 1694//1854 
f 1680//1838 1694//1854 1693//1853 
f 1679//1837 1693//1853 1692//1852 
f 1678//1836 1692//1852 1691//1851 
f 1677//1835 1691//1851 1690//1850 
f 1676//1834 1690//1850 1689//1849 
f 1675//1833 1689//1849 1688//1848 
f 1674//1832 1688//1848 1687//1847 
f 1673//1831 1687//1847 1686//1846 
f 1672//1830 1686//1846 1685//1845 
f 1671//1829 1685//1845 1554//1844 
f 1522//1843 1523//1859 1684//1842 
f 1670//1826 1684//1842 1683//1841 
f 1669//1825 1683//1841 1682//1840 
f 1668//1824 1682//1840 1681//1839 
f 1667//1823 1681//1839 1680//1838 
f 1666//1822 1680//1838 1679//1837 
f 1665//1821 1679//1837 1678//1836 
f 1664//1820 1678//1836 1677//1835 
f 1663//1819 1677//1835 1676//1834 
f 1662//1818 1676//1834 1675//1833 
f 1661//1817 1675//1833 1674//1832 
f 1660//1816 1674//1832 1673//1831 
f 1659//1815 1673//1831 1672//1830 
f 1658//1814 1672//1830 1671//1829 
f 1657//1813 1671//1829 1553//1828 
f 1521//1827 1522//1843 1670//1826 
f 1656//1810 1670//1826 1669//1825 
f 1655//1809 1669//1825 1668//1824 
f 1654//1808 1668//1824 1667//1823 
f 1653//1807 1667//1823 1666//1822 
f 1652//1806 1666//1822 1665//1821 
f 1651//1805 1665//1821 1664//1820 
f 1650//1804 1664//1820 1663//1819 
f 1649//1803 1663//1819 1662//1818 
f 1648//1802 1662//1818 1661//1817 
f 1647//1801 1661//1817 1660//1816 
f 1646//1800 1660//1816 1659//1815 
f 1645//1799 1659//1815 1658//1814 
f 1644//1798 1658//1814 1657//1813 
f 1643//1797 1657//1813 1552//1812 
f 1520//1811 1521//1827 1656//1810 
f 1642//1794 1656//1810 1655//1809 
f 1641//1793 1655//1809 1654//1808 
f 1640//1792 1654//1808 1653//1807 
f 1639//1791 1653//1807 1652//1806 
f 1638//1790 1652//1806 1651//1805 
f 1637//1789 1651//1805 1650//1804 
f 1636//1788 1650//1804 1649//1803 
f 1635//1787 1649//1803 1648//1802 
f 1634//1786 1648//1802 1647//1801 
f 1633//1785 1647//1801 1646//1800 
f 1632//1784 1646//1800 1645//1799 
f 1631//1783 1645//1799 1644//1798 
f 1630//1782 1644//1798 1643//1797 
f 1629//1781 1643//1797 1551//1796 
f 1519//1795 1520//1811 1642//1794 
f 1628//1778 1642//1794 1641//1793 
f 1627//1777 1641//1793 1640//1792 
f 1626//1776 1640//1792 1639//1791 
f 1625//1775 1639//1791 1638//1790 
f 1624//1774 1638//1790 1637//1789 
f 1623//1773 1637//1789 1636//1788 
f 1622//1772 1636//1788 1635//1787 
f 1621//1771 1635//1787 1634//1786 
f 1620//1770 1634//1786 1633//1785 
f 1619//1769 1633//1785 1632//1784 
f 1618//1768 1632//1784 1631//1783 
f 1617//1767 1631//1783 1630//1782 
f 1616//1766 1630//1782 1629//1781 
f 1615//1765 1629//1781 1550//1780 
f 1518//1779 1519//1795 1628//1778 
f 1614//1762 1628//1778 1627//1777 
f 1613//1761 1627//1777 1626//1776 
f 1612//1760 1626//1776 1625//1775 
f 1611//1759 1625//1775 1624//1774 
f 1610//1758 1624//1774 1623//1773 
f 1609//1757 1623//1773 1622//1772 
f 1608//1756 1622//1772 1621//1771 
f 1607//1755 1621//1771 1620//1770 
f 1606//1754 1620//1770 1619//1769 
f 1605//1753 1619//1769 1618//1768 
f 1604//1752 1618//1768 1617//1767 
f 1603//1751 1617//1767 1616//1766 
f 1602//1750 1616//1766 1615//1765 
f 1601//1749 1615//1765 1549//1764 
f 1517//1763 1518//1779 1614//1762 
f 1600//1746 1614//1762 1613//1761 
f 1599//1745 1613//1761 1612//1760 
f 1598//1744 1612//1760 1611//1759 
f 1597//1743 1611//1759 1610//1758 
f 1596//1742 1610//1758 1609//1757 
f 1595//1741 1609//1757 1608//1756 
f 1594//1740 1608//1756 1607//1755 
f 1593//1739 1607//1755 1606//1754 
f 1592//1738 1606//1754 1605//1753 
f 1591//1737 1605//1753 1604//1752 
f 1590//1736 1604//1752 1603//1751 
f 1589//1735 1603//1751 1602//1750 
f 1588//1734 1602//1750 1601//1749 
f 1587//1733 1601//1749 1548//1748 
f 1516//1747 1517//1763 1600//1746 
f 1586//1730 1600//1746 1599//1745 
f 1585//1729 1599//1745 1598//1744 
f 1584//1728 1598//1744 1597//1743 
f 1583//1727 1597//1743 1596//1742 
f 1582//1726 1596//1742 1595//1741 
f 1581//1725 1595//1741 1594//1740 
f 1580//1724 1594//1740 1593//1739 
f 1579//1723 1593//1739 1592//1738 
f 1578//1722 1592//1738 1591//1737 
f 1577//1721 1591//1737 1590//1736 
f 1576//1720 1590//1736 1589//1735 
f 1575//1719 1589//1735 1588//1734 
f 1574//1718 1588//1734 1587//1733 
f 1573//1717 1587//1733 1547//1732 
f 1515//1731 1516//1747 1586//1730 
f 1572//1714 1586//1730 1585//1729 
f 1571//1712 1585//1729 1584//1728 
f 1570//1710 1584//1728 1583//1727 
f 1569//1708 1583//1727 1582//1726 
f 1568//1706 1582//1726 1581//1725 
f 1567//1704 1581//1725 1580//1724 
f 1566//1702 1580//1724 1579//1723 
f 1565//1700 1579//1723 1578//1722 
f 1564//1698 1578//1722 1577//1721 
f 1563//1696 1577//1721 1576//1720 
f 1562//1694 1576//1720 1575//1719 
f 1561//1692 1575//1719 1574//1718 
f 1560//1690 1574//1718 1573//1717 
f 1559//1688 1573//1717 1546//1716 
f 1475//1715 1515//1731 1572//1714 
f 1544//1713 1572//1714 1571//1712 
f 1543//1711 1571//1712 1570//1710 
f 1542//1709 1570//1710 1569//1708 
f 1541//1707 1569//1708 1568//1706 
f 1540//1705 1568//1706 1567//1704 
f 1539//1703 1567//1704 1566//1702 
f 1538//1701 1566//1702 1565//1700 
f 1537//1699 1565//1700 1564//1698 
f 1536//1697 1564//1698 1563//1696 
f 1535//1695 1563//1696 1562//1694 
f 1534//1693 1562//1694 1561//1692 
f 1533//1691 1561//1692 1560//1690 
f 1532//1689 1560//1690 1559//1688 
f 1530//1687 1559//1688 1545//1685 
o mesh28
f 1755//1924 1756//1924 1529//1924 
f 1529//1924 1479//1924 1755//1924 
o mesh29
f 1757//1926 1531//1926 1545//1927 
f 1758//1927 1545//1927 1546//1928 
f 1759//1928 1546//1928 1547//1929 
f 1760//1929 1547//1929 1548//1930 
f 1761//1930 1548//1930 1549//1931 
f 1762//1931 1549//1931 1550//1932 
f 1763//1932 1550//1932 1551//1933 
f 1764//1933 1551//1933 1552//1934 
f 1765//1934 1552//1934 1553//1935 
f 1766//1935 1553//1935 1554//1936 
f 1767//1936 1554//1936 1555//1937 
f 1768//1937 1555//1937 1556//1938 
f 1769//1938 1556//1938 1557//1939 
f 1770//1939 1557//1939 1558//1940 
f 1771//1940 1558//1940 1529//1941 
f 1529//1941 1756//1941 1771//1940 
f 1558//1940 1771//1940 1770//1939 
f 1557//1939 1770//1939 1769//1938 
f 1556//1938 1769//1938 1768//1937 
f 1555//1937 1768//1937 1767//1936 
f 1554//1936 1767//1936 1766//1935 
f 1553//1935 1766//1935 1765//1934 
f 1552//1934 1765//1934 1764//1933 
f 1551//1933 1764//1933 1763//1932 
f 1550//1932 1763//1932 1762//1931 
f 1549//1931 1762//1931 1761//1930 
f 1548//1930 1761//1930 1760//1929 
f 1547//1929 1760//1929 1759//1928 
f 1546//1928 1759//1928 1758//1927 
f 1545//1927 1758//1927 1757//1926 
o mesh30
f 1772//1942 1773//1943 1774//1944 
f 1801//1945 1774//1944 1775//1946 
f 1802//1947 1775//1946 1776//1948 
f 1803//1949 1776//1948 1777//1950 
f 1804//1951 1777//1950 1778//1952 
f 1805//1953 1778//1952 1779//1954 
f 1806//1955 1779//1954 1780//1956 
f 1807//1957 1780//1956 1781//1958 
f 1808//1959 1781//1958 1782//1960 
f 1809//1961 1782//1960 1783//1962 
f 1810//1963 1783//1962 1784//1964 
f 1811//1965 1784//1964 1785//1966 
f 1812//1967 1785//1966 1786//1968 
f 1813//1969 1786//1968 1787//1970 
f 1814//1971 1787//1970 1757//1972 
f 1788//1973 1772//1942 1801//1945 
f 1815//1974 1801//1945 1802//1947 
f 1816//1975 1802//1947 1803//1949 
f 1817//1976 1803//1949 1804//1951 
f 1818//1977 1804//1951 1805//1953 
f 1819//1978 1805//1953 1806//1955 
f 1820//1979 1806//1955 1807//1957 
f 1821//1980 1807//1957 1808//1959 
f 1822//1981 1808//1959 1809//1961 
f 1823//1982 1809//1961 1810//1963 
f 1824//1983 1810//1963 1811//1965 
f 1825//1984 1811//1965 1812//1967 
f 1826//1985 1812//1967 1813//1969 
f 1827//1986 1813//1969 1814//1971 
f 1828//1987 1814//1971 1758//1988 
f 1789//1989 1788//1973 1815//1974 
f 1829//1990 1815//1974 1816//1975 
f 1830//1991 1816//1975 1817//1976 
f 1831//1992 1817//1976 1818//1977 
f 1832//1993 1818//1977 1819//1978 
f 1833//1994 1819//1978 1820//1979 
f 1834//1995 1820//1979 1821//1980 
f 1835//1996 1821//1980 1822//1981 
f 1836//1997 1822//1981 1823//1982 
f 1837//1998 1823//1982 1824//1983 
f 1838//1999 1824//1983 1825//1984 
f 1839//2000 1825//1984 1826//1985 
f 1840//2001 1826//1985 1827//1986 
f 1841//2002 1827//1986 1828//1987 
f 1842//2003 1828//1987 1759//2004 
f 1790//2005 1789//1989 1829//1990 
f 1843//2006 1829//1990 1830//1991 
f 1844//2007 1830//1991 1831//1992 
f 1845//2008 1831//1992 1832//1993 
f 1846//2009 1832//1993 1833//1994 
f 1847//2010 1833//1994 1834//1995 
f 1848//2011 1834//1995 1835//1996 
f 1849//2012 1835//1996 1836//1997 
f 1850//2013 1836//1997 1837//1998 
f 1851//2014 1837//1998 1838//1999 
f 1852//2015 1838//1999 1839//2000 
f 1853//2016 1839//2000 1840//2001 
f 1854//2017 1840//2001 1841//2002 
f 1855//2018 1841//2002 1842//2003 
f 1856//2019 1842//2003 1760//2020 
f 1791//2021 1790//2005 1843//2006 
f 1857//2022 1843//2006 1844//2007 
f 1858//2023 1844//2007 1845//2008 
f 1859//2024 1845//2008 1846//2009 
f 1860//2025 1846//2009 1847//2010 
f 1861//2026 1847//2010 1848//2011 
f 1862//2027 1848//2011 1849//2012 
f 1863//2028 1849//2012 1850//2013 
f 1864//2029 1850//2013 1851//2014 
f 1865//2030 1851//2014 1852//2015 
f 1866//2031 1852//2015 1853//2016 
f 1867//2032 1853//2016 1854//2017 
f 1868//2033 1854//2017 1855//2018 
f 1869//2034 1855//2018 1856//2019 
f 1870//2035 1856//2019 1761//2036 
f 1792//2037 1791//2021 1857//2022 
f 1871//2038 1857//2022 1858//2023 
f 1872//2039 1858//2023 1859//2024 
f 1873//2040 1859//2024 1860//2025 
f 1874//2041 1860//2025 1861//2026 
f 1875//2042 1861//2026 1862//2027 
f 1876//2043 1862//2027 1863//2028 
f 1877//2044 1863//2028 1864//2029 
f 1878//2045 1864//2029 1865//2030 
f 1879//2046 1865//2030 1866//2031 
f 1880//2047 1866//2031 1867//2032 
f 1881//2048 1867//2032 1868//2033 
f 1882//2049 1868//2033 1869//2034 
f 1883//2050 1869//2034 1870//2035 
f 1884//2051 1870//2035 1762//2052 
f 1793//2053 1792//2037 1871//2038 
f 1885//2054 1871//2038 1872//2039 
f 1886//2055 1872//2039 1873//2040 
f 1887//2056 1873//2040 1874//2041 
f 1888//2057 1874//2041 1875//2042 
f 1889//2058 1875//2042 1876//2043 
f 1890//2059 1876//2043 1877//2044 
f 1891//2060 1877//2044 1878//2045 
f 1892//2061 1878//2045 1879//2046 
f 1893//2062 1879//2046 1880//2047 
f 1894//2063 1880//2047 1881//2048 
f 1895//2064 1881//2048 1882//2049 
f 1896//2065 1882//2049 1883//2050 
f 1897//2066 1883//2050 1884//2051 
f 1898//2067 1884//2051 1763//2068 
f 1794//2069 1793//2053 1885//2054 
f 1899//2070 1885//2054 1886//2055 
f 1900//2071 1886//2055 1887//2056 
f 1901//2072 1887//2056 1888//2057 
f 1902//2073 1888//2057 1889//2058 
f 1903//2074 1889//2058 1890//2059 
f 1904//2075 1890//2059 1891//2060 
f 1905//2076 1891//2060 1892//2061 
f 1906//2077 1892//2061 1893//2062 
f 1907//2078 1893//2062 1894//2063 
f 1908//2079 1894//2063 1895//2064 
f 1909//2080 1895//2064 1896//2065 
f 1910//2081 1896//2065 1897//2066 
f 1911//2082 1897//2066 1898//2067 
f 1912//2083 1898//2067 1764//2084 
f 1795//2085 1794//2069 1899//2070 
f 1913//2086 1899//2070 1900//2071 
f 1914//2087 1900//2071 1901//2072 
f 1915//2088 1901//2072 1902//2073 
f 1916//2089 1902//2073 1903//2074 
f 1917//2090 1903//2074 1904//2075 
f 1918//2091 1904//2075 1905//2076 
f 1919//2092 1905//2076 1906//2077 
f 1920//2093 1906//2077 1907//2078 
f 1921//2094 1907//2078 1908//2079 
f 1922//2095 1908//2079 1909//2080 
f 1923//2096 1909//2080 1910//2081 
f 1924//2097 1910//2081 1911//2082 
f 1925//2098 1911//2082 1912//2083 
f 1926//2099 1912//2083 1765//2100 
f 1796//2101 1795//2085 1913//2086 
f 1927//2102 1913//2086 1914//2087 
f 1928//2103 1914//2087 1915//2088 
f 1929//2104 1915//2088 1916//2089 
f 1930//2105 1916//2089 1917//2090 
f 1931//2106 1917//2090 1918//2091 
f 1932//2107 1918//2091 1919//2092 
f 1933//2108 1919//2092 1920//2093 
f 1934//2109 1920//2093 1921//2094 
f 1935//2110 1921//2094 1922//2095 
f 1936//2111 1922//2095 1923//2096 
f 1937//2112 1923//2096 1924//2097 
f 1938//2113 1924//2097 1925//2098 
f 1939//2114 1925//2098 1926//2099 
f 1940//2115 1926//2099 1766//2116 
f 1797//2117 1796//2101 1927//2102 
f 1941//2118 1927//2102 1928//2103 
f 1942//2119 1928//2103 1929//2104 
f 1943//2120 1929//2104 1930//2105 
f 1944//2121 1930//2105 1931//2106 
f 1945//2122 1931//2106 1932//2107 
f 1946//2123 1932//2107 1933//2108 
f 1947//2124 1933//2108 1934//2109 
f 1948//2125 1934//2109 1935//2110 
f 1949//2126 1935//2110 1936//2111 
f 1950//2127 1936//2111 1937//2112 
f 1951//2128 1937//2112 1938//2113 
f 1952//2129 1938//2113 1939//2114 
f 1953//2130 1939//2114 1940//2115 
f 1954//2131 1940//2115 1767//2132 
f 1798//2133 1797//2117 1941//2118 
f 1955//2134 1941//2118 1942//2119 
f 1956//2135 1942//2119 1943//2120 
f 1957//2136 1943//2120 1944//2121 
f 1958//2137 1944//2121 1945//2122 
f 1959//2138 1945//2122 1946//2123 
f 1960//2139 1946//2123 1947//2124 
f 1961//2140 1947//2124 1948//2125 
f 1962//2141 1948//2125 1949//2126 
f 1963//2142 1949//2126 1950//2127 
f 1964//2143 1950//2127 1951//2128 
f 1965//2144 1951//2128 1952//2129 
f 1966//2145 1952//2129 1953//2130 
f 1967//2146 1953//2130 1954//2131 
f 1968//2147 1954//2131 1768//2148 
f 1799//2149 1798//2133 1955//2134 
f 1969//2150 1955//2134 1956//2135 
f 1970//2151 1956//2135 1957//2136 
f 1971//2152 1957//2136 1958//2137 
f 1972//2153 1958//2137 1959//2138 
f 1973//2154 1959//2138 1960//2139 
f 1974//2155 1960//2139 1961//2140 
f 1975//2156 1961//2140 1962//2141 
f 1976//2157 1962//2141 1963//2142 
f 1977//2158 1963//2142 1964//2143 
f 1978//2159 1964//2143 1965//2144 
f 1979//2160 1965//2144 1966//2145 
f 1980//2161 1966//2145 1967//2146 
f 1981//2162 1967//2146 1968//2147 
f 1982//2163 1968//2147 1769//2164 
f 1800//2165 1799//2149 1969//2150 
f 1983//2166 1969//2150 1970//2151 
f 1984//2167 1970//2151 1971//2152 
f 1985//2168 1971//2152 1972//2153 
f 1986//2169 1972//2153 1973//2154 
f 1987//2170 1973//2154 1974//2155 
f 1988//2171 1974//2155 1975//2156 
f 1989//2172 1975//2156 1976//2157 
f 1990//2173 1976//2157 1977//2158 
f 1991//2174 1977//2158 1978//2159 
f 1992//2175 1978//2159 1979//2160 
f 1993//2176 1979//2160 1980//2161 
f 1994//2177 1980//2161 1981//2162 
f 1995//2178 1981//2162 1982//2163 
f 1996//2179 1982//2163 1770//2180 
f 1756//2181 1996//2179 1771//2182 
f 1756//2181 1995//2178 1996//2179 
f 1756//2181 1994//2177 1995//2178 
f 1756//2181 1993//2176 1994//2177 
f 1756//2181 1992//2175 1993//2176 
f 1756//2181 1991//2174 1992//2175 
f 1756//2181 1990//2173 1991//2174 
f 1756//2181 1989//2172 1990//2173 
f 1756//2181 1988//2171 1989//2172 
f 1756//2181 1987//2170 1988//2171 
f 1756//2181 1986//2169 1987//2170 
f 1756//2181 1985//2168 1986//2169 
f 1756//2181 1984//2167 1985//2168 
f 1756//2181 1983//2166 1984//2167 
f 1756//2181 1800//2165 1983//2166 
f 1770//2180 1771//2182 1996//2179 
f 1982//2163 1996//2179 1995//2178 
f 1981//2162 1995//2178 1994//2177 
f 1980//2161 1994//2177 1993//2176 
f 1979//2160 1993//2176 1992//2175 
f 1978//2159 1992//2175 1991//2174 
f 1977//2158 1991//2174 1990//2173 
f 1976//2157 1990//2173 1989//2172 
f 1975//2156 1989//2172 1988//2171 
f 1974//2155 1988//2171 1987//2170 
f 1973//2154 1987//2170 1986//2169 
f 1972//2153 1986//2169 1985//2168 
f 1971//2152 1985//2168 1984//2167 
f 1970//2151 1984//2167 1983//2166 
f 1969//2150 1983//2166 1800//2165 
f 1769//2164 1770//2180 1982//2163 
f 1968//2147 1982//2163 1981//2162 
f 1967//2146 1981//2162 1980//2161 
f 1966//2145 1980//2161 1979//2160 
f 1965//2144 1979//2160 1978//2159 
f 1964//2143 1978//2159 1977//2158 
f 1963//2142 1977//2158 1976//2157 
f 1962//2141 1976//2157 1975//2156 
f 1961//2140 1975//2156 1974//2155 
f 1960//2139 1974//2155 1973//2154 
f 1959//2138 1973//2154 1972//2153 
f 1958//2137 1972//2153 1971//2152 
f 1957//2136 1971//2152 1970//2151 
f 1956//2135 1970//2151 1969//2150 
f 1955//2134 1969//2150 1799//2149 
f 1768//2148 1769//2164 1968//2147 
f 1954//2131 1968//2147 1967//2146 
f 1953//2130 1967//2146 1966//2145 
f 1952//2129 1966//2145 1965//2144 
f 1951//2128 1965//2144 1964//2143 
f 1950//2127 1964//2143 1963//2142 
f 1949//2126 1963//2142 1962//2141 
f 1948//2125 1962//2141 1961//2140 
f 1947//2124 1961//2140 1960//2139 
f 1946//2123 1960//2139 1959//2138 
f 1945//2122 1959//2138 1958//2137 
f 1944//2121 1958//2137 1957//2136 
f 1943//2120 1957//2136 1956//2135 
f 1942//2119 1956//2135 1955//2134 
f 1941//2118 1955//2134 1798//2133 
f 1767//2132 1768//2148 1954//2131 
f 1940//2115 1954//2131 1953//2130 
f 1939//2114 1953//2130 1952//2129 
f 1938//2113 1952//2129 1951//2128 
f 1937//2112 1951//2128 1950//2127 
f 1936//2111 1950//2127 1949//2126 
f 1935//2110 1949//2126 1948//2125 
f 1934//2109 1948//2125 1947//2124 
f 1933//2108 1947//2124 1946//2123 
f 1932//2107 1946//2123 1945//2122 
f 1931//2106 1945//2122 1944//2121 
f 1930//2105 1944//2121 1943//2120 
f 1929//2104 1943//2120 1942//2119 
f 1928//2103 1942//2119 1941//2118 
f 1927//2102 1941//2118 1797//2117 
f 1766//2116 1767//2132 1940//2115 
f 1926//2099 1940//2115 1939//2114 
f 1925//2098 1939//2114 1938//2113 
f 1924//2097 1938//2113 1937//2112 
f 1923//2096 1937//2112 1936//2111 
f 1922//2095 1936//2111 1935//2110 
f 1921//2094 1935//2110 1934//2109 
f 1920//2093 1934//2109 1933//2108 
f 1919//2092 1933//2108 1932//2107 
f 1918//2091 1932//2107 1931//2106 
f 1917//2090 1931//2106 1930//2105 
f 1916//2089 1930//2105 1929//2104 
f 1915//2088 1929//2104 1928//2103 
f 1914//2087 1928//2103 1927//2102 
f 1913//2086 1927//2102 1796//2101 
f 1765//2100 1766//2116 1926//2099 
f 1912//2083 1926//2099 1925//2098 
f 1911//2082 1925//2098 1924//2097 
f 1910//2081 1924//2097 1923//2096 
f 1909//2080 1923//2096 1922//2095 
f 1908//2079 1922//2095 1921//2094 
f 1907//2078 1921//2094 1920//2093 
f 1906//2077 1920//2093 1919//2092 
f 1905//2076 1919//2092 1918//2091 
f 1904//2075 1918//2091 1917//2090 
f 1903//2074 1917//2090 1916//2089 
f 1902//2073 1916//2089 1915//2088 
f 1901//2072 1915//2088 1914//2087 
f 1900//2071 1914//2087 1913//2086 
f 1899//2070 1913//2086 1795//2085 
f 1764//2084 1765//2100 1912//2083 
f 1898//2067 1912//2083 1911//2082 
f 1897//2066 1911//2082 1910//2081 
f 1896//2065 1910//2081 1909//2080 
f 1895//2064 1909//2080 1908//2079 
f 1894//2063 1908//2079 1907//2078 
f 1893//2062 1907//2078 1906//2077 
f 1892//2061 1906//2077 1905//2076 
f 1891//2060 1905//2076 1904//2075 
f 1890//2059 1904//2075 1903//2074 
f 1889//2058 1903//2074 1902//2073 
f 1888//2057 1902//2073 1901//2072 
f 1887//2056 1901//2072 1900//2071 
f 1886//2055 1900//2071 1899//2070 
f 1885//2054 1899//2070 1794//2069 
f 1763//2068 1764//2084 1898//2067 
f 1884//2051 1898//2067 1897//2066 
f 1883//2050 1897//2066 1896//2065 
f 1882//2049 1896//2065 1895//2064 
f 1881//2048 1895//2064 1894//2063 
f 1880//2047 1894//2063 1893//2062 
f 1879//2046 1893//2062 1892//2061 
f 1878//2045 1892//2061 1891//2060 
f 1877//2044 1891//2060 1890//2059 
f 1876//2043 1890//2059 1889//2058 
f 1875//2042 1889//2058 1888//2057 
f 1874//2041 1888//2057 1887//2056 
f 1873//2040 1887//2056 1886//2055 
f 1872//2039 1886//2055 1885//2054 
f 1871//2038 1885//2054 1793//2053 
f 1762//2052 1763//2068 1884//2051 
f 1870//2035 1884//2051 1883//2050 
f 1869//2034 1883//2050 1882//2049 
f 1868//2033 1882//2049 1881//2048 
f 1867//2032 1881//2048 1880//2047 
f 1866//2031 1880//2047 1879//2046 
f 1865//2030 1879//2046 1878//2045 
f 1864//2029 1878//2045 1877//2044 
f 1863//2028 1877//2044 1876//2043 
f 1862//2027 1876//2043 1875//2042 
f 1861//2026 1875//2042 1874//2041 
f 1860//2025 1874//2041 1873//2040 
f 1859//2024 1873//2040 1872//2039 
f 1858//2023 1872//2039 1871//2038 
f 1857//2022 1871//2038 1792//2037 
f 1761//2036 1762//2052 1870//2035 
f 1856//2019 1870//2035 1869//2034 
f 1855//2018 1869//2034 1868//2033 
f 1854//2017 1868//2033 1867//2032 
f 1853//2016 1867//2032 1866//2031 
f 1852//2015 1866//2031 1865//2030 
f 1851//2014 1865//2030 1864//2029 
f 1850//2013 1864//2029 1863//2028 
f 1849//2012 1863//2028 1862//2027 
f 1848//2011 1862//2027 1861//2026 
f 1847//2010 1861//2026 1860//2025 
f 1846//2009 1860//2025 1859//2024 
f 1845//2008 1859//2024 1858//2023 
f 1844//2007 1858//2023 1857//2022 
f 1843//2006 1857//2022 1791//2021 
f 1760//2020 1761//2036 1856//2019 
f 1842//2003 1856//2019 1855//2018 
f 1841//2002 1855//2018 1854//2017 
f 1840//2001 1854//2017 1853//2016 
f 1839//2000 1853//2016 1852//2015 
f 1838//1999 1852//2015 1851//2014 
f 1837//1998 1851//2014 1850//2013 
f 1836//1997 1850//2013 1849//2012 
f 1835//1996 1849//2012 1848//2011 
f 1834//1995 1848//2011 1847//2010 
f 1833//1994 1847//2010 1846//2009 
f 1832//1993 1846//2009 1845//2008 
f 1831//1992 1845//2008 1844//2007 
f 1830//1991 1844//2007 1843//2006 
f 1829//1990 1843//2006 1790//2005 
f 1759//2004 1760//2020 1842//2003 
f 1828//1987 1842//2003 1841//2002 
f 1827//1986 1841//2002 1840//2001 
f 1826//1985 1840//2001 1839//2000 
f 1825//1984 1839//2000 1838//1999 
f 1824//1983 1838//1999 1837//1998 
f 1823//1982 1837//1998 1836//1997 
f 1822//1981 1836//1997 1835//1996 
f 1821//1980 1835//1996 1834//1995 
f 1820//1979 1834//1995 1833//1994 
f 1819//1978 1833//1994 1832//1993 
f 1818//1977 1832//1993 1831//1992 
f 1817//1976 1831//1992 1830//1991 
f 1816//1975 1830//1991 1829//1990 
f 1815//1974 1829//1990 1789//1989 
f 1758//1988 1759//2004 1828//1987 
f 1814//1971 1828//1987 1827//1986 
f 1813//1969 1827//1986 1826//1985 
f 1812//1967 1826//1985 1825//1984 
f 1811//1965 1825//1984 1824//1983 
f 1810//1963 1824//1983 1823//1982 
f 1809//1961 1823//1982 1822//1981 
f 1808//1959 1822//1981 1821//1980 
f 1807//1957 1821//1980 1820//1979 
f 1806//1955 1820//1979 1819//1978 
f 1805//1953 1819//1978 1818//1977 
f 1804//1951 1818//1977 1817//1976 
f 1803//1949 1817//1976 1816//1975 
f 1802//1947 1816//1975 1815//1974 
f 1801//1945 1815//1974 1788//1973 
f 1757//1972 1758//1988 1814//1971 
f 1787//1970 1814//1971 1813//1969 
f 1786//1968 1813//1969 1812//1967 
f 1785//1966 1812//1967 1811//1965 
f 1784//1964 1811//1965 1810//1963 
f 1783//1962 1810//1963 1809//1961 
f 1782//1960 1809//1961 1808//1959 
f 1781//1958 1808//1959 1807//1957 
f 1780//1956 1807//1957 1806//1955 
f 1779//1954 1806//1955 1805//1953 
f 1778//1952 1805//1953 1804//1951 
f 1777//1950 1804//1951 1803//1949 
f 1776//1948 1803//1949 1802//1947 
f 1775//1946 1802//1947 1801//1945 
f 1774//1944 1801//1945 1772//1942 
o mesh31
f 1157//2183 1997//2183 1998//2183 
f 1157//2183 1531//2183 1999//2183 
f 1157//2183 2000//2183 1997//2183 
f 1531//2183 2001//2183 1999//2183 
f 1998//2183 2002//2183 1157//2183 
f 1531//2183 2003//2183 2001//2183 
f 1531//2183 2004//2183 2005//2183 
f 1531//2183 2006//2183 2007//2183 
f 1999//2183 2000//2183 1157//2183 
f 2007//2183 2004//2183 1531//2183 
f 2008//2183 2009//2183 2010//2183 
f 2008//2183 2011//2183 2012//2183 
f 1157//2183 2013//2183 2014//2183 
f 1157//2183 2015//2183 2016//2183 
f 1157//2183 2017//2183 2018//2183 
f 2005//2183 2003//2183 1531//2183 
f 1531//2183 2019//2183 2020//2183 
f 2008//2183 2021//2183 2022//2183 
f 2008//2183 2023//2183 2024//2183 
f 2008//2183 2025//2183 2026//2183 
f 2012//2183 2009//2183 2008//2183 
f 1157//2183 2027//2183 2028//2183 
f 1157//2183 2029//2183 2013//2183 
f 2016//2183 2030//2183 1157//2183 
f 2002//2183 2017//2183 1157//2183 
f 1531//2183 2031//2183 2019//2183 
f 1757//2183 2032//2183 2033//2183 
f 1757//2183 2034//2183 2035//2183 
f 2024//2183 2021//2183 2008//2183 
f 2008//2183 2036//2183 2037//2183 
f 2010//2183 2025//2183 2008//2183 
f 2028//2183 2008//2183 1157//2183 
f 2030//2183 2029//2183 1157//2183 
f 2020//2183 2006//2183 1531//2183 
f 1757//2183 2038//2183 2032//2183 
f 1757//2183 2039//2183 2040//2183 
f 1757//2183 2041//2183 2034//2183 
f 1757//2183 2022//2183 2042//2183 
f 2037//2183 2023//2183 2008//2183 
f 2008//2183 2043//2183 2044//2183 
f 2028//2183 2011//2183 2008//2183 
f 2018//2183 2015//2183 1157//2183 
f 1531//2183 2045//2183 2046//2183 
f 1757//2183 2047//2183 2048//2183 
f 2033//2183 2049//2183 1757//2183 
f 1757//2183 2050//2183 2039//2183 
f 2042//2183 2041//2183 1757//2183 
f 2044//2183 2036//2183 2008//2183 
f 2014//2183 2027//2183 1157//2183 
f 2046//2183 2051//2183 1531//2183 
f 1531//2183 2048//2183 2052//2183 
f 1757//2183 2053//2183 2047//2183 
f 1757//2183 2054//2183 2038//2183 
f 2035//2183 2050//2183 1757//2183 
f 2026//2183 2043//2183 2008//2183 
f 1531//2183 2055//2183 2045//2183 
f 2048//2183 1531//2183 1757//2183 
f 2040//2183 2054//2183 1757//2183 
f 2051//2183 2031//2183 1531//2183 
f 2049//2183 2053//2183 1757//2183 
f 2052//2183 2055//2183 1531//2183 
f 2022//2183 1757//2183 2008//2183 
o mesh32
f 2011//2184 2028//2185 2056//2185 
f 2012//2186 2011//2184 2057//2187 
f 2009//2188 2012//2186 2058//2189 
f 2010//2190 2009//2188 2059//2191 
f 2025//2192 2010//2190 2060//2193 
f 2026//2194 2025//2192 2061//2195 
f 2043//2196 2026//2194 2062//2197 
f 2044//2198 2043//2196 2063//2199 
f 2036//2200 2044//2198 2064//2201 
f 2037//2202 2036//2200 2065//2203 
f 2023//2204 2037//2202 2066//2205 
f 2024//2206 2023//2204 2067//2207 
f 2021//2208 2024//2206 2068//2209 
f 2022//2210 2021//2208 2069//2211 
f 2042//2212 2022//2210 2070//2213 
f 2041//2214 2042//2212 2071//2215 
f 2034//2216 2041//2214 2072//2217 
f 2035//2218 2034//2216 2073//2219 
f 2050//2220 2035//2218 2074//2221 
f 2039//2222 2050//2220 2075//2223 
f 2040//2224 2039//2222 2076//2225 
f 2054//2226 2040//2224 2077//2227 
f 2038//2228 2054//2226 2078//2229 
f 2032//2230 2038//2228 2079//2231 
f 2033//2232 2032//2230 2080//2233 
f 2049//2234 2033//2232 2081//2235 
f 2053//2236 2049//2234 2082//2237 
f 2047//2238 2053//2236 2083//2239 
f 2048//2240 2047//2238 2084//2241 
f 2052//2242 2048//2240 2085//2243 
f 2055//2244 2052//2242 2086//2245 
f 2045//2246 2055//2244 2087//2247 
f 2046//2248 2045//2246 2088//2249 
f 2051//2250 2046//2248 2089//2251 
f 2031//2252 2051//2250 2090//2253 
f 2019//2254 2031//2252 2091//2255 
f 2020//2256 2019//2254 2092//2257 
f 2006//2258 2020//2256 2093//2259 
f 2007//2260 2006//2258 2094//2261 
f 2004//2262 2007//2260 2095//2263 
f 2005//2264 2004//2262 2096//2265 
f 2003//2266 2005//2264 2097//2267 
f 2001//2268 2003//2266 2098//2269 
f 1999//2270 2001//2268 2099//2271 
f 2000//2272 1999//2270 2100//2273 
f 1997//2274 2000//2272 2101//2275 
f 1998//2276 1997//2274 2102//2277 
f 2002//2278 1998//2276 2103//2279 
f 2017//2280 2002//2278 2104//2281 
f 2018//2282 2017//2280 2105//2283 
f 2015//2284 2018//2282 2106//2285 
f 2016//2286 2015//2284 2107//2287 
f 2030//2288 2016//2286 2108//2289 
f 2029//2290 2030//2288 2109//2291 
f 2013//2292 2029//2290 2110//2293 
f 2014//2294 2013//2292 2111//2295 
f 2027//2296 2014//2294 2112//2297 
f 2028//2185 2027//2296 2113//2296 
f 2113//2296 2056//2185 2028//2185 
f 2112//2297 2113//2296 2027//2296 
f 2111//2295 2112//2297 2014//2294 
f 2110//2293 2111//2295 2013//2292 
f 2109//2291 2110//2293 2029//2290 
f 2108//2289 2109//2291 2030//2288 
f 2107//2287 2108//2289 2016//2286 
f 2106//2285 2107//2287 2015//2284 
f 2105//2283 2106//2285 2018//2282 
f 2104//2281 2105//2283 2017//2280 
f 2103//2279 2104//2281 2002//2278 
f 2102//2277 2103//2279 1998//2276 
f 2101//2275 2102//2277 1997//2274 
f 2100//2273 2101//2275 2000//2272 
f 2099//2271 2100//2273 1999//2270 
f 2098//2269 2099//2271 2001//2268 
f 2097//2267 2098//2269 2003//2266 
f 2096//2265 2097//2267 2005//2264 
f 2095//2263 2096//2265 2004//2262 
f 2094//2261 2095//2263 2007//2260 
f 2093//2259 2094//2261 2006//2258 
f 2092//2257 2093//2259 2020//2256 
f 2091//2255 2092//2257 2019//2254 
f 2090//2253 2091//2255 2031//2252 
f 2089//2251 2090//2253 2051//2250 
f 2088//2249 2089//2251 2046//2248 
f 2087//2247 2088//2249 2045//2246 
f 2086//2245 2087//2247 2055//2244 
f 2085//2243 2086//2245 2052//2242 
f 2084//2241 2085//2243 2048//2240 
f 2083//2239 2084//2241 2047//2238 
f 2082//2237 2083//2239 2053//2236 
f 2081//2235 2082//2237 2049//2234 
f 2080//2233 2081//2235 2033//2232 
f 2079//2231 2080//2233 2032//2230 
f 2078//2229 2079//2231 2038//2228 
f 2077//2227 2078//2229 2054//2226 
f 2076//2225 2077//2227 2040//2224 
f 2075//2223 2076//2225 2039//2222 
f 2074//2221 2075//2223 2050//2220 
f 2073//2219 2074//2221 2035//2218 
f 2072//2217 2073//2219 2034//2216 
f 2071//2215 2072//2217 2041//2214 
f 2070//2213 2071//2215 2042//2212 
f 2069//2211 2070//2213 2022//2210 
f 2068//2209 2069//2211 2021//2208 
f 2067//2207 2068//2209 2024//2206 
f 2066//2205 2067//2207 2023//2204 
f 2065//2203 2066//2205 2037//2202 
f 2064//2201 2065//2203 2036//2200 
f 2063//2199 2064//2201 2044//2198 
f 2062//2197 2063//2199 2043//2196 
f 2061//2195 2062//2197 2026//2194 
f 2060//2193 2061//2195 2025//2192 
f 2059//2191 2060//2193 2010//2190 
f 2058//2189 2059//2191 2009//2188 
f 2057//2187 2058//2189 2012//2186 
f 2056//2185 2057//2187 2011//2184 
o mesh33
f 1755//2298 2070//2298 2069//2298 
f 2069//2298 2114//2298 1755//2298 
f 2069//2298 2068//2298 2114//2298 
f 1755//2298 2073//2298 2072//2298 
f 1755//2298 2071//2298 2070//2298 
f 1755//2298 2074//2298 2073//2298 
f 2114//2298 2067//2298 2066//2298 
f 2072//2298 2071//2298 1755//2298 
f 2114//2298 2063//2298 2062//2298 
f 2114//2298 2065//2298 2064//2298 
f 2068//2298 2067//2298 2114//2298 
f 1755//2298 2076//2298 2075//2298 
f 2064//2298 2063//2298 2114//2298 
f 2075//2298 2074//2298 1755//2298 
f 2114//2298 2058//2298 2057//2298 
f 2114//2298 2061//2298 2060//2298 
f 2066//2298 2065//2298 2114//2298 
f 1479//2298 2096//2298 2095//2298 
f 1479//2298 1476//2298 2101//2298 
f 1476//2298 2104//2298 2103//2298 
f 1476//2298 2107//2298 2106//2298 
f 1476//2298 2109//2298 2108//2298 
f 2114//2298 2059//2298 2058//2298 
f 2062//2298 2061//2298 2114//2298 
f 1755//2298 2078//2298 2077//2298 
f 1755//2298 2080//2298 2079//2298 
f 1479//2298 2097//2298 2096//2298 
f 1479//2298 2099//2298 2098//2298 
f 1476//2298 2102//2298 2101//2298 
f 1476//2298 2105//2298 2104//2298 
f 2108//2298 2107//2298 1476//2298 
f 1476//2298 2111//2298 2110//2298 
f 1476//2298 2114//2298 2056//2298 
f 2060//2298 2059//2298 2114//2298 
f 2079//2298 2078//2298 1755//2298 
f 1755//2298 2082//2298 2081//2298 
f 1479//2298 2092//2298 2091//2298 
f 1479//2298 2094//2298 2093//2298 
f 2098//2298 2097//2298 1479//2298 
f 2103//2298 2102//2298 1476//2298 
f 2110//2298 2109//2298 1476//2298 
f 2056//2298 2113//2298 1476//2298 
f 2077//2298 2076//2298 1755//2298 
f 1755//2298 2083//2298 2082//2298 
f 1755//2298 1479//2298 2085//2298 
f 1479//2298 2090//2298 2089//2298 
f 2093//2298 2092//2298 1479//2298 
f 1479//2298 2100//2298 2099//2298 
f 2106//2298 2105//2298 1476//2298 
f 2113//2298 2112//2298 1476//2298 
f 2081//2298 2080//2298 1755//2298 
f 2085//2298 2084//2298 1755//2298 
f 2089//2298 2088//2298 1479//2298 
f 2095//2298 2094//2298 1479//2298 
f 2112//2298 2111//2298 1476//2298 
f 2084//2298 2083//2298 1755//2298 
f 1479//2298 2087//2298 2086//2298 
f 2091//2298 2090//2298 1479//2298 
f 2057//2298 2056//2298 2114//2298 
f 2088//2298 2087//2298 1479//2298 
f 2086//2298 2085//2298 1479//2298 
f 2101//2298 2100//2298 1479//2298 
o mesh34
f 2115//2299 2116//2300 2117//2300 
f 2118//2301 2115//2299 2119//2302 
f 2120//2303 2118//2301 2121//2304 
f 2122//2305 2120//2303 2123//2306 
f 2124//2307 2122//2305 2125//2308 
f 2126//2309 2124//2307 2127//2310 
f 2128//2311 2126//2309 2129//2312 
f 2130//2313 2128//2311 2131//2314 
f 2132//2315 2130//2313 2133//2316 
f 2134//2317 2132//2315 2135//2318 
f 2135//2318 2136//2319 2134//2317 
f 2137//2320 2134//2317 2138//2321 
f 2138//2321 2139//2322 2137//2320 
f 2140//2323 2137//2320 2141//2324 
f 2141//2324 2142//2325 2140//2323 
f 2143//2326 2140//2323 2144//2327 
f 2144//2327 2145//2328 2143//2326 
f 2146//2329 2143//2326 2147//2330 
f 2147//2330 2148//2331 2146//2329 
f 2114//2332 2146//2329 2149//2333 
f 2149//2333 2150//2334 2114//2332 
f 2150//2334 1755//2335 2114//2332 
f 2148//2331 2149//2333 2146//2329 
f 2145//2328 2147//2330 2143//2326 
f 2142//2325 2144//2327 2140//2323 
f 2139//2322 2141//2324 2137//2320 
f 2136//2319 2138//2321 2134//2317 
f 2133//2316 2135//2318 2132//2315 
f 2131//2314 2133//2316 2130//2313 
f 2129//2312 2131//2314 2128//2311 
f 2127//2310 2129//2312 2126//2309 
f 2125//2308 2127//2310 2124//2307 
f 2123//2306 2125//2308 2122//2305 
f 2121//2304 2123//2306 2120//2303 
f 2119//2302 2121//2304 2118//2301 
f 2117//2300 2119//2302 2115//2299 
o mesh35
f 1756//2336 2150//2337 2149//2338 
f 1756//2336 1755//2339 2150//2337 
f 1800//2338 2148//2340 2147//2341 
f 1800//2338 2149//2338 2148//2340 
f 1799//2341 2145//2342 2144//2343 
f 1799//2341 2147//2341 2145//2342 
f 1798//2343 2142//2344 2141//2345 
f 1798//2343 2144//2343 2142//2344 
f 1797//2345 2139//2346 2138//2347 
f 1797//2345 2141//2345 2139//2346 
f 1796//2347 2136//2348 2135//2349 
f 1796//2347 2138//2347 2136//2348 
f 1795//2349 2135//2349 2133//2350 
f 1794//2350 2133//2350 2131//2351 
f 1793//2351 2131//2351 2129//2352 
f 1792//2352 2129//2352 2127//2353 
f 1791//2353 2127//2353 2125//2354 
f 1790//2354 2125//2354 2123//2355 
f 1789//2355 2123//2355 2121//2356 
f 1788//2356 2121//2356 2119//2357 
f 1772//2357 2119//2357 2117//2358 
f 2117//2358 1773//2358 1772//2357 
f 2119//2357 1772//2357 1788//2356 
f 2121//2356 1788//2356 1789//2355 
f 2123//2355 1789//2355 1790//2354 
f 2125//2354 1790//2354 1791//2353 
f 2127//2353 1791//2353 1792//2352 
f 2129//2352 1792//2352 1793//2351 
f 2131//2351 1793//2351 1794//2350 
f 2133//2350 1794//2350 1795//2349 
f 2135//2349 1795//2349 1796//2347 
f 2138//2347 1796//2347 1797//2345 
f 2141//2345 1797//2345 1798//2343 
f 2144//2343 1798//2343 1799//2341 
f 2147//2341 1799//2341 1800//2338 
f 2149//2338 1800//2338 1756//2336 
o mesh36
f 1773//2358 2151//2358 2152//2359 
f 1774//2359 2152//2359 2153//2360 
f 1775//2360 2153//2360 2154//2361 
f 1776//2361 2154//2361 2155//2362 
f 1777//2362 2155//2362 2156//2363 
f 1778//2363 2156//2363 2157//2364 
f 1779//2364 2157//2364 2158//2365 
f 1780//2365 2158//2365 2159//2366 
f 1781//2366 2159//2366 2160//2367 
f 1782//2367 2160//2367 2161//2368 
f 2161//2368 1783//2369 1782//2367 
f 1783//2369 2162//2369 2163//2370 
f 2163//2370 1784//2371 1783//2369 
f 1784//2371 2164//2371 2165//2372 
f 2165//2372 1785//2373 1784//2371 
f 1785//2373 2166//2373 2167//2374 
f 2167//2374 1786//2375 1785//2373 
f 1786//2375 2168//2375 2169//2376 
f 2169//2376 1787//2377 1786//2375 
f 1787//2377 2170//2377 2171//2378 
f 2171//2378 1757//2379 1787//2377 
f 2171//2378 2008//2379 1757//2379 
f 2169//2376 2170//2377 1787//2377 
f 2167//2374 2168//2375 1786//2375 
f 2165//2372 2166//2373 1785//2373 
f 2163//2370 2164//2371 1784//2371 
f 2161//2368 2162//2369 1783//2369 
f 2160//2367 1782//2367 1781//2366 
f 2159//2366 1781//2366 1780//2365 
f 2158//2365 1780//2365 1779//2364 
f 2157//2364 1779//2364 1778//2363 
f 2156//2363 1778//2363 1777//2362 
f 2155//2362 1777//2362 1776//2361 
f 2154//2361 1776//2361 1775//2360 
f 2153//2360 1775//2360 1774//2359 
f 2152//2359 1774//2359 1773//2358 
o mesh37
f 2117//2380 2116//2380 2151//2380 
f 2172//2380 2173//2380 2151//2380 
f 2151//2380 2116//2380 2172//2380 
f 2151//2380 1773//2380 2117//2380 
o mesh38
f 419//2381 417//2381 415//2381 
f 408//2381 423//2381 421//2381 
f 408//2381 427//2381 425//2381 
f 419//2381 411//2381 409//2381 
f 415//2381 413//2381 419//2381 
f 425//2381 423//2381 408//2381 
f 408//2381 431//2381 429//2381 
f 1179//2381 136//2381 138//2381 
f 413//2381 411//2381 419//2381 
f 429//2381 427//2381 408//2381 
f 408//2381 119//2381 435//2381 
f 1179//2381 142//2381 144//2381 
f 138//2381 140//2381 1179//2381 
f 1179//2381 132//2381 134//2381 
f 421//2381 419//2381 408//2381 
f 435//2381 433//2381 408//2381 
f 140//2381 142//2381 1179//2381 
f 1179//2381 130//2381 132//2381 
f 1179//2381 126//2381 128//2381 
f 1179//2381 121//2381 124//2381 
f 2126//2381 2120//2381 2122//2381 
f 1486//2381 1499//2381 1501//2381 
f 1499//2381 1492//2381 1495//2381 
f 1499//2381 1486//2381 1489//2381 
f 433//2381 431//2381 408//2381 
f 1179//2381 148//2381 150//2381 
f 134//2381 136//2381 1179//2381 
f 124//2381 126//2381 1179//2381 
f 2126//2381 2118//2381 2120//2381 
f 2126//2381 2116//2381 2115//2381 
f 2172//2381 2140//2381 2143//2381 
f 1476//2381 2174//2381 2172//2381 
f 1486//2381 1509//2381 1511//2381 
f 1486//2381 1505//2381 1507//2381 
f 1501//2381 1503//2381 1486//2381 
f 1489//2381 1492//2381 1499//2381 
f 2175//2381 1209//2381 1211//2381 
f 409//2381 408//2381 419//2381 
f 1179//2381 146//2381 148//2381 
f 128//2381 130//2381 1179//2381 
f 2116//2381 2126//2381 2128//2381 
f 2115//2381 2118//2381 2126//2381 
f 2172//2381 2130//2381 2132//2381 
f 2172//2381 2137//2381 2140//2381 
f 2172//2381 2146//2381 1476//2381 
f 1507//2381 1509//2381 1486//2381 
f 1495//2381 1497//2381 1499//2381 
f 1473//2381 1476//2381 1480//2381 
f 2175//2381 1215//2381 1217//2381 
f 1211//2381 1213//2381 2175//2381 
f 2175//2381 1205//2381 1207//2381 
f 2175//2381 1201//2381 1203//2381 
f 1179//2381 117//2381 119//2381 
f 144//2381 146//2381 1179//2381 
f 2122//2381 2124//2381 2126//2381 
f 2132//2381 2134//2381 2172//2381 
f 2146//2381 2114//2381 1476//2381 
f 1473//2381 121//2381 2174//2381 
f 1503//2381 1505//2381 1486//2381 
f 1480//2381 1483//2381 1473//2381 
f 121//2381 2176//2381 2177//2381 
f 121//2381 2178//2381 2179//2381 
f 1513//2381 2180//2381 2181//2381 
f 1213//2381 1215//2381 2175//2381 
f 1203//2381 1205//2381 2175//2381 
f 2175//2381 1197//2381 1199//2381 
f 150//2381 117//2381 1179//2381 
f 2130//2381 2172//2381 2116//2381 
f 2143//2381 2146//2381 2172//2381 
f 121//2381 2182//2381 2174//2381 
f 1483//2381 1486//2381 1473//2381 
f 2179//2381 2176//2381 121//2381 
f 121//2381 2183//2381 2184//2381 
f 121//2381 2175//2381 2185//2381 
f 1221//2381 2186//2381 2187//2381 
f 2181//2381 1221//2381 1223//2381 
f 1217//2381 1219//2381 2175//2381 
f 1199//2381 1201//2381 2175//2381 
f 121//2381 1196//2381 1197//2381 
f 408//2381 1179//2381 119//2381 
f 2134//2381 2137//2381 2172//2381 
f 1511//2381 1473//2381 1486//2381 
f 2184//2381 2178//2381 121//2381 
f 2185//2381 2188//2381 121//2381 
f 1221//2381 2189//2381 2186//2381 
f 2181//2381 1223//2381 1513//2381 
f 1207//2381 1209//2381 2175//2381 
f 1179//2381 1196//2381 121//2381 
f 2174//2381 1476//2381 1473//2381 
f 2188//2381 2183//2381 121//2381 
f 2181//2381 2189//2381 1221//2381 
f 1197//2381 2175//2381 121//2381 
f 2177//2381 2182//2381 121//2381 
f 1219//2381 1221//2381 2175//2381 
f 2187//2381 2175//2381 1221//2381 
f 2128//2381 2130//2381 2116//2381 
o mesh39
f 2190//2382 2173//2383 2172//2383 
f 2191//2384 2190//2382 2174//2385 
f 2192//2386 2191//2384 2182//2387 
f 2193//2388 2192//2386 2177//2389 
f 2194//2390 2193//2388 2176//2391 
f 2195//2392 2194//2390 2179//2393 
f 2196//2394 2195//2392 2178//2395 
f 2197//2396 2196//2394 2184//2397 
f 2198//2398 2197//2396 2183//2399 
f 2199//2400 2198//2398 2188//2401 
f 2200//2402 2199//2400 2185//2403 
f 2201//2404 2200//2402 2175//2405 
f 2202//2406 2201//2404 2187//2407 
f 2203//2408 2202//2406 2186//2409 
f 2204//2410 2203//2408 2189//2411 
f 2189//2411 2181//2410 2204//2410 
f 2186//2409 2189//2411 2203//2408 
f 2187//2407 2186//2409 2202//2406 
f 2175//2405 2187//2407 2201//2404 
f 2185//2403 2175//2405 2200//2402 
f 2188//2401 2185//2403 2199//2400 
f 2183//2399 2188//2401 2198//2398 
f 2184//2397 2183//2399 2197//2396 
f 2178//2395 2184//2397 2196//2394 
f 2179//2393 2178//2395 2195//2392 
f 2176//2391 2179//2393 2194//2390 
f 2177//2389 2176//2391 2193//2388 
f 2182//2387 2177//2389 2192//2386 
f 2174//2385 2182//2387 2191//2384 
f 2172//2383 2174//2385 2190//2382 
o mesh40
f 2205//2412 2206//2413 2008//2413 
f 2008//2413 2171//2414 2205//2412 
f 2207//2415 2205//2412 2170//2416 
f 2170//2416 2169//2417 2207//2415 
f 2208//2418 2207//2415 2168//2419 
f 2168//2419 2167//2420 2208//2418 
f 2209//2421 2208//2418 2166//2422 
f 2166//2422 2165//2423 2209//2421 
f 2210//2424 2209//2421 2164//2425 
f 2164//2425 2163//2426 2210//2424 
f 2211//2427 2210//2424 2162//2428 
f 2162//2428 2161//2429 2211//2427 
f 2212//2430 2211//2427 2160//2431 
f 2213//2432 2212//2430 2159//2433 
f 2214//2434 2213//2432 2158//2435 
f 2215//2436 2214//2434 2157//2437 
f 2216//2438 2215//2436 2156//2439 
f 2217//2440 2216//2438 2155//2441 
f 2218//2442 2217//2440 2154//2443 
f 2219//2444 2218//2442 2153//2445 
f 2173//2446 2219//2444 2152//2447 
f 2152//2447 2151//2446 2173//2446 
f 2153//2445 2152//2447 2219//2444 
f 2154//2443 2153//2445 2218//2442 
f 2155//2441 2154//2443 2217//2440 
f 2156//2439 2155//2441 2216//2438 
f 2157//2437 2156//2439 2215//2436 
f 2158//2435 2157//2437 2214//2434 
f 2159//2433 2158//2435 2213//2432 
f 2160//2431 2159//2433 2212//2430 
f 2161//2429 2160//2431 2211//2427 
f 2163//2426 2162//2428 2210//2424 
f 2165//2423 2164//2425 2209//2421 
f 2167//2420 2166//2422 2208//2418 
f 2169//2417 2168//2419 2207//2415 
f 2171//2414 2170//2416 2205//2412 
o mesh41
f 2219//2447 2173//2446 2190//2448 
f 2249//2449 2190//2448 2191//2450 
f 2250//2451 2191//2450 2192//2452 
f 2251//2453 2192//2452 2193//2454 
f 2252//2455 2193//2454 2194//2456 
f 2253//2457 2194//2456 2195//2458 
f 2254//2459 2195//2458 2196//2460 
f 2255//2461 2196//2460 2197//2462 
f 2256//2463 2197//2462 2198//2464 
f 2257//2465 2198//2464 2199//2466 
f 2258//2467 2199//2466 2200//2468 
f 2259//2469 2200//2468 2201//2470 
f 2260//2471 2201//2470 2202//2472 
f 2261//2473 2202//2472 2203//2474 
f 2262//2475 2203//2474 2204//2476 
f 2218//2477 2219//2447 2249//2449 
f 2263//2478 2249//2449 2250//2451 
f 2264//2479 2250//2451 2251//2453 
f 2265//2480 2251//2453 2252//2455 
f 2266//2481 2252//2455 2253//2457 
f 2267//2482 2253//2457 2254//2459 
f 2268//2483 2254//2459 2255//2461 
f 2269//2484 2255//2461 2256//2463 
f 2270//2485 2256//2463 2257//2465 
f 2271//2486 2257//2465 2258//2467 
f 2272//2487 2258//2467 2259//2469 
f 2273//2488 2259//2469 2260//2471 
f 2274//2489 2260//2471 2261//2473 
f 2275//2490 2261//2473 2262//2475 
f 2276//2491 2262//2475 2220//2492 
f 2217//2493 2218//2477 2263//2478 
f 2277//2494 2263//2478 2264//2479 
f 2278//2495 2264//2479 2265//2480 
f 2279//2496 2265//2480 2266//2481 
f 2280//2497 2266//2481 2267//2482 
f 2281//2498 2267//2482 2268//2483 
f 2282//2499 2268//2483 2269//2484 
f 2283//2500 2269//2484 2270//2485 
f 2284//2501 2270//2485 2271//2486 
f 2285//2502 2271//2486 2272//2487 
f 2286//2503 2272//2487 2273//2488 
f 2287//2504 2273//2488 2274//2489 
f 2288//2505 2274//2489 2275//2490 
f 2289//2506 2275//2490 2276//2491 
f 2290//2507 2276//2491 2221//2508 
f 2216//2509 2217//2493 2277//2494 
f 2291//2510 2277//2494 2278//2495 
f 2292//2511 2278//2495 2279//2496 
f 2293//2512 2279//2496 2280//2497 
f 2294//2513 2280//2497 2281//2498 
f 2295//2514 2281//2498 2282//2499 
f 2296//2515 2282//2499 2283//2500 
f 2297//2516 2283//2500 2284//2501 
f 2298//2517 2284//2501 2285//2502 
f 2299//2518 2285//2502 2286//2503 
f 2300//2519 2286//2503 2287//2504 
f 2301//2520 2287//2504 2288//2505 
f 2302//2521 2288//2505 2289//2506 
f 2303//2522 2289//2506 2290//2507 
f 2304//2523 2290//2507 2222//2524 
f 2215//2525 2216//2509 2291//2510 
f 2305//2526 2291//2510 2292//2511 
f 2306//2527 2292//2511 2293//2512 
f 2307//2528 2293//2512 2294//2513 
f 2308//2529 2294//2513 2295//2514 
f 2309//2530 2295//2514 2296//2515 
f 2310//2531 2296//2515 2297//2516 
f 2311//2532 2297//2516 2298//2517 
f 2312//2533 2298//2517 2299//2518 
f 2313//2534 2299//2518 2300//2519 
f 2314//2535 2300//2519 2301//2520 
f 2315//2536 2301//2520 2302//2521 
f 2316//2537 2302//2521 2303//2522 
f 2317//2538 2303//2522 2304//2523 
f 2318//2539 2304//2523 2223//2540 
f 2214//2541 2215//2525 2305//2526 
f 2319//2542 2305//2526 2306//2527 
f 2320//2543 2306//2527 2307//2528 
f 2321//2544 2307//2528 2308//2529 
f 2322//2545 2308//2529 2309//2530 
f 2323//2546 2309//2530 2310//2531 
f 2324//2547 2310//2531 2311//2532 
f 2325//2548 2311//2532 2312//2533 
f 2326//2549 2312//2533 2313//2534 
f 2327//2550 2313//2534 2314//2535 
f 2328//2551 2314//2535 2315//2536 
f 2329//2552 2315//2536 2316//2537 
f 2330//2553 2316//2537 2317//2538 
f 2331//2554 2317//2538 2318//2539 
f 2332//2555 2318//2539 2224//2556 
f 2213//2557 2214//2541 2319//2542 
f 2333//2558 2319//2542 2320//2543 
f 2334//2559 2320//2543 2321//2544 
f 2335//2560 2321//2544 2322//2545 
f 2336//2561 2322//2545 2323//2546 
f 2337//2562 2323//2546 2324//2547 
f 2338//2563 2324//2547 2325//2548 
f 2339//2564 2325//2548 2326//2549 
f 2340//2565 2326//2549 2327//2550 
f 2341//2566 2327//2550 2328//2551 
f 2342//2567 2328//2551 2329//2552 
f 2343//2568 2329//2552 2330//2553 
f 2344//2569 2330//2553 2331//2554 
f 2345//2570 2331//2554 2332//2555 
f 2346//2571 2332//2555 2225//2572 
f 2212//2573 2213//2557 2333//2558 
f 2347//2574 2333//2558 2334//2559 
f 2348//2575 2334//2559 2335//2560 
f 2349//2576 2335//2560 2336//2561 
f 2350//2577 2336//2561 2337//2562 
f 2351//2578 2337//2562 2338//2563 
f 2352//2579 2338//2563 2339//2564 
f 2353//2580 2339//2564 2340//2565 
f 2354//2581 2340//2565 2341//2566 
f 2355//2582 2341//2566 2342//2567 
f 2356//2583 2342//2567 2343//2568 
f 2357//2584 2343//2568 2344//2569 
f 2358//2585 2344//2569 2345//2570 
f 2359//2586 2345//2570 2346//2571 
f 2360//2587 2346//2571 2226//2588 
f 2211//2589 2212//2573 2347//2574 
f 2361//2590 2347//2574 2348//2575 
f 2362//2591 2348//2575 2349//2576 
f 2363//2592 2349//2576 2350//2577 
f 2364//2593 2350//2577 2351//2578 
f 2365//2594 2351//2578 2352//2579 
f 2366//2595 2352//2579 2353//2580 
f 2367//2596 2353//2580 2354//2581 
f 2368//2597 2354//2581 2355//2582 
f 2369//2598 2355//2582 2356//2583 
f 2370//2599 2356//2583 2357//2584 
f 2371//2600 2357//2584 2358//2585 
f 2372//2601 2358//2585 2359//2586 
f 2373//2602 2359//2586 2360//2587 
f 2374//2603 2360//2587 2227//2604 
f 2210//2605 2211//2589 2361//2590 
f 2375//2606 2361//2590 2362//2591 
f 2376//2607 2362//2591 2363//2592 
f 2377//2608 2363//2592 2364//2593 
f 2378//2609 2364//2593 2365//2594 
f 2379//2610 2365//2594 2366//2595 
f 2380//2611 2366//2595 2367//2596 
f 2381//2612 2367//2596 2368//2597 
f 2382//2613 2368//2597 2369//2598 
f 2383//2614 2369//2598 2370//2599 
f 2384//2615 2370//2599 2371//2600 
f 2385//2616 2371//2600 2372//2601 
f 2386//2617 2372//2601 2373//2602 
f 2387//2618 2373//2602 2374//2603 
f 2388//2619 2374//2603 2228//2620 
f 2209//2621 2210//2605 2375//2606 
f 2389//2622 2375//2606 2376//2607 
f 2390//2623 2376//2607 2377//2608 
f 2391//2624 2377//2608 2378//2609 
f 2392//2625 2378//2609 2379//2610 
f 2393//2626 2379//2610 2380//2611 
f 2394//2627 2380//2611 2381//2612 
f 2395//2628 2381//2612 2382//2613 
f 2396//2629 2382//2613 2383//2614 
f 2397//2630 2383//2614 2384//2615 
f 2398//2631 2384//2615 2385//2616 
f 2399//2632 2385//2616 2386//2617 
f 2400//2633 2386//2617 2387//2618 
f 2401//2634 2387//2618 2388//2619 
f 2402//2635 2388//2619 2229//2636 
f 2208//2637 2209//2621 2389//2622 
f 2403//2638 2389//2622 2390//2623 
f 2404//2639 2390//2623 2391//2624 
f 2405//2640 2391//2624 2392//2625 
f 2406//2641 2392//2625 2393//2626 
f 2407//2642 2393//2626 2394//2627 
f 2408//2643 2394//2627 2395//2628 
f 2409//2644 2395//2628 2396//2629 
f 2410//2645 2396//2629 2397//2630 
f 2411//2646 2397//2630 2398//2631 
f 2412//2647 2398//2631 2399//2632 
f 2413//2648 2399//2632 2400//2633 
f 2414//2649 2400//2633 2401//2634 
f 2415//2650 2401//2634 2402//2635 
f 2416//2651 2402//2635 2230//2652 
f 2207//2653 2208//2637 2403//2638 
f 2417//2654 2403//2638 2404//2639 
f 2418//2655 2404//2639 2405//2640 
f 2419//2656 2405//2640 2406//2641 
f 2420//2657 2406//2641 2407//2642 
f 2421//2658 2407//2642 2408//2643 
f 2422//2659 2408//2643 2409//2644 
f 2423//2660 2409//2644 2410//2645 
f 2424//2661 2410//2645 2411//2646 
f 2425//2662 2411//2646 2412//2647 
f 2426//2663 2412//2647 2413//2648 
f 2427//2664 2413//2648 2414//2649 
f 2428//2665 2414//2649 2415//2650 
f 2429//2666 2415//2650 2416//2651 
f 2430//2667 2416//2651 2231//2668 
f 2205//2669 2207//2653 2417//2654 
f 2431//2670 2417//2654 2418//2655 
f 2432//2671 2418//2655 2419//2656 
f 2433//2672 2419//2656 2420//2657 
f 2434//2673 2420//2657 2421//2658 
f 2435//2674 2421//2658 2422//2659 
f 2436//2675 2422//2659 2423//2660 
f 2437//2676 2423//2660 2424//2661 
f 2438//2677 2424//2661 2425//2662 
f 2439//2678 2425//2662 2426//2663 
f 2440//2679 2426//2663 2427//2664 
f 2441//2680 2427//2664 2428//2665 
f 2442//2681 2428//2665 2429//2666 
f 2443//2682 2429//2666 2430//2667 
f 2444//2683 2430//2667 2232//2684 
f 2206//2685 2205//2669 2431//2670 
f 2233//2685 2431//2670 2432//2671 
f 2234//2685 2432//2671 2433//2672 
f 2235//2685 2433//2672 2434//2673 
f 2236//2685 2434//2673 2435//2674 
f 2237//2685 2435//2674 2436//2675 
f 2238//2685 2436//2675 2437//2676 
f 2239//2685 2437//2676 2438//2677 
f 2240//2685 2438//2677 2439//2678 
f 2241//2685 2439//2678 2440//2679 
f 2242//2685 2440//2679 2441//2680 
f 2243//2685 2441//2680 2442//2681 
f 2244//2685 2442//2681 2443//2682 
f 2245//2685 2443//2682 2444//2683 
f 2246//2685 2444//2683 2247//2686 
f 2247//2686 2248//2685 2246//2685 
f 2444//2683 2246//2685 2245//2685 
f 2443//2682 2245//2685 2244//2685 
f 2442//2681 2244//2685 2243//2685 
f 2441//2680 2243//2685 2242//2685 
f 2440//2679 2242//2685 2241//2685 
f 2439//2678 2241//2685 2240//2685 
f 2438//2677 2240//2685 2239//2685 
f 2437//2676 2239//2685 2238//2685 
f 2436//2675 2238//2685 2237//2685 
f 2435//2674 2237//2685 2236//2685 
f 2434//2673 2236//2685 2235//2685 
f 2433//2672 2235//2685 2234//2685 
f 2432//2671 2234//2685 2233//2685 
f 2431//2670 2233//2685 2206//2685 
f 2232//2684 2247//2686 2444//2683 
f 2430//2667 2444//2683 2443//2682 
f 2429//2666 2443//2682 2442//2681 
f 2428//2665 2442//2681 2441//2680 
f 2427//2664 2441//2680 2440//2679 
f 2426//2663 2440//2679 2439//2678 
f 2425//2662 2439//2678 2438//2677 
f 2424//2661 2438//2677 2437//2676 
f 2423//2660 2437//2676 2436//2675 
f 2422//2659 2436//2675 2435//2674 
f 2421//2658 2435//2674 2434//2673 
f 2420//2657 2434//2673 2433//2672 
f 2419//2656 2433//2672 2432//2671 
f 2418//2655 2432//2671 2431//2670 
f 2417//2654 2431//2670 2205//2669 
f 2231//2668 2232//2684 2430//2667 
f 2416//2651 2430//2667 2429//2666 
f 2415//2650 2429//2666 2428//2665 
f 2414//2649 2428//2665 2427//2664 
f 2413//2648 2427//2664 2426//2663 
f 2412//2647 2426//2663 2425//2662 
f 2411//2646 2425//2662 2424//2661 
f 2410//2645 2424//2661 2423//2660 
f 2409//2644 2423//2660 2422//2659 
f 2408//2643 2422//2659 2421//2658 
f 2407//2642 2421//2658 2420//2657 
f 2406//2641 2420//2657 2419//2656 
f 2405//2640 2419//2656 2418//2655 
f 2404//2639 2418//2655 2417//2654 
f 2403//2638 2417//2654 2207//2653 
f 2230//2652 2231//2668 2416//2651 
f 2402//2635 2416//2651 2415//2650 
f 2401//2634 2415//2650 2414//2649 
f 2400//2633 2414//2649 2413//2648 
f 2399//2632 2413//2648 2412//2647 
f 2398//2631 2412//2647 2411//2646 
f 2397//2630 2411//2646 2410//2645 
f 2396//2629 2410//2645 2409//2644 
f 2395//2628 2409//2644 2408//2643 
f 2394//2627 2408//2643 2407//2642 
f 2393//2626 2407//2642 2406//2641 
f 2392//2625 2406//2641 2405//2640 
f 2391//2624 2405//2640 2404//2639 
f 2390//2623 2404//2639 2403//2638 
f 2389//2622 2403//2638 2208//2637 
f 2229//2636 2230//2652 2402//2635 
f 2388//2619 2402//2635 2401//2634 
f 2387//2618 2401//2634 2400//2633 
f 2386//2617 2400//2633 2399//2632 
f 2385//2616 2399//2632 2398//2631 
f 2384//2615 2398//2631 2397//2630 
f 2383//2614 2397//2630 2396//2629 
f 2382//2613 2396//2629 2395//2628 
f 2381//2612 2395//2628 2394//2627 
f 2380//2611 2394//2627 2393//2626 
f 2379//2610 2393//2626 2392//2625 
f 2378//2609 2392//2625 2391//2624 
f 2377//2608 2391//2624 2390//2623 
f 2376//2607 2390//2623 2389//2622 
f 2375//2606 2389//2622 2209//2621 
f 2228//2620 2229//2636 2388//2619 
f 2374//2603 2388//2619 2387//2618 
f 2373//2602 2387//2618 2386//2617 
f 2372//2601 2386//2617 2385//2616 
f 2371//2600 2385//2616 2384//2615 
f 2370//2599 2384//2615 2383//2614 
f 2369//2598 2383//2614 2382//2613 
f 2368//2597 2382//2613 2381//2612 
f 2367//2596 2381//2612 2380//2611 
f 2366//2595 2380//2611 2379//2610 
f 2365//2594 2379//2610 2378//2609 
f 2364//2593 2378//2609 2377//2608 
f 2363//2592 2377//2608 2376//2607 
f 2362//2591 2376//2607 2375//2606 
f 2361//2590 2375//2606 2210//2605 
f 2227//2604 2228//2620 2374//2603 
f 2360//2587 2374//2603 2373//2602 
f 2359//2586 2373//2602 2372//2601 
f 2358//2585 2372//2601 2371//2600 
f 2357//2584 2371//2600 2370//2599 
f 2356//2583 2370//2599 2369//2598 
f 2355//2582 2369//2598 2368//2597 
f 2354//2581 2368//2597 2367//2596 
f 2353//2580 2367//2596 2366//2595 
f 2352//2579 2366//2595 2365//2594 
f 2351//2578 2365//2594 2364//2593 
f 2350//2577 2364//2593 2363//2592 
f 2349//2576 2363//2592 2362//2591 
f 2348//2575 2362//2591 2361//2590 
f 2347//2574 2361//2590 2211//2589 
f 2226//2588 2227//2604 2360//2587 
f 2346//2571 2360//2587 2359//2586 
f 2345//2570 2359//2586 2358//2585 
f 2344//2569 2358//2585 2357//2584 
f 2343//2568 2357//2584 2356//2583 
f 2342//2567 2356//2583 2355//2582 
f 2341//2566 2355//2582 2354//2581 
f 2340//2565 2354//2581 2353//2580 
f 2339//2564 2353//2580 2352//2579 
f 2338//2563 2352//2579 2351//2578 
f 2337//2562 2351//2578 2350//2577 
f 2336//2561 2350//2577 2349//2576 
f 2335//2560 2349//2576 2348//2575 
f 2334//2559 2348//2575 2347//2574 
f 2333//2558 2347//2574 2212//2573 
f 2225//2572 2226//2588 2346//2571 
f 2332//2555 2346//2571 2345//2570 
f 2331//2554 2345//2570 2344//2569 
f 2330//2553 2344//2569 2343//2568 
f 2329//2552 2343//2568 2342//2567 
f 2328//2551 2342//2567 2341//2566 
f 2327//2550 2341//2566 2340//2565 
f 2326//2549 2340//2565 2339//2564 
f 2325//2548 2339//2564 2338//2563 
f 2324//2547 2338//2563 2337//2562 
f 2323//2546 2337//2562 2336//2561 
f 2322//2545 2336//2561 2335//2560 
f 2321//2544 2335//2560 2334//2559 
f 2320//2543 2334//2559 2333//2558 
f 2319//2542 2333//2558 2213//2557 
f 2224//2556 2225//2572 2332//2555 
f 2318//2539 2332//2555 2331//2554 
f 2317//2538 2331//2554 2330//2553 
f 2316//2537 2330//2553 2329//2552 
f 2315//2536 2329//2552 2328//2551 
f 2314//2535 2328//2551 2327//2550 
f 2313//2534 2327//2550 2326//2549 
f 2312//2533 2326//2549 2325//2548 
f 2311//2532 2325//2548 2324//2547 
f 2310//2531 2324//2547 2323//2546 
f 2309//2530 2323//2546 2322//2545 
f 2308//2529 2322//2545 2321//2544 
f 2307//2528 2321//2544 2320//2543 
f 2306//2527 2320//2543 2319//2542 
f 2305//2526 2319//2542 2214//2541 
f 2223//2540 2224//2556 2318//2539 
f 2304//2523 2318//2539 2317//2538 
f 2303//2522 2317//2538 2316//2537 
f 2302//2521 2316//2537 2315//2536 
f 2301//2520 2315//2536 2314//2535 
f 2300//2519 2314//2535 2313//2534 
f 2299//2518 2313//2534 2312//2533 
f 2298//2517 2312//2533 2311//2532 
f 2297//2516 2311//2532 2310//2531 
f 2296//2515 2310//2531 2309//2530 
f 2295//2514 2309//2530 2308//2529 
f 2294//2513 2308//2529 2307//2528 
f 2293//2512 2307//2528 2306//2527 
f 2292//2511 2306//2527 2305//2526 
f 2291//2510 2305//2526 2215//2525 
f 2222//2524 2223//2540 2304//2523 
f 2290//2507 2304//2523 2303//2522 
f 2289//2506 2303//2522 2302//2521 
f 2288//2505 2302//2521 2301//2520 
f 2287//2504 2301//2520 2300//2519 
f 2286//2503 2300//2519 2299//2518 
f 2285//2502 2299//2518 2298//2517 
f 2284//2501 2298//2517 2297//2516 
f 2283//2500 2297//2516 2296//2515 
f 2282//2499 2296//2515 2295//2514 
f 2281//2498 2295//2514 2294//2513 
f 2280//2497 2294//2513 2293//2512 
f 2279//2496 2293//2512 2292//2511 
f 2278//2495 2292//2511 2291//2510 
f 2277//2494 2291//2510 2216//2509 
f 2221//2508 2222//2524 2290//2507 
f 2276//2491 2290//2507 2289//2506 
f 2275//2490 2289//2506 2288//2505 
f 2274//2489 2288//2505 2287//2504 
f 2273//2488 2287//2504 2286//2503 
f 2272//2487 2286//2503 2285//2502 
f 2271//2486 2285//2502 2284//2501 
f 2270//2485 2284//2501 2283//2500 
f 2269//2484 2283//2500 2282//2499 
f 2268//2483 2282//2499 2281//2498 
f 2267//2482 2281//2498 2280//2497 
f 2266//2481 2280//2497 2279//2496 
f 2265//2480 2279//2496 2278//2495 
f 2264//2479 2278//2495 2277//2494 
f 2263//2478 2277//2494 2217//2493 
f 2220//2492 2221//2508 2276//2491 
f 2262//2475 2276//2491 2275//2490 
f 2261//2473 2275//2490 2274//2489 
f 2260//2471 2274//2489 2273//2488 
f 2259//2469 2273//2488 2272//2487 
f 2258//2467 2272//2487 2271//2486 
f 2257//2465 2271//2486 2270//2485 
f 2256//2463 2270//2485 2269//2484 
f 2255//2461 2269//2484 2268//2483 
f 2254//2459 2268//2483 2267//2482 
f 2253//2457 2267//2482 2266//2481 
f 2252//2455 2266//2481 2265//2480 
f 2251//2453 2265//2480 2264//2479 
f 2250//2451 2264//2479 2263//2478 
f 2249//2449 2263//2478 2218//2477 
f 2204//2476 2220//2492 2262//2475 
f 2203//2474 2262//2475 2261//2473 
f 2202//2472 2261//2473 2260//2471 
f 2201//2470 2260//2471 2259//2469 
f 2200//2468 2259//2469 2258//2467 
f 2199//2466 2258//2467 2257//2465 
f 2198//2464 2257//2465 2256//2463 
f 2197//2462 2256//2463 2255//2461 
f 2196//2460 2255//2461 2254//2459 
f 2195//2458 2254//2459 2253//2457 
f 2194//2456 2253//2457 2252//2455 
f 2193//2454 2252//2455 2251//2453 
f 2192//2452 2251//2453 2250//2451 
f 2191//2450 2250//2451 2249//2449 
f 2190//2448 2249//2449 2219//2447 
o mesh42
f 924//2685 2240//2685 2241//2685 
f 924//2685 2238//2685 2239//2685 
f 1240//2685 2248//2685 2445//2685 
f 2242//2685 1252//2685 1253//2685 
f 2245//2685 2246//2685 1247//2685 
f 1249//2685 2242//2685 2243//2685 
f 2239//2685 2240//2685 924//2685 
f 2246//2685 1242//2685 1243//2685 
f 1240//2685 2246//2685 2248//2685 
f 1253//2685 924//2685 2242//2685 
f 1247//2685 1248//2685 2245//2685 
f 2243//2685 2244//2685 1249//2685 
f 924//2685 2237//2685 2238//2685 
f 924//2685 2235//2685 2236//2685 
f 2246//2685 1241//2685 1242//2685 
f 2445//2685 1451//2685 1240//2685 
f 924//2685 1254//2685 1195//2685 
f 2242//2685 1251//2685 1252//2685 
f 2242//2685 1249//2685 1250//2685 
f 2244//2685 2245//2685 1249//2685 
f 2236//2685 2237//2685 924//2685 
f 924//2685 2233//2685 2234//2685 
f 1157//2685 2206//2685 2233//2685 
f 2246//2685 1244//2685 1245//2685 
f 1240//2685 1241//2685 2246//2685 
f 1253//2685 1254//2685 924//2685 
f 1248//2685 1249//2685 2245//2685 
f 2234//2685 2235//2685 924//2685 
f 1157//2685 2008//2685 2206//2685 
f 1243//2685 1244//2685 2246//2685 
f 1250//2685 1251//2685 2242//2685 
f 2233//2685 924//2685 1157//2685 
f 1245//2685 1246//2685 2246//2685 
f 2241//2685 2242//2685 924//2685 
f 1195//2685 1135//2685 924//2685 
f 1246//2685 1247//2685 2246//2685 
o mesh43
f 2204//2687 2446//2687 2447//2688 
f 2220//2688 2447//2688 2448//2689 
f 2221//2689 2448//2689 2449//2690 
f 2222//2690 2449//2690 2450//2691 
f 2223//2691 2450//2691 2451//2692 
f 2224//2692 2451//2692 2452//2693 
f 2225//2693 2452//2693 2453//2694 
f 2226//2694 2453//2694 2454//2695 
f 2227//2695 2454//2695 2455//2696 
f 2228//2696 2455//2696 2456//2697 
f 2456//2697 2229//2698 2228//2696 
f 2229//2698 2457//2698 2458//2699 
f 2458//2699 2230//2700 2229//2698 
f 2230//2700 2459//2700 2460//2701 
f 2460//2701 2231//2702 2230//2700 
f 2231//2702 2461//2702 2462//2703 
f 2462//2703 2232//2704 2231//2702 
f 2232//2704 2463//2704 2464//2705 
f 2464//2705 2247//2706 2232//2704 
f 2247//2706 2465//2706 2466//2707 
f 2466//2707 2248//2708 2247//2706 
f 2466//2707 2445//2708 2248//2708 
f 2464//2705 2465//2706 2247//2706 
f 2462//2703 2463//2704 2232//2704 
f 2460//2701 2461//2702 2231//2702 
f 2458//2699 2459//2700 2230//2700 
f 2456//2697 2457//2698 2229//2698 
f 2455//2696 2228//2696 2227//2695 
f 2454//2695 2227//2695 2226//2694 
f 2453//2694 2226//2694 2225//2693 
f 2452//2693 2225//2693 2224//2692 
f 2451//2692 2224//2692 2223//2691 
f 2450//2691 2223//2691 2222//2690 
f 2449//2690 2222//2690 2221//2689 
f 2448//2689 2221//2689 2220//2688 
f 2447//2688 2220//2688 2204//2687 
o mesh44
f 2181//2709 2180//2709 2446//2709 
f 2467//2709 2468//2709 2446//2709 
f 2446//2709 2180//2709 2467//2709 
f 2446//2709 2204//2709 2181//2709 
o mesh45
f 2469//2710 2470//2710 2471//2710 
f 2471//2710 2472//2710 2469//2710 
f 2473//2710 2474//2710 2475//2710 
f 2472//2710 2476//2710 2469//2710 
f 2473//2710 2477//2710 2478//2710 
f 2475//2710 2479//2710 2473//2710 
f 2473//2710 2480//2710 2469//2710 
f 2479//2710 2477//2710 2473//2710 
f 1512//2710 2481//2710 2482//2710 
f 2478//2710 2480//2710 2473//2710 
f 2473//2710 2483//2710 2484//2710 
f 1512//2710 2485//2710 2481//2710 
f 2486//2710 2487//2710 2488//2710 
f 2489//2710 2490//2710 2491//2710 
f 2489//2710 1512//2710 2492//2710 
f 2484//2710 2474//2710 2473//2710 
f 1512//2710 2493//2710 2485//2710 
f 1512//2710 2489//2710 2494//2710 
f 2491//2710 2486//2710 2489//2710 
f 2492//2710 2495//2710 2489//2710 
f 2476//2710 2473//2710 2469//2710 
f 2494//2710 2493//2710 1512//2710 
f 2495//2710 2490//2710 2489//2710 
f 2467//2710 2496//2710 2483//2710 
f 2467//2710 1512//2710 2497//2710 
f 2488//2710 2489//2710 2486//2710 
f 2497//2710 2496//2710 2467//2710 
f 2482//2710 2498//2710 1512//2710 
f 2498//2710 2497//2710 1512//2710 
f 2467//2710 2180//2710 1513//2710 
f 1513//2710 1512//2710 2467//2710 
f 2473//2710 2467//2710 2483//2710 
o mesh46
f 2445//2711 2499//2711 2500//2711 
f 2500//2711 1451//2711 2445//2711 
o mesh47
f 2497//2712 2501//2712 2502//2712 
f 2502//2712 2496//2712 2497//2712 
o mesh48
f 2496//2712 2502//2712 2503//2713 
f 2483//2713 2503//2713 2504//2714 
f 2484//2714 2504//2714 2505//2715 
f 2474//2715 2505//2715 2506//2716 
f 2475//2716 2506//2716 2507//2717 
f 2479//2717 2507//2717 2508//2718 
f 2477//2718 2508//2718 2509//2719 
f 2478//2719 2509//2719 2510//2720 
f 2480//2720 2510//2720 2511//2721 
f 2469//2721 2511//2721 2512//2722 
f 2470//2722 2512//2722 2513//2723 
f 2471//2723 2513//2723 2514//2724 
f 2472//2724 2514//2724 2515//2725 
f 2476//2725 2515//2725 2516//2726 
f 2473//2726 2516//2726 2468//2727 
f 2468//2727 2467//2727 2473//2726 
f 2516//2726 2473//2726 2476//2725 
f 2515//2725 2476//2725 2472//2724 
f 2514//2724 2472//2724 2471//2723 
f 2513//2723 2471//2723 2470//2722 
f 2512//2722 2470//2722 2469//2721 
f 2511//2721 2469//2721 2480//2720 
f 2510//2720 2480//2720 2478//2719 
f 2509//2719 2478//2719 2477//2718 
f 2508//2718 2477//2718 2479//2717 
f 2507//2717 2479//2717 2475//2716 
f 2506//2716 2475//2716 2474//2715 
f 2505//2715 2474//2715 2484//2714 
f 2504//2714 2484//2714 2483//2713 
f 2503//2713 2483//2713 2496//2712 
o mesh49
f 2517//2728 2499//2729 2445//2729 
f 2445//2729 2466//2730 2517//2728 
f 2518//2731 2517//2728 2465//2732 
f 2465//2732 2464//2733 2518//2731 
f 2519//2734 2518//2731 2463//2735 
f 2463//2735 2462//2736 2519//2734 
f 2520//2737 2519//2734 2461//2738 
f 2461//2738 2460//2739 2520//2737 
f 2521//2740 2520//2737 2459//2741 
f 2459//2741 2458//2742 2521//2740 
f 2522//2743 2521//2740 2457//2744 
f 2457//2744 2456//2745 2522//2743 
f 2523//2746 2522//2743 2455//2747 
f 2524//2748 2523//2746 2454//2749 
f 2525//2750 2524//2748 2453//2751 
f 2526//2752 2525//2750 2452//2753 
f 2527//2754 2526//2752 2451//2755 
f 2528//2756 2527//2754 2450//2757 
f 2529//2758 2528//2756 2449//2759 
f 2530//2760 2529//2758 2448//2761 
f 2468//2762 2530//2760 2447//2763 
f 2447//2763 2446//2762 2468//2762 
f 2448//2761 2447//2763 2530//2760 
f 2449//2759 2448//2761 2529//2758 
f 2450//2757 2449//2759 2528//2756 
f 2451//2755 2450//2757 2527//2754 
f 2452//2753 2451//2755 2526//2752 
f 2453//2751 2452//2753 2525//2750 
f 2454//2749 2453//2751 2524//2748 
f 2455//2747 2454//2749 2523//2746 
f 2456//2745 2455//2747 2522//2743 
f 2458//2742 2457//2744 2521//2740 
f 2460//2739 2459//2741 2520//2737 
f 2462//2736 2461//2738 2519//2734 
f 2464//2733 2463//2735 2518//2731 
f 2466//2730 2465//2732 2517//2728 
o mesh50
f 2503//2764 2502//2765 2531//2766 
f 2545//2767 2531//2766 2532//2768 
f 2546//2769 2532//2768 2533//2770 
f 2547//2771 2533//2770 2534//2772 
f 2548//2773 2534//2772 2535//2774 
f 2549//2775 2535//2774 2536//2776 
f 2550//2777 2536//2776 2537//2778 
f 2551//2779 2537//2778 2538//2780 
f 2552//2781 2538//2780 2539//2782 
f 2553//2783 2539//2782 2540//2784 
f 2554//2785 2540//2784 2541//2786 
f 2555//2787 2541//2786 2542//2788 
f 2556//2789 2542//2788 2543//2790 
f 2557//2791 2543//2790 2544//2792 
f 2558//2793 2544//2792 2499//2794 
f 2504//2795 2503//2764 2545//2767 
f 2559//2796 2545//2767 2546//2769 
f 2560//2797 2546//2769 2547//2771 
f 2561//2798 2547//2771 2548//2773 
f 2562//2799 2548//2773 2549//2775 
f 2563//2800 2549//2775 2550//2777 
f 2564//2801 2550//2777 2551//2779 
f 2565//2802 2551//2779 2552//2781 
f 2566//2803 2552//2781 2553//2783 
f 2567//2804 2553//2783 2554//2785 
f 2568//2805 2554//2785 2555//2787 
f 2569//2806 2555//2787 2556//2789 
f 2570//2807 2556//2789 2557//2791 
f 2571//2808 2557//2791 2558//2793 
f 2572//2809 2558//2793 2517//2810 
f 2505//2811 2504//2795 2559//2796 
f 2573//2812 2559//2796 2560//2797 
f 2574//2813 2560//2797 2561//2798 
f 2575//2814 2561//2798 2562//2799 
f 2576//2815 2562//2799 2563//2800 
f 2577//2816 2563//2800 2564//2801 
f 2578//2817 2564//2801 2565//2802 
f 2579//2818 2565//2802 2566//2803 
f 2580//2819 2566//2803 2567//2804 
f 2581//2820 2567//2804 2568//2805 
f 2582//2821 2568//2805 2569//2806 
f 2583//2822 2569//2806 2570//2807 
f 2584//2823 2570//2807 2571//2808 
f 2585//2824 2571//2808 2572//2809 
f 2586//2825 2572//2809 2518//2826 
f 2506//2827 2505//2811 2573//2812 
f 2587//2828 2573//2812 2574//2813 
f 2588//2829 2574//2813 2575//2814 
f 2589//2830 2575//2814 2576//2815 
f 2590//2831 2576//2815 2577//2816 
f 2591//2832 2577//2816 2578//2817 
f 2592//2833 2578//2817 2579//2818 
f 2593//2834 2579//2818 2580//2819 
f 2594//2835 2580//2819 2581//2820 
f 2595//2836 2581//2820 2582//2821 
f 2596//2837 2582//2821 2583//2822 
f 2597//2838 2583//2822 2584//2823 
f 2598//2839 2584//2823 2585//2824 
f 2599//2840 2585//2824 2586//2825 
f 2600//2841 2586//2825 2519//2842 
f 2507//2843 2506//2827 2587//2828 
f 2601//2844 2587//2828 2588//2829 
f 2602//2845 2588//2829 2589//2830 
f 2603//2846 2589//2830 2590//2831 
f 2604//2847 2590//2831 2591//2832 
f 2605//2848 2591//2832 2592//2833 
f 2606//2849 2592//2833 2593//2834 
f 2607//2850 2593//2834 2594//2835 
f 2608//2851 2594//2835 2595//2836 
f 2609//2852 2595//2836 2596//2837 
f 2610//2853 2596//2837 2597//2838 
f 2611//2854 2597//2838 2598//2839 
f 2612//2855 2598//2839 2599//2840 
f 2613//2856 2599//2840 2600//2841 
f 2614//2857 2600//2841 2520//2858 
f 2508//2859 2507//2843 2601//2844 
f 2615//2860 2601//2844 2602//2845 
f 2616//2861 2602//2845 2603//2846 
f 2617//2862 2603//2846 2604//2847 
f 2618//2863 2604//2847 2605//2848 
f 2619//2864 2605//2848 2606//2849 
f 2620//2865 2606//2849 2607//2850 
f 2621//2866 2607//2850 2608//2851 
f 2622//2867 2608//2851 2609//2852 
f 2623//2868 2609//2852 2610//2853 
f 2624//2869 2610//2853 2611//2854 
f 2625//2870 2611//2854 2612//2855 
f 2626//2871 2612//2855 2613//2856 
f 2627//2872 2613//2856 2614//2857 
f 2628//2873 2614//2857 2521//2874 
f 2509//2875 2508//2859 2615//2860 
f 2629//2876 2615//2860 2616//2861 
f 2630//2877 2616//2861 2617//2862 
f 2631//2878 2617//2862 2618//2863 
f 2632//2879 2618//2863 2619//2864 
f 2633//2880 2619//2864 2620//2865 
f 2634//2881 2620//2865 2621//2866 
f 2635//2882 2621//2866 2622//2867 
f 2636//2883 2622//2867 2623//2868 
f 2637//2884 2623//2868 2624//2869 
f 2638//2885 2624//2869 2625//2870 
f 2639//2886 2625//2870 2626//2871 
f 2640//2887 2626//2871 2627//2872 
f 2641//2888 2627//2872 2628//2873 
f 2642//2889 2628//2873 2522//2890 
f 2510//2891 2509//2875 2629//2876 
f 2643//2892 2629//2876 2630//2877 
f 2644//2893 2630//2877 2631//2878 
f 2645//2894 2631//2878 2632//2879 
f 2646//2895 2632//2879 2633//2880 
f 2647//2896 2633//2880 2634//2881 
f 2648//2897 2634//2881 2635//2882 
f 2649//2898 2635//2882 2636//2883 
f 2650//2899 2636//2883 2637//2884 
f 2651//2900 2637//2884 2638//2885 
f 2652//2901 2638//2885 2639//2886 
f 2653//2902 2639//2886 2640//2887 
f 2654//2903 2640//2887 2641//2888 
f 2655//2904 2641//2888 2642//2889 
f 2656//2905 2642//2889 2523//2906 
f 2511//2907 2510//2891 2643//2892 
f 2657//2908 2643//2892 2644//2893 
f 2658//2909 2644//2893 2645//2894 
f 2659//2910 2645//2894 2646//2895 
f 2660//2911 2646//2895 2647//2896 
f 2661//2912 2647//2896 2648//2897 
f 2662//2913 2648//2897 2649//2898 
f 2663//2914 2649//2898 2650//2899 
f 2664//2915 2650//2899 2651//2900 
f 2665//2916 2651//2900 2652//2901 
f 2666//2917 2652//2901 2653//2902 
f 2667//2918 2653//2902 2654//2903 
f 2668//2919 2654//2903 2655//2904 
f 2669//2920 2655//2904 2656//2905 
f 2670//2921 2656//2905 2524//2922 
f 2512//2923 2511//2907 2657//2908 
f 2671//2924 2657//2908 2658//2909 
f 2672//2925 2658//2909 2659//2910 
f 2673//2926 2659//2910 2660//2911 
f 2674//2927 2660//2911 2661//2912 
f 2675//2928 2661//2912 2662//2913 
f 2676//2929 2662//2913 2663//2914 
f 2677//2930 2663//2914 2664//2915 
f 2678//2931 2664//2915 2665//2916 
f 2679//2932 2665//2916 2666//2917 
f 2680//2933 2666//2917 2667//2918 
f 2681//2934 2667//2918 2668//2919 
f 2682//2935 2668//2919 2669//2920 
f 2683//2936 2669//2920 2670//2921 
f 2684//2937 2670//2921 2525//2938 
f 2513//2939 2512//2923 2671//2924 
f 2685//2940 2671//2924 2672//2925 
f 2686//2941 2672//2925 2673//2926 
f 2687//2942 2673//2926 2674//2927 
f 2688//2943 2674//2927 2675//2928 
f 2689//2944 2675//2928 2676//2929 
f 2690//2945 2676//2929 2677//2930 
f 2691//2946 2677//2930 2678//2931 
f 2692//2947 2678//2931 2679//2932 
f 2693//2948 2679//2932 2680//2933 
f 2694//2949 2680//2933 2681//2934 
f 2695//2950 2681//2934 2682//2935 
f 2696//2951 2682//2935 2683//2936 
f 2697//2952 2683//2936 2684//2937 
f 2698//2953 2684//2937 2526//2954 
f 2514//2955 2513//2939 2685//2940 
f 2699//2956 2685//2940 2686//2941 
f 2700//2957 2686//2941 2687//2942 
f 2701//2958 2687//2942 2688//2943 
f 2702//2959 2688//2943 2689//2944 
f 2703//2960 2689//2944 2690//2945 
f 2704//2961 2690//2945 2691//2946 
f 2705//2962 2691//2946 2692//2947 
f 2706//2963 2692//2947 2693//2948 
f 2707//2964 2693//2948 2694//2949 
f 2708//2965 2694//2949 2695//2950 
f 2709//2966 2695//2950 2696//2951 
f 2710//2967 2696//2951 2697//2952 
f 2711//2968 2697//2952 2698//2953 
f 2712//2969 2698//2953 2527//2970 
f 2515//2971 2514//2955 2699//2956 
f 2713//2972 2699//2956 2700//2957 
f 2714//2973 2700//2957 2701//2958 
f 2715//2974 2701//2958 2702//2959 
f 2716//2975 2702//2959 2703//2960 
f 2717//2976 2703//2960 2704//2961 
f 2718//2977 2704//2961 2705//2962 
f 2719//2978 2705//2962 2706//2963 
f 2720//2979 2706//2963 2707//2964 
f 2721//2980 2707//2964 2708//2965 
f 2722//2981 2708//2965 2709//2966 
f 2723//2982 2709//2966 2710//2967 
f 2724//2983 2710//2967 2711//2968 
f 2725//2984 2711//2968 2712//2969 
f 2726//2985 2712//2969 2528//2986 
f 2516//2987 2515//2971 2713//2972 
f 2727//2988 2713//2972 2714//2973 
f 2728//2989 2714//2973 2715//2974 
f 2729//2990 2715//2974 2716//2975 
f 2730//2991 2716//2975 2717//2976 
f 2731//2992 2717//2976 2718//2977 
f 2732//2993 2718//2977 2719//2978 
f 2733//2994 2719//2978 2720//2979 
f 2734//2995 2720//2979 2721//2980 
f 2735//2996 2721//2980 2722//2981 
f 2736//2997 2722//2981 2723//2982 
f 2737//2998 2723//2982 2724//2983 
f 2738//2999 2724//2983 2725//2984 
f 2739//3000 2725//2984 2726//2985 
f 2740//3001 2726//2985 2529//3002 
f 2468//3003 2740//3001 2530//3004 
f 2468//3003 2739//3000 2740//3001 
f 2468//3003 2738//2999 2739//3000 
f 2468//3003 2737//2998 2738//2999 
f 2468//3003 2736//2997 2737//2998 
f 2468//3003 2735//2996 2736//2997 
f 2468//3003 2734//2995 2735//2996 
f 2468//3003 2733//2994 2734//2995 
f 2468//3003 2732//2993 2733//2994 
f 2468//3003 2731//2992 2732//2993 
f 2468//3003 2730//2991 2731//2992 
f 2468//3003 2729//2990 2730//2991 
f 2468//3003 2728//2989 2729//2990 
f 2468//3003 2727//2988 2728//2989 
f 2468//3003 2516//2987 2727//2988 
f 2529//3002 2530//3004 2740//3001 
f 2726//2985 2740//3001 2739//3000 
f 2725//2984 2739//3000 2738//2999 
f 2724//2983 2738//2999 2737//2998 
f 2723//2982 2737//2998 2736//2997 
f 2722//2981 2736//2997 2735//2996 
f 2721//2980 2735//2996 2734//2995 
f 2720//2979 2734//2995 2733//2994 
f 2719//2978 2733//2994 2732//2993 
f 2718//2977 2732//2993 2731//2992 
f 2717//2976 2731//2992 2730//2991 
f 2716//2975 2730//2991 2729//2990 
f 2715//2974 2729//2990 2728//2989 
f 2714//2973 2728//2989 2727//2988 
f 2713//2972 2727//2988 2516//2987 
f 2528//2986 2529//3002 2726//2985 
f 2712//2969 2726//2985 2725//2984 
f 2711//2968 2725//2984 2724//2983 
f 2710//2967 2724//2983 2723//2982 
f 2709//2966 2723//2982 2722//2981 
f 2708//2965 2722//2981 2721//2980 
f 2707//2964 2721//2980 2720//2979 
f 2706//2963 2720//2979 2719//2978 
f 2705//2962 2719//2978 2718//2977 
f 2704//2961 2718//2977 2717//2976 
f 2703//2960 2717//2976 2716//2975 
f 2702//2959 2716//2975 2715//2974 
f 2701//2958 2715//2974 2714//2973 
f 2700//2957 2714//2973 2713//2972 
f 2699//2956 2713//2972 2515//2971 
f 2527//2970 2528//2986 2712//2969 
f 2698//2953 2712//2969 2711//2968 
f 2697//2952 2711//2968 2710//2967 
f 2696//2951 2710//2967 2709//2966 
f 2695//2950 2709//2966 2708//2965 
f 2694//2949 2708//2965 2707//2964 
f 2693//2948 2707//2964 2706//2963 
f 2692//2947 2706//2963 2705//2962 
f 2691//2946 2705//2962 2704//2961 
f 2690//2945 2704//2961 2703//2960 
f 2689//2944 2703//2960 2702//2959 
f 2688//2943 2702//2959 2701//2958 
f 2687//2942 2701//2958 2700//2957 
f 2686//2941 2700//2957 2699//2956 
f 2685//2940 2699//2956 2514//2955 
f 2526//2954 2527//2970 2698//2953 
f 2684//2937 2698//2953 2697//2952 
f 2683//2936 2697//2952 2696//2951 
f 2682//2935 2696//2951 2695//2950 
f 2681//2934 2695//2950 2694//2949 
f 2680//2933 2694//2949 2693//2948 
f 2679//2932 2693//2948 2692//2947 
f 2678//2931 2692//2947 2691//2946 
f 2677//2930 2691//2946 2690//2945 
f 2676//2929 2690//2945 2689//2944 
f 2675//2928 2689//2944 2688//2943 
f 2674//2927 2688//2943 2687//2942 
f 2673//2926 2687//2942 2686//2941 
f 2672//2925 2686//2941 2685//2940 
f 2671//2924 2685//2940 2513//2939 
f 2525//2938 2526//2954 2684//2937 
f 2670//2921 2684//2937 2683//2936 
f 2669//2920 2683//2936 2682//2935 
f 2668//2919 2682//2935 2681//2934 
f 2667//2918 2681//2934 2680//2933 
f 2666//2917 2680//2933 2679//2932 
f 2665//2916 2679//2932 2678//2931 
f 2664//2915 2678//2931 2677//2930 
f 2663//2914 2677//2930 2676//2929 
f 2662//2913 2676//2929 2675//2928 
f 2661//2912 2675//2928 2674//2927 
f 2660//2911 2674//2927 2673//2926 
f 2659//2910 2673//2926 2672//2925 
f 2658//2909 2672//2925 2671//2924 
f 2657//2908 2671//2924 2512//2923 
f 2524//2922 2525//2938 2670//2921 
f 2656//2905 2670//2921 2669//2920 
f 2655//2904 2669//2920 2668//2919 
f 2654//2903 2668//2919 2667//2918 
f 2653//2902 2667//2918 2666//2917 
f 2652//2901 2666//2917 2665//2916 
f 2651//2900 2665//2916 2664//2915 
f 2650//2899 2664//2915 2663//2914 
f 2649//2898 2663//2914 2662//2913 
f 2648//2897 2662//2913 2661//2912 
f 2647//2896 2661//2912 2660//2911 
f 2646//2895 2660//2911 2659//2910 
f 2645//2894 2659//2910 2658//2909 
f 2644//2893 2658//2909 2657//2908 
f 2643//2892 2657//2908 2511//2907 
f 2523//2906 2524//2922 2656//2905 
f 2642//2889 2656//2905 2655//2904 
f 2641//2888 2655//2904 2654//2903 
f 2640//2887 2654//2903 2653//2902 
f 2639//2886 2653//2902 2652//2901 
f 2638//2885 2652//2901 2651//2900 
f 2637//2884 2651//2900 2650//2899 
f 2636//2883 2650//2899 2649//2898 
f 2635//2882 2649//2898 2648//2897 
f 2634//2881 2648//2897 2647//2896 
f 2633//2880 2647//2896 2646//2895 
f 2632//2879 2646//2895 2645//2894 
f 2631//2878 2645//2894 2644//2893 
f 2630//2877 2644//2893 2643//2892 
f 2629//2876 2643//2892 2510//2891 
f 2522//2890 2523//2906 2642//2889 
f 2628//2873 2642//2889 2641//2888 
f 2627//2872 2641//2888 2640//2887 
f 2626//2871 2640//2887 2639//2886 
f 2625//2870 2639//2886 2638//2885 
f 2624//2869 2638//2885 2637//2884 
f 2623//2868 2637//2884 2636//2883 
f 2622//2867 2636//2883 2635//2882 
f 2621//2866 2635//2882 2634//2881 
f 2620//2865 2634//2881 2633//2880 
f 2619//2864 2633//2880 2632//2879 
f 2618//2863 2632//2879 2631//2878 
f 2617//2862 2631//2878 2630//2877 
f 2616//2861 2630//2877 2629//2876 
f 2615//2860 2629//2876 2509//2875 
f 2521//2874 2522//2890 2628//2873 
f 2614//2857 2628//2873 2627//2872 
f 2613//2856 2627//2872 2626//2871 
f 2612//2855 2626//2871 2625//2870 
f 2611//2854 2625//2870 2624//2869 
f 2610//2853 2624//2869 2623//2868 
f 2609//2852 2623//2868 2622//2867 
f 2608//2851 2622//2867 2621//2866 
f 2607//2850 2621//2866 2620//2865 
f 2606//2849 2620//2865 2619//2864 
f 2605//2848 2619//2864 2618//2863 
f 2604//2847 2618//2863 2617//2862 
f 2603//2846 2617//2862 2616//2861 
f 2602//2845 2616//2861 2615//2860 
f 2601//2844 2615//2860 2508//2859 
f 2520//2858 2521//2874 2614//2857 
f 2600//2841 2614//2857 2613//2856 
f 2599//2840 2613//2856 2612//2855 
f 2598//2839 2612//2855 2611//2854 
f 2597//2838 2611//2854 2610//2853 
f 2596//2837 2610//2853 2609//2852 
f 2595//2836 2609//2852 2608//2851 
f 2594//2835 2608//2851 2607//2850 
f 2593//2834 2607//2850 2606//2849 
f 2592//2833 2606//2849 2605//2848 
f 2591//2832 2605//2848 2604//2847 
f 2590//2831 2604//2847 2603//2846 
f 2589//2830 2603//2846 2602//2845 
f 2588//2829 2602//2845 2601//2844 
f 2587//2828 2601//2844 2507//2843 
f 2519//2842 2520//2858 2600//2841 
f 2586//2825 2600//2841 2599//2840 
f 2585//2824 2599//2840 2598//2839 
f 2584//2823 2598//2839 2597//2838 
f 2583//2822 2597//2838 2596//2837 
f 2582//2821 2596//2837 2595//2836 
f 2581//2820 2595//2836 2594//2835 
f 2580//2819 2594//2835 2593//2834 
f 2579//2818 2593//2834 2592//2833 
f 2578//2817 2592//2833 2591//2832 
f 2577//2816 2591//2832 2590//2831 
f 2576//2815 2590//2831 2589//2830 
f 2575//2814 2589//2830 2588//2829 
f 2574//2813 2588//2829 2587//2828 
f 2573//2812 2587//2828 2506//2827 
f 2518//2826 2519//2842 2586//2825 
f 2572//2809 2586//2825 2585//2824 
f 2571//2808 2585//2824 2584//2823 
f 2570//2807 2584//2823 2583//2822 
f 2569//2806 2583//2822 2582//2821 
f 2568//2805 2582//2821 2581//2820 
f 2567//2804 2581//2820 2580//2819 
f 2566//2803 2580//2819 2579//2818 
f 2565//2802 2579//2818 2578//2817 
f 2564//2801 2578//2817 2577//2816 
f 2563//2800 2577//2816 2576//2815 
f 2562//2799 2576//2815 2575//2814 
f 2561//2798 2575//2814 2574//2813 
f 2560//2797 2574//2813 2573//2812 
f 2559//2796 2573//2812 2505//2811 
f 2517//2810 2518//2826 2572//2809 
f 2558//2793 2572//2809 2571//2808 
f 2557//2791 2571//2808 2570//2807 
f 2556//2789 2570//2807 2569//2806 
f 2555//2787 2569//2806 2568//2805 
f 2554//2785 2568//2805 2567//2804 
f 2553//2783 2567//2804 2566//2803 
f 2552//2781 2566//2803 2565//2802 
f 2551//2779 2565//2802 2564//2801 
f 2550//2777 2564//2801 2563//2800 
f 2549//2775 2563//2800 2562//2799 
f 2548//2773 2562//2799 2561//2798 
f 2547//2771 2561//2798 2560//2797 
f 2546//2769 2560//2797 2559//2796 
f 2545//2767 2559//2796 2504//2795 
f 2499//2794 2517//2810 2558//2793 
f 2544//2792 2558//2793 2557//2791 
f 2543//2790 2557//2791 2556//2789 
f 2542//2788 2556//2789 2555//2787 
f 2541//2786 2555//2787 2554//2785 
f 2540//2784 2554//2785 2553//2783 
f 2539//2782 2553//2783 2552//2781 
f 2538//2780 2552//2781 2551//2779 
f 2537//2778 2551//2779 2550//2777 
f 2536//2776 2550//2777 2549//2775 
f 2535//2774 2549//2775 2548//2773 
f 2534//2772 2548//2773 2547//2771 
f 2533//2770 2547//2771 2546//2769 
f 2532//2768 2546//2769 2545//2767 
f 2531//2766 2545//2767 2503//2764 
o mesh51
f 2501//3005 2497//3005 2498//3006 
f 2741//3006 2498//3006 2482//3007 
f 2742//3007 2482//3007 2481//3008 
f 2743//3008 2481//3008 2485//3009 
f 2744//3009 2485//3009 2493//3010 
f 2745//3010 2493//3010 2494//3011 
f 2746//3011 2494//3011 2489//3012 
f 2747//3012 2489//3012 2488//3013 
f 2748//3013 2488//3013 2487//3014 
f 2749//3014 2487//3014 2486//3015 
f 2750//3015 2486//3015 2491//3016 
f 2751//3016 2491//3016 2490//3017 
f 2752//3017 2490//3017 2495//3018 
f 2753//3018 2495//3018 2492//3019 
f 2754//3019 2492//3019 1512//3020 
f 1512//3020 1514//3020 2754//3019 
f 2492//3019 2754//3019 2753//3018 
f 2495//3018 2753//3018 2752//3017 
f 2490//3017 2752//3017 2751//3016 
f 2491//3016 2751//3016 2750//3015 
f 2486//3015 2750//3015 2749//3014 
f 2487//3014 2749//3014 2748//3013 
f 2488//3013 2748//3013 2747//3012 
f 2489//3012 2747//3012 2746//3011 
f 2494//3011 2746//3011 2745//3010 
f 2493//3010 2745//3010 2744//3009 
f 2485//3009 2744//3009 2743//3008 
f 2481//3008 2743//3008 2742//3007 
f 2482//3007 2742//3007 2741//3006 
f 2498//3006 2741//3006 2501//3005 
o mesh52
f 2500//3021 2499//3021 2544//3022 
f 2755//3022 2544//3022 2543//3023 
f 2756//3023 2543//3023 2542//3024 
f 2757//3024 2542//3024 2541//3025 
f 2758//3025 2541//3025 2540//3026 
f 2759//3026 2540//3026 2539//3027 
f 2760//3027 2539//3027 2538//3028 
f 2761//3028 2538//3028 2537//3029 
f 2762//3029 2537//3029 2536//3030 
f 2763//3030 2536//3030 2535//3031 
f 2764//3031 2535//3031 2534//3032 
f 2765//3032 2534//3032 2533//3033 
f 2766//3033 2533//3033 2532//3034 
f 2767//3034 2532//3034 2531//3035 
f 2768//3035 2531//3035 2502//3036 
f 2502//3036 2501//3036 2768//3035 
f 2531//3035 2768//3035 2767//3034 
f 2532//3034 2767//3034 2766//3033 
f 2533//3033 2766//3033 2765//3032 
f 2534//3032 2765//3032 2764//3031 
f 2535//3031 2764//3031 2763//3030 
f 2536//3030 2763//3030 2762//3029 
f 2537//3029 2762//3029 2761//3028 
f 2538//3028 2761//3028 2760//3027 
f 2539//3027 2760//3027 2759//3026 
f 2540//3026 2759//3026 2758//3025 
f 2541//3025 2758//3025 2757//3024 
f 2542//3024 2757//3024 2756//3023 
f 2543//3023 2756//3023 2755//3022 
f 2544//3022 2755//3022 2500//3021 
o mesh53
f 1514//3037 1472//3037 1471//3038 
f 2769//3038 1471//3038 1470//3039 
f 2770//3039 1470//3039 1469//3040 
f 2771//3040 1469//3040 1468//3041 
f 2772//3041 1468//3041 1467//3042 
f 2773//3042 1467//3042 1466//3043 
f 2774//3043 1466//3043 1465//3044 
f 2775//3044 1465//3044 1464//3045 
f 2776//3045 1464//3045 1463//3046 
f 2777//3046 1463//3046 1462//3047 
f 1462//3047 2778//3048 2777//3046 
f 2778//3048 1461//3048 1460//3049 
f 1460//3049 2779//3050 2778//3048 
f 2779//3050 1459//3050 1458//3051 
f 1458//3051 2780//3052 2779//3050 
f 2780//3052 1457//3052 1456//3053 
f 1456//3053 2781//3054 2780//3052 
f 2781//3054 1455//3054 1454//3055 
f 1454//3055 2782//3056 2781//3054 
f 2782//3056 1453//3056 1452//3057 
f 1452//3057 2500//3058 2782//3056 
f 1452//3057 1451//3058 2500//3058 
f 1454//3055 1453//3056 2782//3056 
f 1456//3053 1455//3054 2781//3054 
f 1458//3051 1457//3052 2780//3052 
f 1460//3049 1459//3050 2779//3050 
f 1462//3047 1461//3048 2778//3048 
f 1463//3046 2777//3046 2776//3045 
f 1464//3045 2776//3045 2775//3044 
f 1465//3044 2775//3044 2774//3043 
f 1466//3043 2774//3043 2773//3042 
f 1467//3042 2773//3042 2772//3041 
f 1468//3041 2772//3041 2771//3040 
f 1469//3040 2771//3040 2770//3039 
f 1470//3039 2770//3039 2769//3038 
f 1471//3038 2769//3038 1514//3037 
o mesh54
f 2754//3059 1514//3060 2769//3061 
f 2783//3062 2769//3061 2770//3063 
f 2784//3064 2770//3063 2771//3065 
f 2785//3066 2771//3065 2772//3067 
f 2786//3068 2772//3067 2773//3069 
f 2787//3070 2773//3069 2774//3071 
f 2788//3072 2774//3071 2775//3073 
f 2789//3074 2775//3073 2776//3075 
f 2790//3076 2776//3075 2777//3077 
f 2791//3078 2777//3077 2778//3079 
f 2792//3080 2778//3079 2779//3081 
f 2793//3082 2779//3081 2780//3083 
f 2794//3084 2780//3083 2781//3085 
f 2795//3086 2781//3085 2782//3087 
f 2796//3088 2782//3087 2500//3089 
f 2753//3090 2754//3059 2783//3062 
f 2797//3091 2783//3062 2784//3064 
f 2798//3092 2784//3064 2785//3066 
f 2799//3093 2785//3066 2786//3068 
f 2800//3094 2786//3068 2787//3070 
f 2801//3095 2787//3070 2788//3072 
f 2802//3096 2788//3072 2789//3074 
f 2803//3097 2789//3074 2790//3076 
f 2804//3098 2790//3076 2791//3078 
f 2805//3099 2791//3078 2792//3080 
f 2806//3100 2792//3080 2793//3082 
f 2807//3101 2793//3082 2794//3084 
f 2808//3102 2794//3084 2795//3086 
f 2809//3103 2795//3086 2796//3088 
f 2810//3104 2796//3088 2755//3105 
f 2752//3106 2753//3090 2797//3091 
f 2811//3107 2797//3091 2798//3092 
f 2812//3108 2798//3092 2799//3093 
f 2813//3109 2799//3093 2800//3094 
f 2814//3110 2800//3094 2801//3095 
f 2815//3111 2801//3095 2802//3096 
f 2816//3112 2802//3096 2803//3097 
f 2817//3113 2803//3097 2804//3098 
f 2818//3114 2804//3098 2805//3099 
f 2819//3115 2805//3099 2806//3100 
f 2820//3116 2806//3100 2807//3101 
f 2821//3117 2807//3101 2808//3102 
f 2822//3118 2808//3102 2809//3103 
f 2823//3119 2809//3103 2810//3104 
f 2824//3120 2810//3104 2756//3121 
f 2751//3122 2752//3106 2811//3107 
f 2825//3123 2811//3107 2812//3108 
f 2826//3124 2812//3108 2813//3109 
f 2827//3125 2813//3109 2814//3110 
f 2828//3126 2814//3110 2815//3111 
f 2829//3127 2815//3111 2816//3112 
f 2830//3128 2816//3112 2817//3113 
f 2831//3129 2817//3113 2818//3114 
f 2832//3130 2818//3114 2819//3115 
f 2833//3131 2819//3115 2820//3116 
f 2834//3132 2820//3116 2821//3117 
f 2835//3133 2821//3117 2822//3118 
f 2836//3134 2822//3118 2823//3119 
f 2837//3135 2823//3119 2824//3120 
f 2838//3136 2824//3120 2757//3137 
f 2750//3138 2751//3122 2825//3123 
f 2839//3139 2825//3123 2826//3124 
f 2840//3140 2826//3124 2827//3125 
f 2841//3141 2827//3125 2828//3126 
f 2842//3142 2828//3126 2829//3127 
f 2843//3143 2829//3127 2830//3128 
f 2844//3144 2830//3128 2831//3129 
f 2845//3145 2831//3129 2832//3130 
f 2846//3146 2832//3130 2833//3131 
f 2847//3147 2833//3131 2834//3132 
f 2848//3148 2834//3132 2835//3133 
f 2849//3149 2835//3133 2836//3134 
f 2850//3150 2836//3134 2837//3135 
f 2851//3151 2837//3135 2838//3136 
f 2852//3152 2838//3136 2758//3153 
f 2749//3154 2750//3138 2839//3139 
f 2853//3155 2839//3139 2840//3140 
f 2854//3156 2840//3140 2841//3141 
f 2855//3157 2841//3141 2842//3142 
f 2856//3158 2842//3142 2843//3143 
f 2857//3159 2843//3143 2844//3144 
f 2858//3160 2844//3144 2845//3145 
f 2859//3161 2845//3145 2846//3146 
f 2860//3162 2846//3146 2847//3147 
f 2861//3163 2847//3147 2848//3148 
f 2862//3164 2848//3148 2849//3149 
f 2863//3165 2849//3149 2850//3150 
f 2864//3166 2850//3150 2851//3151 
f 2865//3167 2851//3151 2852//3152 
f 2866//3168 2852//3152 2759//3169 
f 2748//3170 2749//3154 2853//3155 
f 2867//3171 2853//3155 2854//3156 
f 2868//3172 2854//3156 2855//3157 
f 2869//3173 2855//3157 2856//3158 
f 2870//3174 2856//3158 2857//3159 
f 2871//3175 2857//3159 2858//3160 
f 2872//3176 2858//3160 2859//3161 
f 2873//3177 2859//3161 2860//3162 
f 2874//3178 2860//3162 2861//3163 
f 2875//3179 2861//3163 2862//3164 
f 2876//3180 2862//3164 2863//3165 
f 2877//3181 2863//3165 2864//3166 
f 2878//3182 2864//3166 2865//3167 
f 2879//3183 2865//3167 2866//3168 
f 2880//3184 2866//3168 2760//3185 
f 2747//3186 2748//3170 2867//3171 
f 2881//3187 2867//3171 2868//3172 
f 2882//3188 2868//3172 2869//3173 
f 2883//3189 2869//3173 2870//3174 
f 2884//3190 2870//3174 2871//3175 
f 2885//3191 2871//3175 2872//3176 
f 2886//3192 2872//3176 2873//3177 
f 2887//3193 2873//3177 2874//3178 
f 2888//3194 2874//3178 2875//3179 
f 2889//3195 2875//3179 2876//3180 
f 2890//3196 2876//3180 2877//3181 
f 2891//3197 2877//3181 2878//3182 
f 2892//3198 2878//3182 2879//3183 
f 2893//3199 2879//3183 2880//3184 
f 2894//3200 2880//3184 2761//3201 
f 2746//3202 2747//3186 2881//3187 
f 2895//3203 2881//3187 2882//3188 
f 2896//3204 2882//3188 2883//3189 
f 2897//3205 2883//3189 2884//3190 
f 2898//3206 2884//3190 2885//3191 
f 2899//3207 2885//3191 2886//3192 
f 2900//3208 2886//3192 2887//3193 
f 2901//3209 2887//3193 2888//3194 
f 2902//3210 2888//3194 2889//3195 
f 2903//3211 2889//3195 2890//3196 
f 2904//3212 2890//3196 2891//3197 
f 2905//3213 2891//3197 2892//3198 
f 2906//3214 2892//3198 2893//3199 
f 2907//3215 2893//3199 2894//3200 
f 2908//3216 2894//3200 2762//3217 
f 2745//3218 2746//3202 2895//3203 
f 2909//3219 2895//3203 2896//3204 
f 2910//3220 2896//3204 2897//3205 
f 2911//3221 2897//3205 2898//3206 
f 2912//3222 2898//3206 2899//3207 
f 2913//3223 2899//3207 2900//3208 
f 2914//3224 2900//3208 2901//3209 
f 2915//3225 2901//3209 2902//3210 
f 2916//3226 2902//3210 2903//3211 
f 2917//3227 2903//3211 2904//3212 
f 2918//3228 2904//3212 2905//3213 
f 2919//3229 2905//3213 2906//3214 
f 2920//3230 2906//3214 2907//3215 
f 2921//3231 2907//3215 2908//3216 
f 2922//3232 2908//3216 2763//3233 
f 2744//3234 2745//3218 2909//3219 
f 2923//3235 2909//3219 2910//3220 
f 2924//3236 2910//3220 2911//3221 
f 2925//3237 2911//3221 2912//3222 
f 2926//3238 2912//3222 2913//3223 
f 2927//3239 2913//3223 2914//3224 
f 2928//3240 2914//3224 2915//3225 
f 2929//3241 2915//3225 2916//3226 
f 2930//3242 2916//3226 2917//3227 
f 2931//3243 2917//3227 2918//3228 
f 2932//3244 2918//3228 2919//3229 
f 2933//3245 2919//3229 2920//3230 
f 2934//3246 2920//3230 2921//3231 
f 2935//3247 2921//3231 2922//3232 
f 2936//3248 2922//3232 2764//3249 
f 2743//3250 2744//3234 2923//3235 
f 2937//3251 2923//3235 2924//3236 
f 2938//3252 2924//3236 2925//3237 
f 2939//3253 2925//3237 2926//3238 
f 2940//3254 2926//3238 2927//3239 
f 2941//3255 2927//3239 2928//3240 
f 2942//3256 2928//3240 2929//3241 
f 2943//3257 2929//3241 2930//3242 
f 2944//3258 2930//3242 2931//3243 
f 2945//3259 2931//3243 2932//3244 
f 2946//3260 2932//3244 2933//3245 
f 2947//3261 2933//3245 2934//3246 
f 2948//3262 2934//3246 2935//3247 
f 2949//3263 2935//3247 2936//3248 
f 2950//3264 2936//3248 2765//3265 
f 2742//3266 2743//3250 2937//3251 
f 2951//3267 2937//3251 2938//3252 
f 2952//3268 2938//3252 2939//3253 
f 2953//3269 2939//3253 2940//3254 
f 2954//3270 2940//3254 2941//3255 
f 2955//3271 2941//3255 2942//3256 
f 2956//3272 2942//3256 2943//3257 
f 2957//3273 2943//3257 2944//3258 
f 2958//3274 2944//3258 2945//3259 
f 2959//3275 2945//3259 2946//3260 
f 2960//3276 2946//3260 2947//3261 
f 2961//3277 2947//3261 2948//3262 
f 2962//3278 2948//3262 2949//3263 
f 2963//3279 2949//3263 2950//3264 
f 2964//3280 2950//3264 2766//3281 
f 2741//3282 2742//3266 2951//3267 
f 2965//3283 2951//3267 2952//3268 
f 2966//3284 2952//3268 2953//3269 
f 2967//3285 2953//3269 2954//3270 
f 2968//3286 2954//3270 2955//3271 
f 2969//3287 2955//3271 2956//3272 
f 2970//3288 2956//3272 2957//3273 
f 2971//3289 2957//3273 2958//3274 
f 2972//3290 2958//3274 2959//3275 
f 2973//3291 2959//3275 2960//3276 
f 2974//3292 2960//3276 2961//3277 
f 2975//3293 2961//3277 2962//3278 
f 2976//3294 2962//3278 2963//3279 
f 2977//3295 2963//3279 2964//3280 
f 2978//3296 2964//3280 2767//3297 
f 2501//3298 2978//3296 2768//3299 
f 2501//3298 2977//3295 2978//3296 
f 2501//3298 2976//3294 2977//3295 
f 2501//3298 2975//3293 2976//3294 
f 2501//3298 2974//3292 2975//3293 
f 2501//3298 2973//3291 2974//3292 
f 2501//3298 2972//3290 2973//3291 
f 2501//3298 2971//3289 2972//3290 
f 2501//3298 2970//3288 2971//3289 
f 2501//3298 2969//3287 2970//3288 
f 2501//3298 2968//3286 2969//3287 
f 2501//3298 2967//3285 2968//3286 
f 2501//3298 2966//3284 2967//3285 
f 2501//3298 2965//3283 2966//3284 
f 2501//3298 2741//3282 2965//3283 
f 2767//3297 2768//3299 2978//3296 
f 2964//3280 2978//3296 2977//3295 
f 2963//3279 2977//3295 2976//3294 
f 2962//3278 2976//3294 2975//3293 
f 2961//3277 2975//3293 2974//3292 
f 2960//3276 2974//3292 2973//3291 
f 2959//3275 2973//3291 2972//3290 
f 2958//3274 2972//3290 2971//3289 
f 2957//3273 2971//3289 2970//3288 
f 2956//3272 2970//3288 2969//3287 
f 2955//3271 2969//3287 2968//3286 
f 2954//3270 2968//3286 2967//3285 
f 2953//3269 2967//3285 2966//3284 
f 2952//3268 2966//3284 2965//3283 
f 2951//3267 2965//3283 2741//3282 
f 2766//3281 2767//3297 2964//3280 
f 2950//3264 2964//3280 2963//3279 
f 2949//3263 2963//3279 2962//3278 
f 2948//3262 2962//3278 2961//3277 
f 2947//3261 2961//3277 2960//3276 
f 2946//3260 2960//3276 2959//3275 
f 2945//3259 2959//3275 2958//3274 
f 2944//3258 2958//3274 2957//3273 
f 2943//3257 2957//3273 2956//3272 
f 2942//3256 2956//3272 2955//3271 
f 2941//3255 2955//3271 2954//3270 
f 2940//3254 2954//3270 2953//3269 
f 2939//3253 2953//3269 2952//3268 
f 2938//3252 2952//3268 2951//3267 
f 2937//3251 2951//3267 2742//3266 
f 2765//3265 2766//3281 2950//3264 
f 2936//3248 2950//3264 2949//3263 
f 2935//3247 2949//3263 2948//3262 
f 2934//3246 2948//3262 2947//3261 
f 2933//3245 2947//3261 2946//3260 
f 2932//3244 2946//3260 2945//3259 
f 2931//3243 2945//3259 2944//3258 
f 2930//3242 2944//3258 2943//3257 
f 2929//3241 2943//3257 2942//3256 
f 2928//3240 2942//3256 2941//3255 
f 2927//3239 2941//3255 2940//3254 
f 2926//3238 2940//3254 2939//3253 
f 2925//3237 2939//3253 2938//3252 
f 2924//3236 2938//3252 2937//3251 
f 2923//3235 2937//3251 2743//3250 
f 2764//3249 2765//3265 2936//3248 
f 2922//3232 2936//3248 2935//3247 
f 2921//3231 2935//3247 2934//3246 
f 2920//3230 2934//3246 2933//3245 
f 2919//3229 2933//3245 2932//3244 
f 2918//3228 2932//3244 2931//3243 
f 2917//3227 2931//3243 2930//3242 
f 2916//3226 2930//3242 2929//3241 
f 2915//3225 2929//3241 2928//3240 
f 2914//3224 2928//3240 2927//3239 
f 2913//3223 2927//3239 2926//3238 
f 2912//3222 2926//3238 2925//3237 
f 2911//3221 2925//3237 2924//3236 
f 2910//3220 2924//3236 2923//3235 
f 2909//3219 2923//3235 2744//3234 
f 2763//3233 2764//3249 2922//3232 
f 2908//3216 2922//3232 2921//3231 
f 2907//3215 2921//3231 2920//3230 
f 2906//3214 2920//3230 2919//3229 
f 2905//3213 2919//3229 2918//3228 
f 2904//3212 2918//3228 2917//3227 
f 2903//3211 2917//3227 2916//3226 
f 2902//3210 2916//3226 2915//3225 
f 2901//3209 2915//3225 2914//3224 
f 2900//3208 2914//3224 2913//3223 
f 2899//3207 2913//3223 2912//3222 
f 2898//3206 2912//3222 2911//3221 
f 2897//3205 2911//3221 2910//3220 
f 2896//3204 2910//3220 2909//3219 
f 2895//3203 2909//3219 2745//3218 
f 2762//3217 2763//3233 2908//3216 
f 2894//3200 2908//3216 2907//3215 
f 2893//3199 2907//3215 2906//3214 
f 2892//3198 2906//3214 2905//3213 
f 2891//3197 2905//3213 2904//3212 
f 2890//3196 2904//3212 2903//3211 
f 2889//3195 2903//3211 2902//3210 
f 2888//3194 2902//3210 2901//3209 
f 2887//3193 2901//3209 2900//3208 
f 2886//3192 2900//3208 2899//3207 
f 2885//3191 2899//3207 2898//3206 
f 2884//3190 2898//3206 2897//3205 
f 2883//3189 2897//3205 2896//3204 
f 2882//3188 2896//3204 2895//3203 
f 2881//3187 2895//3203 2746//3202 
f 2761//3201 2762//3217 2894//3200 
f 2880//3184 2894//3200 2893//3199 
f 2879//3183 2893//3199 2892//3198 
f 2878//3182 2892//3198 2891//3197 
f 2877//3181 2891//3197 2890//3196 
f 2876//3180 2890//3196 2889//3195 
f 2875//3179 2889//3195 2888//3194 
f 2874//3178 2888//3194 2887//3193 
f 2873//3177 2887//3193 2886//3192 
f 2872//3176 2886//3192 2885//3191 
f 2871//3175 2885//3191 2884//3190 
f 2870//3174 2884//3190 2883//3189 
f 2869//3173 2883//3189 2882//3188 
f 2868//3172 2882//3188 2881//3187 
f 2867//3171 2881//3187 2747//3186 
f 2760//3185 2761//3201 2880//3184 
f 2866//3168 2880//3184 2879//3183 
f 2865//3167 2879//3183 2878//3182 
f 2864//3166 2878//3182 2877//3181 
f 2863//3165 2877//3181 2876//3180 
f 2862//3164 2876//3180 2875//3179 
f 2861//3163 2875//3179 2874//3178 
f 2860//3162 2874//3178 2873//3177 
f 2859//3161 2873//3177 2872//3176 
f 2858//3160 2872//3176 2871//3175 
f 2857//3159 2871//3175 2870//3174 
f 2856//3158 2870//3174 2869//3173 
f 2855//3157 2869//3173 2868//3172 
f 2854//3156 2868//3172 2867//3171 
f 2853//3155 2867//3171 2748//3170 
f 2759//3169 2760//3185 2866//3168 
f 2852//3152 2866//3168 2865//3167 
f 2851//3151 2865//3167 2864//3166 
f 2850//3150 2864//3166 2863//3165 
f 2849//3149 2863//3165 2862//3164 
f 2848//3148 2862//3164 2861//3163 
f 2847//3147 2861//3163 2860//3162 
f 2846//3146 2860//3162 2859//3161 
f 2845//3145 2859//3161 2858//3160 
f 2844//3144 2858//3160 2857//3159 
f 2843//3143 2857//3159 2856//3158 
f 2842//3142 2856//3158 2855//3157 
f 2841//3141 2855//3157 2854//3156 
f 2840//3140 2854//3156 2853//3155 
f 2839//3139 2853//3155 2749//3154 
f 2758//3153 2759//3169 2852//3152 
f 2838//3136 2852//3152 2851//3151 
f 2837//3135 2851//3151 2850//3150 
f 2836//3134 2850//3150 2849//3149 
f 2835//3133 2849//3149 2848//3148 
f 2834//3132 2848//3148 2847//3147 
f 2833//3131 2847//3147 2846//3146 
f 2832//3130 2846//3146 2845//3145 
f 2831//3129 2845//3145 2844//3144 
f 2830//3128 2844//3144 2843//3143 
f 2829//3127 2843//3143 2842//3142 
f 2828//3126 2842//3142 2841//3141 
f 2827//3125 2841//3141 2840//3140 
f 2826//3124 2840//3140 2839//3139 
f 2825//3123 2839//3139 2750//3138 
f 2757//3137 2758//3153 2838//3136 
f 2824//3120 2838//3136 2837//3135 
f 2823//3119 2837//3135 2836//3134 
f 2822//3118 2836//3134 2835//3133 
f 2821//3117 2835//3133 2834//3132 
f 2820//3116 2834//3132 2833//3131 
f 2819//3115 2833//3131 2832//3130 
f 2818//3114 2832//3130 2831//3129 
f 2817//3113 2831//3129 2830//3128 
f 2816//3112 2830//3128 2829//3127 
f 2815//3111 2829//3127 2828//3126 
f 2814//3110 2828//3126 2827//3125 
f 2813//3109 2827//3125 2826//3124 
f 2812//3108 2826//3124 2825//3123 
f 2811//3107 2825//3123 2751//3122 
f 2756//3121 2757//3137 2824//3120 
f 2810//3104 2824//3120 2823//3119 
f 2809//3103 2823//3119 2822//3118 
f 2808//3102 2822//3118 2821//3117 
f 2807//3101 2821//3117 2820//3116 
f 2806//3100 2820//3116 2819//3115 
f 2805//3099 2819//3115 2818//3114 
f 2804//3098 2818//3114 2817//3113 
f 2803//3097 2817//3113 2816//3112 
f 2802//3096 2816//3112 2815//3111 
f 2801//3095 2815//3111 2814//3110 
f 2800//3094 2814//3110 2813//3109 
f 2799//3093 2813//3109 2812//3108 
f 2798//3092 2812//3108 2811//3107 
f 2797//3091 2811//3107 2752//3106 
f 2755//3105 2756//3121 2810//3104 
f 2796//3088 2810//3104 2809//3103 
f 2795//3086 2809//3103 2808//3102 
f 2794//3084 2808//3102 2807//3101 
f 2793//3082 2807//3101 2806//3100 
f 2792//3080 2806//3100 2805//3099 
f 2791//3078 2805//3099 2804//3098 
f 2790//3076 2804//3098 2803//3097 
f 2789//3074 2803//3097 2802//3096 
f 2788//3072 2802//3096 2801//3095 
f 2787//3070 2801//3095 2800//3094 
f 2786//3068 2800//3094 2799//3093 
f 2785//3066 2799//3093 2798//3092 
f 2784//3064 2798//3092 2797//3091 
f 2783//3062 2797//3091 2753//3090 
f 2500//3089 2755//3105 2796//3088 
f 2782//3087 2796//3088 2795//3086 
f 2781//3085 2795//3086 2794//3084 
f 2780//3083 2794//3084 2793//3082 
f 2779//3081 2793//3082 2792//3080 
f 2778//3079 2792//3080 2791//3078 
f 2777//3077 2791//3078 2790//3076 
f 2776//3075 2790//3076 2789//3074 
f 2775//3073 2789//3074 2788//3072 
f 2774//3071 2788//3072 2787//3070 
f 2773//3069 2787//3070 2786//3068 
f 2772//3067 2786//3068 2785//3066 
f 2771//3065 2785//3066 2784//3064 
f 2770//3063 2784//3064 2783//3062 
f 2769//3061 2783//3062 2754//3059 
