# OBJ generated by ONSHAPE BY PTC INC, 1.218 Units = meters
mtllib funnelF.mtl
g funnel
v -0.00187046 0.0171986 0.002 
v 0 0.0173 0.002 
v -1.32468e-17 0.0173 0.139172 
v -0.00371899 0.0168955 0.002 
v -0.00187046 0.0171986 0.139172 
v -0.00552392 0.0163944 0.002 
v -0.00371899 0.0168955 0.139172 
v -0.00726408 0.0157011 0.002 
v -0.00552392 0.0163944 0.139172 
v -0.00891908 0.0148236 0.002 
v -0.00726408 0.0157011 0.139172 
v -0.0104695 0.0137724 0.002 
v -0.00891908 0.0148236 0.139172 
v -0.0118972 0.0125597 0.002 
v -0.0104695 0.0137724 0.139172 
v -0.0131854 0.0111998 0.002 
v -0.0118972 0.0125597 0.139172 
v -0.014319 0.00970854 0.002 
v -0.0131854 0.0111998 0.139172 
v -0.0152848 0.00810347 0.002 
v -0.014319 0.00970854 0.139172 
v -0.0160713 0.00640339 0.002 
v -0.0152848 0.00810347 0.139172 
v -0.0166694 0.00462824 0.002 
v -0.0160713 0.00640339 0.139172 
v -0.0170721 0.00279883 0.002 
v -0.0166694 0.00462824 0.139172 
v -0.0172746 0.000936603 0.002 
v -0.0170721 0.00279883 0.139172 
v -0.0172746 -0.000936603 0.002 
v -0.0172746 0.000936603 0.139172 
v -0.0170721 -0.00279883 0.002 
v -0.0172746 -0.000936603 0.139172 
v -0.0166694 -0.00462824 0.002 
v -0.0170721 -0.00279883 0.139172 
v -0.0160713 -0.00640339 0.002 
v -0.0166694 -0.00462824 0.139172 
v -0.0152848 -0.00810347 0.002 
v -0.0160713 -0.00640339 0.139172 
v -0.014319 -0.00970854 0.002 
v -0.0152848 -0.00810347 0.139172 
v -0.0131854 -0.0111998 0.002 
v -0.014319 -0.00970854 0.139172 
v -0.0118972 -0.0125597 0.002 
v -0.0131854 -0.0111998 0.139172 
v -0.0104695 -0.0137724 0.002 
v -0.0118972 -0.0125597 0.139172 
v -0.00891908 -0.0148236 0.002 
v -0.0104695 -0.0137724 0.139172 
v -0.00726408 -0.0157011 0.002 
v -0.00891908 -0.0148236 0.139172 
v -0.00552392 -0.0163944 0.002 
v -0.00726408 -0.0157011 0.139172 
v -0.00371899 -0.0168955 0.002 
v -0.00552392 -0.0163944 0.139172 
v -0.00187046 -0.0171986 0.002 
v -0.00371899 -0.0168955 0.139172 
v -1.32468e-17 -0.0173 0.002 
v -0.00187046 -0.0171986 0.139172 
v 0.00187046 -0.0171986 0.002 
v 0 -0.0173 0.139172 
v 0.00371899 -0.0168955 0.002 
v 0.00187046 -0.0171986 0.139172 
v 0.00552392 -0.0163944 0.002 
v 0.00371899 -0.0168955 0.139172 
v 0.00726408 -0.0157011 0.002 
v 0.00552392 -0.0163944 0.139172 
v 0.00891908 -0.0148236 0.002 
v 0.00726408 -0.0157011 0.139172 
v 0.0104695 -0.0137724 0.002 
v 0.00891908 -0.0148236 0.139172 
v 0.0118972 -0.0125597 0.002 
v 0.0104695 -0.0137724 0.139172 
v 0.0131854 -0.0111998 0.002 
v 0.0118972 -0.0125597 0.139172 
v 0.014319 -0.00970854 0.002 
v 0.0131854 -0.0111998 0.139172 
v 0.0152848 -0.00810347 0.002 
v 0.014319 -0.00970854 0.139172 
v 0.0160713 -0.00640339 0.002 
v 0.0152848 -0.00810347 0.139172 
v 0.0166694 -0.00462824 0.002 
v 0.0160713 -0.00640339 0.139172 
v 0.0170721 -0.00279883 0.002 
v 0.0166694 -0.00462824 0.139172 
v 0.0172746 -0.000936603 0.002 
v 0.0170721 -0.00279883 0.139172 
v 0.0172746 0.000936603 0.002 
v 0.0172746 -0.000936603 0.139172 
v 0.0170721 0.00279883 0.002 
v 0.0172746 0.000936603 0.139172 
v 0.0166694 0.00462824 0.002 
v 0.0170721 0.00279883 0.139172 
v 0.0160713 0.00640339 0.002 
v 0.0166694 0.00462824 0.139172 
v 0.0152848 0.00810347 0.002 
v 0.0160713 0.00640339 0.139172 
v 0.014319 0.00970854 0.002 
v 0.0152848 0.00810347 0.139172 
v 0.0131854 0.0111998 0.002 
v 0.014319 0.00970854 0.139172 
v 0.0118972 0.0125597 0.002 
v 0.0131854 0.0111998 0.139172 
v 0.0104695 0.0137724 0.002 
v 0.0118972 0.0125597 0.139172 
v 0.00891908 0.0148236 0.002 
v 0.0104695 0.0137724 0.139172 
v 0.00726408 0.0157011 0.002 
v 0.00891908 0.0148236 0.139172 
v 0.00552392 0.0163944 0.002 
v 0.00726408 0.0157011 0.139172 
v 0.00371899 0.0168955 0.002 
v 0.00552392 0.0163944 0.139172 
v 0.00187046 0.0171986 0.002 
v 0.00371899 0.0168955 0.139172 
v 0.00187046 0.0171986 0.139172 
v -4.72714e-18 0.0193 0 
v 0.0020867 0.0191869 0 
v 0.00414893 0.0188488 0 
v 0.00616252 0.0182897 0 
v 0.00810386 0.0175162 0 
v 0.00995019 0.0165373 0 
v 0.0116799 0.0153646 0 
v 0.0132726 0.0140117 0 
v 0.0147097 0.0124946 0 
v 0.0159744 0.0108309 0 
v 0.0170518 0.00904028 0 
v 0.0179293 0.00714367 0 
v 0.0185965 0.0051633 0 
v 0.0190458 0.00312239 0 
v 0.0192717 0.00104488 0 
v 0.0192717 -0.00104488 0 
v 0.0190458 -0.00312239 0 
v 0.0185965 -0.0051633 0 
v 0.0179293 -0.00714367 0 
v 0.0170518 -0.00904028 0 
v 0.0159744 -0.0108309 0 
v 0.0147097 -0.0124946 0 
v 0.0132726 -0.0140117 0 
v 0.0116799 -0.0153646 0 
v 0.00995019 -0.0165373 0 
v 0.00810386 -0.0175162 0 
v 0.00616252 -0.0182897 0 
v 0.00414893 -0.0188488 0 
v 0.0020867 -0.0191869 0 
v -1.47783e-17 -0.0193 0 
v -0.0020867 -0.0191869 0 
v -0.00414893 -0.0188488 0 
v -0.00616252 -0.0182897 0 
v -0.00810386 -0.0175162 0 
v -0.00995019 -0.0165373 0 
v -0.0116799 -0.0153646 0 
v -0.0132726 -0.0140117 0 
v -0.0147097 -0.0124946 0 
v -0.0159744 -0.0108309 0 
v -0.0170518 -0.00904028 0 
v -0.0179293 -0.00714367 0 
v -0.0185965 -0.0051633 0 
v -0.0190458 -0.00312239 0 
v -0.0192717 -0.00104488 0 
v -0.0192717 0.00104488 0 
v -0.0190458 0.00312239 0 
v -0.0185965 0.0051633 0 
v -0.0179293 0.00714367 0 
v -0.0170518 0.00904028 0 
v -0.0159744 0.0108309 0 
v -0.0147097 0.0124946 0 
v -0.0132726 0.0140117 0 
v -0.0116799 0.0153646 0 
v -0.00995019 0.0165373 0 
v -0.00810386 0.0175162 0 
v -0.00616252 0.0182897 0 
v -0.00414893 0.0188488 0 
v -0.0020867 0.0191869 0 
v 0 0.0190909 1.09562e-05 
v 0.00206409 0.018979 1.09562e-05 
v 0.00410399 0.0186446 1.09562e-05 
v 0.00609577 0.0180916 1.09562e-05 
v 0.00801608 0.0173265 1.09562e-05 
v 0.00984241 0.0163582 1.09562e-05 
v 0.0115533 0.0151982 1.09562e-05 
v 0.0131288 0.0138599 1.09562e-05 
v 0.0145504 0.0123592 1.09562e-05 
v 0.0158014 0.0107136 1.09562e-05 
v 0.0168671 0.00894236 1.09562e-05 
v 0.017735 0.00706629 1.09562e-05 
v 0.0183951 0.00510737 1.09562e-05 
v 0.0188394 0.00308857 1.09562e-05 
v 0.0190629 0.00103356 1.09562e-05 
v 0.0190629 -0.00103356 1.09562e-05 
v 0.0188394 -0.00308857 1.09562e-05 
v 0.0183951 -0.00510737 1.09562e-05 
v 0.017735 -0.00706629 1.09562e-05 
v 0.0168671 -0.00894236 1.09562e-05 
v 0.0158014 -0.0107136 1.09562e-05 
v 0.0145504 -0.0123592 1.09562e-05 
v 0.0131288 -0.0138599 1.09562e-05 
v 0.0115533 -0.0151982 1.09562e-05 
v 0.00984241 -0.0163582 1.09562e-05 
v 0.00801608 -0.0173265 1.09562e-05 
v 0.00609577 -0.0180916 1.09562e-05 
v 0.00410399 -0.0186446 1.09562e-05 
v 0.00206409 -0.018979 1.09562e-05 
v -3.9741e-18 -0.0190909 1.09562e-05 
v -0.00206409 -0.018979 1.09562e-05 
v -0.00410399 -0.0186446 1.09562e-05 
v -0.00609577 -0.0180916 1.09562e-05 
v -0.00801608 -0.0173265 1.09562e-05 
v -0.00984241 -0.0163582 1.09562e-05 
v -0.0115533 -0.0151982 1.09562e-05 
v -0.0131288 -0.0138599 1.09562e-05 
v -0.0145504 -0.0123592 1.09562e-05 
v -0.0158014 -0.0107136 1.09562e-05 
v -0.0168671 -0.00894236 1.09562e-05 
v -0.017735 -0.00706629 1.09562e-05 
v -0.0183951 -0.00510737 1.09562e-05 
v -0.0188394 -0.00308857 1.09562e-05 
v -0.0190629 -0.00103356 1.09562e-05 
v -0.0190629 0.00103356 1.09562e-05 
v -0.0188394 0.00308857 1.09562e-05 
v -0.0183951 0.00510737 1.09562e-05 
v -0.017735 0.00706629 1.09562e-05 
v -0.0168671 0.00894236 1.09562e-05 
v -0.0158014 0.0107136 1.09562e-05 
v -0.0145504 0.0123592 1.09562e-05 
v -0.0131288 0.0138599 1.09562e-05 
v -0.0115533 0.0151982 1.09562e-05 
v -0.00984241 0.0163582 1.09562e-05 
v -0.00801608 0.0173265 1.09562e-05 
v -0.00609577 0.0180916 1.09562e-05 
v -0.00410399 0.0186446 1.09562e-05 
v -0.00206409 0.018979 1.09562e-05 
v 0 0.0188842 4.37048e-05 
v 0.00204174 0.0187735 4.37048e-05 
v 0.00405954 0.0184427 4.37048e-05 
v 0.00602975 0.0178956 4.37048e-05 
v 0.00792926 0.0171388 4.37048e-05 
v 0.00973581 0.016181 4.37048e-05 
v 0.0114282 0.0150336 4.37048e-05 
v 0.0129866 0.0137098 4.37048e-05 
v 0.0143928 0.0122254 4.37048e-05 
v 0.0156302 0.0105976 4.37048e-05 
v 0.0166844 0.00884551 4.37048e-05 
v 0.017543 0.00698975 4.37048e-05 
v 0.0181958 0.00505205 4.37048e-05 
v 0.0186354 0.00305512 4.37048e-05 
v 0.0188565 0.00102237 4.37048e-05 
v 0.0188565 -0.00102237 4.37048e-05 
v 0.0186354 -0.00305512 4.37048e-05 
v 0.0181958 -0.00505205 4.37048e-05 
v 0.017543 -0.00698975 4.37048e-05 
v 0.0166844 -0.00884551 4.37048e-05 
v 0.0156302 -0.0105976 4.37048e-05 
v 0.0143928 -0.0122254 4.37048e-05 
v 0.0129866 -0.0137098 4.37048e-05 
v 0.0114282 -0.0150336 4.37048e-05 
v 0.00973581 -0.016181 4.37048e-05 
v 0.00792926 -0.0171388 4.37048e-05 
v 0.00602975 -0.0178956 4.37048e-05 
v 0.00405954 -0.0184427 4.37048e-05 
v 0.00204174 -0.0187735 4.37048e-05 
v -3.93106e-18 -0.0188842 4.37048e-05 
v -0.00204174 -0.0187735 4.37048e-05 
v -0.00405954 -0.0184427 4.37048e-05 
v -0.00602975 -0.0178956 4.37048e-05 
v -0.00792926 -0.0171388 4.37048e-05 
v -0.00973581 -0.016181 4.37048e-05 
v -0.0114282 -0.0150336 4.37048e-05 
v -0.0129866 -0.0137098 4.37048e-05 
v -0.0143928 -0.0122254 4.37048e-05 
v -0.0156302 -0.0105976 4.37048e-05 
v -0.0166844 -0.00884551 4.37048e-05 
v -0.017543 -0.00698975 4.37048e-05 
v -0.0181958 -0.00505205 4.37048e-05 
v -0.0186354 -0.00305512 4.37048e-05 
v -0.0188565 -0.00102237 4.37048e-05 
v -0.0188565 0.00102237 4.37048e-05 
v -0.0186354 0.00305512 4.37048e-05 
v -0.0181958 0.00505205 4.37048e-05 
v -0.017543 0.00698975 4.37048e-05 
v -0.0166844 0.00884551 4.37048e-05 
v -0.0156302 0.0105976 4.37048e-05 
v -0.0143928 0.0122254 4.37048e-05 
v -0.0129866 0.0137098 4.37048e-05 
v -0.0114282 0.0150336 4.37048e-05 
v -0.00973581 0.016181 4.37048e-05 
v -0.00792926 0.0171388 4.37048e-05 
v -0.00602975 0.0178956 4.37048e-05 
v -0.00405954 0.0184427 4.37048e-05 
v -0.00204174 0.0187735 4.37048e-05 
v 0 0.018682 9.7887e-05 
v 0.00201988 0.0185725 9.7887e-05 
v 0.00401607 0.0182452 9.7887e-05 
v 0.00596518 0.017704 9.7887e-05 
v 0.00784435 0.0169553 9.7887e-05 
v 0.00963156 0.0160078 9.7887e-05 
v 0.0113058 0.0148726 9.7887e-05 
v 0.0128476 0.013563 9.7887e-05 
v 0.0142387 0.0120944 9.7887e-05 
v 0.0154629 0.0104841 9.7887e-05 
v 0.0165057 0.00875079 9.7887e-05 
v 0.0173551 0.00691491 9.7887e-05 
v 0.018001 0.00499796 9.7887e-05 
v 0.0184359 0.00302241 9.7887e-05 
v 0.0186546 0.00101142 9.7887e-05 
v 0.0186546 -0.00101142 9.7887e-05 
v 0.0184359 -0.00302241 9.7887e-05 
v 0.018001 -0.00499796 9.7887e-05 
v 0.0173551 -0.00691491 9.7887e-05 
v 0.0165057 -0.00875079 9.7887e-05 
v 0.0154629 -0.0104841 9.7887e-05 
v 0.0142387 -0.0120944 9.7887e-05 
v 0.0128476 -0.013563 9.7887e-05 
v 0.0113058 -0.0148726 9.7887e-05 
v 0.00963156 -0.0160078 9.7887e-05 
v 0.00784435 -0.0169553 9.7887e-05 
v 0.00596518 -0.017704 9.7887e-05 
v 0.00401607 -0.0182452 9.7887e-05 
v 0.00201988 -0.0185725 9.7887e-05 
v -3.88897e-18 -0.018682 9.7887e-05 
v -0.00201988 -0.0185725 9.7887e-05 
v -0.00401607 -0.0182452 9.7887e-05 
v -0.00596518 -0.017704 9.7887e-05 
v -0.00784435 -0.0169553 9.7887e-05 
v -0.00963156 -0.0160078 9.7887e-05 
v -0.0113058 -0.0148726 9.7887e-05 
v -0.0128476 -0.013563 9.7887e-05 
v -0.0142387 -0.0120944 9.7887e-05 
v -0.0154629 -0.0104841 9.7887e-05 
v -0.0165057 -0.00875079 9.7887e-05 
v -0.0173551 -0.00691491 9.7887e-05 
v -0.018001 -0.00499796 9.7887e-05 
v -0.0184359 -0.00302241 9.7887e-05 
v -0.0186546 -0.00101142 9.7887e-05 
v -0.0186546 0.00101142 9.7887e-05 
v -0.0184359 0.00302241 9.7887e-05 
v -0.018001 0.00499796 9.7887e-05 
v -0.0173551 0.00691491 9.7887e-05 
v -0.0165057 0.00875079 9.7887e-05 
v -0.0154629 0.0104841 9.7887e-05 
v -0.0142387 0.0120944 9.7887e-05 
v -0.0128476 0.013563 9.7887e-05 
v -0.0113058 0.0148726 9.7887e-05 
v -0.00963156 0.0160078 9.7887e-05 
v -0.00784435 0.0169553 9.7887e-05 
v -0.00596518 0.017704 9.7887e-05 
v -0.00401607 0.0182452 9.7887e-05 
v -0.00201988 0.0185725 9.7887e-05 
v 0 0.0184865 0.000172909 
v 0.00199875 0.0183782 0.000172909 
v 0.00397406 0.0180543 0.000172909 
v 0.00590278 0.0175188 0.000172909 
v 0.00776229 0.0167779 0.000172909 
v 0.0095308 0.0158403 0.000172909 
v 0.0111876 0.014717 0.000172909 
v 0.0127132 0.0134211 0.000172909 
v 0.0140897 0.0119679 0.000172909 
v 0.0153011 0.0103744 0.000172909 
v 0.0163331 0.00865925 0.000172909 
v 0.0171736 0.00684257 0.000172909 
v 0.0178127 0.00494567 0.000172909 
v 0.018243 0.00299079 0.000172909 
v 0.0184594 0.00100084 0.000172909 
v 0.0184594 -0.00100084 0.000172909 
v 0.018243 -0.00299079 0.000172909 
v 0.0178127 -0.00494567 0.000172909 
v 0.0171736 -0.00684257 0.000172909 
v 0.0163331 -0.00865925 0.000172909 
v 0.0153011 -0.0103744 0.000172909 
v 0.0140897 -0.0119679 0.000172909 
v 0.0127132 -0.0134211 0.000172909 
v 0.0111876 -0.014717 0.000172909 
v 0.0095308 -0.0158403 0.000172909 
v 0.00776229 -0.0167779 0.000172909 
v 0.00590278 -0.0175188 0.000172909 
v 0.00397406 -0.0180543 0.000172909 
v 0.00199875 -0.0183782 0.000172909 
v -3.84828e-18 -0.0184865 0.000172909 
v -0.00199875 -0.0183782 0.000172909 
v -0.00397406 -0.0180543 0.000172909 
v -0.00590278 -0.0175188 0.000172909 
v -0.00776229 -0.0167779 0.000172909 
v -0.0095308 -0.0158403 0.000172909 
v -0.0111876 -0.014717 0.000172909 
v -0.0127132 -0.0134211 0.000172909 
v -0.0140897 -0.0119679 0.000172909 
v -0.0153011 -0.0103744 0.000172909 
v -0.0163331 -0.00865925 0.000172909 
v -0.0171736 -0.00684257 0.000172909 
v -0.0178127 -0.00494567 0.000172909 
v -0.018243 -0.00299079 0.000172909 
v -0.0184594 -0.00100084 0.000172909 
v -0.0184594 0.00100084 0.000172909 
v -0.018243 0.00299079 0.000172909 
v -0.0178127 0.00494567 0.000172909 
v -0.0171736 0.00684257 0.000172909 
v -0.0163331 0.00865925 0.000172909 
v -0.0153011 0.0103744 0.000172909 
v -0.0140897 0.0119679 0.000172909 
v -0.0127132 0.0134211 0.000172909 
v -0.0111876 0.014717 0.000172909 
v -0.0095308 0.0158403 0.000172909 
v -0.00776229 0.0167779 0.000172909 
v -0.00590278 0.0175188 0.000172909 
v -0.00397406 0.0180543 0.000172909 
v -0.00199875 0.0183782 0.000172909 
v 0 0.0183 0.000267949 
v 0.00197858 0.0181927 0.000267949 
v 0.00393396 0.0178722 0.000267949 
v 0.00584322 0.0173421 0.000267949 
v 0.00768397 0.0166086 0.000267949 
v 0.00943464 0.0156805 0.000267949 
v 0.0110747 0.0145685 0.000267949 
v 0.0125849 0.0132857 0.000267949 
v 0.0139476 0.0118472 0.000267949 
v 0.0151467 0.0102697 0.000267949 
v 0.0161683 0.00857187 0.000267949 
v 0.0170003 0.00677353 0.000267949 
v 0.017633 0.00489577 0.000267949 
v 0.0180589 0.00296061 0.000267949 
v 0.0182732 0.000990742 0.000267949 
v 0.0182732 -0.000990742 0.000267949 
v 0.0180589 -0.00296061 0.000267949 
v 0.017633 -0.00489577 0.000267949 
v 0.0170003 -0.00677353 0.000267949 
v 0.0161683 -0.00857187 0.000267949 
v 0.0151467 -0.0102697 0.000267949 
v 0.0139476 -0.0118472 0.000267949 
v 0.0125849 -0.0132857 0.000267949 
v 0.0110747 -0.0145685 0.000267949 
v 0.00943464 -0.0156805 0.000267949 
v 0.00768397 -0.0166086 0.000267949 
v 0.00584322 -0.0173421 0.000267949 
v 0.00393396 -0.0178722 0.000267949 
v 0.00197858 -0.0181927 0.000267949 
v -3.80945e-18 -0.0183 0.000267949 
v -0.00197858 -0.0181927 0.000267949 
v -0.00393396 -0.0178722 0.000267949 
v -0.00584322 -0.0173421 0.000267949 
v -0.00768397 -0.0166086 0.000267949 
v -0.00943464 -0.0156805 0.000267949 
v -0.0110747 -0.0145685 0.000267949 
v -0.0125849 -0.0132857 0.000267949 
v -0.0139476 -0.0118472 0.000267949 
v -0.0151467 -0.0102697 0.000267949 
v -0.0161683 -0.00857187 0.000267949 
v -0.0170003 -0.00677353 0.000267949 
v -0.017633 -0.00489577 0.000267949 
v -0.0180589 -0.00296061 0.000267949 
v -0.0182732 -0.000990742 0.000267949 
v -0.0182732 0.000990742 0.000267949 
v -0.0180589 0.00296061 0.000267949 
v -0.017633 0.00489577 0.000267949 
v -0.0170003 0.00677353 0.000267949 
v -0.0161683 0.00857187 0.000267949 
v -0.0151467 0.0102697 0.000267949 
v -0.0139476 0.0118472 0.000267949 
v -0.0125849 0.0132857 0.000267949 
v -0.0110747 0.0145685 0.000267949 
v -0.00943464 0.0156805 0.000267949 
v -0.00768397 0.0166086 0.000267949 
v -0.00584322 0.0173421 0.000267949 
v -0.00393396 0.0178722 0.000267949 
v -0.00197858 0.0181927 0.000267949 
v 0 0.0181244 0.000381966 
v 0.0019596 0.0180182 0.000381966 
v 0.00389622 0.0177007 0.000381966 
v 0.00578716 0.0171757 0.000381966 
v 0.00761025 0.0164493 0.000381966 
v 0.00934412 0.01553 0.000381966 
v 0.0109684 0.0144287 0.000381966 
v 0.0124642 0.0131583 0.000381966 
v 0.0138138 0.0117335 0.000381966 
v 0.0150014 0.0101712 0.000381966 
v 0.0160132 0.00848964 0.000381966 
v 0.0168372 0.00670854 0.000381966 
v 0.0174638 0.0048488 0.000381966 
v 0.0178857 0.00293221 0.000381966 
v 0.0180978 0.000981237 0.000381966 
v 0.0180978 -0.000981237 0.000381966 
v 0.0178857 -0.00293221 0.000381966 
v 0.0174638 -0.0048488 0.000381966 
v 0.0168372 -0.00670854 0.000381966 
v 0.0160132 -0.00848964 0.000381966 
v 0.0150014 -0.0101712 0.000381966 
v 0.0138138 -0.0117335 0.000381966 
v 0.0124642 -0.0131583 0.000381966 
v 0.0109684 -0.0144287 0.000381966 
v 0.00934412 -0.01553 0.000381966 
v 0.00761025 -0.0164493 0.000381966 
v 0.00578716 -0.0171757 0.000381966 
v 0.00389622 -0.0177007 0.000381966 
v 0.0019596 -0.0180182 0.000381966 
v -3.7729e-18 -0.0181244 0.000381966 
v -0.0019596 -0.0180182 0.000381966 
v -0.00389622 -0.0177007 0.000381966 
v -0.00578716 -0.0171757 0.000381966 
v -0.00761025 -0.0164493 0.000381966 
v -0.00934412 -0.01553 0.000381966 
v -0.0109684 -0.0144287 0.000381966 
v -0.0124642 -0.0131583 0.000381966 
v -0.0138138 -0.0117335 0.000381966 
v -0.0150014 -0.0101712 0.000381966 
v -0.0160132 -0.00848964 0.000381966 
v -0.0168372 -0.00670854 0.000381966 
v -0.0174638 -0.0048488 0.000381966 
v -0.0178857 -0.00293221 0.000381966 
v -0.0180978 -0.000981237 0.000381966 
v -0.0180978 0.000981237 0.000381966 
v -0.0178857 0.00293221 0.000381966 
v -0.0174638 0.0048488 0.000381966 
v -0.0168372 0.00670854 0.000381966 
v -0.0160132 0.00848964 0.000381966 
v -0.0150014 0.0101712 0.000381966 
v -0.0138138 0.0117335 0.000381966 
v -0.0124642 0.0131583 0.000381966 
v -0.0109684 0.0144287 0.000381966 
v -0.00934412 0.01553 0.000381966 
v -0.00761025 0.0164493 0.000381966 
v -0.00578716 0.0171757 0.000381966 
v -0.00389622 0.0177007 0.000381966 
v -0.0019596 0.0180182 0.000381966 
v 0 0.0179617 0.00051371 
v 0.00194201 0.0178564 0.00051371 
v 0.00386124 0.0175418 0.00051371 
v 0.00573521 0.0170215 0.00051371 
v 0.00754194 0.0163016 0.00051371 
v 0.00926024 0.0153906 0.00051371 
v 0.01087 0.0142992 0.00051371 
v 0.0123523 0.0130401 0.00051371 
v 0.0136898 0.0116282 0.00051371 
v 0.0148667 0.0100799 0.00051371 
v 0.0158694 0.00841343 0.00051371 
v 0.016686 0.00664832 0.00051371 
v 0.017307 0.00480527 0.00051371 
v 0.0177251 0.00290589 0.00051371 
v 0.0179354 0.000972429 0.00051371 
v 0.0179354 -0.000972429 0.00051371 
v 0.0177251 -0.00290589 0.00051371 
v 0.017307 -0.00480527 0.00051371 
v 0.016686 -0.00664832 0.00051371 
v 0.0158694 -0.00841343 0.00051371 
v 0.0148667 -0.0100799 0.00051371 
v 0.0136898 -0.0116282 0.00051371 
v 0.0123523 -0.0130401 0.00051371 
v 0.01087 -0.0142992 0.00051371 
v 0.00926024 -0.0153906 0.00051371 
v 0.00754194 -0.0163016 0.00051371 
v 0.00573521 -0.0170215 0.00051371 
v 0.00386124 -0.0175418 0.00051371 
v 0.00194201 -0.0178564 0.00051371 
v -3.73904e-18 -0.0179617 0.00051371 
v -0.00194201 -0.0178564 0.00051371 
v -0.00386124 -0.0175418 0.00051371 
v -0.00573521 -0.0170215 0.00051371 
v -0.00754194 -0.0163016 0.00051371 
v -0.00926024 -0.0153906 0.00051371 
v -0.01087 -0.0142992 0.00051371 
v -0.0123523 -0.0130401 0.00051371 
v -0.0136898 -0.0116282 0.00051371 
v -0.0148667 -0.0100799 0.00051371 
v -0.0158694 -0.00841343 0.00051371 
v -0.016686 -0.00664832 0.00051371 
v -0.017307 -0.00480527 0.00051371 
v -0.0177251 -0.00290589 0.00051371 
v -0.0179354 -0.000972429 0.00051371 
v -0.0179354 0.000972429 0.00051371 
v -0.0177251 0.00290589 0.00051371 
v -0.017307 0.00480527 0.00051371 
v -0.016686 0.00664832 0.00051371 
v -0.0158694 0.00841343 0.00051371 
v -0.0148667 0.0100799 0.00051371 
v -0.0136898 0.0116282 0.00051371 
v -0.0123523 0.0130401 0.00051371 
v -0.01087 0.0142992 0.00051371 
v -0.00926024 0.0153906 0.00051371 
v -0.00754194 0.0163016 0.00051371 
v -0.00573521 0.0170215 0.00051371 
v -0.00386124 0.0175418 0.00051371 
v -0.00194201 0.0178564 0.00051371 
v 0 0.0178137 0.000661739 
v 0.001926 0.0177093 0.000661739 
v 0.00382942 0.0173972 0.000661739 
v 0.00568794 0.0168812 0.000661739 
v 0.00747978 0.0161673 0.000661739 
v 0.00918393 0.0152638 0.000661739 
v 0.0107804 0.0141814 0.000661739 
v 0.0122505 0.0129327 0.000661739 
v 0.0135769 0.0115324 0.000661739 
v 0.0147442 0.00999682 0.000661739 
v 0.0157386 0.00834409 0.000661739 
v 0.0165485 0.00659353 0.000661739 
v 0.0171644 0.00476567 0.000661739 
v 0.017579 0.00288194 0.000661739 
v 0.0177876 0.000964415 0.000661739 
v 0.0177876 -0.000964415 0.000661739 
v 0.017579 -0.00288194 0.000661739 
v 0.0171644 -0.00476567 0.000661739 
v 0.0165485 -0.00659353 0.000661739 
v 0.0157386 -0.00834409 0.000661739 
v 0.0147442 -0.00999682 0.000661739 
v 0.0135769 -0.0115324 0.000661739 
v 0.0122505 -0.0129327 0.000661739 
v 0.0107804 -0.0141814 0.000661739 
v 0.00918393 -0.0152638 0.000661739 
v 0.00747978 -0.0161673 0.000661739 
v 0.00568794 -0.0168812 0.000661739 
v 0.00382942 -0.0173972 0.000661739 
v 0.001926 -0.0177093 0.000661739 
v -3.70822e-18 -0.0178137 0.000661739 
v -0.001926 -0.0177093 0.000661739 
v -0.00382942 -0.0173972 0.000661739 
v -0.00568794 -0.0168812 0.000661739 
v -0.00747978 -0.0161673 0.000661739 
v -0.00918393 -0.0152638 0.000661739 
v -0.0107804 -0.0141814 0.000661739 
v -0.0122505 -0.0129327 0.000661739 
v -0.0135769 -0.0115324 0.000661739 
v -0.0147442 -0.00999682 0.000661739 
v -0.0157386 -0.00834409 0.000661739 
v -0.0165485 -0.00659353 0.000661739 
v -0.0171644 -0.00476567 0.000661739 
v -0.017579 -0.00288194 0.000661739 
v -0.0177876 -0.000964415 0.000661739 
v -0.0177876 0.000964415 0.000661739 
v -0.017579 0.00288194 0.000661739 
v -0.0171644 0.00476567 0.000661739 
v -0.0165485 0.00659353 0.000661739 
v -0.0157386 0.00834409 0.000661739 
v -0.0147442 0.00999682 0.000661739 
v -0.0135769 0.0115324 0.000661739 
v -0.0122505 0.0129327 0.000661739 
v -0.0107804 0.0141814 0.000661739 
v -0.00918393 0.0152638 0.000661739 
v -0.00747978 0.0161673 0.000661739 
v -0.00568794 0.0168812 0.000661739 
v -0.00382942 0.0173972 0.000661739 
v -0.001926 0.0177093 0.000661739 
v 0 0.017682 0.000824429 
v 0.00191176 0.0175783 0.000824429 
v 0.0038011 0.0172686 0.000824429 
v 0.00564588 0.0167564 0.000824429 
v 0.00742446 0.0160477 0.000824429 
v 0.00911601 0.0151509 0.000824429 
v 0.0107007 0.0140765 0.000824429 
v 0.0121599 0.012837 0.000824429 
v 0.0134765 0.0114471 0.000824429 
v 0.0146352 0.00992289 0.000824429 
v 0.0156222 0.00828238 0.000824429 
v 0.0164261 0.00654477 0.000824429 
v 0.0170375 0.00473043 0.000824429 
v 0.017449 0.00286062 0.000824429 
v 0.017656 0.000957282 0.000824429 
v 0.017656 -0.000957282 0.000824429 
v 0.017449 -0.00286062 0.000824429 
v 0.0170375 -0.00473043 0.000824429 
v 0.0164261 -0.00654477 0.000824429 
v 0.0156222 -0.00828238 0.000824429 
v 0.0146352 -0.00992289 0.000824429 
v 0.0134765 -0.0114471 0.000824429 
v 0.0121599 -0.012837 0.000824429 
v 0.0107007 -0.0140765 0.000824429 
v 0.00911601 -0.0151509 0.000824429 
v 0.00742446 -0.0160477 0.000824429 
v 0.00564588 -0.0167564 0.000824429 
v 0.0038011 -0.0172686 0.000824429 
v 0.00191176 -0.0175783 0.000824429 
v -3.6808e-18 -0.017682 0.000824429 
v -0.00191176 -0.0175783 0.000824429 
v -0.0038011 -0.0172686 0.000824429 
v -0.00564588 -0.0167564 0.000824429 
v -0.00742446 -0.0160477 0.000824429 
v -0.00911601 -0.0151509 0.000824429 
v -0.0107007 -0.0140765 0.000824429 
v -0.0121599 -0.012837 0.000824429 
v -0.0134765 -0.0114471 0.000824429 
v -0.0146352 -0.00992289 0.000824429 
v -0.0156222 -0.00828238 0.000824429 
v -0.0164261 -0.00654477 0.000824429 
v -0.0170375 -0.00473043 0.000824429 
v -0.017449 -0.00286062 0.000824429 
v -0.017656 -0.000957282 0.000824429 
v -0.017656 0.000957282 0.000824429 
v -0.017449 0.00286062 0.000824429 
v -0.0170375 0.00473043 0.000824429 
v -0.0164261 0.00654477 0.000824429 
v -0.0156222 0.00828238 0.000824429 
v -0.0146352 0.00992289 0.000824429 
v -0.0134765 0.0114471 0.000824429 
v -0.0121599 0.012837 0.000824429 
v -0.0107007 0.0140765 0.000824429 
v -0.00911601 0.0151509 0.000824429 
v -0.00742446 0.0160477 0.000824429 
v -0.00564588 0.0167564 0.000824429 
v -0.0038011 0.0172686 0.000824429 
v -0.00191176 0.0175783 0.000824429 
v 0 0.0175679 0.001 
v 0.00189943 0.017465 0.001 
v 0.00377659 0.0171572 0.001 
v 0.00560947 0.0166483 0.001 
v 0.00737659 0.0159442 0.001 
v 0.00905722 0.0150532 0.001 
v 0.0106317 0.0139857 0.001 
v 0.0120815 0.0127543 0.001 
v 0.0133896 0.0113732 0.001 
v 0.0145408 0.00985891 0.001 
v 0.0155215 0.00822898 0.001 
v 0.0163202 0.00650257 0.001 
v 0.0169276 0.00469992 0.001 
v 0.0173365 0.00284218 0.001 
v 0.0175422 0.00095111 0.001 
v 0.0175422 -0.00095111 0.001 
v 0.0173365 -0.00284218 0.001 
v 0.0169276 -0.00469992 0.001 
v 0.0163202 -0.00650257 0.001 
v 0.0155215 -0.00822898 0.001 
v 0.0145408 -0.00985891 0.001 
v 0.0133896 -0.0113732 0.001 
v 0.0120815 -0.0127543 0.001 
v 0.0106317 -0.0139857 0.001 
v 0.00905722 -0.0150532 0.001 
v 0.00737659 -0.0159442 0.001 
v 0.00560947 -0.0166483 0.001 
v 0.00377659 -0.0171572 0.001 
v 0.00189943 -0.017465 0.001 
v -3.65706e-18 -0.0175679 0.001 
v -0.00189943 -0.017465 0.001 
v -0.00377659 -0.0171572 0.001 
v -0.00560947 -0.0166483 0.001 
v -0.00737659 -0.0159442 0.001 
v -0.00905722 -0.0150532 0.001 
v -0.0106317 -0.0139857 0.001 
v -0.0120815 -0.0127543 0.001 
v -0.0133896 -0.0113732 0.001 
v -0.0145408 -0.00985891 0.001 
v -0.0155215 -0.00822898 0.001 
v -0.0163202 -0.00650257 0.001 
v -0.0169276 -0.00469992 0.001 
v -0.0173365 -0.00284218 0.001 
v -0.0175422 -0.00095111 0.001 
v -0.0175422 0.00095111 0.001 
v -0.0173365 0.00284218 0.001 
v -0.0169276 0.00469992 0.001 
v -0.0163202 0.00650257 0.001 
v -0.0155215 0.00822898 0.001 
v -0.0145408 0.00985891 0.001 
v -0.0133896 0.0113732 0.001 
v -0.0120815 0.0127543 0.001 
v -0.0106317 0.0139857 0.001 
v -0.00905722 0.0150532 0.001 
v -0.00737659 0.0159442 0.001 
v -0.00560947 0.0166483 0.001 
v -0.00377659 0.0171572 0.001 
v -0.00189943 0.017465 0.001 
v 0 0.0174729 0.00118653 
v 0.00188915 0.0173705 0.00118653 
v 0.00375616 0.0170644 0.00118653 
v 0.00557913 0.0165583 0.00118653 
v 0.00733668 0.015858 0.00118653 
v 0.00900823 0.0149718 0.00118653 
v 0.0105742 0.0139101 0.00118653 
v 0.0120161 0.0126853 0.00118653 
v 0.0133172 0.0113117 0.00118653 
v 0.0144621 0.00980557 0.00118653 
v 0.0154375 0.00818446 0.00118653 
v 0.0162319 0.00646739 0.00118653 
v 0.016836 0.0046745 0.00118653 
v 0.0172427 0.0028268 0.00118653 
v 0.0174473 0.000945964 0.00118653 
v 0.0174473 -0.000945964 0.00118653 
v 0.0172427 -0.0028268 0.00118653 
v 0.016836 -0.0046745 0.00118653 
v 0.0162319 -0.00646739 0.00118653 
v 0.0154375 -0.00818446 0.00118653 
v 0.0144621 -0.00980557 0.00118653 
v 0.0133172 -0.0113117 0.00118653 
v 0.0120161 -0.0126853 0.00118653 
v 0.0105742 -0.0139101 0.00118653 
v 0.00900823 -0.0149718 0.00118653 
v 0.00733668 -0.015858 0.00118653 
v 0.00557913 -0.0165583 0.00118653 
v 0.00375616 -0.0170644 0.00118653 
v 0.00188915 -0.0173705 0.00118653 
v -3.63728e-18 -0.0174729 0.00118653 
v -0.00188915 -0.0173705 0.00118653 
v -0.00375616 -0.0170644 0.00118653 
v -0.00557913 -0.0165583 0.00118653 
v -0.00733668 -0.015858 0.00118653 
v -0.00900823 -0.0149718 0.00118653 
v -0.0105742 -0.0139101 0.00118653 
v -0.0120161 -0.0126853 0.00118653 
v -0.0133172 -0.0113117 0.00118653 
v -0.0144621 -0.00980557 0.00118653 
v -0.0154375 -0.00818446 0.00118653 
v -0.0162319 -0.00646739 0.00118653 
v -0.016836 -0.0046745 0.00118653 
v -0.0172427 -0.0028268 0.00118653 
v -0.0174473 -0.000945964 0.00118653 
v -0.0174473 0.000945964 0.00118653 
v -0.0172427 0.0028268 0.00118653 
v -0.016836 0.0046745 0.00118653 
v -0.0162319 0.00646739 0.00118653 
v -0.0154375 0.00818446 0.00118653 
v -0.0144621 0.00980557 0.00118653 
v -0.0133172 0.0113117 0.00118653 
v -0.0120161 0.0126853 0.00118653 
v -0.0105742 0.0139101 0.00118653 
v -0.00900823 0.0149718 0.00118653 
v -0.00733668 0.015858 0.00118653 
v -0.00557913 0.0165583 0.00118653 
v -0.00375616 0.0170644 0.00118653 
v -0.00188915 0.0173705 0.00118653 
v 0 0.0173979 0.00138197 
v 0.00188104 0.0172959 0.00138197 
v 0.00374003 0.0169911 0.00138197 
v 0.00555517 0.0164872 0.00138197 
v 0.00730518 0.0157899 0.00138197 
v 0.00896955 0.0149075 0.00138197 
v 0.0105288 0.0138503 0.00138197 
v 0.0119645 0.0126308 0.00138197 
v 0.01326 0.0112632 0.00138197 
v 0.0144 0.00976347 0.00138197 
v 0.0153712 0.00814932 0.00138197 
v 0.0161622 0.00643962 0.00138197 
v 0.0167637 0.00465443 0.00138197 
v 0.0171687 0.00281466 0.00138197 
v 0.0173724 0.000941903 0.00138197 
v 0.0173724 -0.000941903 0.00138197 
v 0.0171687 -0.00281466 0.00138197 
v 0.0167637 -0.00465443 0.00138197 
v 0.0161622 -0.00643962 0.00138197 
v 0.0153712 -0.00814932 0.00138197 
v 0.0144 -0.00976347 0.00138197 
v 0.01326 -0.0112632 0.00138197 
v 0.0119645 -0.0126308 0.00138197 
v 0.0105288 -0.0138503 0.00138197 
v 0.00896955 -0.0149075 0.00138197 
v 0.00730518 -0.0157899 0.00138197 
v 0.00555517 -0.0164872 0.00138197 
v 0.00374003 -0.0169911 0.00138197 
v 0.00188104 -0.0172959 0.00138197 
v -3.62166e-18 -0.0173979 0.00138197 
v -0.00188104 -0.0172959 0.00138197 
v -0.00374003 -0.0169911 0.00138197 
v -0.00555517 -0.0164872 0.00138197 
v -0.00730518 -0.0157899 0.00138197 
v -0.00896955 -0.0149075 0.00138197 
v -0.0105288 -0.0138503 0.00138197 
v -0.0119645 -0.0126308 0.00138197 
v -0.01326 -0.0112632 0.00138197 
v -0.0144 -0.00976347 0.00138197 
v -0.0153712 -0.00814932 0.00138197 
v -0.0161622 -0.00643962 0.00138197 
v -0.0167637 -0.00465443 0.00138197 
v -0.0171687 -0.00281466 0.00138197 
v -0.0173724 -0.000941903 0.00138197 
v -0.0173724 0.000941903 0.00138197 
v -0.0171687 0.00281466 0.00138197 
v -0.0167637 0.00465443 0.00138197 
v -0.0161622 0.00643962 0.00138197 
v -0.0153712 0.00814932 0.00138197 
v -0.0144 0.00976347 0.00138197 
v -0.01326 0.0112632 0.00138197 
v -0.0119645 0.0126308 0.00138197 
v -0.0105288 0.0138503 0.00138197 
v -0.00896955 0.0149075 0.00138197 
v -0.00730518 0.0157899 0.00138197 
v -0.00555517 0.0164872 0.00138197 
v -0.00374003 0.0169911 0.00138197 
v -0.00188104 0.0172959 0.00138197 
v 0 0.0173437 0.00158418 
v 0.00187518 0.017242 0.00158418 
v 0.00372838 0.0169382 0.00158418 
v 0.00553787 0.0164358 0.00158418 
v 0.00728243 0.0157407 0.00158418 
v 0.00894161 0.0148611 0.00158418 
v 0.010496 0.0138072 0.00158418 
v 0.0119273 0.0125915 0.00158418 
v 0.0132187 0.0112281 0.00158418 
v 0.0143552 0.00973306 0.00158418 
v 0.0153234 0.00812394 0.00158418 
v 0.0161119 0.00641957 0.00158418 
v 0.0167115 0.00463993 0.00158418 
v 0.0171152 0.0028059 0.00158418 
v 0.0173183 0.000938969 0.00158418 
v 0.0173183 -0.000938969 0.00158418 
v 0.0171152 -0.0028059 0.00158418 
v 0.0167115 -0.00463993 0.00158418 
v 0.0161119 -0.00641957 0.00158418 
v 0.0153234 -0.00812394 0.00158418 
v 0.0143552 -0.00973306 0.00158418 
v 0.0132187 -0.0112281 0.00158418 
v 0.0119273 -0.0125915 0.00158418 
v 0.010496 -0.0138072 0.00158418 
v 0.00894161 -0.0148611 0.00158418 
v 0.00728243 -0.0157407 0.00158418 
v 0.00553787 -0.0164358 0.00158418 
v 0.00372838 -0.0169382 0.00158418 
v 0.00187518 -0.017242 0.00158418 
v -3.61038e-18 -0.0173437 0.00158418 
v -0.00187518 -0.017242 0.00158418 
v -0.00372838 -0.0169382 0.00158418 
v -0.00553787 -0.0164358 0.00158418 
v -0.00728243 -0.0157407 0.00158418 
v -0.00894161 -0.0148611 0.00158418 
v -0.010496 -0.0138072 0.00158418 
v -0.0119273 -0.0125915 0.00158418 
v -0.0132187 -0.0112281 0.00158418 
v -0.0143552 -0.00973306 0.00158418 
v -0.0153234 -0.00812394 0.00158418 
v -0.0161119 -0.00641957 0.00158418 
v -0.0167115 -0.00463993 0.00158418 
v -0.0171152 -0.0028059 0.00158418 
v -0.0173183 -0.000938969 0.00158418 
v -0.0173183 0.000938969 0.00158418 
v -0.0171152 0.0028059 0.00158418 
v -0.0167115 0.00463993 0.00158418 
v -0.0161119 0.00641957 0.00158418 
v -0.0153234 0.00812394 0.00158418 
v -0.0143552 0.00973306 0.00158418 
v -0.0132187 0.0112281 0.00158418 
v -0.0119273 0.0125915 0.00158418 
v -0.010496 0.0138072 0.00158418 
v -0.00894161 0.0148611 0.00158418 
v -0.00728243 0.0157407 0.00158418 
v -0.00553787 0.0164358 0.00158418 
v -0.00372838 0.0169382 0.00158418 
v -0.00187518 0.017242 0.00158418 
v 0 0.017311 0.00179094 
v 0.00187164 0.0172095 0.00179094 
v 0.00372134 0.0169062 0.00179094 
v 0.00552741 0.0164048 0.00179094 
v 0.00726868 0.015711 0.00179094 
v 0.00892473 0.014833 0.00179094 
v 0.0104761 0.0137811 0.00179094 
v 0.0119047 0.0125677 0.00179094 
v 0.0131938 0.0112069 0.00179094 
v 0.0143281 0.00971468 0.00179094 
v 0.0152944 0.0081086 0.00179094 
v 0.0160815 0.00640745 0.00179094 
v 0.01668 0.00463117 0.00179094 
v 0.0170829 0.0028006 0.00179094 
v 0.0172856 0.000937196 0.00179094 
v 0.0172856 -0.000937196 0.00179094 
v 0.0170829 -0.0028006 0.00179094 
v 0.01668 -0.00463117 0.00179094 
v 0.0160815 -0.00640745 0.00179094 
v 0.0152944 -0.0081086 0.00179094 
v 0.0143281 -0.00971468 0.00179094 
v 0.0131938 -0.0112069 0.00179094 
v 0.0119047 -0.0125677 0.00179094 
v 0.0104761 -0.0137811 0.00179094 
v 0.00892473 -0.014833 0.00179094 
v 0.00726868 -0.015711 0.00179094 
v 0.00552741 -0.0164048 0.00179094 
v 0.00372134 -0.0169062 0.00179094 
v 0.00187164 -0.0172095 0.00179094 
v -3.60357e-18 -0.017311 0.00179094 
v -0.00187164 -0.0172095 0.00179094 
v -0.00372134 -0.0169062 0.00179094 
v -0.00552741 -0.0164048 0.00179094 
v -0.00726868 -0.015711 0.00179094 
v -0.00892473 -0.014833 0.00179094 
v -0.0104761 -0.0137811 0.00179094 
v -0.0119047 -0.0125677 0.00179094 
v -0.0131938 -0.0112069 0.00179094 
v -0.0143281 -0.00971468 0.00179094 
v -0.0152944 -0.0081086 0.00179094 
v -0.0160815 -0.00640745 0.00179094 
v -0.01668 -0.00463117 0.00179094 
v -0.0170829 -0.0028006 0.00179094 
v -0.0172856 -0.000937196 0.00179094 
v -0.0172856 0.000937196 0.00179094 
v -0.0170829 0.0028006 0.00179094 
v -0.01668 0.00463117 0.00179094 
v -0.0160815 0.00640745 0.00179094 
v -0.0152944 0.0081086 0.00179094 
v -0.0143281 0.00971468 0.00179094 
v -0.0131938 0.0112069 0.00179094 
v -0.0119047 0.0125677 0.00179094 
v -0.0104761 0.0137811 0.00179094 
v -0.00892473 0.014833 0.00179094 
v -0.00726868 0.015711 0.00179094 
v -0.00552741 0.0164048 0.00179094 
v -0.00372134 0.0169062 0.00179094 
v -0.00187164 0.0172095 0.00179094 
v -0.0213405 0.0181268 0 
v -0.0192556 0.0203279 0 
v 0 0.028 0 
v 0.00302733 0.0278359 0 
v 0.00601917 0.0273454 0 
v 0.00894044 0.0265343 0 
v 0.0117569 0.0254121 0 
v 0.0247383 0.0131154 0 
v 0.0260113 0.0103639 0 
v -0.0169449 0.0222906 0 
v 0.0144355 0.023992 0 
v 0.0169449 0.0222906 0 
v 0.0192556 0.0203279 0 
v 0.0213405 0.0181268 0 
v 0.0231753 0.0157132 0 
v -0.0260113 0.0103639 0 
v -0.0247383 0.0131154 0 
v -0.0231753 0.0157132 0 
v -0.00894044 -0.0265343 0 
v -0.0117569 -0.0254121 0 
v -0.0276311 -0.0045299 0 
v -0.0279589 -0.00151589 0 
v -0.0144355 0.023992 0 
v -0.0117569 0.0254121 0 
v 0.0269794 0.00749079 0 
v 0.0276311 0.0045299 0 
v 0.00302733 -0.0278359 0 
v -2.144e-17 -0.028 0 
v -0.00302733 -0.0278359 0 
v -0.00601917 -0.0273454 0 
v -0.0144355 -0.023992 0 
v -0.0169449 -0.0222906 0 
v -0.0192556 -0.0203279 0 
v -0.0279589 0.00151589 0 
v -0.00894044 0.0265343 0 
v -0.00601917 0.0273454 0 
v 0.0279589 0.00151589 0 
v 0.0279589 -0.00151589 0 
v -0.0247383 -0.0131154 0 
v -0.0260113 -0.0103639 0 
v -0.0269794 -0.00749079 0 
v -0.0276311 0.0045299 0 
v -0.0269794 0.00749079 0 
v 0.0276311 -0.0045299 0 
v 0.0269794 -0.00749079 0 
v 0.0260113 -0.0103639 0 
v 0.0247383 -0.0131154 0 
v 0.0213405 -0.0181268 0 
v 0.0192556 -0.0203279 0 
v 0.00894044 -0.0265343 0 
v 0.00601917 -0.0273454 0 
v -0.0213405 -0.0181268 0 
v -0.0231753 -0.0157132 0 
v -0.00302733 0.0278359 0 
v 0.0231753 -0.0157132 0 
v 0.0169449 -0.0222906 0 
v 0.0144355 -0.023992 0 
v 0.0117569 -0.0254121 0 
v -7.34788e-18 0.03 0.002 
v 0.00324357 0.0298241 0.002 
v 0.00644911 0.0292986 0.002 
v 0.00957905 0.0284296 0.002 
v 0.0125967 0.0272273 0.002 
v 0.0154666 0.0257057 0.002 
v 0.0181552 0.0238828 0.002 
v 0.020631 0.0217799 0.002 
v 0.0228649 0.0194216 0.002 
v 0.0248307 0.0168356 0.002 
v 0.0265054 0.0140523 0.002 
v 0.0278693 0.0111041 0.002 
v 0.0289065 0.00802585 0.002 
v 0.0296048 0.00485346 0.002 
v 0.029956 0.00162417 0.002 
v 0.029956 -0.00162417 0.002 
v 0.0296048 -0.00485346 0.002 
v 0.0289065 -0.00802585 0.002 
v 0.0278693 -0.0111041 0.002 
v 0.0265054 -0.0140523 0.002 
v 0.0248307 -0.0168356 0.002 
v 0.0228649 -0.0194216 0.002 
v 0.020631 -0.0217799 0.002 
v 0.0181552 -0.0238828 0.002 
v 0.0154666 -0.0257057 0.002 
v 0.0125967 -0.0272273 0.002 
v 0.00957905 -0.0284296 0.002 
v 0.00644911 -0.0292986 0.002 
v 0.00324357 -0.0298241 0.002 
v -2.29714e-17 -0.03 0.002 
v -0.00324357 -0.0298241 0.002 
v -0.00644911 -0.0292986 0.002 
v -0.00957905 -0.0284296 0.002 
v -0.0125967 -0.0272273 0.002 
v -0.0154666 -0.0257057 0.002 
v -0.0181552 -0.0238828 0.002 
v -0.020631 -0.0217799 0.002 
v -0.0228649 -0.0194216 0.002 
v -0.0248307 -0.0168356 0.002 
v -0.0265054 -0.0140523 0.002 
v -0.0278693 -0.0111041 0.002 
v -0.0289065 -0.00802585 0.002 
v -0.0296048 -0.00485346 0.002 
v -0.029956 -0.00162417 0.002 
v -0.029956 0.00162417 0.002 
v -0.0296048 0.00485346 0.002 
v -0.0289065 0.00802585 0.002 
v -0.0278693 0.0111041 0.002 
v -0.0265054 0.0140523 0.002 
v -0.0248307 0.0168356 0.002 
v -0.0228649 0.0194216 0.002 
v -0.020631 0.0217799 0.002 
v -0.0181552 0.0238828 0.002 
v -0.0154666 0.0257057 0.002 
v -0.0125967 0.0272273 0.002 
v -0.00957905 0.0284296 0.002 
v -0.00644911 0.0292986 0.002 
v -0.00324357 0.0298241 0.002 
v 0 0.029989 0.00179094 
v 0.00324239 0.0298132 0.00179094 
v 0.00644676 0.0292879 0.00179094 
v 0.00957555 0.0284192 0.00179094 
v 0.0125921 0.0272173 0.00179094 
v 0.015461 0.0256963 0.00179094 
v 0.0181486 0.0238741 0.00179094 
v 0.0206234 0.0217719 0.00179094 
v 0.0228565 0.0194145 0.00179094 
v 0.0248216 0.0168295 0.00179094 
v 0.0264957 0.0140471 0.00179094 
v 0.0278591 0.0111001 0.00179094 
v 0.0288959 0.00802292 0.00179094 
v 0.029594 0.00485169 0.00179094 
v 0.0299451 0.00162357 0.00179094 
v 0.0299451 -0.00162357 0.00179094 
v 0.029594 -0.00485169 0.00179094 
v 0.0288959 -0.00802292 0.00179094 
v 0.0278591 -0.0111001 0.00179094 
v 0.0264957 -0.0140471 0.00179094 
v 0.0248216 -0.0168295 0.00179094 
v 0.0228565 -0.0194145 0.00179094 
v 0.0206234 -0.0217719 0.00179094 
v 0.0181486 -0.0238741 0.00179094 
v 0.015461 -0.0256963 0.00179094 
v 0.0125921 -0.0272173 0.00179094 
v 0.00957555 -0.0284192 0.00179094 
v 0.00644676 -0.0292879 0.00179094 
v 0.00324239 -0.0298132 0.00179094 
v -6.24272e-18 -0.029989 0.00179094 
v -0.00324239 -0.0298132 0.00179094 
v -0.00644676 -0.0292879 0.00179094 
v -0.00957555 -0.0284192 0.00179094 
v -0.0125921 -0.0272173 0.00179094 
v -0.015461 -0.0256963 0.00179094 
v -0.0181486 -0.0238741 0.00179094 
v -0.0206234 -0.0217719 0.00179094 
v -0.0228565 -0.0194145 0.00179094 
v -0.0248216 -0.0168295 0.00179094 
v -0.0264957 -0.0140471 0.00179094 
v -0.0278591 -0.0111001 0.00179094 
v -0.0288959 -0.00802292 0.00179094 
v -0.029594 -0.00485169 0.00179094 
v -0.0299451 -0.00162357 0.00179094 
v -0.0299451 0.00162357 0.00179094 
v -0.029594 0.00485169 0.00179094 
v -0.0288959 0.00802292 0.00179094 
v -0.0278591 0.0111001 0.00179094 
v -0.0264957 0.0140471 0.00179094 
v -0.0248216 0.0168295 0.00179094 
v -0.0228565 0.0194145 0.00179094 
v -0.0206234 0.0217719 0.00179094 
v -0.0181486 0.0238741 0.00179094 
v -0.015461 0.0256963 0.00179094 
v -0.0125921 0.0272173 0.00179094 
v -0.00957555 0.0284192 0.00179094 
v -0.00644676 0.0292879 0.00179094 
v -0.00324239 0.0298132 0.00179094 
v 0 0.0299563 0.00158418 
v 0.00323885 0.0297807 0.00158418 
v 0.00643972 0.0292559 0.00158418 
v 0.00956509 0.0283882 0.00158418 
v 0.0125783 0.0271876 0.00158418 
v 0.0154441 0.0256683 0.00158418 
v 0.0181288 0.023848 0.00158418 
v 0.0206009 0.0217481 0.00158418 
v 0.0228316 0.0193933 0.00158418 
v 0.0247945 0.0168111 0.00158418 
v 0.0264667 0.0140318 0.00158418 
v 0.0278287 0.011088 0.00158418 
v 0.0288644 0.00801416 0.00158418 
v 0.0295617 0.00484639 0.00158418 
v 0.0299124 0.0016218 0.00158418 
v 0.0299124 -0.0016218 0.00158418 
v 0.0295617 -0.00484639 0.00158418 
v 0.0288644 -0.00801416 0.00158418 
v 0.0278287 -0.011088 0.00158418 
v 0.0264667 -0.0140318 0.00158418 
v 0.0247945 -0.0168111 0.00158418 
v 0.0228316 -0.0193933 0.00158418 
v 0.0206009 -0.0217481 0.00158418 
v 0.0181288 -0.023848 0.00158418 
v 0.0154441 -0.0256683 0.00158418 
v 0.0125783 -0.0271876 0.00158418 
v 0.00956509 -0.0283882 0.00158418 
v 0.00643972 -0.0292559 0.00158418 
v 0.00323885 -0.0297807 0.00158418 
v -6.23591e-18 -0.0299563 0.00158418 
v -0.00323885 -0.0297807 0.00158418 
v -0.00643972 -0.0292559 0.00158418 
v -0.00956509 -0.0283882 0.00158418 
v -0.0125783 -0.0271876 0.00158418 
v -0.0154441 -0.0256683 0.00158418 
v -0.0181288 -0.023848 0.00158418 
v -0.0206009 -0.0217481 0.00158418 
v -0.0228316 -0.0193933 0.00158418 
v -0.0247945 -0.0168111 0.00158418 
v -0.0264667 -0.0140318 0.00158418 
v -0.0278287 -0.011088 0.00158418 
v -0.0288644 -0.00801416 0.00158418 
v -0.0295617 -0.00484639 0.00158418 
v -0.0299124 -0.0016218 0.00158418 
v -0.0299124 0.0016218 0.00158418 
v -0.0295617 0.00484639 0.00158418 
v -0.0288644 0.00801416 0.00158418 
v -0.0278287 0.011088 0.00158418 
v -0.0264667 0.0140318 0.00158418 
v -0.0247945 0.0168111 0.00158418 
v -0.0228316 0.0193933 0.00158418 
v -0.0206009 0.0217481 0.00158418 
v -0.0181288 0.023848 0.00158418 
v -0.0154441 0.0256683 0.00158418 
v -0.0125783 0.0271876 0.00158418 
v -0.00956509 0.0283882 0.00158418 
v -0.00643972 0.0292559 0.00158418 
v -0.00323885 0.0297807 0.00158418 
v 0 0.0299021 0.00138197 
v 0.00323299 0.0297268 0.00138197 
v 0.00642807 0.029203 0.00138197 
v 0.00954779 0.0283368 0.00138197 
v 0.0125556 0.0271384 0.00138197 
v 0.0154161 0.0256218 0.00138197 
v 0.018096 0.0238049 0.00138197 
v 0.0205637 0.0217088 0.00138197 
v 0.0227903 0.0193582 0.00138197 
v 0.0247496 0.0167807 0.00138197 
v 0.0264189 0.0140064 0.00138197 
v 0.0277784 0.0110679 0.00138197 
v 0.0288122 0.00799966 0.00138197 
v 0.0295082 0.00483762 0.00138197 
v 0.0298583 0.00161887 0.00138197 
v 0.0298583 -0.00161887 0.00138197 
v 0.0295082 -0.00483762 0.00138197 
v 0.0288122 -0.00799966 0.00138197 
v 0.0277784 -0.0110679 0.00138197 
v 0.0264189 -0.0140064 0.00138197 
v 0.0247496 -0.0167807 0.00138197 
v 0.0227903 -0.0193582 0.00138197 
v 0.0205637 -0.0217088 0.00138197 
v 0.018096 -0.0238049 0.00138197 
v 0.0154161 -0.0256218 0.00138197 
v 0.0125556 -0.0271384 0.00138197 
v 0.00954779 -0.0283368 0.00138197 
v 0.00642807 -0.029203 0.00138197 
v 0.00323299 -0.0297268 0.00138197 
v -6.22463e-18 -0.0299021 0.00138197 
v -0.00323299 -0.0297268 0.00138197 
v -0.00642807 -0.029203 0.00138197 
v -0.00954779 -0.0283368 0.00138197 
v -0.0125556 -0.0271384 0.00138197 
v -0.0154161 -0.0256218 0.00138197 
v -0.018096 -0.0238049 0.00138197 
v -0.0205637 -0.0217088 0.00138197 
v -0.0227903 -0.0193582 0.00138197 
v -0.0247496 -0.0167807 0.00138197 
v -0.0264189 -0.0140064 0.00138197 
v -0.0277784 -0.0110679 0.00138197 
v -0.0288122 -0.00799966 0.00138197 
v -0.0295082 -0.00483762 0.00138197 
v -0.0298583 -0.00161887 0.00138197 
v -0.0298583 0.00161887 0.00138197 
v -0.0295082 0.00483762 0.00138197 
v -0.0288122 0.00799966 0.00138197 
v -0.0277784 0.0110679 0.00138197 
v -0.0264189 0.0140064 0.00138197 
v -0.0247496 0.0167807 0.00138197 
v -0.0227903 0.0193582 0.00138197 
v -0.0205637 0.0217088 0.00138197 
v -0.018096 0.0238049 0.00138197 
v -0.0154161 0.0256218 0.00138197 
v -0.0125556 0.0271384 0.00138197 
v -0.00954779 0.0283368 0.00138197 
v -0.00642807 0.029203 0.00138197 
v -0.00323299 0.0297268 0.00138197 
v 0 0.0298271 0.00118653 
v 0.00322488 0.0296522 0.00118653 
v 0.00641194 0.0291298 0.00118653 
v 0.00952384 0.0282657 0.00118653 
v 0.0125241 0.0270703 0.00118653 
v 0.0153775 0.0255576 0.00118653 
v 0.0180506 0.0237451 0.00118653 
v 0.0205121 0.0216543 0.00118653 
v 0.0227331 0.0193096 0.00118653 
v 0.0246876 0.0167386 0.00118653 
v 0.0263526 0.0139713 0.00118653 
v 0.0277087 0.0110401 0.00118653 
v 0.0287399 0.00797959 0.00118653 
v 0.0294342 0.00482549 0.00118653 
v 0.0297833 0.00161481 0.00118653 
v 0.0297833 -0.00161481 0.00118653 
v 0.0294342 -0.00482549 0.00118653 
v 0.0287399 -0.00797959 0.00118653 
v 0.0277087 -0.0110401 0.00118653 
v 0.0263526 -0.0139713 0.00118653 
v 0.0246876 -0.0167386 0.00118653 
v 0.0227331 -0.0193096 0.00118653 
v 0.0205121 -0.0216543 0.00118653 
v 0.0180506 -0.0237451 0.00118653 
v 0.0153775 -0.0255576 0.00118653 
v 0.0125241 -0.0270703 0.00118653 
v 0.00952384 -0.0282657 0.00118653 
v 0.00641194 -0.0291298 0.00118653 
v 0.00322488 -0.0296522 0.00118653 
v -6.20901e-18 -0.0298271 0.00118653 
v -0.00322488 -0.0296522 0.00118653 
v -0.00641194 -0.0291298 0.00118653 
v -0.00952384 -0.0282657 0.00118653 
v -0.0125241 -0.0270703 0.00118653 
v -0.0153775 -0.0255576 0.00118653 
v -0.0180506 -0.0237451 0.00118653 
v -0.0205121 -0.0216543 0.00118653 
v -0.0227331 -0.0193096 0.00118653 
v -0.0246876 -0.0167386 0.00118653 
v -0.0263526 -0.0139713 0.00118653 
v -0.0277087 -0.0110401 0.00118653 
v -0.0287399 -0.00797959 0.00118653 
v -0.0294342 -0.00482549 0.00118653 
v -0.0297833 -0.00161481 0.00118653 
v -0.0297833 0.00161481 0.00118653 
v -0.0294342 0.00482549 0.00118653 
v -0.0287399 0.00797959 0.00118653 
v -0.0277087 0.0110401 0.00118653 
v -0.0263526 0.0139713 0.00118653 
v -0.0246876 0.0167386 0.00118653 
v -0.0227331 0.0193096 0.00118653 
v -0.0205121 0.0216543 0.00118653 
v -0.0180506 0.0237451 0.00118653 
v -0.0153775 0.0255576 0.00118653 
v -0.0125241 0.0270703 0.00118653 
v -0.00952384 0.0282657 0.00118653 
v -0.00641194 0.0291298 0.00118653 
v -0.00322488 0.0296522 0.00118653 
v 0 0.0297321 0.001 
v 0.0032146 0.0295578 0.001 
v 0.00639151 0.0290369 0.001 
v 0.00949349 0.0281757 0.001 
v 0.0124842 0.0269841 0.001 
v 0.0153285 0.0254761 0.001 
v 0.0179931 0.0236695 0.001 
v 0.0204467 0.0215853 0.001 
v 0.0226606 0.0192481 0.001 
v 0.0246089 0.0166852 0.001 
v 0.0262686 0.0139267 0.001 
v 0.0276204 0.011005 0.001 
v 0.0286483 0.00795417 0.001 
v 0.0293404 0.00481011 0.001 
v 0.0296884 0.00160966 0.001 
v 0.0296884 -0.00160966 0.001 
v 0.0293404 -0.00481011 0.001 
v 0.0286483 -0.00795417 0.001 
v 0.0276204 -0.011005 0.001 
v 0.0262686 -0.0139267 0.001 
v 0.0246089 -0.0166852 0.001 
v 0.0226606 -0.0192481 0.001 
v 0.0204467 -0.0215853 0.001 
v 0.0179931 -0.0236695 0.001 
v 0.0153285 -0.0254761 0.001 
v 0.0124842 -0.0269841 0.001 
v 0.00949349 -0.0281757 0.001 
v 0.00639151 -0.0290369 0.001 
v 0.0032146 -0.0295578 0.001 
v -6.18923e-18 -0.0297321 0.001 
v -0.0032146 -0.0295578 0.001 
v -0.00639151 -0.0290369 0.001 
v -0.00949349 -0.0281757 0.001 
v -0.0124842 -0.0269841 0.001 
v -0.0153285 -0.0254761 0.001 
v -0.0179931 -0.0236695 0.001 
v -0.0204467 -0.0215853 0.001 
v -0.0226606 -0.0192481 0.001 
v -0.0246089 -0.0166852 0.001 
v -0.0262686 -0.0139267 0.001 
v -0.0276204 -0.011005 0.001 
v -0.0286483 -0.00795417 0.001 
v -0.0293404 -0.00481011 0.001 
v -0.0296884 -0.00160966 0.001 
v -0.0296884 0.00160966 0.001 
v -0.0293404 0.00481011 0.001 
v -0.0286483 0.00795417 0.001 
v -0.0276204 0.011005 0.001 
v -0.0262686 0.0139267 0.001 
v -0.0246089 0.0166852 0.001 
v -0.0226606 0.0192481 0.001 
v -0.0204467 0.0215853 0.001 
v -0.0179931 0.0236695 0.001 
v -0.0153285 0.0254761 0.001 
v -0.0124842 0.0269841 0.001 
v -0.00949349 0.0281757 0.001 
v -0.00639151 0.0290369 0.001 
v -0.0032146 0.0295578 0.001 
v 0 0.029618 0.000824429 
v 0.00320227 0.0294444 0.000824429 
v 0.006367 0.0289256 0.000824429 
v 0.00945708 0.0280676 0.000824429 
v 0.0124363 0.0268806 0.000824429 
v 0.0152697 0.0253784 0.000824429 
v 0.0179241 0.0235787 0.000824429 
v 0.0203683 0.0215026 0.000824429 
v 0.0225737 0.0191743 0.000824429 
v 0.0245145 0.0166213 0.000824429 
v 0.0261679 0.0138733 0.000824429 
v 0.0275145 0.0109628 0.000824429 
v 0.0285385 0.00792366 0.000824429 
v 0.0292279 0.00479166 0.000824429 
v 0.0295746 0.00160349 0.000824429 
v 0.0295746 -0.00160349 0.000824429 
v 0.0292279 -0.00479166 0.000824429 
v 0.0285385 -0.00792366 0.000824429 
v 0.0275145 -0.0109628 0.000824429 
v 0.0261679 -0.0138733 0.000824429 
v 0.0245145 -0.0166213 0.000824429 
v 0.0225737 -0.0191743 0.000824429 
v 0.0203683 -0.0215026 0.000824429 
v 0.0179241 -0.0235787 0.000824429 
v 0.0152697 -0.0253784 0.000824429 
v 0.0124363 -0.0268806 0.000824429 
v 0.00945708 -0.0280676 0.000824429 
v 0.006367 -0.0289256 0.000824429 
v 0.00320227 -0.0294444 0.000824429 
v -6.16549e-18 -0.029618 0.000824429 
v -0.00320227 -0.0294444 0.000824429 
v -0.006367 -0.0289256 0.000824429 
v -0.00945708 -0.0280676 0.000824429 
v -0.0124363 -0.0268806 0.000824429 
v -0.0152697 -0.0253784 0.000824429 
v -0.0179241 -0.0235787 0.000824429 
v -0.0203683 -0.0215026 0.000824429 
v -0.0225737 -0.0191743 0.000824429 
v -0.0245145 -0.0166213 0.000824429 
v -0.0261679 -0.0138733 0.000824429 
v -0.0275145 -0.0109628 0.000824429 
v -0.0285385 -0.00792366 0.000824429 
v -0.0292279 -0.00479166 0.000824429 
v -0.0295746 -0.00160349 0.000824429 
v -0.0295746 0.00160349 0.000824429 
v -0.0292279 0.00479166 0.000824429 
v -0.0285385 0.00792366 0.000824429 
v -0.0275145 0.0109628 0.000824429 
v -0.0261679 0.0138733 0.000824429 
v -0.0245145 0.0166213 0.000824429 
v -0.0225737 0.0191743 0.000824429 
v -0.0203683 0.0215026 0.000824429 
v -0.0179241 0.0235787 0.000824429 
v -0.0152697 0.0253784 0.000824429 
v -0.0124363 0.0268806 0.000824429 
v -0.00945708 0.0280676 0.000824429 
v -0.006367 0.0289256 0.000824429 
v -0.00320227 0.0294444 0.000824429 
v 0 0.0294863 0.000661739 
v 0.00318803 0.0293134 0.000661739 
v 0.00633868 0.0287969 0.000661739 
v 0.00941502 0.0279428 0.000661739 
v 0.012381 0.026761 0.000661739 
v 0.0152018 0.0252655 0.000661739 
v 0.0178443 0.0234738 0.000661739 
v 0.0202777 0.0214069 0.000661739 
v 0.0224733 0.019089 0.000661739 
v 0.0244055 0.0165473 0.000661739 
v 0.0260515 0.0138116 0.000661739 
v 0.0273921 0.010914 0.000661739 
v 0.0284115 0.00788842 0.000661739 
v 0.0290979 0.00477035 0.000661739 
v 0.029443 0.00159636 0.000661739 
v 0.029443 -0.00159636 0.000661739 
v 0.0290979 -0.00477035 0.000661739 
v 0.0284115 -0.00788842 0.000661739 
v 0.0273921 -0.010914 0.000661739 
v 0.0260515 -0.0138116 0.000661739 
v 0.0244055 -0.0165473 0.000661739 
v 0.0224733 -0.019089 0.000661739 
v 0.0202777 -0.0214069 0.000661739 
v 0.0178443 -0.0234738 0.000661739 
v 0.0152018 -0.0252655 0.000661739 
v 0.012381 -0.026761 0.000661739 
v 0.00941502 -0.0279428 0.000661739 
v 0.00633868 -0.0287969 0.000661739 
v 0.00318803 -0.0293134 0.000661739 
v -6.13807e-18 -0.0294863 0.000661739 
v -0.00318803 -0.0293134 0.000661739 
v -0.00633868 -0.0287969 0.000661739 
v -0.00941502 -0.0279428 0.000661739 
v -0.012381 -0.026761 0.000661739 
v -0.0152018 -0.0252655 0.000661739 
v -0.0178443 -0.0234738 0.000661739 
v -0.0202777 -0.0214069 0.000661739 
v -0.0224733 -0.019089 0.000661739 
v -0.0244055 -0.0165473 0.000661739 
v -0.0260515 -0.0138116 0.000661739 
v -0.0273921 -0.010914 0.000661739 
v -0.0284115 -0.00788842 0.000661739 
v -0.0290979 -0.00477035 0.000661739 
v -0.029443 -0.00159636 0.000661739 
v -0.029443 0.00159636 0.000661739 
v -0.0290979 0.00477035 0.000661739 
v -0.0284115 0.00788842 0.000661739 
v -0.0273921 0.010914 0.000661739 
v -0.0260515 0.0138116 0.000661739 
v -0.0244055 0.0165473 0.000661739 
v -0.0224733 0.019089 0.000661739 
v -0.0202777 0.0214069 0.000661739 
v -0.0178443 0.0234738 0.000661739 
v -0.0152018 0.0252655 0.000661739 
v -0.012381 0.026761 0.000661739 
v -0.00941502 0.0279428 0.000661739 
v -0.00633868 0.0287969 0.000661739 
v -0.00318803 0.0293134 0.000661739 
v 0 0.0293383 0.00051371 
v 0.00317202 0.0291663 0.00051371 
v 0.00630686 0.0286523 0.00051371 
v 0.00936775 0.0278025 0.00051371 
v 0.0123188 0.0266267 0.00051371 
v 0.0151255 0.0251387 0.00051371 
v 0.0177548 0.023356 0.00051371 
v 0.0201759 0.0212994 0.00051371 
v 0.0223605 0.0189932 0.00051371 
v 0.024283 0.0164643 0.00051371 
v 0.0259207 0.0137423 0.00051371 
v 0.0272546 0.0108592 0.00051371 
v 0.0282689 0.00784882 0.00051371 
v 0.0289518 0.0047464 0.00051371 
v 0.0292952 0.00158834 0.00051371 
v 0.0292952 -0.00158834 0.00051371 
v 0.0289518 -0.0047464 0.00051371 
v 0.0282689 -0.00784882 0.00051371 
v 0.0272546 -0.0108592 0.00051371 
v 0.0259207 -0.0137423 0.00051371 
v 0.024283 -0.0164643 0.00051371 
v 0.0223605 -0.0189932 0.00051371 
v 0.0201759 -0.0212994 0.00051371 
v 0.0177548 -0.023356 0.00051371 
v 0.0151255 -0.0251387 0.00051371 
v 0.0123188 -0.0266267 0.00051371 
v 0.00936775 -0.0278025 0.00051371 
v 0.00630686 -0.0286523 0.00051371 
v 0.00317202 -0.0291663 0.00051371 
v -6.10725e-18 -0.0293383 0.00051371 
v -0.00317202 -0.0291663 0.00051371 
v -0.00630686 -0.0286523 0.00051371 
v -0.00936775 -0.0278025 0.00051371 
v -0.0123188 -0.0266267 0.00051371 
v -0.0151255 -0.0251387 0.00051371 
v -0.0177548 -0.023356 0.00051371 
v -0.0201759 -0.0212994 0.00051371 
v -0.0223605 -0.0189932 0.00051371 
v -0.024283 -0.0164643 0.00051371 
v -0.0259207 -0.0137423 0.00051371 
v -0.0272546 -0.0108592 0.00051371 
v -0.0282689 -0.00784882 0.00051371 
v -0.0289518 -0.0047464 0.00051371 
v -0.0292952 -0.00158834 0.00051371 
v -0.0292952 0.00158834 0.00051371 
v -0.0289518 0.0047464 0.00051371 
v -0.0282689 0.00784882 0.00051371 
v -0.0272546 0.0108592 0.00051371 
v -0.0259207 0.0137423 0.00051371 
v -0.024283 0.0164643 0.00051371 
v -0.0223605 0.0189932 0.00051371 
v -0.0201759 0.0212994 0.00051371 
v -0.0177548 0.023356 0.00051371 
v -0.0151255 0.0251387 0.00051371 
v -0.0123188 0.0266267 0.00051371 
v -0.00936775 0.0278025 0.00051371 
v -0.00630686 0.0286523 0.00051371 
v -0.00317202 0.0291663 0.00051371 
v 0 0.0291756 0.000381966 
v 0.00315443 0.0290045 0.000381966 
v 0.00627189 0.0284935 0.000381966 
v 0.0093158 0.0276483 0.000381966 
v 0.0122505 0.026479 0.000381966 
v 0.0150416 0.0249993 0.000381966 
v 0.0176563 0.0232265 0.000381966 
v 0.020064 0.0211813 0.000381966 
v 0.0222365 0.0188879 0.000381966 
v 0.0241483 0.016373 0.000381966 
v 0.025777 0.0136661 0.000381966 
v 0.0271034 0.010799 0.000381966 
v 0.0281121 0.00780529 0.000381966 
v 0.0287912 0.00472008 0.000381966 
v 0.0291328 0.00157953 0.000381966 
v 0.0291328 -0.00157953 0.000381966 
v 0.0287912 -0.00472008 0.000381966 
v 0.0281121 -0.00780529 0.000381966 
v 0.0271034 -0.010799 0.000381966 
v 0.025777 -0.0136661 0.000381966 
v 0.0241483 -0.016373 0.000381966 
v 0.0222365 -0.0188879 0.000381966 
v 0.020064 -0.0211813 0.000381966 
v 0.0176563 -0.0232265 0.000381966 
v 0.0150416 -0.0249993 0.000381966 
v 0.0122505 -0.026479 0.000381966 
v 0.0093158 -0.0276483 0.000381966 
v 0.00627189 -0.0284935 0.000381966 
v 0.00315443 -0.0290045 0.000381966 
v -6.07339e-18 -0.0291756 0.000381966 
v -0.00315443 -0.0290045 0.000381966 
v -0.00627189 -0.0284935 0.000381966 
v -0.0093158 -0.0276483 0.000381966 
v -0.0122505 -0.026479 0.000381966 
v -0.0150416 -0.0249993 0.000381966 
v -0.0176563 -0.0232265 0.000381966 
v -0.020064 -0.0211813 0.000381966 
v -0.0222365 -0.0188879 0.000381966 
v -0.0241483 -0.016373 0.000381966 
v -0.025777 -0.0136661 0.000381966 
v -0.0271034 -0.010799 0.000381966 
v -0.0281121 -0.00780529 0.000381966 
v -0.0287912 -0.00472008 0.000381966 
v -0.0291328 -0.00157953 0.000381966 
v -0.0291328 0.00157953 0.000381966 
v -0.0287912 0.00472008 0.000381966 
v -0.0281121 0.00780529 0.000381966 
v -0.0271034 0.010799 0.000381966 
v -0.025777 0.0136661 0.000381966 
v -0.0241483 0.016373 0.000381966 
v -0.0222365 0.0188879 0.000381966 
v -0.020064 0.0211813 0.000381966 
v -0.0176563 0.0232265 0.000381966 
v -0.0150416 0.0249993 0.000381966 
v -0.0122505 0.026479 0.000381966 
v -0.0093158 0.0276483 0.000381966 
v -0.00627189 0.0284935 0.000381966 
v -0.00315443 0.0290045 0.000381966 
v 0 0.029 0.000267949 
v 0.00313545 0.02883 0.000267949 
v 0.00623414 0.028322 0.000267949 
v 0.00925974 0.0274819 0.000267949 
v 0.0121768 0.0263197 0.000267949 
v 0.0149511 0.0248489 0.000267949 
v 0.0175501 0.0230867 0.000267949 
v 0.0199433 0.0210539 0.000267949 
v 0.0221027 0.0187742 0.000267949 
v 0.024003 0.0162744 0.000267949 
v 0.0256218 0.0135838 0.000267949 
v 0.0269403 0.010734 0.000267949 
v 0.0279429 0.00775832 0.000267949 
v 0.028618 0.00469168 0.000267949 
v 0.0289575 0.00157003 0.000267949 
v 0.0289575 -0.00157003 0.000267949 
v 0.028618 -0.00469168 0.000267949 
v 0.0279429 -0.00775832 0.000267949 
v 0.0269403 -0.010734 0.000267949 
v 0.0256218 -0.0135838 0.000267949 
v 0.024003 -0.0162744 0.000267949 
v 0.0221027 -0.0187742 0.000267949 
v 0.0199433 -0.0210539 0.000267949 
v 0.0175501 -0.0230867 0.000267949 
v 0.0149511 -0.0248489 0.000267949 
v 0.0121768 -0.0263197 0.000267949 
v 0.00925974 -0.0274819 0.000267949 
v 0.00623414 -0.028322 0.000267949 
v 0.00313545 -0.02883 0.000267949 
v -6.03684e-18 -0.029 0.000267949 
v -0.00313545 -0.02883 0.000267949 
v -0.00623414 -0.028322 0.000267949 
v -0.00925974 -0.0274819 0.000267949 
v -0.0121768 -0.0263197 0.000267949 
v -0.0149511 -0.0248489 0.000267949 
v -0.0175501 -0.0230867 0.000267949 
v -0.0199433 -0.0210539 0.000267949 
v -0.0221027 -0.0187742 0.000267949 
v -0.024003 -0.0162744 0.000267949 
v -0.0256218 -0.0135838 0.000267949 
v -0.0269403 -0.010734 0.000267949 
v -0.0279429 -0.00775832 0.000267949 
v -0.028618 -0.00469168 0.000267949 
v -0.0289575 -0.00157003 0.000267949 
v -0.0289575 0.00157003 0.000267949 
v -0.028618 0.00469168 0.000267949 
v -0.0279429 0.00775832 0.000267949 
v -0.0269403 0.010734 0.000267949 
v -0.0256218 0.0135838 0.000267949 
v -0.024003 0.0162744 0.000267949 
v -0.0221027 0.0187742 0.000267949 
v -0.0199433 0.0210539 0.000267949 
v -0.0175501 0.0230867 0.000267949 
v -0.0149511 0.0248489 0.000267949 
v -0.0121768 0.0263197 0.000267949 
v -0.00925974 0.0274819 0.000267949 
v -0.00623414 0.028322 0.000267949 
v -0.00313545 0.02883 0.000267949 
v 0 0.0288135 0.000172909 
v 0.00311528 0.0286446 0.000172909 
v 0.00619405 0.0281398 0.000172909 
v 0.00920019 0.0273052 0.000172909 
v 0.0120985 0.0261504 0.000172909 
v 0.0148549 0.024689 0.000172909 
v 0.0174372 0.0229382 0.000172909 
v 0.019815 0.0209185 0.000172909 
v 0.0219605 0.0186534 0.000172909 
v 0.0238486 0.0161697 0.000172909 
v 0.0254571 0.0134965 0.000172909 
v 0.026767 0.010665 0.000172909 
v 0.0277632 0.00770842 0.000172909 
v 0.0284339 0.0046615 0.000172909 
v 0.0287712 0.00155993 0.000172909 
v 0.0287712 -0.00155993 0.000172909 
v 0.0284339 -0.0046615 0.000172909 
v 0.0277632 -0.00770842 0.000172909 
v 0.026767 -0.010665 0.000172909 
v 0.0254571 -0.0134965 0.000172909 
v 0.0238486 -0.0161697 0.000172909 
v 0.0219605 -0.0186534 0.000172909 
v 0.019815 -0.0209185 0.000172909 
v 0.0174372 -0.0229382 0.000172909 
v 0.0148549 -0.024689 0.000172909 
v 0.0120985 -0.0261504 0.000172909 
v 0.00920019 -0.0273052 0.000172909 
v 0.00619405 -0.0281398 0.000172909 
v 0.00311528 -0.0286446 0.000172909 
v -5.99801e-18 -0.0288135 0.000172909 
v -0.00311528 -0.0286446 0.000172909 
v -0.00619405 -0.0281398 0.000172909 
v -0.00920019 -0.0273052 0.000172909 
v -0.0120985 -0.0261504 0.000172909 
v -0.0148549 -0.024689 0.000172909 
v -0.0174372 -0.0229382 0.000172909 
v -0.019815 -0.0209185 0.000172909 
v -0.0219605 -0.0186534 0.000172909 
v -0.0238486 -0.0161697 0.000172909 
v -0.0254571 -0.0134965 0.000172909 
v -0.026767 -0.010665 0.000172909 
v -0.0277632 -0.00770842 0.000172909 
v -0.0284339 -0.0046615 0.000172909 
v -0.0287712 -0.00155993 0.000172909 
v -0.0287712 0.00155993 0.000172909 
v -0.0284339 0.0046615 0.000172909 
v -0.0277632 0.00770842 0.000172909 
v -0.026767 0.010665 0.000172909 
v -0.0254571 0.0134965 0.000172909 
v -0.0238486 0.0161697 0.000172909 
v -0.0219605 0.0186534 0.000172909 
v -0.019815 0.0209185 0.000172909 
v -0.0174372 0.0229382 0.000172909 
v -0.0148549 0.024689 0.000172909 
v -0.0120985 0.0261504 0.000172909 
v -0.00920019 0.0273052 0.000172909 
v -0.00619405 0.0281398 0.000172909 
v -0.00311528 0.0286446 0.000172909 
v 0 0.028618 9.7887e-05 
v 0.00309415 0.0284503 9.7887e-05 
v 0.00615203 0.027949 9.7887e-05 
v 0.00913778 0.02712 9.7887e-05 
v 0.0120164 0.025973 9.7887e-05 
v 0.0147541 0.0245216 9.7887e-05 
v 0.0173189 0.0227826 9.7887e-05 
v 0.0196806 0.0207766 9.7887e-05 
v 0.0218116 0.0185269 9.7887e-05 
v 0.0236868 0.0160601 9.7887e-05 
v 0.0252844 0.0134049 9.7887e-05 
v 0.0265855 0.0105926 9.7887e-05 
v 0.0275749 0.00765614 9.7887e-05 
v 0.028241 0.00462988 9.7887e-05 
v 0.0285761 0.00154935 9.7887e-05 
v 0.0285761 -0.00154935 9.7887e-05 
v 0.028241 -0.00462988 9.7887e-05 
v 0.0275749 -0.00765614 9.7887e-05 
v 0.0265855 -0.0105926 9.7887e-05 
v 0.0252844 -0.0134049 9.7887e-05 
v 0.0236868 -0.0160601 9.7887e-05 
v 0.0218116 -0.0185269 9.7887e-05 
v 0.0196806 -0.0207766 9.7887e-05 
v 0.0173189 -0.0227826 9.7887e-05 
v 0.0147541 -0.0245216 9.7887e-05 
v 0.0120164 -0.025973 9.7887e-05 
v 0.00913778 -0.02712 9.7887e-05 
v 0.00615203 -0.027949 9.7887e-05 
v 0.00309415 -0.0284503 9.7887e-05 
v -5.95733e-18 -0.028618 9.7887e-05 
v -0.00309415 -0.0284503 9.7887e-05 
v -0.00615203 -0.027949 9.7887e-05 
v -0.00913778 -0.02712 9.7887e-05 
v -0.0120164 -0.025973 9.7887e-05 
v -0.0147541 -0.0245216 9.7887e-05 
v -0.0173189 -0.0227826 9.7887e-05 
v -0.0196806 -0.0207766 9.7887e-05 
v -0.0218116 -0.0185269 9.7887e-05 
v -0.0236868 -0.0160601 9.7887e-05 
v -0.0252844 -0.0134049 9.7887e-05 
v -0.0265855 -0.0105926 9.7887e-05 
v -0.0275749 -0.00765614 9.7887e-05 
v -0.028241 -0.00462988 9.7887e-05 
v -0.0285761 -0.00154935 9.7887e-05 
v -0.0285761 0.00154935 9.7887e-05 
v -0.028241 0.00462988 9.7887e-05 
v -0.0275749 0.00765614 9.7887e-05 
v -0.0265855 0.0105926 9.7887e-05 
v -0.0252844 0.0134049 9.7887e-05 
v -0.0236868 0.0160601 9.7887e-05 
v -0.0218116 0.0185269 9.7887e-05 
v -0.0196806 0.0207766 9.7887e-05 
v -0.0173189 0.0227826 9.7887e-05 
v -0.0147541 0.0245216 9.7887e-05 
v -0.0120164 0.025973 9.7887e-05 
v -0.00913778 0.02712 9.7887e-05 
v -0.00615203 0.027949 9.7887e-05 
v -0.00309415 0.0284503 9.7887e-05 
v 0 0.0284158 4.37048e-05 
v 0.00307229 0.0282492 4.37048e-05 
v 0.00610856 0.0277515 4.37048e-05 
v 0.00907322 0.0269283 4.37048e-05 
v 0.0119315 0.0257895 4.37048e-05 
v 0.0146499 0.0243483 4.37048e-05 
v 0.0171965 0.0226216 4.37048e-05 
v 0.0195415 0.0206298 4.37048e-05 
v 0.0216575 0.018396 4.37048e-05 
v 0.0235195 0.0159466 4.37048e-05 
v 0.0251057 0.0133102 4.37048e-05 
v 0.0263976 0.0105178 4.37048e-05 
v 0.0273801 0.00760204 4.37048e-05 
v 0.0280415 0.00459717 4.37048e-05 
v 0.0283741 0.0015384 4.37048e-05 
v 0.0283741 -0.0015384 4.37048e-05 
v 0.0280415 -0.00459717 4.37048e-05 
v 0.0273801 -0.00760204 4.37048e-05 
v 0.0263976 -0.0105178 4.37048e-05 
v 0.0251057 -0.0133102 4.37048e-05 
v 0.0235195 -0.0159466 4.37048e-05 
v 0.0216575 -0.018396 4.37048e-05 
v 0.0195415 -0.0206298 4.37048e-05 
v 0.0171965 -0.0226216 4.37048e-05 
v 0.0146499 -0.0243483 4.37048e-05 
v 0.0119315 -0.0257895 4.37048e-05 
v 0.00907322 -0.0269283 4.37048e-05 
v 0.00610856 -0.0277515 4.37048e-05 
v 0.00307229 -0.0282492 4.37048e-05 
v -5.91523e-18 -0.0284158 4.37048e-05 
v -0.00307229 -0.0282492 4.37048e-05 
v -0.00610856 -0.0277515 4.37048e-05 
v -0.00907322 -0.0269283 4.37048e-05 
v -0.0119315 -0.0257895 4.37048e-05 
v -0.0146499 -0.0243483 4.37048e-05 
v -0.0171965 -0.0226216 4.37048e-05 
v -0.0195415 -0.0206298 4.37048e-05 
v -0.0216575 -0.018396 4.37048e-05 
v -0.0235195 -0.0159466 4.37048e-05 
v -0.0251057 -0.0133102 4.37048e-05 
v -0.0263976 -0.0105178 4.37048e-05 
v -0.0273801 -0.00760204 4.37048e-05 
v -0.0280415 -0.00459717 4.37048e-05 
v -0.0283741 -0.0015384 4.37048e-05 
v -0.0283741 0.0015384 4.37048e-05 
v -0.0280415 0.00459717 4.37048e-05 
v -0.0273801 0.00760204 4.37048e-05 
v -0.0263976 0.0105178 4.37048e-05 
v -0.0251057 0.0133102 4.37048e-05 
v -0.0235195 0.0159466 4.37048e-05 
v -0.0216575 0.018396 4.37048e-05 
v -0.0195415 0.0206298 4.37048e-05 
v -0.0171965 0.0226216 4.37048e-05 
v -0.0146499 0.0243483 4.37048e-05 
v -0.0119315 0.0257895 4.37048e-05 
v -0.00907322 0.0269283 4.37048e-05 
v -0.00610856 0.0277515 4.37048e-05 
v -0.00307229 0.0282492 4.37048e-05 
v 0 0.0282091 1.09562e-05 
v 0.00304994 0.0280437 1.09562e-05 
v 0.00606411 0.0275495 1.09562e-05 
v 0.0090072 0.0267324 1.09562e-05 
v 0.0118447 0.0256018 1.09562e-05 
v 0.0145433 0.0241711 1.09562e-05 
v 0.0170714 0.022457 1.09562e-05 
v 0.0193994 0.0204796 1.09562e-05 
v 0.0214999 0.0182622 1.09562e-05 
v 0.0233483 0.0158306 1.09562e-05 
v 0.024923 0.0132134 1.09562e-05 
v 0.0262056 0.0104412 1.09562e-05 
v 0.0271808 0.00754672 1.09562e-05 
v 0.0278374 0.00456372 1.09562e-05 
v 0.0281677 0.00152721 1.09562e-05 
v 0.0281677 -0.00152721 1.09562e-05 
v 0.0278374 -0.00456372 1.09562e-05 
v 0.0271808 -0.00754672 1.09562e-05 
v 0.0262056 -0.0104412 1.09562e-05 
v 0.024923 -0.0132134 1.09562e-05 
v 0.0233483 -0.0158306 1.09562e-05 
v 0.0214999 -0.0182622 1.09562e-05 
v 0.0193994 -0.0204796 1.09562e-05 
v 0.0170714 -0.022457 1.09562e-05 
v 0.0145433 -0.0241711 1.09562e-05 
v 0.0118447 -0.0256018 1.09562e-05 
v 0.0090072 -0.0267324 1.09562e-05 
v 0.00606411 -0.0275495 1.09562e-05 
v 0.00304994 -0.0280437 1.09562e-05 
v -5.87219e-18 -0.0282091 1.09562e-05 
v -0.00304994 -0.0280437 1.09562e-05 
v -0.00606411 -0.0275495 1.09562e-05 
v -0.0090072 -0.0267324 1.09562e-05 
v -0.0118447 -0.0256018 1.09562e-05 
v -0.0145433 -0.0241711 1.09562e-05 
v -0.0170714 -0.022457 1.09562e-05 
v -0.0193994 -0.0204796 1.09562e-05 
v -0.0214999 -0.0182622 1.09562e-05 
v -0.0233483 -0.0158306 1.09562e-05 
v -0.024923 -0.0132134 1.09562e-05 
v -0.0262056 -0.0104412 1.09562e-05 
v -0.0271808 -0.00754672 1.09562e-05 
v -0.0278374 -0.00456372 1.09562e-05 
v -0.0281677 -0.00152721 1.09562e-05 
v -0.0281677 0.00152721 1.09562e-05 
v -0.0278374 0.00456372 1.09562e-05 
v -0.0271808 0.00754672 1.09562e-05 
v -0.0262056 0.0104412 1.09562e-05 
v -0.024923 0.0132134 1.09562e-05 
v -0.0233483 0.0158306 1.09562e-05 
v -0.0214999 0.0182622 1.09562e-05 
v -0.0193994 0.0204796 1.09562e-05 
v -0.0170714 0.022457 1.09562e-05 
v -0.0145433 0.0241711 1.09562e-05 
v -0.0118447 0.0256018 1.09562e-05 
v -0.0090072 0.0267324 1.09562e-05 
v -0.00606411 0.0275495 1.09562e-05 
v -0.00304994 0.0280437 1.09562e-05 
v 0 0.03 0.139172 
v 0.00324357 0.0298241 0.139172 
v 0.00644911 0.0292986 0.139172 
v 0.00957905 0.0284296 0.139172 
v 0.0125967 0.0272273 0.139172 
v 0.0154666 0.0257057 0.139172 
v 0.0181552 0.0238828 0.139172 
v 0.020631 0.0217799 0.139172 
v 0.0228649 0.0194216 0.139172 
v 0.0248307 0.0168356 0.139172 
v 0.0265054 0.0140523 0.139172 
v 0.0278693 0.0111041 0.139172 
v 0.0289065 0.00802585 0.139172 
v 0.0296048 0.00485346 0.139172 
v 0.029956 0.00162417 0.139172 
v 0.029956 -0.00162417 0.139172 
v 0.0296048 -0.00485346 0.139172 
v 0.0289065 -0.00802585 0.139172 
v 0.0278693 -0.0111041 0.139172 
v 0.0265054 -0.0140523 0.139172 
v 0.0248307 -0.0168356 0.139172 
v 0.0228649 -0.0194216 0.139172 
v 0.020631 -0.0217799 0.139172 
v 0.0181552 -0.0238828 0.139172 
v 0.0154666 -0.0257057 0.139172 
v 0.0125967 -0.0272273 0.139172 
v 0.00957905 -0.0284296 0.139172 
v 0.00644911 -0.0292986 0.139172 
v 0.00324357 -0.0298241 0.139172 
v -2.29714e-17 -0.03 0.139172 
v -0.00324357 -0.0298241 0.139172 
v -0.00644911 -0.0292986 0.139172 
v -0.00957905 -0.0284296 0.139172 
v -0.0125967 -0.0272273 0.139172 
v -0.0154666 -0.0257057 0.139172 
v -0.0181552 -0.0238828 0.139172 
v -0.020631 -0.0217799 0.139172 
v -0.0228649 -0.0194216 0.139172 
v -0.0248307 -0.0168356 0.139172 
v -0.0265054 -0.0140523 0.139172 
v -0.0278693 -0.0111041 0.139172 
v -0.0289065 -0.00802585 0.139172 
v -0.0296048 -0.00485346 0.139172 
v -0.029956 -0.00162417 0.139172 
v -0.029956 0.00162417 0.139172 
v -0.0296048 0.00485346 0.139172 
v -0.0289065 0.00802585 0.139172 
v -0.0278693 0.0111041 0.139172 
v -0.0265054 0.0140523 0.139172 
v -0.0248307 0.0168356 0.139172 
v -0.0228649 0.0194216 0.139172 
v -0.020631 0.0217799 0.139172 
v -0.0181552 0.0238828 0.139172 
v -0.0154666 0.0257057 0.139172 
v -0.0125967 0.0272273 0.139172 
v -0.00957905 0.0284296 0.139172 
v -0.00644911 0.0292986 0.139172 
v -0.00324357 0.0298241 0.139172 
v 0 -0.0178858 0.140586 
v 0.00193379 -0.0177809 0.140586 
v 0.00384492 -0.0174676 0.140586 
v 0.00571096 -0.0169495 0.140586 
v 0.00751005 -0.0162327 0.140586 
v 0.00922109 -0.0153256 0.140586 
v 0.010824 -0.0142388 0.140586 
v 0.0123 -0.012985 0.140586 
v 0.0136319 -0.011579 0.140586 
v 0.0148039 -0.0100373 0.140586 
v 0.0158023 -0.00837785 0.140586 
v 0.0166155 -0.00662021 0.140586 
v 0.0172338 -0.00478495 0.140586 
v 0.0176502 -0.0028936 0.140586 
v 0.0178596 -0.000968317 0.140586 
v 0.0178596 0.000968317 0.140586 
v 0.0176502 0.0028936 0.140586 
v 0.0172338 0.00478495 0.140586 
v 0.0166155 0.00662021 0.140586 
v 0.0158023 0.00837785 0.140586 
v 0.0148039 0.0100373 0.140586 
v 0.0136319 0.011579 0.140586 
v 0.0123 0.012985 0.140586 
v 0.010824 0.0142388 0.140586 
v 0.00922109 0.0153256 0.140586 
v 0.00751005 0.0162327 0.140586 
v 0.00571096 0.0169495 0.140586 
v 0.00384492 0.0174676 0.140586 
v 0.00193379 0.0177809 0.140586 
v 6.57113e-18 0.0178858 0.140586 
v -0.00193379 0.0177809 0.140586 
v -0.00384492 0.0174676 0.140586 
v -0.00571096 0.0169495 0.140586 
v -0.00751005 0.0162327 0.140586 
v -0.00922109 0.0153256 0.140586 
v -0.010824 0.0142388 0.140586 
v -0.0123 0.012985 0.140586 
v -0.0136319 0.011579 0.140586 
v -0.0148039 0.0100373 0.140586 
v -0.0158023 0.00837785 0.140586 
v -0.0166155 0.00662021 0.140586 
v -0.0172338 0.00478495 0.140586 
v -0.0176502 0.0028936 0.140586 
v -0.0178596 0.000968317 0.140586 
v -0.0178596 -0.000968317 0.140586 
v -0.0176502 -0.0028936 0.140586 
v -0.0172338 -0.00478495 0.140586 
v -0.0166155 -0.00662021 0.140586 
v -0.0158023 -0.00837785 0.140586 
v -0.0148039 -0.0100373 0.140586 
v -0.0136319 -0.011579 0.140586 
v -0.0123 -0.012985 0.140586 
v -0.010824 -0.0142388 0.140586 
v -0.00922109 -0.0153256 0.140586 
v -0.00751005 -0.0162327 0.140586 
v -0.00571096 -0.0169495 0.140586 
v -0.00384492 -0.0174676 0.140586 
v -0.00193379 -0.0177809 0.140586 
v 0 -0.017754 0.14044 
v 0.00191954 -0.0176499 0.14044 
v 0.00381658 -0.0173389 0.14044 
v 0.00566887 -0.0168246 0.14044 
v 0.0074547 -0.0161131 0.14044 
v 0.00915313 -0.0152126 0.14044 
v 0.0107443 -0.0141338 0.14044 
v 0.0122094 -0.0128893 0.14044 
v 0.0135314 -0.0114937 0.14044 
v 0.0146948 -0.0099633 0.14044 
v 0.0156859 -0.00831611 0.14044 
v 0.016493 -0.00657143 0.14044 
v 0.0171068 -0.00474969 0.14044 
v 0.0175201 -0.00287227 0.14044 
v 0.0177279 -0.000961181 0.14044 
v 0.0177279 0.000961181 0.14044 
v 0.0175201 0.00287227 0.14044 
v 0.0171068 0.00474969 0.14044 
v 0.016493 0.00657143 0.14044 
v 0.0156859 0.00831611 0.14044 
v 0.0146948 0.0099633 0.14044 
v 0.0135314 0.0114937 0.14044 
v 0.0122094 0.0128893 0.14044 
v 0.0107443 0.0141338 0.14044 
v 0.00915313 0.0152126 0.14044 
v 0.0074547 0.0161131 0.14044 
v 0.00566887 0.0168246 0.14044 
v 0.00381658 0.0173389 0.14044 
v 0.00191954 0.0176499 0.14044 
v -3.69579e-18 0.017754 0.14044 
v -0.00191954 0.0176499 0.14044 
v -0.00381658 0.0173389 0.14044 
v -0.00566887 0.0168246 0.14044 
v -0.0074547 0.0161131 0.14044 
v -0.00915313 0.0152126 0.14044 
v -0.0107443 0.0141338 0.14044 
v -0.0122094 0.0128893 0.14044 
v -0.0135314 0.0114937 0.14044 
v -0.0146948 0.0099633 0.14044 
v -0.0156859 0.00831611 0.14044 
v -0.016493 0.00657143 0.14044 
v -0.0171068 0.00474969 0.14044 
v -0.0175201 0.00287227 0.14044 
v -0.0177279 0.000961181 0.14044 
v -0.0177279 -0.000961181 0.14044 
v -0.0175201 -0.00287227 0.14044 
v -0.0171068 -0.00474969 0.14044 
v -0.016493 -0.00657143 0.14044 
v -0.0156859 -0.00831611 0.14044 
v -0.0146948 -0.0099633 0.14044 
v -0.0135314 -0.0114937 0.14044 
v -0.0122094 -0.0128893 0.14044 
v -0.0107443 -0.0141338 0.14044 
v -0.00915313 -0.0152126 0.14044 
v -0.0074547 -0.0161131 0.14044 
v -0.00566887 -0.0168246 0.14044 
v -0.00381658 -0.0173389 0.14044 
v -0.00191954 -0.0176499 0.14044 
v 0 -0.0176371 0.140283 
v 0.0019069 -0.0175337 0.140283 
v 0.00379145 -0.0172247 0.140283 
v 0.00563154 -0.0167138 0.140283 
v 0.00740561 -0.016007 0.140283 
v 0.00909285 -0.0151124 0.140283 
v 0.0106735 -0.0140407 0.140283 
v 0.012129 -0.0128044 0.140283 
v 0.0134423 -0.011418 0.140283 
v 0.014598 -0.00989769 0.140283 
v 0.0155826 -0.00826135 0.140283 
v 0.0163844 -0.00652815 0.140283 
v 0.0169942 -0.00471841 0.140283 
v 0.0174047 -0.00285336 0.140283 
v 0.0176112 -0.000954851 0.140283 
v 0.0176112 0.000954851 0.140283 
v 0.0174047 0.00285336 0.140283 
v 0.0169942 0.00471841 0.140283 
v 0.0163844 0.00652815 0.140283 
v 0.0155826 0.00826135 0.140283 
v 0.014598 0.00989769 0.140283 
v 0.0134423 0.011418 0.140283 
v 0.012129 0.0128044 0.140283 
v 0.0106735 0.0140407 0.140283 
v 0.00909285 0.0151124 0.140283 
v 0.00740561 0.016007 0.140283 
v 0.00563154 0.0167138 0.140283 
v 0.00379145 0.0172247 0.140283 
v 0.0019069 0.0175337 0.140283 
v -3.67145e-18 0.0176371 0.140283 
v -0.0019069 0.0175337 0.140283 
v -0.00379145 0.0172247 0.140283 
v -0.00563154 0.0167138 0.140283 
v -0.00740561 0.016007 0.140283 
v -0.00909285 0.0151124 0.140283 
v -0.0106735 0.0140407 0.140283 
v -0.012129 0.0128044 0.140283 
v -0.0134423 0.011418 0.140283 
v -0.014598 0.00989769 0.140283 
v -0.0155826 0.00826135 0.140283 
v -0.0163844 0.00652815 0.140283 
v -0.0169942 0.00471841 0.140283 
v -0.0174047 0.00285336 0.140283 
v -0.0176112 0.000954851 0.140283 
v -0.0176112 -0.000954851 0.140283 
v -0.0174047 -0.00285336 0.140283 
v -0.0169942 -0.00471841 0.140283 
v -0.0163844 -0.00652815 0.140283 
v -0.0155826 -0.00826135 0.140283 
v -0.014598 -0.00989769 0.140283 
v -0.0134423 -0.011418 0.140283 
v -0.012129 -0.0128044 0.140283 
v -0.0106735 -0.0140407 0.140283 
v -0.00909285 -0.0151124 0.140283 
v -0.00740561 -0.016007 0.140283 
v -0.00563154 -0.0167138 0.140283 
v -0.00379145 -0.0172247 0.140283 
v -0.0019069 -0.0175337 0.140283 
v 0 -0.0175362 0.140114 
v 0.00189599 -0.0174334 0.140114 
v 0.00376976 -0.0171262 0.140114 
v 0.00559932 -0.0166182 0.140114 
v 0.00736324 -0.0159154 0.140114 
v 0.00904083 -0.015026 0.140114 
v 0.0106124 -0.0139604 0.140114 
v 0.0120596 -0.0127312 0.140114 
v 0.0133654 -0.0113527 0.140114 
v 0.0145145 -0.00984106 0.140114 
v 0.0154934 -0.00821408 0.140114 
v 0.0162907 -0.0064908 0.140114 
v 0.016897 -0.00469142 0.140114 
v 0.0173051 -0.00283703 0.140114 
v 0.0175104 -0.000949388 0.140114 
v 0.0175104 0.000949388 0.140114 
v 0.0173051 0.00283703 0.140114 
v 0.016897 0.00469142 0.140114 
v 0.0162907 0.0064908 0.140114 
v 0.0154934 0.00821408 0.140114 
v 0.0145145 0.00984106 0.140114 
v 0.0133654 0.0113527 0.140114 
v 0.0120596 0.0127312 0.140114 
v 0.0106124 0.0139604 0.140114 
v 0.00904083 0.015026 0.140114 
v 0.00736324 0.0159154 0.140114 
v 0.00559932 0.0166182 0.140114 
v 0.00376976 0.0171262 0.140114 
v 0.00189599 0.0174334 0.140114 
v -3.65045e-18 0.0175362 0.140114 
v -0.00189599 0.0174334 0.140114 
v -0.00376976 0.0171262 0.140114 
v -0.00559932 0.0166182 0.140114 
v -0.00736324 0.0159154 0.140114 
v -0.00904083 0.015026 0.140114 
v -0.0106124 0.0139604 0.140114 
v -0.0120596 0.0127312 0.140114 
v -0.0133654 0.0113527 0.140114 
v -0.0145145 0.00984106 0.140114 
v -0.0154934 0.00821408 0.140114 
v -0.0162907 0.0064908 0.140114 
v -0.016897 0.00469142 0.140114 
v -0.0173051 0.00283703 0.140114 
v -0.0175104 0.000949388 0.140114 
v -0.0175104 -0.000949388 0.140114 
v -0.0173051 -0.00283703 0.140114 
v -0.016897 -0.00469142 0.140114 
v -0.0162907 -0.0064908 0.140114 
v -0.0154934 -0.00821408 0.140114 
v -0.0145145 -0.00984106 0.140114 
v -0.0133654 -0.0113527 0.140114 
v -0.0120596 -0.0127312 0.140114 
v -0.0106124 -0.0139604 0.140114 
v -0.00904083 -0.015026 0.140114 
v -0.00736324 -0.0159154 0.140114 
v -0.00559932 -0.0166182 0.140114 
v -0.00376976 -0.0171262 0.140114 
v -0.00189599 -0.0174334 0.140114 
v 0 -0.0174522 0.139937 
v 0.00188692 -0.0173499 0.139937 
v 0.00375172 -0.0170442 0.139937 
v 0.00557253 -0.0165387 0.139937 
v 0.00732801 -0.0158392 0.139937 
v 0.00899757 -0.0149541 0.139937 
v 0.0105616 -0.0138936 0.139937 
v 0.0120019 -0.0126702 0.139937 
v 0.0133014 -0.0112983 0.139937 
v 0.014445 -0.00979397 0.139937 
v 0.0154193 -0.00817478 0.139937 
v 0.0162127 -0.00645974 0.139937 
v 0.0168161 -0.00466897 0.139937 
v 0.0172223 -0.00282346 0.139937 
v 0.0174266 -0.000944845 0.139937 
v 0.0174266 0.000944845 0.139937 
v 0.0172223 0.00282346 0.139937 
v 0.0168161 0.00466897 0.139937 
v 0.0162127 0.00645974 0.139937 
v 0.0154193 0.00817478 0.139937 
v 0.014445 0.00979397 0.139937 
v 0.0133014 0.0112983 0.139937 
v 0.0120019 0.0126702 0.139937 
v 0.0105616 0.0138936 0.139937 
v 0.00899757 0.0149541 0.139937 
v 0.00732801 0.0158392 0.139937 
v 0.00557253 0.0165387 0.139937 
v 0.00375172 0.0170442 0.139937 
v 0.00188692 0.0173499 0.139937 
v -3.63298e-18 0.0174522 0.139937 
v -0.00188692 0.0173499 0.139937 
v -0.00375172 0.0170442 0.139937 
v -0.00557253 0.0165387 0.139937 
v -0.00732801 0.0158392 0.139937 
v -0.00899757 0.0149541 0.139937 
v -0.0105616 0.0138936 0.139937 
v -0.0120019 0.0126702 0.139937 
v -0.0133014 0.0112983 0.139937 
v -0.014445 0.00979397 0.139937 
v -0.0154193 0.00817478 0.139937 
v -0.0162127 0.00645974 0.139937 
v -0.0168161 0.00466897 0.139937 
v -0.0172223 0.00282346 0.139937 
v -0.0174266 0.000944845 0.139937 
v -0.0174266 -0.000944845 0.139937 
v -0.0172223 -0.00282346 0.139937 
v -0.0168161 -0.00466897 0.139937 
v -0.0162127 -0.00645974 0.139937 
v -0.0154193 -0.00817478 0.139937 
v -0.014445 -0.00979397 0.139937 
v -0.0133014 -0.0112983 0.139937 
v -0.0120019 -0.0126702 0.139937 
v -0.0105616 -0.0138936 0.139937 
v -0.00899757 -0.0149541 0.139937 
v -0.00732801 -0.0158392 0.139937 
v -0.00557253 -0.0165387 0.139937 
v -0.00375172 -0.0170442 0.139937 
v -0.00188692 -0.0173499 0.139937 
v 0 -0.0173861 0.139752 
v 0.00187977 -0.0172842 0.139752 
v 0.0037375 -0.0169796 0.139752 
v 0.00555141 -0.016476 0.139752 
v 0.00730024 -0.0157792 0.139752 
v 0.00896348 -0.0148974 0.139752 
v 0.0105216 -0.013841 0.139752 
v 0.0119564 -0.0126222 0.139752 
v 0.013251 -0.0112555 0.139752 
v 0.0143903 -0.00975687 0.139752 
v 0.0153608 -0.00814381 0.139752 
v 0.0161513 -0.00643527 0.139752 
v 0.0167524 -0.00465128 0.139752 
v 0.0171571 -0.00281276 0.139752 
v 0.0173606 -0.000941266 0.139752 
v 0.0173606 0.000941266 0.139752 
v 0.0171571 0.00281276 0.139752 
v 0.0167524 0.00465128 0.139752 
v 0.0161513 0.00643527 0.139752 
v 0.0153608 0.00814381 0.139752 
v 0.0143903 0.00975687 0.139752 
v 0.013251 0.0112555 0.139752 
v 0.0119564 0.0126222 0.139752 
v 0.0105216 0.013841 0.139752 
v 0.00896348 0.0148974 0.139752 
v 0.00730024 0.0157792 0.139752 
v 0.00555141 0.016476 0.139752 
v 0.0037375 0.0169796 0.139752 
v 0.00187977 0.0172842 0.139752 
v -3.61921e-18 0.0173861 0.139752 
v -0.00187977 0.0172842 0.139752 
v -0.0037375 0.0169796 0.139752 
v -0.00555141 0.016476 0.139752 
v -0.00730024 0.0157792 0.139752 
v -0.00896348 0.0148974 0.139752 
v -0.0105216 0.013841 0.139752 
v -0.0119564 0.0126222 0.139752 
v -0.013251 0.0112555 0.139752 
v -0.0143903 0.00975687 0.139752 
v -0.0153608 0.00814381 0.139752 
v -0.0161513 0.00643527 0.139752 
v -0.0167524 0.00465128 0.139752 
v -0.0171571 0.00281276 0.139752 
v -0.0173606 0.000941266 0.139752 
v -0.0173606 -0.000941266 0.139752 
v -0.0171571 -0.00281276 0.139752 
v -0.0167524 -0.00465128 0.139752 
v -0.0161513 -0.00643527 0.139752 
v -0.0153608 -0.00814381 0.139752 
v -0.0143903 -0.00975687 0.139752 
v -0.013251 -0.0112555 0.139752 
v -0.0119564 -0.0126222 0.139752 
v -0.0105216 -0.013841 0.139752 
v -0.00896348 -0.0148974 0.139752 
v -0.00730024 -0.0157792 0.139752 
v -0.00555141 -0.016476 0.139752 
v -0.0037375 -0.0169796 0.139752 
v -0.00187977 -0.0172842 0.139752 
v 0 -0.0173384 0.139562 
v 0.00187461 -0.0172368 0.139562 
v 0.00372725 -0.0169331 0.139562 
v 0.00553619 -0.0164308 0.139562 
v 0.00728022 -0.0157359 0.139562 
v 0.00893889 -0.0148566 0.139562 
v 0.0104928 -0.013803 0.139562 
v 0.0119236 -0.0125876 0.139562 
v 0.0132147 -0.0112247 0.139562 
v 0.0143508 -0.0097301 0.139562 
v 0.0153187 -0.00812147 0.139562 
v 0.016107 -0.00641761 0.139562 
v 0.0167064 -0.00463852 0.139562 
v 0.01711 -0.00280505 0.139562 
v 0.017313 -0.000938684 0.139562 
v 0.017313 0.000938684 0.139562 
v 0.01711 0.00280505 0.139562 
v 0.0167064 0.00463852 0.139562 
v 0.016107 0.00641761 0.139562 
v 0.0153187 0.00812147 0.139562 
v 0.0143508 0.0097301 0.139562 
v 0.0132147 0.0112247 0.139562 
v 0.0119236 0.0125876 0.139562 
v 0.0104928 0.013803 0.139562 
v 0.00893889 0.0148566 0.139562 
v 0.00728022 0.0157359 0.139562 
v 0.00553619 0.0164308 0.139562 
v 0.00372725 0.0169331 0.139562 
v 0.00187461 0.0172368 0.139562 
v -3.60929e-18 0.0173384 0.139562 
v -0.00187461 0.0172368 0.139562 
v -0.00372725 0.0169331 0.139562 
v -0.00553619 0.0164308 0.139562 
v -0.00728022 0.0157359 0.139562 
v -0.00893889 0.0148566 0.139562 
v -0.0104928 0.013803 0.139562 
v -0.0119236 0.0125876 0.139562 
v -0.0132147 0.0112247 0.139562 
v -0.0143508 0.0097301 0.139562 
v -0.0153187 0.00812147 0.139562 
v -0.016107 0.00641761 0.139562 
v -0.0167064 0.00463852 0.139562 
v -0.01711 0.00280505 0.139562 
v -0.017313 0.000938684 0.139562 
v -0.017313 -0.000938684 0.139562 
v -0.01711 -0.00280505 0.139562 
v -0.0167064 -0.00463852 0.139562 
v -0.016107 -0.00641761 0.139562 
v -0.0153187 -0.00812147 0.139562 
v -0.0143508 -0.0097301 0.139562 
v -0.0132147 -0.0112247 0.139562 
v -0.0119236 -0.0125876 0.139562 
v -0.0104928 -0.013803 0.139562 
v -0.00893889 -0.0148566 0.139562 
v -0.00728022 -0.0157359 0.139562 
v -0.00553619 -0.0164308 0.139562 
v -0.00372725 -0.0169331 0.139562 
v -0.00187461 -0.0172368 0.139562 
v 0 -0.0173096 0.139368 
v 0.0018715 -0.0172082 0.139368 
v 0.00372106 -0.0169049 0.139368 
v 0.00552699 -0.0164035 0.139368 
v 0.00726813 -0.0157098 0.139368 
v 0.00892405 -0.0148319 0.139368 
v 0.0104753 -0.0137801 0.139368 
v 0.0119038 -0.0125667 0.139368 
v 0.0131927 -0.011206 0.139368 
v 0.014327 -0.00971394 0.139368 
v 0.0152933 -0.00810798 0.139368 
v 0.0160802 -0.00640695 0.139368 
v 0.0166787 -0.00463082 0.139368 
v 0.0170816 -0.00280039 0.139368 
v 0.0172842 -0.000937125 0.139368 
v 0.0172842 0.000937125 0.139368 
v 0.0170816 0.00280039 0.139368 
v 0.0166787 0.00463082 0.139368 
v 0.0160802 0.00640695 0.139368 
v 0.0152933 0.00810798 0.139368 
v 0.014327 0.00971394 0.139368 
v 0.0131927 0.011206 0.139368 
v 0.0119038 0.0125667 0.139368 
v 0.0104753 0.0137801 0.139368 
v 0.00892405 0.0148319 0.139368 
v 0.00726813 0.0157098 0.139368 
v 0.00552699 0.0164035 0.139368 
v 0.00372106 0.0169049 0.139368 
v 0.0018715 0.0172082 0.139368 
v -3.60329e-18 0.0173096 0.139368 
v -0.0018715 0.0172082 0.139368 
v -0.00372106 0.0169049 0.139368 
v -0.00552699 0.0164035 0.139368 
v -0.00726813 0.0157098 0.139368 
v -0.00892405 0.0148319 0.139368 
v -0.0104753 0.0137801 0.139368 
v -0.0119038 0.0125667 0.139368 
v -0.0131927 0.011206 0.139368 
v -0.014327 0.00971394 0.139368 
v -0.0152933 0.00810798 0.139368 
v -0.0160802 0.00640695 0.139368 
v -0.0166787 0.00463082 0.139368 
v -0.0170816 0.00280039 0.139368 
v -0.0172842 0.000937125 0.139368 
v -0.0172842 -0.000937125 0.139368 
v -0.0170816 -0.00280039 0.139368 
v -0.0166787 -0.00463082 0.139368 
v -0.0160802 -0.00640695 0.139368 
v -0.0152933 -0.00810798 0.139368 
v -0.014327 -0.00971394 0.139368 
v -0.0131927 -0.011206 0.139368 
v -0.0119038 -0.0125667 0.139368 
v -0.0104753 -0.0137801 0.139368 
v -0.00892405 -0.0148319 0.139368 
v -0.00726813 -0.0157098 0.139368 
v -0.00552699 -0.0164035 0.139368 
v -0.00372106 -0.0169049 0.139368 
v -0.0018715 -0.0172082 0.139368 
v 0.00522685 -0.0589092 0.181841 
v -1.44853e-17 -0.0591406 0.181841 
v 0.0104128 -0.0582167 0.181841 
v 0.0063889 -0.058754 0.181841 
v 0.0155173 -0.0570686 0.181841 
v 0.0188681 -0.0559962 0.181841 
v 0.0127009 -0.0577021 0.181841 
v 0.0205003 -0.0554739 0.181841 
v 0.0248242 -0.0536548 0.181841 
v 0.0299472 -0.0509978 0.181841 
v 0.0253228 -0.053445 0.181841 
v 0.0343372 -0.0481515 0.181841 
v 0.0304768 -0.0506544 0.181841 
v 0.0384585 -0.0449284 0.181841 
v 0.0357582 -0.0470402 0.181841 
v 0.0422788 -0.0413536 0.181841 
v 0.0450464 -0.0382615 0.181841 
v 0.0406322 -0.0428944 0.181841 
v 0.0457682 -0.0374552 0.181841 
v 0.0488993 -0.0332636 0.181841 
v 0.0516478 -0.0288117 0.181841 
v 0.0489467 -0.0331869 0.181841 
v 0.0539921 -0.0241343 0.181841 
v 0.0522135 -0.027683 0.181841 
v 0.0559138 -0.019268 0.181841 
v 0.0569374 -0.0158077 0.181841 
v 0.0548867 -0.021869 0.181841 
v 0.0573979 -0.014251 0.181841 
v 0.0583437 -0.00956428 0.181841 
v 0.0590104 -0.00392238 0.181841 
v 0.0584328 -0.00912238 0.181841 
v 0.0591261 0.00130831 0.181841 
v 0.0590264 -0.0032012 0.181841 
v 0.0587791 0.00652877 0.181841 
v 0.0590005 0.00319826 0.181841 
v 0.0579721 0.0116981 0.181841 
v 0.0569504 0.0158132 0.181841 
v 0.058306 0.00955922 0.181841 
v 0.0567114 0.0167759 0.181841 
v 0.0550068 0.0217224 0.181841 
v 0.0528717 0.0264989 0.181841 
v 0.0549332 0.0218871 0.181841 
v 0.0503228 0.0310681 0.181841 
v 0.0522127 0.0276803 0.181841 
v 0.0473801 0.035394 0.181841 
v 0.0450376 0.0382564 0.181841 
v 0.0489022 0.0331564 0.181841 
v 0.0440666 0.039443 0.181841 
v 0.0406603 0.0429254 0.181841 
v 0.0364335 0.0465855 0.181841 
v 0.0404082 0.0431832 0.181841 
v 0.0321737 0.0496232 0.181841 
v 0.0357728 0.0470567 0.181841 
v 0.0276621 0.0522726 0.181841 
v 0.0304626 0.0506281 0.181841 
v 0.022934 0.0545128 0.181841 
v 0.0188722 0.0560138 0.181841 
v 0.0248088 0.0536245 0.181841 
v 0.0180264 0.0563264 0.181841 
v 0.0129777 0.0576991 0.181841 
v 0.00782749 0.0586203 0.181841 
v 0.0127115 0.0577468 0.181841 
v 0.00261599 0.0590827 0.181841 
v 0.00639014 0.0587479 0.181841 
v -0.00261599 0.0590827 0.181841 
v -0.00639014 0.0587479 0.181841 
v 7.24264e-18 0.0591406 0.181841 
v -0.00782749 0.0586203 0.181841 
v -0.0127115 0.0577468 0.181841 
v -0.0180264 0.0563264 0.181841 
v -0.0129777 0.0576991 0.181841 
v -0.022934 0.0545128 0.181841 
v -0.0188722 0.0560138 0.181841 
v -0.0276621 0.0522726 0.181841 
v -0.0304626 0.0506281 0.181841 
v -0.0248088 0.0536245 0.181841 
v -0.0321737 0.0496232 0.181841 
v -0.0357728 0.0470567 0.181841 
v -0.0364335 0.0465855 0.181841 
v -0.0404082 0.0431832 0.181841 
v -0.0440666 0.039443 0.181841 
v -0.0406603 0.0429254 0.181841 
v -0.0473801 0.035394 0.181841 
v -0.0450376 0.0382564 0.181841 
v -0.0503228 0.0310681 0.181841 
v -0.0522127 0.0276803 0.181841 
v -0.0489022 0.0331564 0.181841 
v -0.0528717 0.0264989 0.181841 
v -0.0549332 0.0218871 0.181841 
v -0.0567114 0.0167759 0.181841 
v -0.0550068 0.0217224 0.181841 
v -0.0579721 0.0116981 0.181841 
v -0.0569504 0.0158132 0.181841 
v -0.0587791 0.00652877 0.181841 
v -0.0590005 0.00319826 0.181841 
v -0.058306 0.00955922 0.181841 
v -0.0591261 0.00130831 0.181841 
v -0.0590264 -0.0032012 0.181841 
v -0.0590104 -0.00392238 0.181841 
v -0.0584328 -0.00912238 0.181841 
v -0.0573979 -0.014251 0.181841 
v -0.0583437 -0.00956428 0.181841 
v -0.0559138 -0.019268 0.181841 
v -0.0569374 -0.0158077 0.181841 
v -0.0539921 -0.0241343 0.181841 
v -0.0522135 -0.027683 0.181841 
v -0.0548867 -0.021869 0.181841 
v -0.0516478 -0.0288117 0.181841 
v -0.0489467 -0.0331869 0.181841 
v -0.0457682 -0.0374552 0.181841 
v -0.0488993 -0.0332636 0.181841 
v -0.0422788 -0.0413536 0.181841 
v -0.0450464 -0.0382615 0.181841 
v -0.0384585 -0.0449284 0.181841 
v -0.0357582 -0.0470402 0.181841 
v -0.0406322 -0.0428944 0.181841 
v -0.0343372 -0.0481515 0.181841 
v -0.0304768 -0.0506544 0.181841 
v -0.0299472 -0.0509978 0.181841 
v -0.0253228 -0.053445 0.181841 
v -0.0205003 -0.0554739 0.181841 
v -0.0248242 -0.0536548 0.181841 
v -0.0155173 -0.0570686 0.181841 
v -0.0188681 -0.0559962 0.181841 
v -0.0104128 -0.0582167 0.181841 
v -0.0063889 -0.058754 0.181841 
v -0.0127009 -0.0577021 0.181841 
v -0.00522685 -0.0589092 0.181841 
v 0 0.0305858 0.140586 
v 0.00330691 0.0304065 0.140586 
v 0.00657504 0.0298707 0.140586 
v 0.00976609 0.0289847 0.140586 
v 0.0128426 0.0277589 0.140586 
v 0.0157686 0.0262077 0.140586 
v 0.0185097 0.0243491 0.140586 
v 0.0210338 0.0222051 0.140586 
v 0.0233113 0.0198008 0.140586 
v 0.0253155 0.0171643 0.140586 
v 0.0270229 0.0143266 0.140586 
v 0.0284135 0.011321 0.140586 
v 0.0294709 0.00818256 0.140586 
v 0.0301829 0.00494823 0.140586 
v 0.0305409 0.00165588 0.140586 
v 0.0305409 -0.00165588 0.140586 
v 0.0301829 -0.00494823 0.140586 
v 0.0294709 -0.00818256 0.140586 
v 0.0284135 -0.011321 0.140586 
v 0.0270229 -0.0143266 0.140586 
v 0.0253155 -0.0171643 0.140586 
v 0.0233113 -0.0198008 0.140586 
v 0.0210338 -0.0222051 0.140586 
v 0.0185097 -0.0243491 0.140586 
v 0.0157686 -0.0262077 0.140586 
v 0.0128426 -0.0277589 0.140586 
v 0.00976609 -0.0289847 0.140586 
v 0.00657504 -0.0298707 0.140586 
v 0.00330691 -0.0304065 0.140586 
v 1.1237e-17 -0.0305858 0.140586 
v -0.00330691 -0.0304065 0.140586 
v -0.00657504 -0.0298707 0.140586 
v -0.00976609 -0.0289847 0.140586 
v -0.0128426 -0.0277589 0.140586 
v -0.0157686 -0.0262077 0.140586 
v -0.0185097 -0.0243491 0.140586 
v -0.0210338 -0.0222051 0.140586 
v -0.0233113 -0.0198008 0.140586 
v -0.0253155 -0.0171643 0.140586 
v -0.0270229 -0.0143266 0.140586 
v -0.0284135 -0.011321 0.140586 
v -0.0294709 -0.00818256 0.140586 
v -0.0301829 -0.00494823 0.140586 
v -0.0305409 -0.00165588 0.140586 
v -0.0305409 0.00165588 0.140586 
v -0.0301829 0.00494823 0.140586 
v -0.0294709 0.00818256 0.140586 
v -0.0284135 0.011321 0.140586 
v -0.0270229 0.0143266 0.140586 
v -0.0253155 0.0171643 0.140586 
v -0.0233113 0.0198008 0.140586 
v -0.0210338 0.0222051 0.140586 
v -0.0185097 0.0243491 0.140586 
v -0.0157686 0.0262077 0.140586 
v -0.0128426 0.0277589 0.140586 
v -0.00976609 0.0289847 0.140586 
v -0.00657504 0.0298707 0.140586 
v -0.00330691 0.0304065 0.140586 
v 0.00329265 0.0302755 0.14044 
v 0.00654671 0.029742 0.14044 
v 0.009724 0.0288598 0.14044 
v 0.0127873 0.0276393 0.14044 
v 0.0157007 0.0260947 0.14044 
v 0.01843 0.0242442 0.14044 
v 0.0209432 0.0221095 0.14044 
v 0.0232109 0.0197155 0.14044 
v 0.0252064 0.0170904 0.14044 
v 0.0269065 0.0142649 0.14044 
v 0.028291 0.0112722 0.14044 
v 0.0293439 0.0081473 0.14044 
v 0.0300528 0.00492691 0.14044 
v 0.0304093 0.00164875 0.14044 
v 0.0304093 -0.00164875 0.14044 
v 0.0300528 -0.00492691 0.14044 
v 0.0293439 -0.0081473 0.14044 
v 0.028291 -0.0112722 0.14044 
v 0.0269065 -0.0142649 0.14044 
v 0.0252064 -0.0170904 0.14044 
v 0.0232109 -0.0197155 0.14044 
v 0.0209432 -0.0221095 0.14044 
v 0.01843 -0.0242442 0.14044 
v 0.0157007 -0.0260947 0.14044 
v 0.0127873 -0.0276393 0.14044 
v 0.009724 -0.0288598 0.14044 
v 0.00654671 -0.029742 0.14044 
v 0.00329265 -0.0302755 0.14044 
v -6.33951e-18 -0.030454 0.14044 
v -0.00329265 -0.0302755 0.14044 
v -0.00654671 -0.029742 0.14044 
v -0.009724 -0.0288598 0.14044 
v -0.0127873 -0.0276393 0.14044 
v -0.0157007 -0.0260947 0.14044 
v -0.01843 -0.0242442 0.14044 
v -0.0209432 -0.0221095 0.14044 
v -0.0232109 -0.0197155 0.14044 
v -0.0252064 -0.0170904 0.14044 
v -0.0269065 -0.0142649 0.14044 
v -0.028291 -0.0112722 0.14044 
v -0.0293439 -0.0081473 0.14044 
v -0.0300528 -0.00492691 0.14044 
v -0.0304093 -0.00164875 0.14044 
v -0.0304093 0.00164875 0.14044 
v -0.0300528 0.00492691 0.14044 
v -0.0293439 0.0081473 0.14044 
v -0.028291 0.0112722 0.14044 
v -0.0269065 0.0142649 0.14044 
v -0.0252064 0.0170904 0.14044 
v -0.0232109 0.0197155 0.14044 
v -0.0209432 0.0221095 0.14044 
v -0.01843 0.0242442 0.14044 
v -0.0157007 0.0260947 0.14044 
v -0.0127873 0.0276393 0.14044 
v -0.009724 0.0288598 0.14044 
v -0.00654671 0.029742 0.14044 
v -0.00329265 0.0302755 0.14044 
v 0 0.030454 0.14044 
v 0.00328001 0.0301592 0.140283 
v 0.00652157 0.0296278 0.140283 
v 0.00968667 0.028749 0.140283 
v 0.0127382 0.0275332 0.140283 
v 0.0156404 0.0259945 0.140283 
v 0.0183592 0.0241511 0.140283 
v 0.0208628 0.0220246 0.140283 
v 0.0231218 0.0196398 0.140283 
v 0.0251097 0.0170248 0.140283 
v 0.0268032 0.0142101 0.140283 
v 0.0281824 0.0112289 0.140283 
v 0.0292313 0.00811602 0.140283 
v 0.0299374 0.00490799 0.140283 
v 0.0302926 0.00164242 0.140283 
v 0.0302926 -0.00164242 0.140283 
v 0.0299374 -0.00490799 0.140283 
v 0.0292313 -0.00811602 0.140283 
v 0.0281824 -0.0112289 0.140283 
v 0.0268032 -0.0142101 0.140283 
v 0.0251097 -0.0170248 0.140283 
v 0.0231218 -0.0196398 0.140283 
v 0.0208628 -0.0220246 0.140283 
v 0.0183592 -0.0241511 0.140283 
v 0.0156404 -0.0259945 0.140283 
v 0.0127382 -0.0275332 0.140283 
v 0.00968667 -0.028749 0.140283 
v 0.00652157 -0.0296278 0.140283 
v 0.00328001 -0.0301592 0.140283 
v -6.31517e-18 -0.0303371 0.140283 
v -0.00328001 -0.0301592 0.140283 
v -0.00652157 -0.0296278 0.140283 
v -0.00968667 -0.028749 0.140283 
v -0.0127382 -0.0275332 0.140283 
v -0.0156404 -0.0259945 0.140283 
v -0.0183592 -0.0241511 0.140283 
v -0.0208628 -0.0220246 0.140283 
v -0.0231218 -0.0196398 0.140283 
v -0.0251097 -0.0170248 0.140283 
v -0.0268032 -0.0142101 0.140283 
v -0.0281824 -0.0112289 0.140283 
v -0.0292313 -0.00811602 0.140283 
v -0.0299374 -0.00490799 0.140283 
v -0.0302926 -0.00164242 0.140283 
v -0.0302926 0.00164242 0.140283 
v -0.0299374 0.00490799 0.140283 
v -0.0292313 0.00811602 0.140283 
v -0.0281824 0.0112289 0.140283 
v -0.0268032 0.0142101 0.140283 
v -0.0251097 0.0170248 0.140283 
v -0.0231218 0.0196398 0.140283 
v -0.0208628 0.0220246 0.140283 
v -0.0183592 0.0241511 0.140283 
v -0.0156404 0.0259945 0.140283 
v -0.0127382 0.0275332 0.140283 
v -0.00968667 0.028749 0.140283 
v -0.00652157 0.0296278 0.140283 
v -0.00328001 0.0301592 0.140283 
v 0 0.0303371 0.140283 
v 0.0032691 0.0300589 0.140114 
v 0.00649988 0.0295293 0.140114 
v 0.00965445 0.0286534 0.140114 
v 0.0126958 0.0274416 0.140114 
v 0.0155884 0.0259081 0.140114 
v 0.0182981 0.0240708 0.140114 
v 0.0207934 0.0219513 0.140114 
v 0.0230449 0.0195745 0.140114 
v 0.0250261 0.0169681 0.140114 
v 0.026714 0.0141629 0.140114 
v 0.0280887 0.0111916 0.140114 
v 0.029134 0.00808903 0.140114 
v 0.0298378 0.00489167 0.140114 
v 0.0301918 0.00163695 0.140114 
v 0.0301918 -0.00163695 0.140114 
v 0.0298378 -0.00489167 0.140114 
v 0.029134 -0.00808903 0.140114 
v 0.0280887 -0.0111916 0.140114 
v 0.026714 -0.0141629 0.140114 
v 0.0250261 -0.0169681 0.140114 
v 0.0230449 -0.0195745 0.140114 
v 0.0207934 -0.0219513 0.140114 
v 0.0182981 -0.0240708 0.140114 
v 0.0155884 -0.0259081 0.140114 
v 0.0126958 -0.0274416 0.140114 
v 0.00965445 -0.0286534 0.140114 
v 0.00649988 -0.0295293 0.140114 
v 0.0032691 -0.0300589 0.140114 
v -6.29416e-18 -0.0302362 0.140114 
v -0.0032691 -0.0300589 0.140114 
v -0.00649988 -0.0295293 0.140114 
v -0.00965445 -0.0286534 0.140114 
v -0.0126958 -0.0274416 0.140114 
v -0.0155884 -0.0259081 0.140114 
v -0.0182981 -0.0240708 0.140114 
v -0.0207934 -0.0219513 0.140114 
v -0.0230449 -0.0195745 0.140114 
v -0.0250261 -0.0169681 0.140114 
v -0.026714 -0.0141629 0.140114 
v -0.0280887 -0.0111916 0.140114 
v -0.029134 -0.00808903 0.140114 
v -0.0298378 -0.00489167 0.140114 
v -0.0301918 -0.00163695 0.140114 
v -0.0301918 0.00163695 0.140114 
v -0.0298378 0.00489167 0.140114 
v -0.029134 0.00808903 0.140114 
v -0.0280887 0.0111916 0.140114 
v -0.026714 0.0141629 0.140114 
v -0.0250261 0.0169681 0.140114 
v -0.0230449 0.0195745 0.140114 
v -0.0207934 0.0219513 0.140114 
v -0.0182981 0.0240708 0.140114 
v -0.0155884 0.0259081 0.140114 
v -0.0126958 0.0274416 0.140114 
v -0.00965445 0.0286534 0.140114 
v -0.00649988 0.0295293 0.140114 
v -0.0032691 0.0300589 0.140114 
v 0 0.0302362 0.140114 
v 0.00326003 0.0299755 0.139937 
v 0.00648184 0.0294473 0.139937 
v 0.00962766 0.0285739 0.139937 
v 0.0126606 0.0273654 0.139937 
v 0.0155451 0.0258362 0.139937 
v 0.0182474 0.024004 0.139937 
v 0.0207357 0.0218904 0.139937 
v 0.0229809 0.0195201 0.139937 
v 0.0249567 0.016921 0.139937 
v 0.0266399 0.0141236 0.139937 
v 0.0280107 0.0111605 0.139937 
v 0.0290532 0.00806658 0.139937 
v 0.029755 0.00487809 0.139937 
v 0.030108 0.00163241 0.139937 
v 0.030108 -0.00163241 0.139937 
v 0.029755 -0.00487809 0.139937 
v 0.0290532 -0.00806658 0.139937 
v 0.0280107 -0.0111605 0.139937 
v 0.0266399 -0.0141236 0.139937 
v 0.0249567 -0.016921 0.139937 
v 0.0229809 -0.0195201 0.139937 
v 0.0207357 -0.0218904 0.139937 
v 0.0182474 -0.024004 0.139937 
v 0.0155451 -0.0258362 0.139937 
v 0.0126606 -0.0273654 0.139937 
v 0.00962766 -0.0285739 0.139937 
v 0.00648184 -0.0294473 0.139937 
v 0.00326003 -0.0299755 0.139937 
v -6.2767e-18 -0.0301522 0.139937 
v -0.00326003 -0.0299755 0.139937 
v -0.00648184 -0.0294473 0.139937 
v -0.00962766 -0.0285739 0.139937 
v -0.0126606 -0.0273654 0.139937 
v -0.0155451 -0.0258362 0.139937 
v -0.0182474 -0.024004 0.139937 
v -0.0207357 -0.0218904 0.139937 
v -0.0229809 -0.0195201 0.139937 
v -0.0249567 -0.016921 0.139937 
v -0.0266399 -0.0141236 0.139937 
v -0.0280107 -0.0111605 0.139937 
v -0.0290532 -0.00806658 0.139937 
v -0.029755 -0.00487809 0.139937 
v -0.030108 -0.00163241 0.139937 
v -0.030108 0.00163241 0.139937 
v -0.029755 0.00487809 0.139937 
v -0.0290532 0.00806658 0.139937 
v -0.0280107 0.0111605 0.139937 
v -0.0266399 0.0141236 0.139937 
v -0.0249567 0.016921 0.139937 
v -0.0229809 0.0195201 0.139937 
v -0.0207357 0.0218904 0.139937 
v -0.0182474 0.024004 0.139937 
v -0.0155451 0.0258362 0.139937 
v -0.0126606 0.0273654 0.139937 
v -0.00962766 0.0285739 0.139937 
v -0.00648184 0.0294473 0.139937 
v -0.00326003 0.0299755 0.139937 
v 0 0.0301522 0.139937 
v 0.00325288 0.0299098 0.139752 
v 0.00646763 0.0293827 0.139752 
v 0.00960654 0.0285112 0.139752 
v 0.0126328 0.0273054 0.139752 
v 0.015511 0.0257795 0.139752 
v 0.0182073 0.0239514 0.139752 
v 0.0206902 0.0218424 0.139752 
v 0.0229305 0.0194773 0.139752 
v 0.0249019 0.0168839 0.139752 
v 0.0265814 0.0140926 0.139752 
v 0.0279493 0.011136 0.139752 
v 0.0289895 0.00804889 0.139752 
v 0.0296898 0.00486739 0.139752 
v 0.030042 0.00162883 0.139752 
v 0.030042 -0.00162883 0.139752 
v 0.0296898 -0.00486739 0.139752 
v 0.0289895 -0.00804889 0.139752 
v 0.0279493 -0.011136 0.139752 
v 0.0265814 -0.0140926 0.139752 
v 0.0249019 -0.0168839 0.139752 
v 0.0229305 -0.0194773 0.139752 
v 0.0206902 -0.0218424 0.139752 
v 0.0182073 -0.0239514 0.139752 
v 0.015511 -0.0257795 0.139752 
v 0.0126328 -0.0273054 0.139752 
v 0.00960654 -0.0285112 0.139752 
v 0.00646763 -0.0293827 0.139752 
v 0.00325288 -0.0299098 0.139752 
v -6.26293e-18 -0.0300861 0.139752 
v -0.00325288 -0.0299098 0.139752 
v -0.00646763 -0.0293827 0.139752 
v -0.00960654 -0.0285112 0.139752 
v -0.0126328 -0.0273054 0.139752 
v -0.015511 -0.0257795 0.139752 
v -0.0182073 -0.0239514 0.139752 
v -0.0206902 -0.0218424 0.139752 
v -0.0229305 -0.0194773 0.139752 
v -0.0249019 -0.0168839 0.139752 
v -0.0265814 -0.0140926 0.139752 
v -0.0279493 -0.011136 0.139752 
v -0.0289895 -0.00804889 0.139752 
v -0.0296898 -0.00486739 0.139752 
v -0.030042 -0.00162883 0.139752 
v -0.030042 0.00162883 0.139752 
v -0.0296898 0.00486739 0.139752 
v -0.0289895 0.00804889 0.139752 
v -0.0279493 0.011136 0.139752 
v -0.0265814 0.0140926 0.139752 
v -0.0249019 0.0168839 0.139752 
v -0.0229305 0.0194773 0.139752 
v -0.0206902 0.0218424 0.139752 
v -0.0182073 0.0239514 0.139752 
v -0.015511 0.0257795 0.139752 
v -0.0126328 0.0273054 0.139752 
v -0.00960654 0.0285112 0.139752 
v -0.00646763 0.0293827 0.139752 
v -0.00325288 0.0299098 0.139752 
v 0 0.0300861 0.139752 
v 0.00324773 0.0298623 0.139562 
v 0.00645737 0.0293361 0.139562 
v 0.00959132 0.028466 0.139562 
v 0.0126128 0.0272621 0.139562 
v 0.0154864 0.0257386 0.139562 
v 0.0181785 0.0239134 0.139562 
v 0.0206574 0.0218078 0.139562 
v 0.0228942 0.0194465 0.139562 
v 0.0248625 0.0168572 0.139562 
v 0.0265393 0.0140703 0.139562 
v 0.027905 0.0111184 0.139562 
v 0.0289435 0.00803613 0.139562 
v 0.0296427 0.00485968 0.139562 
v 0.0299944 0.00162625 0.139562 
v 0.0299944 -0.00162625 0.139562 
v 0.0296427 -0.00485968 0.139562 
v 0.0289435 -0.00803613 0.139562 
v 0.027905 -0.0111184 0.139562 
v 0.0265393 -0.0140703 0.139562 
v 0.0248625 -0.0168572 0.139562 
v 0.0228942 -0.0194465 0.139562 
v 0.0206574 -0.0218078 0.139562 
v 0.0181785 -0.0239134 0.139562 
v 0.0154864 -0.0257386 0.139562 
v 0.0126128 -0.0272621 0.139562 
v 0.00959132 -0.028466 0.139562 
v 0.00645737 -0.0293361 0.139562 
v 0.00324773 -0.0298623 0.139562 
v -6.253e-18 -0.0300384 0.139562 
v -0.00324773 -0.0298623 0.139562 
v -0.00645737 -0.0293361 0.139562 
v -0.00959132 -0.028466 0.139562 
v -0.0126128 -0.0272621 0.139562 
v -0.0154864 -0.0257386 0.139562 
v -0.0181785 -0.0239134 0.139562 
v -0.0206574 -0.0218078 0.139562 
v -0.0228942 -0.0194465 0.139562 
v -0.0248625 -0.0168572 0.139562 
v -0.0265393 -0.0140703 0.139562 
v -0.027905 -0.0111184 0.139562 
v -0.0289435 -0.00803613 0.139562 
v -0.0296427 -0.00485968 0.139562 
v -0.0299944 -0.00162625 0.139562 
v -0.0299944 0.00162625 0.139562 
v -0.0296427 0.00485968 0.139562 
v -0.0289435 0.00803613 0.139562 
v -0.027905 0.0111184 0.139562 
v -0.0265393 0.0140703 0.139562 
v -0.0248625 0.0168572 0.139562 
v -0.0228942 0.0194465 0.139562 
v -0.0206574 0.0218078 0.139562 
v -0.0181785 0.0239134 0.139562 
v -0.0154864 0.0257386 0.139562 
v -0.0126128 0.0272621 0.139562 
v -0.00959132 0.028466 0.139562 
v -0.00645737 0.0293361 0.139562 
v -0.00324773 0.0298623 0.139562 
v 0 0.0300384 0.139562 
v 0.00324461 0.0298337 0.139368 
v 0.00645118 0.029308 0.139368 
v 0.00958212 0.0284387 0.139368 
v 0.0126007 0.027236 0.139368 
v 0.0154716 0.025714 0.139368 
v 0.0181611 0.0238905 0.139368 
v 0.0206376 0.0217869 0.139368 
v 0.0228722 0.0194278 0.139368 
v 0.0248386 0.016841 0.139368 
v 0.0265139 0.0140568 0.139368 
v 0.0278782 0.0111077 0.139368 
v 0.0289158 0.00802843 0.139368 
v 0.0296143 0.00485502 0.139368 
v 0.0299656 0.00162469 0.139368 
v 0.0299656 -0.00162469 0.139368 
v 0.0296143 -0.00485502 0.139368 
v 0.0289158 -0.00802843 0.139368 
v 0.0278782 -0.0111077 0.139368 
v 0.0265139 -0.0140568 0.139368 
v 0.0248386 -0.016841 0.139368 
v 0.0228722 -0.0194278 0.139368 
v 0.0206376 -0.0217869 0.139368 
v 0.0181611 -0.0238905 0.139368 
v 0.0154716 -0.025714 0.139368 
v 0.0126007 -0.027236 0.139368 
v 0.00958212 -0.0284387 0.139368 
v 0.00645118 -0.029308 0.139368 
v 0.00324461 -0.0298337 0.139368 
v -6.24701e-18 -0.0300096 0.139368 
v -0.00324461 -0.0298337 0.139368 
v -0.00645118 -0.029308 0.139368 
v -0.00958212 -0.0284387 0.139368 
v -0.0126007 -0.027236 0.139368 
v -0.0154716 -0.025714 0.139368 
v -0.0181611 -0.0238905 0.139368 
v -0.0206376 -0.0217869 0.139368 
v -0.0228722 -0.0194278 0.139368 
v -0.0248386 -0.016841 0.139368 
v -0.0265139 -0.0140568 0.139368 
v -0.0278782 -0.0111077 0.139368 
v -0.0289158 -0.00802843 0.139368 
v -0.0296143 -0.00485502 0.139368 
v -0.0299656 -0.00162469 0.139368 
v -0.0299656 0.00162469 0.139368 
v -0.0296143 0.00485502 0.139368 
v -0.0289158 0.00802843 0.139368 
v -0.0278782 0.0111077 0.139368 
v -0.0265139 0.0140568 0.139368 
v -0.0248386 0.016841 0.139368 
v -0.0228722 0.0194278 0.139368 
v -0.0206376 0.0217869 0.139368 
v -0.0181611 0.0238905 0.139368 
v -0.0154716 0.025714 0.139368 
v -0.0126007 0.027236 0.139368 
v -0.00958212 0.0284387 0.139368 
v -0.00645118 0.029308 0.139368 
v -0.00324461 0.0298337 0.139368 
v 0 0.0300096 0.139368 
v 0.00569898 -0.0687765 0.179012 
v 0 -0.0690122 0.179012 
v 0.00745529 -0.0685576 0.179012 
v 0.011359 -0.068071 0.179012 
v 0.0148242 -0.0673444 0.179012 
v 0.0169415 -0.0669004 0.179012 
v 0.0220314 -0.0653851 0.179012 
v 0.0277219 -0.0631995 0.179012 
v 0.0224082 -0.0652729 0.179012 
v 0.0289585 -0.062595 0.179012 
v 0.0328462 -0.0606944 0.179012 
v 0.0355496 -0.0590835 0.179012 
v 0.0377461 -0.0577747 0.179012 
v 0.0417481 -0.0549173 0.179012 
v 0.0467407 -0.0507739 0.179012 
v 0.0423882 -0.0544603 0.179012 
v 0.0474359 -0.0500788 0.179012 
v 0.0507739 -0.0467407 0.179012 
v 0.0525535 -0.0446395 0.179012 
v 0.0544603 -0.0423882 0.179012 
v 0.0570891 -0.0387063 0.179012 
v 0.0577747 -0.0377461 0.179012 
v 0.0609535 -0.0323163 0.179012 
v 0.0606944 -0.0328462 0.179012 
v 0.0631995 -0.0277219 0.179012 
v 0.0640574 -0.0255233 0.179012 
v 0.0652729 -0.0224082 0.179012 
v 0.0664516 -0.0184493 0.179012 
v 0.0669004 -0.0169415 0.179012 
v 0.0680953 -0.011164 0.179012 
v 0.068071 -0.011359 0.179012 
v 0.0687765 -0.00569898 0.179012 
v 0.0688578 -0.00373404 0.179012 
v 0.0690122 -4.22578e-18 0.179012 
v 0.0688578 0.00373404 0.179012 
v 0.0687765 0.00569898 0.179012 
v 0.0680953 0.011164 0.179012 
v 0.0669004 0.0169415 0.179012 
v 0.068071 0.011359 0.179012 
v 0.0664516 0.0184493 0.179012 
v 0.0652729 0.0224082 0.179012 
v 0.0640574 0.0255233 0.179012 
v 0.0631995 0.0277219 0.179012 
v 0.0609535 0.0323163 0.179012 
v 0.0577747 0.0377461 0.179012 
v 0.0606944 0.0328462 0.179012 
v 0.0570891 0.0387063 0.179012 
v 0.0544603 0.0423882 0.179012 
v 0.0525535 0.0446395 0.179012 
v 0.0507739 0.0467407 0.179012 
v 0.0474359 0.0500788 0.179012 
v 0.0467407 0.0507739 0.179012 
v 0.0417481 0.0549173 0.179012 
v 0.0423882 0.0544603 0.179012 
v 0.0377461 0.0577747 0.179012 
v 0.0355496 0.0590835 0.179012 
v 0.0328462 0.0606944 0.179012 
v 0.0289585 0.062595 0.179012 
v 0.0277219 0.0631995 0.179012 
v 0.0220314 0.0653851 0.179012 
v 0.0224082 0.0652729 0.179012 
v 0.0169415 0.0669004 0.179012 
v 0.0148242 0.0673444 0.179012 
v 0.011359 0.068071 0.179012 
v 0.00745529 0.0685576 0.179012 
v 0.00569898 0.0687765 0.179012 
v 2.53547e-17 0.0690122 0.179012 
v -0.00569898 0.0687765 0.179012 
v -0.00745529 0.0685576 0.179012 
v -0.011359 0.068071 0.179012 
v -0.0148242 0.0673444 0.179012 
v -0.0169415 0.0669004 0.179012 
v -0.0220314 0.0653851 0.179012 
v -0.0277219 0.0631995 0.179012 
v -0.0224082 0.0652729 0.179012 
v -0.0289585 0.062595 0.179012 
v -0.0328462 0.0606944 0.179012 
v -0.0355496 0.0590835 0.179012 
v -0.0377461 0.0577747 0.179012 
v -0.0417481 0.0549173 0.179012 
v -0.0467407 0.0507739 0.179012 
v -0.0423882 0.0544603 0.179012 
v -0.0474359 0.0500788 0.179012 
v -0.0507739 0.0467407 0.179012 
v -0.0525535 0.0446395 0.179012 
v -0.0544603 0.0423882 0.179012 
v -0.0570891 0.0387063 0.179012 
v -0.0577747 0.0377461 0.179012 
v -0.0609535 0.0323163 0.179012 
v -0.0606944 0.0328462 0.179012 
v -0.0631995 0.0277219 0.179012 
v -0.0640574 0.0255233 0.179012 
v -0.0652729 0.0224082 0.179012 
v -0.0664516 0.0184493 0.179012 
v -0.0669004 0.0169415 0.179012 
v -0.0680953 0.011164 0.179012 
v -0.068071 0.011359 0.179012 
v -0.0687765 0.00569898 0.179012 
v -0.0688578 0.00373404 0.179012 
v -0.0690122 1.96563e-16 0.179012 
v -0.0688578 -0.00373404 0.179012 
v -0.0687765 -0.00569898 0.179012 
v -0.0680953 -0.011164 0.179012 
v -0.0669004 -0.0169415 0.179012 
v -0.068071 -0.011359 0.179012 
v -0.0664516 -0.0184493 0.179012 
v -0.0652729 -0.0224082 0.179012 
v -0.0640574 -0.0255233 0.179012 
v -0.0631995 -0.0277219 0.179012 
v -0.0609535 -0.0323163 0.179012 
v -0.0577747 -0.0377461 0.179012 
v -0.0606944 -0.0328462 0.179012 
v -0.0570891 -0.0387063 0.179012 
v -0.0544603 -0.0423882 0.179012 
v -0.0525535 -0.0446395 0.179012 
v -0.0507739 -0.0467407 0.179012 
v -0.0474359 -0.0500788 0.179012 
v -0.0467407 -0.0507739 0.179012 
v -0.0417481 -0.0549173 0.179012 
v -0.0423882 -0.0544603 0.179012 
v -0.0377461 -0.0577747 0.179012 
v -0.0355496 -0.0590835 0.179012 
v -0.0328462 -0.0606944 0.179012 
v -0.0289585 -0.062595 0.179012 
v -0.0277219 -0.0631995 0.179012 
v -0.0220314 -0.0653851 0.179012 
v -0.0224082 -0.0652729 0.179012 
v -0.0169415 -0.0669004 0.179012 
v -0.0148242 -0.0673444 0.179012 
v -0.011359 -0.068071 0.179012 
v -0.00745529 -0.0685576 0.179012 
v -0.00569898 -0.0687765 0.179012 
v 0 -0.067598 0.182426 
v 0.0055822 -0.0673671 0.182426 
v 0.0111263 -0.066676 0.182426 
v 0.0165943 -0.0655295 0.182426 
v 0.021949 -0.0639353 0.182426 
v 0.0271538 -0.0619044 0.182426 
v 0.0321731 -0.0594506 0.182426 
v 0.0369726 -0.0565908 0.182426 
v 0.0415195 -0.0533443 0.182426 
v 0.0457829 -0.0497335 0.182426 
v 0.0497335 -0.0457829 0.182426 
v 0.0533443 -0.0415195 0.182426 
v 0.0565908 -0.0369726 0.182426 
v 0.0594506 -0.0321731 0.182426 
v 0.0619044 -0.0271538 0.182426 
v 0.0639353 -0.021949 0.182426 
v 0.0655295 -0.0165943 0.182426 
v 0.066676 -0.0111263 0.182426 
v 0.0673671 -0.0055822 0.182426 
v 0.067598 -4.13918e-18 0.182426 
v 0.0673671 0.0055822 0.182426 
v 0.066676 0.0111263 0.182426 
v 0.0655295 0.0165943 0.182426 
v 0.0639353 0.021949 0.182426 
v 0.0619044 0.0271538 0.182426 
v 0.0594506 0.0321731 0.182426 
v 0.0565908 0.0369726 0.182426 
v 0.0533443 0.0415195 0.182426 
v 0.0497335 0.0457829 0.182426 
v 0.0457829 0.0497335 0.182426 
v 0.0415195 0.0533443 0.182426 
v 0.0369726 0.0565908 0.182426 
v 0.0321731 0.0594506 0.182426 
v 0.0271538 0.0619044 0.182426 
v 0.021949 0.0639353 0.182426 
v 0.0165943 0.0655295 0.182426 
v 0.0111263 0.066676 0.182426 
v 0.0055822 0.0673671 0.182426 
v 1.88396e-16 0.067598 0.182426 
v -0.0055822 0.0673671 0.182426 
v -0.0111263 0.066676 0.182426 
v -0.0165943 0.0655295 0.182426 
v -0.021949 0.0639353 0.182426 
v -0.0271538 0.0619044 0.182426 
v -0.0321731 0.0594506 0.182426 
v -0.0369726 0.0565908 0.182426 
v -0.0415195 0.0533443 0.182426 
v -0.0457829 0.0497335 0.182426 
v -0.0497335 0.0457829 0.182426 
v -0.0533443 0.0415195 0.182426 
v -0.0565908 0.0369726 0.182426 
v -0.0594506 0.0321731 0.182426 
v -0.0619044 0.0271538 0.182426 
v -0.0639353 0.021949 0.182426 
v -0.0655295 0.0165943 0.182426 
v -0.066676 0.0111263 0.182426 
v -0.0673671 0.0055822 0.182426 
v -0.067598 1.92535e-16 0.182426 
v -0.0673671 -0.0055822 0.182426 
v -0.066676 -0.0111263 0.182426 
v -0.0655295 -0.0165943 0.182426 
v -0.0639353 -0.021949 0.182426 
v -0.0619044 -0.0271538 0.182426 
v -0.0594506 -0.0321731 0.182426 
v -0.0565908 -0.0369726 0.182426 
v -0.0533443 -0.0415195 0.182426 
v -0.0497335 -0.0457829 0.182426 
v -0.0457829 -0.0497335 0.182426 
v -0.0415195 -0.0533443 0.182426 
v -0.0369726 -0.0565908 0.182426 
v -0.0321731 -0.0594506 0.182426 
v -0.0271538 -0.0619044 0.182426 
v -0.021949 -0.0639353 0.182426 
v -0.0165943 -0.0655295 0.182426 
v -0.0111263 -0.066676 0.182426 
v -0.0055822 -0.0673671 0.182426 
v 0 -0.0691553 0.179171 
v 0.0113826 -0.0682121 0.179171 
v 0.0057108 -0.0689191 0.179171 
v 0.0169766 -0.0670391 0.179171 
v 0.0224547 -0.0654082 0.179171 
v 0.0329143 -0.0608202 0.179171 
v 0.0277794 -0.0633305 0.179171 
v 0.0378243 -0.0578945 0.179171 
v 0.042476 -0.0545732 0.179171 
v 0.0508792 -0.0468376 0.179171 
v 0.0468376 -0.0508792 0.179171 
v 0.0545732 -0.042476 0.179171 
v 0.0578945 -0.0378243 0.179171 
v 0.0633305 -0.0277794 0.179171 
v 0.0608202 -0.0329143 0.179171 
v 0.0654082 -0.0224547 0.179171 
v 0.0670391 -0.0169766 0.179171 
v 0.0689191 -0.0057108 0.179171 
v 0.0682121 -0.0113826 0.179171 
v 0.0691553 0 0.179171 
v 0.0689191 0.0057108 0.179171 
v 0.0682121 0.0113826 0.179171 
v 0.0654082 0.0224547 0.179171 
v 0.0670391 0.0169766 0.179171 
v 0.0633305 0.0277794 0.179171 
v 0.0608202 0.0329143 0.179171 
v 0.0545732 0.042476 0.179171 
v 0.0578945 0.0378243 0.179171 
v 0.0508792 0.0468376 0.179171 
v 0.0468376 0.0508792 0.179171 
v 0.0378243 0.0578945 0.179171 
v 0.042476 0.0545732 0.179171 
v 0.0329143 0.0608202 0.179171 
v 0.0277794 0.0633305 0.179171 
v 0.0169766 0.0670391 0.179171 
v 0.0224547 0.0654082 0.179171 
v 0.0113826 0.0682121 0.179171 
v 0.0057108 0.0689191 0.179171 
v 1.34361e-17 0.0691553 0.179171 
v -0.0113826 0.0682121 0.179171 
v -0.0057108 0.0689191 0.179171 
v -0.0169766 0.0670391 0.179171 
v -0.0224547 0.0654082 0.179171 
v -0.0329143 0.0608202 0.179171 
v -0.0277794 0.0633305 0.179171 
v -0.0378243 0.0578945 0.179171 
v -0.042476 0.0545732 0.179171 
v -0.0508792 0.0468376 0.179171 
v -0.0468376 0.0508792 0.179171 
v -0.0545732 0.042476 0.179171 
v -0.0578945 0.0378243 0.179171 
v -0.0633305 0.0277794 0.179171 
v -0.0608202 0.0329143 0.179171 
v -0.0654082 0.0224547 0.179171 
v -0.0670391 0.0169766 0.179171 
v -0.0689191 0.0057108 0.179171 
v -0.0682121 0.0113826 0.179171 
v -0.0691553 2.30333e-17 0.179171 
v -0.0689191 -0.0057108 0.179171 
v -0.0682121 -0.0113826 0.179171 
v -0.0654082 -0.0224547 0.179171 
v -0.0670391 -0.0169766 0.179171 
v -0.0633305 -0.0277794 0.179171 
v -0.0608202 -0.0329143 0.179171 
v -0.0545732 -0.042476 0.179171 
v -0.0578945 -0.0378243 0.179171 
v -0.0508792 -0.0468376 0.179171 
v -0.0468376 -0.0508792 0.179171 
v -0.0378243 -0.0578945 0.179171 
v -0.042476 -0.0545732 0.179171 
v -0.0329143 -0.0608202 0.179171 
v -0.0277794 -0.0633305 0.179171 
v -0.0169766 -0.0670391 0.179171 
v -0.0224547 -0.0654082 0.179171 
v -0.0113826 -0.0682121 0.179171 
v -0.0057108 -0.0689191 0.179171 
v 0 -0.0692805 0.179345 
v 0.00572114 -0.0690439 0.179345 
v 0.0114032 -0.0683356 0.179345 
v 0.0170074 -0.0671605 0.179345 
v 0.0224953 -0.0655267 0.179345 
v 0.0278297 -0.0634452 0.179345 
v 0.0329739 -0.0609304 0.179345 
v 0.0378928 -0.0579993 0.179345 
v 0.042553 -0.054672 0.179345 
v 0.0469224 -0.0509713 0.179345 
v 0.0509713 -0.0469224 0.179345 
v 0.054672 -0.042553 0.179345 
v 0.0579993 -0.0378928 0.179345 
v 0.0609304 -0.0329739 0.179345 
v 0.0634452 -0.0278297 0.179345 
v 0.0655267 -0.0224953 0.179345 
v 0.0671605 -0.0170074 0.179345 
v 0.0683356 -0.0114032 0.179345 
v 0.0690439 -0.00572114 0.179345 
v 0.0692805 0 0.179345 
v 0.0690439 0.00572114 0.179345 
v 0.0683356 0.0114032 0.179345 
v 0.0671605 0.0170074 0.179345 
v 0.0655267 0.0224953 0.179345 
v 0.0634452 0.0278297 0.179345 
v 0.0609304 0.0329739 0.179345 
v 0.0579993 0.0378928 0.179345 
v 0.054672 0.042553 0.179345 
v 0.0509713 0.0469224 0.179345 
v 0.0469224 0.0509713 0.179345 
v 0.042553 0.054672 0.179345 
v 0.0378928 0.0579993 0.179345 
v 0.0329739 0.0609304 0.179345 
v 0.0278297 0.0634452 0.179345 
v 0.0224953 0.0655267 0.179345 
v 0.0170074 0.0671605 0.179345 
v 0.0114032 0.0683356 0.179345 
v 0.00572114 0.0690439 0.179345 
v 1.34604e-17 0.0692805 0.179345 
v -0.00572114 0.0690439 0.179345 
v -0.0114032 0.0683356 0.179345 
v -0.0170074 0.0671605 0.179345 
v -0.0224953 0.0655267 0.179345 
v -0.0278297 0.0634452 0.179345 
v -0.0329739 0.0609304 0.179345 
v -0.0378928 0.0579993 0.179345 
v -0.042553 0.054672 0.179345 
v -0.0469224 0.0509713 0.179345 
v -0.0509713 0.0469224 0.179345 
v -0.054672 0.042553 0.179345 
v -0.0579993 0.0378928 0.179345 
v -0.0609304 0.0329739 0.179345 
v -0.0634452 0.0278297 0.179345 
v -0.0655267 0.0224953 0.179345 
v -0.0671605 0.0170074 0.179345 
v -0.0683356 0.0114032 0.179345 
v -0.0690439 0.00572114 0.179345 
v -0.0692805 2.3075e-17 0.179345 
v -0.0690439 -0.00572114 0.179345 
v -0.0683356 -0.0114032 0.179345 
v -0.0671605 -0.0170074 0.179345 
v -0.0655267 -0.0224953 0.179345 
v -0.0634452 -0.0278297 0.179345 
v -0.0609304 -0.0329739 0.179345 
v -0.0579993 -0.0378928 0.179345 
v -0.054672 -0.042553 0.179345 
v -0.0509713 -0.0469224 0.179345 
v -0.0469224 -0.0509713 0.179345 
v -0.042553 -0.054672 0.179345 
v -0.0378928 -0.0579993 0.179345 
v -0.0329739 -0.0609304 0.179345 
v -0.0278297 -0.0634452 0.179345 
v -0.0224953 -0.0655267 0.179345 
v -0.0170074 -0.0671605 0.179345 
v -0.0114032 -0.0683356 0.179345 
v -0.00572114 -0.0690439 0.179345 
v 0 -0.0693864 0.179531 
v 0.00572989 -0.0691494 0.179531 
v 0.0114206 -0.0684401 0.179531 
v 0.0170334 -0.0672632 0.179531 
v 0.0225297 -0.0656269 0.179531 
v 0.0278722 -0.0635422 0.179531 
v 0.0330243 -0.0610235 0.179531 
v 0.0379508 -0.058088 0.179531 
v 0.042618 -0.0547556 0.179531 
v 0.0469942 -0.0510493 0.179531 
v 0.0510493 -0.0469942 0.179531 
v 0.0547556 -0.042618 0.179531 
v 0.058088 -0.0379508 0.179531 
v 0.0610235 -0.0330243 0.179531 
v 0.0635422 -0.0278722 0.179531 
v 0.0656269 -0.0225297 0.179531 
v 0.0672632 -0.0170334 0.179531 
v 0.0684401 -0.0114206 0.179531 
v 0.0691494 -0.00572989 0.179531 
v 0.0693864 0 0.179531 
v 0.0691494 0.00572989 0.179531 
v 0.0684401 0.0114206 0.179531 
v 0.0672632 0.0170334 0.179531 
v 0.0656269 0.0225297 0.179531 
v 0.0635422 0.0278722 0.179531 
v 0.0610235 0.0330243 0.179531 
v 0.058088 0.0379508 0.179531 
v 0.0547556 0.042618 0.179531 
v 0.0510493 0.0469942 0.179531 
v 0.0469942 0.0510493 0.179531 
v 0.042618 0.0547556 0.179531 
v 0.0379508 0.058088 0.179531 
v 0.0330243 0.0610235 0.179531 
v 0.0278722 0.0635422 0.179531 
v 0.0225297 0.0656269 0.179531 
v 0.0170334 0.0672632 0.179531 
v 0.0114206 0.0684401 0.179531 
v 0.00572989 0.0691494 0.179531 
v 1.3481e-17 0.0693864 0.179531 
v -0.00572989 0.0691494 0.179531 
v -0.0114206 0.0684401 0.179531 
v -0.0170334 0.0672632 0.179531 
v -0.0225297 0.0656269 0.179531 
v -0.0278722 0.0635422 0.179531 
v -0.0330243 0.0610235 0.179531 
v -0.0379508 0.058088 0.179531 
v -0.042618 0.0547556 0.179531 
v -0.0469942 0.0510493 0.179531 
v -0.0510493 0.0469942 0.179531 
v -0.0547556 0.042618 0.179531 
v -0.058088 0.0379508 0.179531 
v -0.0610235 0.0330243 0.179531 
v -0.0635422 0.0278722 0.179531 
v -0.0656269 0.0225297 0.179531 
v -0.0672632 0.0170334 0.179531 
v -0.0684401 0.0114206 0.179531 
v -0.0691494 0.00572989 0.179531 
v -0.0693864 2.31103e-17 0.179531 
v -0.0691494 -0.00572989 0.179531 
v -0.0684401 -0.0114206 0.179531 
v -0.0672632 -0.0170334 0.179531 
v -0.0656269 -0.0225297 0.179531 
v -0.0635422 -0.0278722 0.179531 
v -0.0610235 -0.0330243 0.179531 
v -0.058088 -0.0379508 0.179531 
v -0.0547556 -0.042618 0.179531 
v -0.0510493 -0.0469942 0.179531 
v -0.0469942 -0.0510493 0.179531 
v -0.042618 -0.0547556 0.179531 
v -0.0379508 -0.058088 0.179531 
v -0.0330243 -0.0610235 0.179531 
v -0.0278722 -0.0635422 0.179531 
v -0.0225297 -0.0656269 0.179531 
v -0.0170334 -0.0672632 0.179531 
v -0.0114206 -0.0684401 0.179531 
v -0.00572989 -0.0691494 0.179531 
v 0 -0.0694719 0.179727 
v 0.00573694 -0.0692346 0.179727 
v 0.0114347 -0.0685244 0.179727 
v 0.0170543 -0.0673461 0.179727 
v 0.0225575 -0.0657077 0.179727 
v 0.0279065 -0.0636205 0.179727 
v 0.033065 -0.0610987 0.179727 
v 0.0379975 -0.0581595 0.179727 
v 0.0426705 -0.0548231 0.179727 
v 0.047052 -0.0511121 0.179727 
v 0.0511121 -0.047052 0.179727 
v 0.0548231 -0.0426705 0.179727 
v 0.0581595 -0.0379975 0.179727 
v 0.0610987 -0.033065 0.179727 
v 0.0636205 -0.0279065 0.179727 
v 0.0657077 -0.0225575 0.179727 
v 0.0673461 -0.0170543 0.179727 
v 0.0685244 -0.0114347 0.179727 
v 0.0692346 -0.00573694 0.179727 
v 0.0694719 0 0.179727 
v 0.0692346 0.00573694 0.179727 
v 0.0685244 0.0114347 0.179727 
v 0.0673461 0.0170543 0.179727 
v 0.0657077 0.0225575 0.179727 
v 0.0636205 0.0279065 0.179727 
v 0.0610987 0.033065 0.179727 
v 0.0581595 0.0379975 0.179727 
v 0.0548231 0.0426705 0.179727 
v 0.0511121 0.047052 0.179727 
v 0.047052 0.0511121 0.179727 
v 0.0426705 0.0548231 0.179727 
v 0.0379975 0.0581595 0.179727 
v 0.033065 0.0610987 0.179727 
v 0.0279065 0.0636205 0.179727 
v 0.0225575 0.0657077 0.179727 
v 0.0170543 0.0673461 0.179727 
v 0.0114347 0.0685244 0.179727 
v 0.00573694 0.0692346 0.179727 
v 1.34976e-17 0.0694719 0.179727 
v -0.00573694 0.0692346 0.179727 
v -0.0114347 0.0685244 0.179727 
v -0.0170543 0.0673461 0.179727 
v -0.0225575 0.0657077 0.179727 
v -0.0279065 0.0636205 0.179727 
v -0.033065 0.0610987 0.179727 
v -0.0379975 0.0581595 0.179727 
v -0.0426705 0.0548231 0.179727 
v -0.047052 0.0511121 0.179727 
v -0.0511121 0.047052 0.179727 
v -0.0548231 0.0426705 0.179727 
v -0.0581595 0.0379975 0.179727 
v -0.0610987 0.033065 0.179727 
v -0.0636205 0.0279065 0.179727 
v -0.0657077 0.0225575 0.179727 
v -0.0673461 0.0170543 0.179727 
v -0.0685244 0.0114347 0.179727 
v -0.0692346 0.00573694 0.179727 
v -0.0694719 2.31388e-17 0.179727 
v -0.0692346 -0.00573694 0.179727 
v -0.0685244 -0.0114347 0.179727 
v -0.0673461 -0.0170543 0.179727 
v -0.0657077 -0.0225575 0.179727 
v -0.0636205 -0.0279065 0.179727 
v -0.0610987 -0.033065 0.179727 
v -0.0581595 -0.0379975 0.179727 
v -0.0548231 -0.0426705 0.179727 
v -0.0511121 -0.047052 0.179727 
v -0.047052 -0.0511121 0.179727 
v -0.0426705 -0.0548231 0.179727 
v -0.0379975 -0.0581595 0.179727 
v -0.033065 -0.0610987 0.179727 
v -0.0279065 -0.0636205 0.179727 
v -0.0225575 -0.0657077 0.179727 
v -0.0170543 -0.0673461 0.179727 
v -0.0114347 -0.0685244 0.179727 
v -0.00573694 -0.0692346 0.179727 
v 0 -0.0695359 0.179932 
v 0.00574223 -0.0692984 0.179932 
v 0.0114452 -0.0685875 0.179932 
v 0.01707 -0.0674081 0.179932 
v 0.0225783 -0.0657682 0.179932 
v 0.0279322 -0.0636791 0.179932 
v 0.0330954 -0.061155 0.179932 
v 0.0380325 -0.0582131 0.179932 
v 0.0427098 -0.0548736 0.179932 
v 0.0470954 -0.0511592 0.179932 
v 0.0511592 -0.0470954 0.179932 
v 0.0548736 -0.0427098 0.179932 
v 0.0582131 -0.0380325 0.179932 
v 0.061155 -0.0330954 0.179932 
v 0.0636791 -0.0279322 0.179932 
v 0.0657682 -0.0225783 0.179932 
v 0.0674081 -0.01707 0.179932 
v 0.0685875 -0.0114452 0.179932 
v 0.0692984 -0.00574223 0.179932 
v 0.0695359 0 0.179932 
v 0.0692984 0.00574223 0.179932 
v 0.0685875 0.0114452 0.179932 
v 0.0674081 0.01707 0.179932 
v 0.0657682 0.0225783 0.179932 
v 0.0636791 0.0279322 0.179932 
v 0.061155 0.0330954 0.179932 
v 0.0582131 0.0380325 0.179932 
v 0.0548736 0.0427098 0.179932 
v 0.0511592 0.0470954 0.179932 
v 0.0470954 0.0511592 0.179932 
v 0.0427098 0.0548736 0.179932 
v 0.0380325 0.0582131 0.179932 
v 0.0330954 0.061155 0.179932 
v 0.0279322 0.0636791 0.179932 
v 0.0225783 0.0657682 0.179932 
v 0.01707 0.0674081 0.179932 
v 0.0114452 0.0685875 0.179932 
v 0.00574223 0.0692984 0.179932 
v 1.35101e-17 0.0695359 0.179932 
v -0.00574223 0.0692984 0.179932 
v -0.0114452 0.0685875 0.179932 
v -0.01707 0.0674081 0.179932 
v -0.0225783 0.0657682 0.179932 
v -0.0279322 0.0636791 0.179932 
v -0.0330954 0.061155 0.179932 
v -0.0380325 0.0582131 0.179932 
v -0.0427098 0.0548736 0.179932 
v -0.0470954 0.0511592 0.179932 
v -0.0511592 0.0470954 0.179932 
v -0.0548736 0.0427098 0.179932 
v -0.0582131 0.0380325 0.179932 
v -0.061155 0.0330954 0.179932 
v -0.0636791 0.0279322 0.179932 
v -0.0657682 0.0225783 0.179932 
v -0.0674081 0.01707 0.179932 
v -0.0685875 0.0114452 0.179932 
v -0.0692984 0.00574223 0.179932 
v -0.0695359 2.31601e-17 0.179932 
v -0.0692984 -0.00574223 0.179932 
v -0.0685875 -0.0114452 0.179932 
v -0.0674081 -0.01707 0.179932 
v -0.0657682 -0.0225783 0.179932 
v -0.0636791 -0.0279322 0.179932 
v -0.061155 -0.0330954 0.179932 
v -0.0582131 -0.0380325 0.179932 
v -0.0548736 -0.0427098 0.179932 
v -0.0511592 -0.0470954 0.179932 
v -0.0470954 -0.0511592 0.179932 
v -0.0427098 -0.0548736 0.179932 
v -0.0380325 -0.0582131 0.179932 
v -0.0330954 -0.061155 0.179932 
v -0.0279322 -0.0636791 0.179932 
v -0.0225783 -0.0657682 0.179932 
v -0.01707 -0.0674081 0.179932 
v -0.0114452 -0.0685875 0.179932 
v -0.00574223 -0.0692984 0.179932 
v 0 -0.0695776 0.180142 
v 0.00574567 -0.06934 0.180142 
v 0.0114521 -0.0686287 0.180142 
v 0.0170803 -0.0674486 0.180142 
v 0.0225918 -0.0658077 0.180142 
v 0.027949 -0.0637173 0.180142 
v 0.0331153 -0.0611917 0.180142 
v 0.0380554 -0.0582481 0.180142 
v 0.0427355 -0.0549065 0.180142 
v 0.0471236 -0.0511899 0.180142 
v 0.0511899 -0.0471236 0.180142 
v 0.0549065 -0.0427355 0.180142 
v 0.0582481 -0.0380554 0.180142 
v 0.0611917 -0.0331153 0.180142 
v 0.0637173 -0.027949 0.180142 
v 0.0658077 -0.0225918 0.180142 
v 0.0674486 -0.0170803 0.180142 
v 0.0686287 -0.0114521 0.180142 
v 0.06934 -0.00574567 0.180142 
v 0.0695776 0 0.180142 
v 0.06934 0.00574567 0.180142 
v 0.0686287 0.0114521 0.180142 
v 0.0674486 0.0170803 0.180142 
v 0.0658077 0.0225918 0.180142 
v 0.0637173 0.027949 0.180142 
v 0.0611917 0.0331153 0.180142 
v 0.0582481 0.0380554 0.180142 
v 0.0549065 0.0427355 0.180142 
v 0.0511899 0.0471236 0.180142 
v 0.0471236 0.0511899 0.180142 
v 0.0427355 0.0549065 0.180142 
v 0.0380554 0.0582481 0.180142 
v 0.0331153 0.0611917 0.180142 
v 0.027949 0.0637173 0.180142 
v 0.0225918 0.0658077 0.180142 
v 0.0170803 0.0674486 0.180142 
v 0.0114521 0.0686287 0.180142 
v 0.00574567 0.06934 0.180142 
v 1.35182e-17 0.0695776 0.180142 
v -0.00574567 0.06934 0.180142 
v -0.0114521 0.0686287 0.180142 
v -0.0170803 0.0674486 0.180142 
v -0.0225918 0.0658077 0.180142 
v -0.027949 0.0637173 0.180142 
v -0.0331153 0.0611917 0.180142 
v -0.0380554 0.0582481 0.180142 
v -0.0427355 0.0549065 0.180142 
v -0.0471236 0.0511899 0.180142 
v -0.0511899 0.0471236 0.180142 
v -0.0549065 0.0427355 0.180142 
v -0.0582481 0.0380554 0.180142 
v -0.0611917 0.0331153 0.180142 
v -0.0637173 0.027949 0.180142 
v -0.0658077 0.0225918 0.180142 
v -0.0674486 0.0170803 0.180142 
v -0.0686287 0.0114521 0.180142 
v -0.06934 0.00574567 0.180142 
v -0.0695776 2.3174e-17 0.180142 
v -0.06934 -0.00574567 0.180142 
v -0.0686287 -0.0114521 0.180142 
v -0.0674486 -0.0170803 0.180142 
v -0.0658077 -0.0225918 0.180142 
v -0.0637173 -0.027949 0.180142 
v -0.0611917 -0.0331153 0.180142 
v -0.0582481 -0.0380554 0.180142 
v -0.0549065 -0.0427355 0.180142 
v -0.0511899 -0.0471236 0.180142 
v -0.0471236 -0.0511899 0.180142 
v -0.0427355 -0.0549065 0.180142 
v -0.0380554 -0.0582481 0.180142 
v -0.0331153 -0.0611917 0.180142 
v -0.027949 -0.0637173 0.180142 
v -0.0225918 -0.0658077 0.180142 
v -0.0170803 -0.0674486 0.180142 
v -0.0114521 -0.0686287 0.180142 
v -0.00574567 -0.06934 0.180142 
v 0 -0.0695967 0.180355 
v 0.00574725 -0.069359 0.180355 
v 0.0114552 -0.0686475 0.180355 
v 0.017085 -0.0674671 0.180355 
v 0.022598 -0.0658258 0.180355 
v 0.0279567 -0.0637348 0.180355 
v 0.0331244 -0.0612085 0.180355 
v 0.0380658 -0.058264 0.180355 
v 0.0427472 -0.0549216 0.180355 
v 0.0471366 -0.051204 0.180355 
v 0.051204 -0.0471366 0.180355 
v 0.0549216 -0.0427472 0.180355 
v 0.058264 -0.0380658 0.180355 
v 0.0612085 -0.0331244 0.180355 
v 0.0637348 -0.0279567 0.180355 
v 0.0658258 -0.022598 0.180355 
v 0.0674671 -0.017085 0.180355 
v 0.0686475 -0.0114552 0.180355 
v 0.069359 -0.00574725 0.180355 
v 0.0695967 0 0.180355 
v 0.069359 0.00574725 0.180355 
v 0.0686475 0.0114552 0.180355 
v 0.0674671 0.017085 0.180355 
v 0.0658258 0.022598 0.180355 
v 0.0637348 0.0279567 0.180355 
v 0.0612085 0.0331244 0.180355 
v 0.058264 0.0380658 0.180355 
v 0.0549216 0.0427472 0.180355 
v 0.051204 0.0471366 0.180355 
v 0.0471366 0.051204 0.180355 
v 0.0427472 0.0549216 0.180355 
v 0.0380658 0.058264 0.180355 
v 0.0331244 0.0612085 0.180355 
v 0.0279567 0.0637348 0.180355 
v 0.022598 0.0658258 0.180355 
v 0.017085 0.0674671 0.180355 
v 0.0114552 0.0686475 0.180355 
v 0.00574725 0.069359 0.180355 
v 1.35219e-17 0.0695967 0.180355 
v -0.00574725 0.069359 0.180355 
v -0.0114552 0.0686475 0.180355 
v -0.017085 0.0674671 0.180355 
v -0.022598 0.0658258 0.180355 
v -0.0279567 0.0637348 0.180355 
v -0.0331244 0.0612085 0.180355 
v -0.0380658 0.058264 0.180355 
v -0.0427472 0.0549216 0.180355 
v -0.0471366 0.051204 0.180355 
v -0.051204 0.0471366 0.180355 
v -0.0549216 0.0427472 0.180355 
v -0.058264 0.0380658 0.180355 
v -0.0612085 0.0331244 0.180355 
v -0.0637348 0.0279567 0.180355 
v -0.0658258 0.022598 0.180355 
v -0.0674671 0.017085 0.180355 
v -0.0686475 0.0114552 0.180355 
v -0.069359 0.00574725 0.180355 
v -0.0695967 2.31804e-17 0.180355 
v -0.069359 -0.00574725 0.180355 
v -0.0686475 -0.0114552 0.180355 
v -0.0674671 -0.017085 0.180355 
v -0.0658258 -0.022598 0.180355 
v -0.0637348 -0.0279567 0.180355 
v -0.0612085 -0.0331244 0.180355 
v -0.058264 -0.0380658 0.180355 
v -0.0549216 -0.0427472 0.180355 
v -0.051204 -0.0471366 0.180355 
v -0.0471366 -0.051204 0.180355 
v -0.0427472 -0.0549216 0.180355 
v -0.0380658 -0.058264 0.180355 
v -0.0331244 -0.0612085 0.180355 
v -0.0279567 -0.0637348 0.180355 
v -0.022598 -0.0658258 0.180355 
v -0.017085 -0.0674671 0.180355 
v -0.0114552 -0.0686475 0.180355 
v -0.00574725 -0.069359 0.180355 
v 0 -0.0695929 0.180569 
v 0.00574693 -0.0693552 0.180569 
v 0.0114546 -0.0686437 0.180569 
v 0.017084 -0.0674634 0.180569 
v 0.0225968 -0.0658221 0.180569 
v 0.0279551 -0.0637313 0.180569 
v 0.0331226 -0.0612051 0.180569 
v 0.0380637 -0.0582608 0.180569 
v 0.0427448 -0.0549186 0.180569 
v 0.047134 -0.0512011 0.180569 
v 0.0512011 -0.047134 0.180569 
v 0.0549186 -0.0427448 0.180569 
v 0.0582608 -0.0380637 0.180569 
v 0.0612051 -0.0331226 0.180569 
v 0.0637313 -0.0279551 0.180569 
v 0.0658221 -0.0225968 0.180569 
v 0.0674634 -0.017084 0.180569 
v 0.0686437 -0.0114546 0.180569 
v 0.0693552 -0.00574693 0.180569 
v 0.0695929 0 0.180569 
v 0.0693552 0.00574693 0.180569 
v 0.0686437 0.0114546 0.180569 
v 0.0674634 0.017084 0.180569 
v 0.0658221 0.0225968 0.180569 
v 0.0637313 0.0279551 0.180569 
v 0.0612051 0.0331226 0.180569 
v 0.0582608 0.0380637 0.180569 
v 0.0549186 0.0427448 0.180569 
v 0.0512011 0.047134 0.180569 
v 0.047134 0.0512011 0.180569 
v 0.0427448 0.0549186 0.180569 
v 0.0380637 0.0582608 0.180569 
v 0.0331226 0.0612051 0.180569 
v 0.0279551 0.0637313 0.180569 
v 0.0225968 0.0658221 0.180569 
v 0.017084 0.0674634 0.180569 
v 0.0114546 0.0686437 0.180569 
v 0.00574693 0.0693552 0.180569 
v 1.35211e-17 0.0695929 0.180569 
v -0.00574693 0.0693552 0.180569 
v -0.0114546 0.0686437 0.180569 
v -0.017084 0.0674634 0.180569 
v -0.0225968 0.0658221 0.180569 
v -0.0279551 0.0637313 0.180569 
v -0.0331226 0.0612051 0.180569 
v -0.0380637 0.0582608 0.180569 
v -0.0427448 0.0549186 0.180569 
v -0.047134 0.0512011 0.180569 
v -0.0512011 0.047134 0.180569 
v -0.0549186 0.0427448 0.180569 
v -0.0582608 0.0380637 0.180569 
v -0.0612051 0.0331226 0.180569 
v -0.0637313 0.0279551 0.180569 
v -0.0658221 0.0225968 0.180569 
v -0.0674634 0.017084 0.180569 
v -0.0686437 0.0114546 0.180569 
v -0.0693552 0.00574693 0.180569 
v -0.0695929 2.31791e-17 0.180569 
v -0.0693552 -0.00574693 0.180569 
v -0.0686437 -0.0114546 0.180569 
v -0.0674634 -0.017084 0.180569 
v -0.0658221 -0.0225968 0.180569 
v -0.0637313 -0.0279551 0.180569 
v -0.0612051 -0.0331226 0.180569 
v -0.0582608 -0.0380637 0.180569 
v -0.0549186 -0.0427448 0.180569 
v -0.0512011 -0.047134 0.180569 
v -0.047134 -0.0512011 0.180569 
v -0.0427448 -0.0549186 0.180569 
v -0.0380637 -0.0582608 0.180569 
v -0.0331226 -0.0612051 0.180569 
v -0.0279551 -0.0637313 0.180569 
v -0.0225968 -0.0658221 0.180569 
v -0.017084 -0.0674634 0.180569 
v -0.0114546 -0.0686437 0.180569 
v -0.00574693 -0.0693552 0.180569 
v 0 -0.0695662 0.180782 
v 0.00574473 -0.0693286 0.180782 
v 0.0114502 -0.0686174 0.180782 
v 0.0170775 -0.0674375 0.180782 
v 0.0225881 -0.0657969 0.180782 
v 0.0279444 -0.0637069 0.180782 
v 0.0331099 -0.0611816 0.180782 
v 0.0380491 -0.0582385 0.180782 
v 0.0427284 -0.0548975 0.180782 
v 0.0471159 -0.0511815 0.180782 
v 0.0511815 -0.0471159 0.180782 
v 0.0548975 -0.0427284 0.180782 
v 0.0582385 -0.0380491 0.180782 
v 0.0611816 -0.0331099 0.180782 
v 0.0637069 -0.0279444 0.180782 
v 0.0657969 -0.0225881 0.180782 
v 0.0674375 -0.0170775 0.180782 
v 0.0686174 -0.0114502 0.180782 
v 0.0693286 -0.00574473 0.180782 
v 0.0695662 0 0.180782 
v 0.0693286 0.00574473 0.180782 
v 0.0686174 0.0114502 0.180782 
v 0.0674375 0.0170775 0.180782 
v 0.0657969 0.0225881 0.180782 
v 0.0637069 0.0279444 0.180782 
v 0.0611816 0.0331099 0.180782 
v 0.0582385 0.0380491 0.180782 
v 0.0548975 0.0427284 0.180782 
v 0.0511815 0.0471159 0.180782 
v 0.0471159 0.0511815 0.180782 
v 0.0427284 0.0548975 0.180782 
v 0.0380491 0.0582385 0.180782 
v 0.0331099 0.0611816 0.180782 
v 0.0279444 0.0637069 0.180782 
v 0.0225881 0.0657969 0.180782 
v 0.0170775 0.0674375 0.180782 
v 0.0114502 0.0686174 0.180782 
v 0.00574473 0.0693286 0.180782 
v 1.35159e-17 0.0695662 0.180782 
v -0.00574473 0.0693286 0.180782 
v -0.0114502 0.0686174 0.180782 
v -0.0170775 0.0674375 0.180782 
v -0.0225881 0.0657969 0.180782 
v -0.0279444 0.0637069 0.180782 
v -0.0331099 0.0611816 0.180782 
v -0.0380491 0.0582385 0.180782 
v -0.0427284 0.0548975 0.180782 
v -0.0471159 0.0511815 0.180782 
v -0.0511815 0.0471159 0.180782 
v -0.0548975 0.0427284 0.180782 
v -0.0582385 0.0380491 0.180782 
v -0.0611816 0.0331099 0.180782 
v -0.0637069 0.0279444 0.180782 
v -0.0657969 0.0225881 0.180782 
v -0.0674375 0.0170775 0.180782 
v -0.0686174 0.0114502 0.180782 
v -0.0693286 0.00574473 0.180782 
v -0.0695662 2.31702e-17 0.180782 
v -0.0693286 -0.00574473 0.180782 
v -0.0686174 -0.0114502 0.180782 
v -0.0674375 -0.0170775 0.180782 
v -0.0657969 -0.0225881 0.180782 
v -0.0637069 -0.0279444 0.180782 
v -0.0611816 -0.0331099 0.180782 
v -0.0582385 -0.0380491 0.180782 
v -0.0548975 -0.0427284 0.180782 
v -0.0511815 -0.0471159 0.180782 
v -0.0471159 -0.0511815 0.180782 
v -0.0427284 -0.0548975 0.180782 
v -0.0380491 -0.0582385 0.180782 
v -0.0331099 -0.0611816 0.180782 
v -0.0279444 -0.0637069 0.180782 
v -0.0225881 -0.0657969 0.180782 
v -0.0170775 -0.0674375 0.180782 
v -0.0114502 -0.0686174 0.180782 
v -0.00574473 -0.0693286 0.180782 
v 0 -0.069517 0.18099 
v 0.00574067 -0.0692795 0.18099 
v 0.0114421 -0.0685688 0.18099 
v 0.0170654 -0.0673898 0.18099 
v 0.0225721 -0.0657503 0.18099 
v 0.0279246 -0.0636618 0.18099 
v 0.0330864 -0.0611383 0.18099 
v 0.0380222 -0.0581973 0.18099 
v 0.0426982 -0.0548587 0.18099 
v 0.0470826 -0.0511453 0.18099 
v 0.0511453 -0.0470826 0.18099 
v 0.0548587 -0.0426982 0.18099 
v 0.0581973 -0.0380222 0.18099 
v 0.0611383 -0.0330864 0.18099 
v 0.0636618 -0.0279246 0.18099 
v 0.0657503 -0.0225721 0.18099 
v 0.0673898 -0.0170654 0.18099 
v 0.0685688 -0.0114421 0.18099 
v 0.0692795 -0.00574067 0.18099 
v 0.069517 0 0.18099 
v 0.0692795 0.00574067 0.18099 
v 0.0685688 0.0114421 0.18099 
v 0.0673898 0.0170654 0.18099 
v 0.0657503 0.0225721 0.18099 
v 0.0636618 0.0279246 0.18099 
v 0.0611383 0.0330864 0.18099 
v 0.0581973 0.0380222 0.18099 
v 0.0548587 0.0426982 0.18099 
v 0.0511453 0.0470826 0.18099 
v 0.0470826 0.0511453 0.18099 
v 0.0426982 0.0548587 0.18099 
v 0.0380222 0.0581973 0.18099 
v 0.0330864 0.0611383 0.18099 
v 0.0279246 0.0636618 0.18099 
v 0.0225721 0.0657503 0.18099 
v 0.0170654 0.0673898 0.18099 
v 0.0114421 0.0685688 0.18099 
v 0.00574067 0.0692795 0.18099 
v 1.35064e-17 0.069517 0.18099 
v -0.00574067 0.0692795 0.18099 
v -0.0114421 0.0685688 0.18099 
v -0.0170654 0.0673898 0.18099 
v -0.0225721 0.0657503 0.18099 
v -0.0279246 0.0636618 0.18099 
v -0.0330864 0.0611383 0.18099 
v -0.0380222 0.0581973 0.18099 
v -0.0426982 0.0548587 0.18099 
v -0.0470826 0.0511453 0.18099 
v -0.0511453 0.0470826 0.18099 
v -0.0548587 0.0426982 0.18099 
v -0.0581973 0.0380222 0.18099 
v -0.0611383 0.0330864 0.18099 
v -0.0636618 0.0279246 0.18099 
v -0.0657503 0.0225721 0.18099 
v -0.0673898 0.0170654 0.18099 
v -0.0685688 0.0114421 0.18099 
v -0.0692795 0.00574067 0.18099 
v -0.069517 2.31538e-17 0.18099 
v -0.0692795 -0.00574067 0.18099 
v -0.0685688 -0.0114421 0.18099 
v -0.0673898 -0.0170654 0.18099 
v -0.0657503 -0.0225721 0.18099 
v -0.0636618 -0.0279246 0.18099 
v -0.0611383 -0.0330864 0.18099 
v -0.0581973 -0.0380222 0.18099 
v -0.0548587 -0.0426982 0.18099 
v -0.0511453 -0.0470826 0.18099 
v -0.0470826 -0.0511453 0.18099 
v -0.0426982 -0.0548587 0.18099 
v -0.0380222 -0.0581973 0.18099 
v -0.0330864 -0.0611383 0.18099 
v -0.0279246 -0.0636618 0.18099 
v -0.0225721 -0.0657503 0.18099 
v -0.0170654 -0.0673898 0.18099 
v -0.0114421 -0.0685688 0.18099 
v -0.00574067 -0.0692795 0.18099 
v 0 -0.0694457 0.181192 
v 0.00573478 -0.0692085 0.181192 
v 0.0114304 -0.0684986 0.181192 
v 0.0170479 -0.0673207 0.181192 
v 0.022549 -0.065683 0.181192 
v 0.027896 -0.0635966 0.181192 
v 0.0330525 -0.0610757 0.181192 
v 0.0379832 -0.0581376 0.181192 
v 0.0426545 -0.0548024 0.181192 
v 0.0470343 -0.0510929 0.181192 
v 0.0510929 -0.0470343 0.181192 
v 0.0548024 -0.0426545 0.181192 
v 0.0581376 -0.0379832 0.181192 
v 0.0610757 -0.0330525 0.181192 
v 0.0635966 -0.027896 0.181192 
v 0.065683 -0.022549 0.181192 
v 0.0673207 -0.0170479 0.181192 
v 0.0684986 -0.0114304 0.181192 
v 0.0692085 -0.00573478 0.181192 
v 0.0694457 0 0.181192 
v 0.0692085 0.00573478 0.181192 
v 0.0684986 0.0114304 0.181192 
v 0.0673207 0.0170479 0.181192 
v 0.065683 0.022549 0.181192 
v 0.0635966 0.027896 0.181192 
v 0.0610757 0.0330525 0.181192 
v 0.0581376 0.0379832 0.181192 
v 0.0548024 0.0426545 0.181192 
v 0.0510929 0.0470343 0.181192 
v 0.0470343 0.0510929 0.181192 
v 0.0426545 0.0548024 0.181192 
v 0.0379832 0.0581376 0.181192 
v 0.0330525 0.0610757 0.181192 
v 0.027896 0.0635966 0.181192 
v 0.022549 0.065683 0.181192 
v 0.0170479 0.0673207 0.181192 
v 0.0114304 0.0684986 0.181192 
v 0.00573478 0.0692085 0.181192 
v 1.34925e-17 0.0694457 0.181192 
v -0.00573478 0.0692085 0.181192 
v -0.0114304 0.0684986 0.181192 
v -0.0170479 0.0673207 0.181192 
v -0.022549 0.065683 0.181192 
v -0.027896 0.0635966 0.181192 
v -0.0330525 0.0610757 0.181192 
v -0.0379832 0.0581376 0.181192 
v -0.0426545 0.0548024 0.181192 
v -0.0470343 0.0510929 0.181192 
v -0.0510929 0.0470343 0.181192 
v -0.0548024 0.0426545 0.181192 
v -0.0581376 0.0379832 0.181192 
v -0.0610757 0.0330525 0.181192 
v -0.0635966 0.027896 0.181192 
v -0.065683 0.022549 0.181192 
v -0.0673207 0.0170479 0.181192 
v -0.0684986 0.0114304 0.181192 
v -0.0692085 0.00573478 0.181192 
v -0.0694457 2.31301e-17 0.181192 
v -0.0692085 -0.00573478 0.181192 
v -0.0684986 -0.0114304 0.181192 
v -0.0673207 -0.0170479 0.181192 
v -0.065683 -0.022549 0.181192 
v -0.0635966 -0.027896 0.181192 
v -0.0610757 -0.0330525 0.181192 
v -0.0581376 -0.0379832 0.181192 
v -0.0548024 -0.0426545 0.181192 
v -0.0510929 -0.0470343 0.181192 
v -0.0470343 -0.0510929 0.181192 
v -0.0426545 -0.0548024 0.181192 
v -0.0379832 -0.0581376 0.181192 
v -0.0330525 -0.0610757 0.181192 
v -0.027896 -0.0635966 0.181192 
v -0.022549 -0.065683 0.181192 
v -0.0170479 -0.0673207 0.181192 
v -0.0114304 -0.0684986 0.181192 
v -0.00573478 -0.0692085 0.181192 
v 0 -0.0693533 0.181385 
v 0.00572715 -0.0691165 0.181385 
v 0.0114152 -0.0684074 0.181385 
v 0.0170252 -0.0672311 0.181385 
v 0.022519 -0.0655956 0.181385 
v 0.0278589 -0.0635119 0.181385 
v 0.0330085 -0.0609944 0.181385 
v 0.0379327 -0.0580603 0.181385 
v 0.0425977 -0.0547295 0.181385 
v 0.0469717 -0.0510249 0.181385 
v 0.0510249 -0.0469717 0.181385 
v 0.0547295 -0.0425977 0.181385 
v 0.0580603 -0.0379327 0.181385 
v 0.0609944 -0.0330085 0.181385 
v 0.0635119 -0.0278589 0.181385 
v 0.0655956 -0.022519 0.181385 
v 0.0672311 -0.0170252 0.181385 
v 0.0684074 -0.0114152 0.181385 
v 0.0691165 -0.00572715 0.181385 
v 0.0693533 0 0.181385 
v 0.0691165 0.00572715 0.181385 
v 0.0684074 0.0114152 0.181385 
v 0.0672311 0.0170252 0.181385 
v 0.0655956 0.022519 0.181385 
v 0.0635119 0.0278589 0.181385 
v 0.0609944 0.0330085 0.181385 
v 0.0580603 0.0379327 0.181385 
v 0.0547295 0.0425977 0.181385 
v 0.0510249 0.0469717 0.181385 
v 0.0469717 0.0510249 0.181385 
v 0.0425977 0.0547295 0.181385 
v 0.0379327 0.0580603 0.181385 
v 0.0330085 0.0609944 0.181385 
v 0.0278589 0.0635119 0.181385 
v 0.022519 0.0655956 0.181385 
v 0.0170252 0.0672311 0.181385 
v 0.0114152 0.0684074 0.181385 
v 0.00572715 0.0691165 0.181385 
v 1.34746e-17 0.0693533 0.181385 
v -0.00572715 0.0691165 0.181385 
v -0.0114152 0.0684074 0.181385 
v -0.0170252 0.0672311 0.181385 
v -0.022519 0.0655956 0.181385 
v -0.0278589 0.0635119 0.181385 
v -0.0330085 0.0609944 0.181385 
v -0.0379327 0.0580603 0.181385 
v -0.0425977 0.0547295 0.181385 
v -0.0469717 0.0510249 0.181385 
v -0.0510249 0.0469717 0.181385 
v -0.0547295 0.0425977 0.181385 
v -0.0580603 0.0379327 0.181385 
v -0.0609944 0.0330085 0.181385 
v -0.0635119 0.0278589 0.181385 
v -0.0655956 0.022519 0.181385 
v -0.0672311 0.0170252 0.181385 
v -0.0684074 0.0114152 0.181385 
v -0.0691165 0.00572715 0.181385 
v -0.0693533 2.30993e-17 0.181385 
v -0.0691165 -0.00572715 0.181385 
v -0.0684074 -0.0114152 0.181385 
v -0.0672311 -0.0170252 0.181385 
v -0.0655956 -0.022519 0.181385 
v -0.0635119 -0.0278589 0.181385 
v -0.0609944 -0.0330085 0.181385 
v -0.0580603 -0.0379327 0.181385 
v -0.0547295 -0.0425977 0.181385 
v -0.0510249 -0.0469717 0.181385 
v -0.0469717 -0.0510249 0.181385 
v -0.0425977 -0.0547295 0.181385 
v -0.0379327 -0.0580603 0.181385 
v -0.0330085 -0.0609944 0.181385 
v -0.0278589 -0.0635119 0.181385 
v -0.022519 -0.0655956 0.181385 
v -0.0170252 -0.0672311 0.181385 
v -0.0114152 -0.0684074 0.181385 
v -0.00572715 -0.0691165 0.181385 
v 0 -0.0692408 0.181567 
v 0.00571786 -0.0690043 0.181567 
v 0.0113967 -0.0682965 0.181567 
v 0.0169976 -0.0671221 0.181567 
v 0.0224825 -0.0654892 0.181567 
v 0.0278137 -0.0634089 0.181567 
v 0.032955 -0.0608955 0.181567 
v 0.0378711 -0.0579661 0.181567 
v 0.0425286 -0.0546407 0.181567 
v 0.0468955 -0.0509421 0.181567 
v 0.0509421 -0.0468955 0.181567 
v 0.0546407 -0.0425286 0.181567 
v 0.0579661 -0.0378711 0.181567 
v 0.0608955 -0.032955 0.181567 
v 0.0634089 -0.0278137 0.181567 
v 0.0654892 -0.0224825 0.181567 
v 0.0671221 -0.0169976 0.181567 
v 0.0682965 -0.0113967 0.181567 
v 0.0690043 -0.00571786 0.181567 
v 0.0692408 0 0.181567 
v 0.0690043 0.00571786 0.181567 
v 0.0682965 0.0113967 0.181567 
v 0.0671221 0.0169976 0.181567 
v 0.0654892 0.0224825 0.181567 
v 0.0634089 0.0278137 0.181567 
v 0.0608955 0.032955 0.181567 
v 0.0579661 0.0378711 0.181567 
v 0.0546407 0.0425286 0.181567 
v 0.0509421 0.0468955 0.181567 
v 0.0468955 0.0509421 0.181567 
v 0.0425286 0.0546407 0.181567 
v 0.0378711 0.0579661 0.181567 
v 0.032955 0.0608955 0.181567 
v 0.0278137 0.0634089 0.181567 
v 0.0224825 0.0654892 0.181567 
v 0.0169976 0.0671221 0.181567 
v 0.0113967 0.0682965 0.181567 
v 0.00571786 0.0690043 0.181567 
v 1.34527e-17 0.0692408 0.181567 
v -0.00571786 0.0690043 0.181567 
v -0.0113967 0.0682965 0.181567 
v -0.0169976 0.0671221 0.181567 
v -0.0224825 0.0654892 0.181567 
v -0.0278137 0.0634089 0.181567 
v -0.032955 0.0608955 0.181567 
v -0.0378711 0.0579661 0.181567 
v -0.0425286 0.0546407 0.181567 
v -0.0468955 0.0509421 0.181567 
v -0.0509421 0.0468955 0.181567 
v -0.0546407 0.0425286 0.181567 
v -0.0579661 0.0378711 0.181567 
v -0.0608955 0.032955 0.181567 
v -0.0634089 0.0278137 0.181567 
v -0.0654892 0.0224825 0.181567 
v -0.0671221 0.0169976 0.181567 
v -0.0682965 0.0113967 0.181567 
v -0.0690043 0.00571786 0.181567 
v -0.0692408 2.30618e-17 0.181567 
v -0.0690043 -0.00571786 0.181567 
v -0.0682965 -0.0113967 0.181567 
v -0.0671221 -0.0169976 0.181567 
v -0.0654892 -0.0224825 0.181567 
v -0.0634089 -0.0278137 0.181567 
v -0.0608955 -0.032955 0.181567 
v -0.0579661 -0.0378711 0.181567 
v -0.0546407 -0.0425286 0.181567 
v -0.0509421 -0.0468955 0.181567 
v -0.0468955 -0.0509421 0.181567 
v -0.0425286 -0.0546407 0.181567 
v -0.0378711 -0.0579661 0.181567 
v -0.032955 -0.0608955 0.181567 
v -0.0278137 -0.0634089 0.181567 
v -0.0224825 -0.0654892 0.181567 
v -0.0169976 -0.0671221 0.181567 
v -0.0113967 -0.0682965 0.181567 
v -0.00571786 -0.0690043 0.181567 
v 0 -0.0691095 0.181736 
v 0.00570702 -0.0688734 0.181736 
v 0.011375 -0.0681669 0.181736 
v 0.0169654 -0.0669947 0.181736 
v 0.0224398 -0.0653649 0.181736 
v 0.027761 -0.0632886 0.181736 
v 0.0328925 -0.06078 0.181736 
v 0.0377993 -0.0578561 0.181736 
v 0.0424479 -0.0545371 0.181736 
v 0.0468066 -0.0508455 0.181736 
v 0.0508455 -0.0468066 0.181736 
v 0.0545371 -0.0424479 0.181736 
v 0.0578561 -0.0377993 0.181736 
v 0.06078 -0.0328925 0.181736 
v 0.0632886 -0.027761 0.181736 
v 0.0653649 -0.0224398 0.181736 
v 0.0669947 -0.0169654 0.181736 
v 0.0681669 -0.011375 0.181736 
v 0.0688734 -0.00570702 0.181736 
v 0.0691095 0 0.181736 
v 0.0688734 0.00570702 0.181736 
v 0.0681669 0.011375 0.181736 
v 0.0669947 0.0169654 0.181736 
v 0.0653649 0.0224398 0.181736 
v 0.0632886 0.027761 0.181736 
v 0.06078 0.0328925 0.181736 
v 0.0578561 0.0377993 0.181736 
v 0.0545371 0.0424479 0.181736 
v 0.0508455 0.0468066 0.181736 
v 0.0468066 0.0508455 0.181736 
v 0.0424479 0.0545371 0.181736 
v 0.0377993 0.0578561 0.181736 
v 0.0328925 0.06078 0.181736 
v 0.027761 0.0632886 0.181736 
v 0.0224398 0.0653649 0.181736 
v 0.0169654 0.0669947 0.181736 
v 0.011375 0.0681669 0.181736 
v 0.00570702 0.0688734 0.181736 
v 1.34272e-17 0.0691095 0.181736 
v -0.00570702 0.0688734 0.181736 
v -0.011375 0.0681669 0.181736 
v -0.0169654 0.0669947 0.181736 
v -0.0224398 0.0653649 0.181736 
v -0.027761 0.0632886 0.181736 
v -0.0328925 0.06078 0.181736 
v -0.0377993 0.0578561 0.181736 
v -0.0424479 0.0545371 0.181736 
v -0.0468066 0.0508455 0.181736 
v -0.0508455 0.0468066 0.181736 
v -0.0545371 0.0424479 0.181736 
v -0.0578561 0.0377993 0.181736 
v -0.06078 0.0328925 0.181736 
v -0.0632886 0.027761 0.181736 
v -0.0653649 0.0224398 0.181736 
v -0.0669947 0.0169654 0.181736 
v -0.0681669 0.011375 0.181736 
v -0.0688734 0.00570702 0.181736 
v -0.0691095 2.30181e-17 0.181736 
v -0.0688734 -0.00570702 0.181736 
v -0.0681669 -0.011375 0.181736 
v -0.0669947 -0.0169654 0.181736 
v -0.0653649 -0.0224398 0.181736 
v -0.0632886 -0.027761 0.181736 
v -0.06078 -0.0328925 0.181736 
v -0.0578561 -0.0377993 0.181736 
v -0.0545371 -0.0424479 0.181736 
v -0.0508455 -0.0468066 0.181736 
v -0.0468066 -0.0508455 0.181736 
v -0.0424479 -0.0545371 0.181736 
v -0.0377993 -0.0578561 0.181736 
v -0.0328925 -0.06078 0.181736 
v -0.027761 -0.0632886 0.181736 
v -0.0224398 -0.0653649 0.181736 
v -0.0169654 -0.0669947 0.181736 
v -0.011375 -0.0681669 0.181736 
v -0.00570702 -0.0688734 0.181736 
v 0 -0.0689608 0.18189 
v 0.00569474 -0.0687253 0.18189 
v 0.0113506 -0.0680203 0.18189 
v 0.0169289 -0.0668506 0.18189 
v 0.0223915 -0.0652243 0.18189 
v 0.0277012 -0.0631525 0.18189 
v 0.0328217 -0.0606492 0.18189 
v 0.037718 -0.0577317 0.18189 
v 0.0423566 -0.0544198 0.18189 
v 0.0467059 -0.0507361 0.18189 
v 0.0507361 -0.0467059 0.18189 
v 0.0544198 -0.0423566 0.18189 
v 0.0577317 -0.037718 0.18189 
v 0.0606492 -0.0328217 0.18189 
v 0.0631525 -0.0277012 0.18189 
v 0.0652243 -0.0223915 0.18189 
v 0.0668506 -0.0169289 0.18189 
v 0.0680203 -0.0113506 0.18189 
v 0.0687253 -0.00569474 0.18189 
v 0.0689608 0 0.18189 
v 0.0687253 0.00569474 0.18189 
v 0.0680203 0.0113506 0.18189 
v 0.0668506 0.0169289 0.18189 
v 0.0652243 0.0223915 0.18189 
v 0.0631525 0.0277012 0.18189 
v 0.0606492 0.0328217 0.18189 
v 0.0577317 0.037718 0.18189 
v 0.0544198 0.0423566 0.18189 
v 0.0507361 0.0467059 0.18189 
v 0.0467059 0.0507361 0.18189 
v 0.0423566 0.0544198 0.18189 
v 0.037718 0.0577317 0.18189 
v 0.0328217 0.0606492 0.18189 
v 0.0277012 0.0631525 0.18189 
v 0.0223915 0.0652243 0.18189 
v 0.0169289 0.0668506 0.18189 
v 0.0113506 0.0680203 0.18189 
v 0.00569474 0.0687253 0.18189 
v 1.33983e-17 0.0689608 0.18189 
v -0.00569474 0.0687253 0.18189 
v -0.0113506 0.0680203 0.18189 
v -0.0169289 0.0668506 0.18189 
v -0.0223915 0.0652243 0.18189 
v -0.0277012 0.0631525 0.18189 
v -0.0328217 0.0606492 0.18189 
v -0.037718 0.0577317 0.18189 
v -0.0423566 0.0544198 0.18189 
v -0.0467059 0.0507361 0.18189 
v -0.0507361 0.0467059 0.18189 
v -0.0544198 0.0423566 0.18189 
v -0.0577317 0.037718 0.18189 
v -0.0606492 0.0328217 0.18189 
v -0.0631525 0.0277012 0.18189 
v -0.0652243 0.0223915 0.18189 
v -0.0668506 0.0169289 0.18189 
v -0.0680203 0.0113506 0.18189 
v -0.0687253 0.00569474 0.18189 
v -0.0689608 2.29686e-17 0.18189 
v -0.0687253 -0.00569474 0.18189 
v -0.0680203 -0.0113506 0.18189 
v -0.0668506 -0.0169289 0.18189 
v -0.0652243 -0.0223915 0.18189 
v -0.0631525 -0.0277012 0.18189 
v -0.0606492 -0.0328217 0.18189 
v -0.0577317 -0.037718 0.18189 
v -0.0544198 -0.0423566 0.18189 
v -0.0507361 -0.0467059 0.18189 
v -0.0467059 -0.0507361 0.18189 
v -0.0423566 -0.0544198 0.18189 
v -0.037718 -0.0577317 0.18189 
v -0.0328217 -0.0606492 0.18189 
v -0.0277012 -0.0631525 0.18189 
v -0.0223915 -0.0652243 0.18189 
v -0.0169289 -0.0668506 0.18189 
v -0.0113506 -0.0680203 0.18189 
v -0.00569474 -0.0687253 0.18189 
v 0 -0.0687965 0.182027 
v 0.00568117 -0.0685616 0.182027 
v 0.0113235 -0.0678582 0.182027 
v 0.0168886 -0.0666914 0.182027 
v 0.0223382 -0.0650689 0.182027 
v 0.0276353 -0.063002 0.182027 
v 0.0327435 -0.0605047 0.182027 
v 0.0376281 -0.0575942 0.182027 
v 0.0422557 -0.0542901 0.182027 
v 0.0465946 -0.0506153 0.182027 
v 0.0506153 -0.0465946 0.182027 
v 0.0542901 -0.0422557 0.182027 
v 0.0575942 -0.0376281 0.182027 
v 0.0605047 -0.0327435 0.182027 
v 0.063002 -0.0276353 0.182027 
v 0.0650689 -0.0223382 0.182027 
v 0.0666914 -0.0168886 0.182027 
v 0.0678582 -0.0113235 0.182027 
v 0.0685616 -0.00568117 0.182027 
v 0.0687965 0 0.182027 
v 0.0685616 0.00568117 0.182027 
v 0.0678582 0.0113235 0.182027 
v 0.0666914 0.0168886 0.182027 
v 0.0650689 0.0223382 0.182027 
v 0.063002 0.0276353 0.182027 
v 0.0605047 0.0327435 0.182027 
v 0.0575942 0.0376281 0.182027 
v 0.0542901 0.0422557 0.182027 
v 0.0506153 0.0465946 0.182027 
v 0.0465946 0.0506153 0.182027 
v 0.0422557 0.0542901 0.182027 
v 0.0376281 0.0575942 0.182027 
v 0.0327435 0.0605047 0.182027 
v 0.0276353 0.063002 0.182027 
v 0.0223382 0.0650689 0.182027 
v 0.0168886 0.0666914 0.182027 
v 0.0113235 0.0678582 0.182027 
v 0.00568117 0.0685616 0.182027 
v 1.33664e-17 0.0687965 0.182027 
v -0.00568117 0.0685616 0.182027 
v -0.0113235 0.0678582 0.182027 
v -0.0168886 0.0666914 0.182027 
v -0.0223382 0.0650689 0.182027 
v -0.0276353 0.063002 0.182027 
v -0.0327435 0.0605047 0.182027 
v -0.0376281 0.0575942 0.182027 
v -0.0422557 0.0542901 0.182027 
v -0.0465946 0.0506153 0.182027 
v -0.0506153 0.0465946 0.182027 
v -0.0542901 0.0422557 0.182027 
v -0.0575942 0.0376281 0.182027 
v -0.0605047 0.0327435 0.182027 
v -0.063002 0.0276353 0.182027 
v -0.0650689 0.0223382 0.182027 
v -0.0666914 0.0168886 0.182027 
v -0.0678582 0.0113235 0.182027 
v -0.0685616 0.00568117 0.182027 
v -0.0687965 2.29138e-17 0.182027 
v -0.0685616 -0.00568117 0.182027 
v -0.0678582 -0.0113235 0.182027 
v -0.0666914 -0.0168886 0.182027 
v -0.0650689 -0.0223382 0.182027 
v -0.063002 -0.0276353 0.182027 
v -0.0605047 -0.0327435 0.182027 
v -0.0575942 -0.0376281 0.182027 
v -0.0542901 -0.0422557 0.182027 
v -0.0506153 -0.0465946 0.182027 
v -0.0465946 -0.0506153 0.182027 
v -0.0422557 -0.0542901 0.182027 
v -0.0376281 -0.0575942 0.182027 
v -0.0327435 -0.0605047 0.182027 
v -0.0276353 -0.063002 0.182027 
v -0.0223382 -0.0650689 0.182027 
v -0.0168886 -0.0666914 0.182027 
v -0.0113235 -0.0678582 0.182027 
v -0.00568117 -0.0685616 0.182027 
v 0 -0.0686185 0.182146 
v 0.00566647 -0.0683842 0.182146 
v 0.0112942 -0.0676827 0.182146 
v 0.0168449 -0.0665188 0.182146 
v 0.0222804 -0.0649006 0.182146 
v 0.0275637 -0.062839 0.182146 
v 0.0326588 -0.0603482 0.182146 
v 0.0375308 -0.0574451 0.182146 
v 0.0421464 -0.0541497 0.182146 
v 0.0464741 -0.0504843 0.182146 
v 0.0504843 -0.0464741 0.182146 
v 0.0541497 -0.0421464 0.182146 
v 0.0574451 -0.0375308 0.182146 
v 0.0603482 -0.0326588 0.182146 
v 0.062839 -0.0275637 0.182146 
v 0.0649006 -0.0222804 0.182146 
v 0.0665188 -0.0168449 0.182146 
v 0.0676827 -0.0112942 0.182146 
v 0.0683842 -0.00566647 0.182146 
v 0.0686185 0 0.182146 
v 0.0683842 0.00566647 0.182146 
v 0.0676827 0.0112942 0.182146 
v 0.0665188 0.0168449 0.182146 
v 0.0649006 0.0222804 0.182146 
v 0.062839 0.0275637 0.182146 
v 0.0603482 0.0326588 0.182146 
v 0.0574451 0.0375308 0.182146 
v 0.0541497 0.0421464 0.182146 
v 0.0504843 0.0464741 0.182146 
v 0.0464741 0.0504843 0.182146 
v 0.0421464 0.0541497 0.182146 
v 0.0375308 0.0574451 0.182146 
v 0.0326588 0.0603482 0.182146 
v 0.0275637 0.062839 0.182146 
v 0.0222804 0.0649006 0.182146 
v 0.0168449 0.0665188 0.182146 
v 0.0112942 0.0676827 0.182146 
v 0.00566647 0.0683842 0.182146 
v 1.33318e-17 0.0686185 0.182146 
v -0.00566647 0.0683842 0.182146 
v -0.0112942 0.0676827 0.182146 
v -0.0168449 0.0665188 0.182146 
v -0.0222804 0.0649006 0.182146 
v -0.0275637 0.062839 0.182146 
v -0.0326588 0.0603482 0.182146 
v -0.0375308 0.0574451 0.182146 
v -0.0421464 0.0541497 0.182146 
v -0.0464741 0.0504843 0.182146 
v -0.0504843 0.0464741 0.182146 
v -0.0541497 0.0421464 0.182146 
v -0.0574451 0.0375308 0.182146 
v -0.0603482 0.0326588 0.182146 
v -0.062839 0.0275637 0.182146 
v -0.0649006 0.0222804 0.182146 
v -0.0665188 0.0168449 0.182146 
v -0.0676827 0.0112942 0.182146 
v -0.0683842 0.00566647 0.182146 
v -0.0686185 2.28546e-17 0.182146 
v -0.0683842 -0.00566647 0.182146 
v -0.0676827 -0.0112942 0.182146 
v -0.0665188 -0.0168449 0.182146 
v -0.0649006 -0.0222804 0.182146 
v -0.062839 -0.0275637 0.182146 
v -0.0603482 -0.0326588 0.182146 
v -0.0574451 -0.0375308 0.182146 
v -0.0541497 -0.0421464 0.182146 
v -0.0504843 -0.0464741 0.182146 
v -0.0464741 -0.0504843 0.182146 
v -0.0421464 -0.0541497 0.182146 
v -0.0375308 -0.0574451 0.182146 
v -0.0326588 -0.0603482 0.182146 
v -0.0275637 -0.062839 0.182146 
v -0.0222804 -0.0649006 0.182146 
v -0.0168449 -0.0665188 0.182146 
v -0.0112942 -0.0676827 0.182146 
v -0.00566647 -0.0683842 0.182146 
v 0 -0.0684288 0.182246 
v 0.00565081 -0.0681951 0.182246 
v 0.011263 -0.0674955 0.182246 
v 0.0167983 -0.0663349 0.182246 
v 0.0222188 -0.0647211 0.182246 
v 0.0274875 -0.0626653 0.182246 
v 0.0325685 -0.0601813 0.182246 
v 0.037427 -0.0572863 0.182246 
v 0.0420298 -0.0539999 0.182246 
v 0.0463456 -0.0503447 0.182246 
v 0.0503447 -0.0463456 0.182246 
v 0.0539999 -0.0420298 0.182246 
v 0.0572863 -0.037427 0.182246 
v 0.0601813 -0.0325685 0.182246 
v 0.0626653 -0.0274875 0.182246 
v 0.0647211 -0.0222188 0.182246 
v 0.0663349 -0.0167983 0.182246 
v 0.0674955 -0.011263 0.182246 
v 0.0681951 -0.00565081 0.182246 
v 0.0684288 0 0.182246 
v 0.0681951 0.00565081 0.182246 
v 0.0674955 0.011263 0.182246 
v 0.0663349 0.0167983 0.182246 
v 0.0647211 0.0222188 0.182246 
v 0.0626653 0.0274875 0.182246 
v 0.0601813 0.0325685 0.182246 
v 0.0572863 0.037427 0.182246 
v 0.0539999 0.0420298 0.182246 
v 0.0503447 0.0463456 0.182246 
v 0.0463456 0.0503447 0.182246 
v 0.0420298 0.0539999 0.182246 
v 0.037427 0.0572863 0.182246 
v 0.0325685 0.0601813 0.182246 
v 0.0274875 0.0626653 0.182246 
v 0.0222188 0.0647211 0.182246 
v 0.0167983 0.0663349 0.182246 
v 0.011263 0.0674955 0.182246 
v 0.00565081 0.0681951 0.182246 
v 1.3295e-17 0.0684288 0.182246 
v -0.00565081 0.0681951 0.182246 
v -0.011263 0.0674955 0.182246 
v -0.0167983 0.0663349 0.182246 
v -0.0222188 0.0647211 0.182246 
v -0.0274875 0.0626653 0.182246 
v -0.0325685 0.0601813 0.182246 
v -0.037427 0.0572863 0.182246 
v -0.0420298 0.0539999 0.182246 
v -0.0463456 0.0503447 0.182246 
v -0.0503447 0.0463456 0.182246 
v -0.0539999 0.0420298 0.182246 
v -0.0572863 0.037427 0.182246 
v -0.0601813 0.0325685 0.182246 
v -0.0626653 0.0274875 0.182246 
v -0.0647211 0.0222188 0.182246 
v -0.0663349 0.0167983 0.182246 
v -0.0674955 0.011263 0.182246 
v -0.0681951 0.00565081 0.182246 
v -0.0684288 2.27914e-17 0.182246 
v -0.0681951 -0.00565081 0.182246 
v -0.0674955 -0.011263 0.182246 
v -0.0663349 -0.0167983 0.182246 
v -0.0647211 -0.0222188 0.182246 
v -0.0626653 -0.0274875 0.182246 
v -0.0601813 -0.0325685 0.182246 
v -0.0572863 -0.037427 0.182246 
v -0.0539999 -0.0420298 0.182246 
v -0.0503447 -0.0463456 0.182246 
v -0.0463456 -0.0503447 0.182246 
v -0.0420298 -0.0539999 0.182246 
v -0.037427 -0.0572863 0.182246 
v -0.0325685 -0.0601813 0.182246 
v -0.0274875 -0.0626653 0.182246 
v -0.0222188 -0.0647211 0.182246 
v -0.0167983 -0.0663349 0.182246 
v -0.011263 -0.0674955 0.182246 
v -0.00565081 -0.0681951 0.182246 
v 0 -0.0682296 0.182324 
v 0.00563435 -0.0679965 0.182324 
v 0.0112302 -0.067299 0.182324 
v 0.0167494 -0.0661418 0.182324 
v 0.0221541 -0.0645327 0.182324 
v 0.0274075 -0.0624828 0.182324 
v 0.0324737 -0.0600061 0.182324 
v 0.037318 -0.0571195 0.182324 
v 0.0419075 -0.0538427 0.182324 
v 0.0462106 -0.0501981 0.182324 
v 0.0501981 -0.0462106 0.182324 
v 0.0538427 -0.0419075 0.182324 
v 0.0571195 -0.037318 0.182324 
v 0.0600061 -0.0324737 0.182324 
v 0.0624828 -0.0274075 0.182324 
v 0.0645327 -0.0221541 0.182324 
v 0.0661418 -0.0167494 0.182324 
v 0.067299 -0.0112302 0.182324 
v 0.0679965 -0.00563435 0.182324 
v 0.0682296 0 0.182324 
v 0.0679965 0.00563435 0.182324 
v 0.067299 0.0112302 0.182324 
v 0.0661418 0.0167494 0.182324 
v 0.0645327 0.0221541 0.182324 
v 0.0624828 0.0274075 0.182324 
v 0.0600061 0.0324737 0.182324 
v 0.0571195 0.037318 0.182324 
v 0.0538427 0.0419075 0.182324 
v 0.0501981 0.0462106 0.182324 
v 0.0462106 0.0501981 0.182324 
v 0.0419075 0.0538427 0.182324 
v 0.037318 0.0571195 0.182324 
v 0.0324737 0.0600061 0.182324 
v 0.0274075 0.0624828 0.182324 
v 0.0221541 0.0645327 0.182324 
v 0.0167494 0.0661418 0.182324 
v 0.0112302 0.067299 0.182324 
v 0.00563435 0.0679965 0.182324 
v 1.32563e-17 0.0682296 0.182324 
v -0.00563435 0.0679965 0.182324 
v -0.0112302 0.067299 0.182324 
v -0.0167494 0.0661418 0.182324 
v -0.0221541 0.0645327 0.182324 
v -0.0274075 0.0624828 0.182324 
v -0.0324737 0.0600061 0.182324 
v -0.037318 0.0571195 0.182324 
v -0.0419075 0.0538427 0.182324 
v -0.0462106 0.0501981 0.182324 
v -0.0501981 0.0462106 0.182324 
v -0.0538427 0.0419075 0.182324 
v -0.0571195 0.037318 0.182324 
v -0.0600061 0.0324737 0.182324 
v -0.0624828 0.0274075 0.182324 
v -0.0645327 0.0221541 0.182324 
v -0.0661418 0.0167494 0.182324 
v -0.067299 0.0112302 0.182324 
v -0.0679965 0.00563435 0.182324 
v -0.0682296 2.2725e-17 0.182324 
v -0.0679965 -0.00563435 0.182324 
v -0.067299 -0.0112302 0.182324 
v -0.0661418 -0.0167494 0.182324 
v -0.0645327 -0.0221541 0.182324 
v -0.0624828 -0.0274075 0.182324 
v -0.0600061 -0.0324737 0.182324 
v -0.0571195 -0.037318 0.182324 
v -0.0538427 -0.0419075 0.182324 
v -0.0501981 -0.0462106 0.182324 
v -0.0462106 -0.0501981 0.182324 
v -0.0419075 -0.0538427 0.182324 
v -0.037318 -0.0571195 0.182324 
v -0.0324737 -0.0600061 0.182324 
v -0.0274075 -0.0624828 0.182324 
v -0.0221541 -0.0645327 0.182324 
v -0.0167494 -0.0661418 0.182324 
v -0.0112302 -0.067299 0.182324 
v -0.00563435 -0.0679965 0.182324 
v 0 -0.0680231 0.182381 
v 0.0056173 -0.0677908 0.182381 
v 0.0111962 -0.0670954 0.182381 
v 0.0166987 -0.0659416 0.182381 
v 0.0220871 -0.0643374 0.182381 
v 0.0273246 -0.0622938 0.182381 
v 0.0323754 -0.0598245 0.182381 
v 0.0372051 -0.0569467 0.182381 
v 0.0417807 -0.0536798 0.182381 
v 0.0460708 -0.0500462 0.182381 
v 0.0500462 -0.0460708 0.182381 
v 0.0536798 -0.0417807 0.182381 
v 0.0569467 -0.0372051 0.182381 
v 0.0598245 -0.0323754 0.182381 
v 0.0622938 -0.0273246 0.182381 
v 0.0643374 -0.0220871 0.182381 
v 0.0659416 -0.0166987 0.182381 
v 0.0670954 -0.0111962 0.182381 
v 0.0677908 -0.0056173 0.182381 
v 0.0680231 0 0.182381 
v 0.0677908 0.0056173 0.182381 
v 0.0670954 0.0111962 0.182381 
v 0.0659416 0.0166987 0.182381 
v 0.0643374 0.0220871 0.182381 
v 0.0622938 0.0273246 0.182381 
v 0.0598245 0.0323754 0.182381 
v 0.0569467 0.0372051 0.182381 
v 0.0536798 0.0417807 0.182381 
v 0.0500462 0.0460708 0.182381 
v 0.0460708 0.0500462 0.182381 
v 0.0417807 0.0536798 0.182381 
v 0.0372051 0.0569467 0.182381 
v 0.0323754 0.0598245 0.182381 
v 0.0273246 0.0622938 0.182381 
v 0.0220871 0.0643374 0.182381 
v 0.0166987 0.0659416 0.182381 
v 0.0111962 0.0670954 0.182381 
v 0.0056173 0.0677908 0.182381 
v 1.32161e-17 0.0680231 0.182381 
v -0.0056173 0.0677908 0.182381 
v -0.0111962 0.0670954 0.182381 
v -0.0166987 0.0659416 0.182381 
v -0.0220871 0.0643374 0.182381 
v -0.0273246 0.0622938 0.182381 
v -0.0323754 0.0598245 0.182381 
v -0.0372051 0.0569467 0.182381 
v -0.0417807 0.0536798 0.182381 
v -0.0460708 0.0500462 0.182381 
v -0.0500462 0.0460708 0.182381 
v -0.0536798 0.0417807 0.182381 
v -0.0569467 0.0372051 0.182381 
v -0.0598245 0.0323754 0.182381 
v -0.0622938 0.0273246 0.182381 
v -0.0643374 0.0220871 0.182381 
v -0.0659416 0.0166987 0.182381 
v -0.0670954 0.0111962 0.182381 
v -0.0677908 0.0056173 0.182381 
v -0.0680231 2.26562e-17 0.182381 
v -0.0677908 -0.0056173 0.182381 
v -0.0670954 -0.0111962 0.182381 
v -0.0659416 -0.0166987 0.182381 
v -0.0643374 -0.0220871 0.182381 
v -0.0622938 -0.0273246 0.182381 
v -0.0598245 -0.0323754 0.182381 
v -0.0569467 -0.0372051 0.182381 
v -0.0536798 -0.0417807 0.182381 
v -0.0500462 -0.0460708 0.182381 
v -0.0460708 -0.0500462 0.182381 
v -0.0417807 -0.0536798 0.182381 
v -0.0372051 -0.0569467 0.182381 
v -0.0323754 -0.0598245 0.182381 
v -0.0273246 -0.0622938 0.182381 
v -0.0220871 -0.0643374 0.182381 
v -0.0166987 -0.0659416 0.182381 
v -0.0111962 -0.0670954 0.182381 
v -0.0056173 -0.0677908 0.182381 
v 0 -0.0678118 0.182415 
v 0.00559985 -0.0675802 0.182415 
v 0.0111615 -0.0668869 0.182415 
v 0.0166468 -0.0657367 0.182415 
v 0.0220184 -0.0641375 0.182415 
v 0.0272397 -0.0621002 0.182415 
v 0.0322748 -0.0596387 0.182415 
v 0.0370895 -0.0567697 0.182415 
v 0.0416509 -0.053513 0.182415 
v 0.0459277 -0.0498907 0.182415 
v 0.0498907 -0.0459277 0.182415 
v 0.053513 -0.0416509 0.182415 
v 0.0567697 -0.0370895 0.182415 
v 0.0596387 -0.0322748 0.182415 
v 0.0621002 -0.0272397 0.182415 
v 0.0641375 -0.0220184 0.182415 
v 0.0657367 -0.0166468 0.182415 
v 0.0668869 -0.0111615 0.182415 
v 0.0675802 -0.00559985 0.182415 
v 0.0678118 0 0.182415 
v 0.0675802 0.00559985 0.182415 
v 0.0668869 0.0111615 0.182415 
v 0.0657367 0.0166468 0.182415 
v 0.0641375 0.0220184 0.182415 
v 0.0621002 0.0272397 0.182415 
v 0.0596387 0.0322748 0.182415 
v 0.0567697 0.0370895 0.182415 
v 0.053513 0.0416509 0.182415 
v 0.0498907 0.0459277 0.182415 
v 0.0459277 0.0498907 0.182415 
v 0.0416509 0.053513 0.182415 
v 0.0370895 0.0567697 0.182415 
v 0.0322748 0.0596387 0.182415 
v 0.0272397 0.0621002 0.182415 
v 0.0220184 0.0641375 0.182415 
v 0.0166468 0.0657367 0.182415 
v 0.0111615 0.0668869 0.182415 
v 0.00559985 0.0675802 0.182415 
v 1.31751e-17 0.0678118 0.182415 
v -0.00559985 0.0675802 0.182415 
v -0.0111615 0.0668869 0.182415 
v -0.0166468 0.0657367 0.182415 
v -0.0220184 0.0641375 0.182415 
v -0.0272397 0.0621002 0.182415 
v -0.0322748 0.0596387 0.182415 
v -0.0370895 0.0567697 0.182415 
v -0.0416509 0.053513 0.182415 
v -0.0459277 0.0498907 0.182415 
v -0.0498907 0.0459277 0.182415 
v -0.053513 0.0416509 0.182415 
v -0.0567697 0.0370895 0.182415 
v -0.0596387 0.0322748 0.182415 
v -0.0621002 0.0272397 0.182415 
v -0.0641375 0.0220184 0.182415 
v -0.0657367 0.0166468 0.182415 
v -0.0668869 0.0111615 0.182415 
v -0.0675802 0.00559985 0.182415 
v -0.0678118 2.25859e-17 0.182415 
v -0.0675802 -0.00559985 0.182415 
v -0.0668869 -0.0111615 0.182415 
v -0.0657367 -0.0166468 0.182415 
v -0.0641375 -0.0220184 0.182415 
v -0.0621002 -0.0272397 0.182415 
v -0.0596387 -0.0322748 0.182415 
v -0.0567697 -0.0370895 0.182415 
v -0.053513 -0.0416509 0.182415 
v -0.0498907 -0.0459277 0.182415 
v -0.0459277 -0.0498907 0.182415 
v -0.0416509 -0.053513 0.182415 
v -0.0370895 -0.0567697 0.182415 
v -0.0322748 -0.0596387 0.182415 
v -0.0272397 -0.0621002 0.182415 
v -0.0220184 -0.0641375 0.182415 
v -0.0166468 -0.0657367 0.182415 
v -0.0111615 -0.0668869 0.182415 
v -0.00559985 -0.0675802 0.182415 
v -0.0580675 0.0171771 0.182426 
v -0.0563222 0.0222419 0.182426 
v -0.0593584 0.0119779 0.182426 
v -0.0515262 0.031811 0.182426 
v -0.0485131 0.0362404 0.182426 
v -0.054136 0.0271326 0.182426 
v -0.0528829 -0.0295007 0.182426 
v -0.0552832 -0.0247114 0.182426 
v -0.0500687 -0.034059 0.182426 
v -0.06054 0.0013396 0.182426 
v -0.0604215 -0.00401618 0.182426 
v -0.0468626 -0.0383508 0.182426 
v -0.0451203 0.0403862 0.182426 
v -0.0601847 0.00668489 0.182426 
v -0.0598301 -0.00934052 0.182426 
v -0.0587705 -0.0145918 0.182426 
v -0.0572509 -0.0197288 0.182426 
v -0.0432898 -0.0423425 0.182426 
v -0.0209905 -0.0568004 0.182426 
v -0.0158883 -0.0584333 0.182426 
v -0.0106618 -0.0596088 0.182426 
v -0.00535184 -0.0603179 0.182426 
v 0.0485131 0.0362404 0.182426 
v 0.0451203 0.0403862 0.182426 
v -0.00267854 0.0604956 0.182426 
v -0.0132881 0.0590789 0.182426 
v -0.0184575 0.0576733 0.182426 
v -0.0234824 0.0558163 0.182426 
v -0.0283236 0.0535225 0.182426 
v -0.0393781 -0.0460027 0.182426 
v -0.0351583 -0.049303 0.182426 
v 0.00535184 -0.0603179 0.182426 
v -1.48317e-17 -0.0605548 0.182426 
v 0.0106618 -0.0596088 0.182426 
v 0.0413744 0.0442159 0.182426 
v 0.0329431 0.0508099 0.182426 
v 0.0373047 0.0476995 0.182426 
v 0.0283236 0.0535225 0.182426 
v 0.0184575 0.0576733 0.182426 
v 0.0234824 0.0558163 0.182426 
v 0.0132881 0.0590789 0.182426 
v 0.00801467 0.0600221 0.182426 
v 0.00267854 0.0604956 0.182426 
v -0.00801467 0.0600221 0.182426 
v 0.0158883 -0.0584333 0.182426 
v -0.0306633 -0.0522173 0.182426 
v -0.0259284 -0.054723 0.182426 
v 0.0209905 -0.0568004 0.182426 
v 0.0259284 -0.054723 0.182426 
v 0.0601847 0.00668489 0.182426 
v 0.06054 0.0013396 0.182426 
v 0.0593584 0.0119779 0.182426 
v -0.0413744 0.0442159 0.182426 
v -0.0373047 0.0476995 0.182426 
v 0.0306633 -0.0522173 0.182426 
v 0.0351583 -0.049303 0.182426 
v 0.0587705 -0.0145918 0.182426 
v 0.0572509 -0.0197288 0.182426 
v 0.0598301 -0.00934052 0.182426 
v 0.0580675 0.0171771 0.182426 
v 0.0563222 0.0222419 0.182426 
v -0.0329431 0.0508099 0.182426 
v 0.0393781 -0.0460027 0.182426 
v 0.0468626 -0.0383508 0.182426 
v 0.0500687 -0.034059 0.182426 
v 0.0604215 -0.00401618 0.182426 
v 0.054136 0.0271326 0.182426 
v 0.0515262 0.031811 0.182426 
v 0.0432898 -0.0423425 0.182426 
v 0.0528829 -0.0295007 0.182426 
v 0.0552832 -0.0247114 0.182426 
v 0 -0.0603588 0.182417 
v 0.00533452 -0.0601226 0.182417 
v 0.0106273 -0.0594159 0.182417 
v 0.0158369 -0.0582441 0.182417 
v 0.0209225 -0.0566165 0.182417 
v 0.0258444 -0.0545459 0.182417 
v 0.0305641 -0.0520483 0.182417 
v 0.0350445 -0.0491433 0.182417 
v 0.0392507 -0.0458538 0.182417 
v 0.0431496 -0.0422054 0.182417 
v 0.0467109 -0.0382267 0.182417 
v 0.0499066 -0.0339488 0.182417 
v 0.0527117 -0.0294052 0.182417 
v 0.0551042 -0.0246314 0.182417 
v 0.0570655 -0.0196649 0.182417 
v 0.0585802 -0.0145445 0.182417 
v 0.0596364 -0.00931028 0.182417 
v 0.0602259 -0.00400317 0.182417 
v 0.060344 0.00133526 0.182417 
v 0.0599899 0.00666325 0.182417 
v 0.0591662 0.0119391 0.182417 
v 0.0578795 0.0171215 0.182417 
v 0.0561398 0.0221699 0.182417 
v 0.0539608 0.0270448 0.182417 
v 0.0513594 0.031708 0.182417 
v 0.0483561 0.0361231 0.182417 
v 0.0449743 0.0402554 0.182417 
v 0.0412405 0.0440727 0.182417 
v 0.037184 0.0475451 0.182417 
v 0.0328364 0.0506454 0.182417 
v 0.0282319 0.0533493 0.182417 
v 0.0234064 0.0556357 0.182417 
v 0.0183977 0.0574866 0.182417 
v 0.013245 0.0588876 0.182417 
v 0.00798872 0.0598278 0.182417 
v 0.00266987 0.0602997 0.182417 
v -0.00266987 0.0602997 0.182417 
v -0.00798872 0.0598278 0.182417 
v -0.013245 0.0588876 0.182417 
v -0.0183977 0.0574866 0.182417 
v -0.0234064 0.0556357 0.182417 
v -0.0282319 0.0533493 0.182417 
v -0.0328364 0.0506454 0.182417 
v -0.037184 0.0475451 0.182417 
v -0.0412405 0.0440727 0.182417 
v -0.0449743 0.0402554 0.182417 
v -0.0483561 0.0361231 0.182417 
v -0.0513594 0.031708 0.182417 
v -0.0539608 0.0270448 0.182417 
v -0.0561398 0.0221699 0.182417 
v -0.0578795 0.0171215 0.182417 
v -0.0591662 0.0119391 0.182417 
v -0.0599899 0.00666325 0.182417 
v -0.060344 0.00133526 0.182417 
v -0.0602259 -0.00400317 0.182417 
v -0.0596364 -0.00931028 0.182417 
v -0.0585802 -0.0145445 0.182417 
v -0.0570655 -0.0196649 0.182417 
v -0.0551042 -0.0246314 0.182417 
v -0.0527117 -0.0294052 0.182417 
v -0.0499066 -0.0339488 0.182417 
v -0.0467109 -0.0382267 0.182417 
v -0.0431496 -0.0422054 0.182417 
v -0.0392507 -0.0458538 0.182417 
v -0.0350445 -0.0491433 0.182417 
v -0.0305641 -0.0520483 0.182417 
v -0.0258444 -0.0545459 0.182417 
v -0.0209225 -0.0566165 0.182417 
v -0.0158369 -0.0582441 0.182417 
v -0.0106273 -0.0594159 0.182417 
v -0.00533452 -0.0601226 0.182417 
v 0 -0.0601647 0.182388 
v 0.00531736 -0.0599292 0.182388 
v 0.0105931 -0.0592248 0.182388 
v 0.0157859 -0.0580568 0.182388 
v 0.0208552 -0.0564344 0.182388 
v 0.0257613 -0.0543704 0.182388 
v 0.0304658 -0.0518809 0.182388 
v 0.0349318 -0.0489853 0.182388 
v 0.0391244 -0.0457063 0.182388 
v 0.0430108 -0.0420696 0.182388 
v 0.0465606 -0.0381037 0.182388 
v 0.049746 -0.0338396 0.182388 
v 0.0525421 -0.0293106 0.182388 
v 0.054927 -0.0245522 0.182388 
v 0.056882 -0.0196017 0.182388 
v 0.0583918 -0.0144977 0.182388 
v 0.0594446 -0.00928033 0.182388 
v 0.0600322 -0.0039903 0.182388 
v 0.0601499 0.00133097 0.182388 
v 0.0597969 0.00664182 0.182388 
v 0.0589759 0.0119007 0.182388 
v 0.0576934 0.0170664 0.182388 
v 0.0559593 0.0220986 0.182388 
v 0.0537872 0.0269578 0.182388 
v 0.0511942 0.031606 0.182388 
v 0.0482005 0.0360069 0.182388 
v 0.0448296 0.0401259 0.182388 
v 0.0411078 0.043931 0.182388 
v 0.0370644 0.0473922 0.182388 
v 0.0327308 0.0504825 0.182388 
v 0.0281411 0.0531777 0.182388 
v 0.0233311 0.0554567 0.182388 
v 0.0183385 0.0573017 0.182388 
v 0.0132024 0.0586982 0.182388 
v 0.00796302 0.0596354 0.182388 
v 0.00266128 0.0601058 0.182388 
v -0.00266128 0.0601058 0.182388 
v -0.00796302 0.0596354 0.182388 
v -0.0132024 0.0586982 0.182388 
v -0.0183385 0.0573017 0.182388 
v -0.0233311 0.0554567 0.182388 
v -0.0281411 0.0531777 0.182388 
v -0.0327308 0.0504825 0.182388 
v -0.0370644 0.0473922 0.182388 
v -0.0411078 0.043931 0.182388 
v -0.0448296 0.0401259 0.182388 
v -0.0482005 0.0360069 0.182388 
v -0.0511942 0.031606 0.182388 
v -0.0537872 0.0269578 0.182388 
v -0.0559593 0.0220986 0.182388 
v -0.0576934 0.0170664 0.182388 
v -0.0589759 0.0119007 0.182388 
v -0.0597969 0.00664182 0.182388 
v -0.0601499 0.00133097 0.182388 
v -0.0600322 -0.0039903 0.182388 
v -0.0594446 -0.00928033 0.182388 
v -0.0583918 -0.0144977 0.182388 
v -0.056882 -0.0196017 0.182388 
v -0.054927 -0.0245522 0.182388 
v -0.0525421 -0.0293106 0.182388 
v -0.049746 -0.0338396 0.182388 
v -0.0465606 -0.0381037 0.182388 
v -0.0430108 -0.0420696 0.182388 
v -0.0391244 -0.0457063 0.182388 
v -0.0349318 -0.0489853 0.182388 
v -0.0304658 -0.0518809 0.182388 
v -0.0257613 -0.0543704 0.182388 
v -0.0208552 -0.0564344 0.182388 
v -0.0157859 -0.0580568 0.182388 
v -0.0105931 -0.0592248 0.182388 
v -0.00531736 -0.0599292 0.182388 
v 0 -0.0599743 0.18234 
v 0.00530053 -0.0597396 0.18234 
v 0.0105596 -0.0590373 0.18234 
v 0.015736 -0.0578731 0.18234 
v 0.0207892 -0.0562558 0.18234 
v 0.0256798 -0.0541984 0.18234 
v 0.0303693 -0.0517167 0.18234 
v 0.0348212 -0.0488303 0.18234 
v 0.0390006 -0.0455617 0.18234 
v 0.0428747 -0.0419365 0.18234 
v 0.0464133 -0.0379831 0.18234 
v 0.0495886 -0.0337325 0.18234 
v 0.0523759 -0.0292178 0.18234 
v 0.0547532 -0.0244745 0.18234 
v 0.056702 -0.0195396 0.18234 
v 0.058207 -0.0144519 0.18234 
v 0.0592565 -0.00925097 0.18234 
v 0.0598422 -0.00397767 0.18234 
v 0.0599596 0.00132676 0.18234 
v 0.0596077 0.0066208 0.18234 
v 0.0587893 0.011863 0.18234 
v 0.0575108 0.0170124 0.18234 
v 0.0557822 0.0220286 0.18234 
v 0.053617 0.0268725 0.18234 
v 0.0510322 0.031506 0.18234 
v 0.048048 0.0358929 0.18234 
v 0.0446877 0.039999 0.18234 
v 0.0409778 0.043792 0.18234 
v 0.0369471 0.0472422 0.18234 
v 0.0326272 0.0503227 0.18234 
v 0.028052 0.0530094 0.18234 
v 0.0232573 0.0552812 0.18234 
v 0.0182805 0.0571204 0.18234 
v 0.0131607 0.0585125 0.18234 
v 0.00793783 0.0594466 0.18234 
v 0.00265286 0.0599156 0.18234 
v -0.00265286 0.0599156 0.18234 
v -0.00793783 0.0594466 0.18234 
v -0.0131607 0.0585125 0.18234 
v -0.0182805 0.0571204 0.18234 
v -0.0232573 0.0552812 0.18234 
v -0.028052 0.0530094 0.18234 
v -0.0326272 0.0503227 0.18234 
v -0.0369471 0.0472422 0.18234 
v -0.0409778 0.043792 0.18234 
v -0.0446877 0.039999 0.18234 
v -0.048048 0.0358929 0.18234 
v -0.0510322 0.031506 0.18234 
v -0.053617 0.0268725 0.18234 
v -0.0557822 0.0220286 0.18234 
v -0.0575108 0.0170124 0.18234 
v -0.0587893 0.011863 0.18234 
v -0.0596077 0.0066208 0.18234 
v -0.0599596 0.00132676 0.18234 
v -0.0598422 -0.00397767 0.18234 
v -0.0592565 -0.00925097 0.18234 
v -0.058207 -0.0144519 0.18234 
v -0.056702 -0.0195396 0.18234 
v -0.0547532 -0.0244745 0.18234 
v -0.0523759 -0.0292178 0.18234 
v -0.0495886 -0.0337325 0.18234 
v -0.0464133 -0.0379831 0.18234 
v -0.0428747 -0.0419365 0.18234 
v -0.0390006 -0.0455617 0.18234 
v -0.0348212 -0.0488303 0.18234 
v -0.0303693 -0.0517167 0.18234 
v -0.0256798 -0.0541984 0.18234 
v -0.0207892 -0.0562558 0.18234 
v -0.015736 -0.0578731 0.18234 
v -0.0105596 -0.0590373 0.18234 
v -0.00530053 -0.0597396 0.18234 
v 0 -0.0597895 0.182274 
v 0.0052842 -0.0595555 0.182274 
v 0.010527 -0.0588554 0.182274 
v 0.0156875 -0.0576947 0.182274 
v 0.0207252 -0.0560825 0.182274 
v 0.0256007 -0.0540314 0.182274 
v 0.0302758 -0.0515573 0.182274 
v 0.0347139 -0.0486798 0.182274 
v 0.0388804 -0.0454213 0.182274 
v 0.0427426 -0.0418073 0.182274 
v 0.0462703 -0.0378661 0.182274 
v 0.0494358 -0.0336285 0.182274 
v 0.0522145 -0.0291278 0.182274 
v 0.0545845 -0.0243991 0.182274 
v 0.0565273 -0.0194794 0.182274 
v 0.0580277 -0.0144073 0.182274 
v 0.0590739 -0.00922246 0.182274 
v 0.0596578 -0.00396541 0.182274 
v 0.0597748 0.00132267 0.182274 
v 0.059424 0.0066004 0.182274 
v 0.0586081 0.0118265 0.182274 
v 0.0573336 0.01696 0.182274 
v 0.0556103 0.0219608 0.182274 
v 0.0534518 0.0267897 0.182274 
v 0.0508749 0.0314089 0.182274 
v 0.0478999 0.0357823 0.182274 
v 0.0445501 0.0398757 0.182274 
v 0.0408515 0.043657 0.182274 
v 0.0368332 0.0470966 0.182274 
v 0.0325267 0.0501677 0.182274 
v 0.0279656 0.0528461 0.182274 
v 0.0231856 0.0551109 0.182274 
v 0.0182242 0.0569444 0.182274 
v 0.0131201 0.0583322 0.182274 
v 0.00791337 0.0592635 0.182274 
v 0.00264469 0.0597309 0.182274 
v -0.00264469 0.0597309 0.182274 
v -0.00791337 0.0592635 0.182274 
v -0.0131201 0.0583322 0.182274 
v -0.0182242 0.0569444 0.182274 
v -0.0231856 0.0551109 0.182274 
v -0.0279656 0.0528461 0.182274 
v -0.0325267 0.0501677 0.182274 
v -0.0368332 0.0470966 0.182274 
v -0.0408515 0.043657 0.182274 
v -0.0445501 0.0398757 0.182274 
v -0.0478999 0.0357823 0.182274 
v -0.0508749 0.0314089 0.182274 
v -0.0534518 0.0267897 0.182274 
v -0.0556103 0.0219608 0.182274 
v -0.0573336 0.01696 0.182274 
v -0.0586081 0.0118265 0.182274 
v -0.059424 0.0066004 0.182274 
v -0.0597748 0.00132267 0.182274 
v -0.0596578 -0.00396541 0.182274 
v -0.0590739 -0.00922246 0.182274 
v -0.0580277 -0.0144073 0.182274 
v -0.0565273 -0.0194794 0.182274 
v -0.0545845 -0.0243991 0.182274 
v -0.0522145 -0.0291278 0.182274 
v -0.0494358 -0.0336285 0.182274 
v -0.0462703 -0.0378661 0.182274 
v -0.0427426 -0.0418073 0.182274 
v -0.0388804 -0.0454213 0.182274 
v -0.0347139 -0.0486798 0.182274 
v -0.0302758 -0.0515573 0.182274 
v -0.0256007 -0.0540314 0.182274 
v -0.0207252 -0.0560825 0.182274 
v -0.0156875 -0.0576947 0.182274 
v -0.010527 -0.0588554 0.182274 
v -0.0052842 -0.0595555 0.182274 
v 0 -0.059612 0.18219 
v 0.00526852 -0.0593788 0.18219 
v 0.0104958 -0.0586808 0.18219 
v 0.0156409 -0.0575235 0.18219 
v 0.0206637 -0.0559161 0.18219 
v 0.0255247 -0.053871 0.18219 
v 0.0301859 -0.0514043 0.18219 
v 0.0346109 -0.0485353 0.18219 
v 0.038765 -0.0452865 0.18219 
v 0.0426158 -0.0416832 0.18219 
v 0.046133 -0.0377537 0.18219 
v 0.0492891 -0.0335287 0.18219 
v 0.0520595 -0.0290414 0.18219 
v 0.0544225 -0.0243267 0.18219 
v 0.0563595 -0.0194216 0.18219 
v 0.0578555 -0.0143646 0.18219 
v 0.0588986 -0.00919509 0.18219 
v 0.0594808 -0.00395365 0.18219 
v 0.0595975 0.00131874 0.18219 
v 0.0592477 0.00658081 0.18219 
v 0.0584342 0.0117914 0.18219 
v 0.0571634 0.0169097 0.18219 
v 0.0554453 0.0218956 0.18219 
v 0.0532932 0.0267102 0.18219 
v 0.050724 0.0313157 0.18219 
v 0.0477578 0.0356762 0.18219 
v 0.0444179 0.0397574 0.18219 
v 0.0407303 0.0435275 0.18219 
v 0.0367239 0.0469569 0.18219 
v 0.0324302 0.0500188 0.18219 
v 0.0278826 0.0526892 0.18219 
v 0.0231168 0.0549473 0.18219 
v 0.0181701 0.0567754 0.18219 
v 0.0130812 0.0581591 0.18219 
v 0.00788988 0.0590876 0.18219 
v 0.00263684 0.0595537 0.18219 
v -0.00263684 0.0595537 0.18219 
v -0.00788988 0.0590876 0.18219 
v -0.0130812 0.0581591 0.18219 
v -0.0181701 0.0567754 0.18219 
v -0.0231168 0.0549473 0.18219 
v -0.0278826 0.0526892 0.18219 
v -0.0324302 0.0500188 0.18219 
v -0.0367239 0.0469569 0.18219 
v -0.0407303 0.0435275 0.18219 
v -0.0444179 0.0397574 0.18219 
v -0.0477578 0.0356762 0.18219 
v -0.050724 0.0313157 0.18219 
v -0.0532932 0.0267102 0.18219 
v -0.0554453 0.0218956 0.18219 
v -0.0571634 0.0169097 0.18219 
v -0.0584342 0.0117914 0.18219 
v -0.0592477 0.00658081 0.18219 
v -0.0595975 0.00131874 0.18219 
v -0.0594808 -0.00395365 0.18219 
v -0.0588986 -0.00919509 0.18219 
v -0.0578555 -0.0143646 0.18219 
v -0.0563595 -0.0194216 0.18219 
v -0.0544225 -0.0243267 0.18219 
v -0.0520595 -0.0290414 0.18219 
v -0.0492891 -0.0335287 0.18219 
v -0.046133 -0.0377537 0.18219 
v -0.0426158 -0.0416832 0.18219 
v -0.038765 -0.0452865 0.18219 
v -0.0346109 -0.0485353 0.18219 
v -0.0301859 -0.0514043 0.18219 
v -0.0255247 -0.053871 0.18219 
v -0.0206637 -0.0559161 0.18219 
v -0.0156409 -0.0575235 0.18219 
v -0.0104958 -0.0586808 0.18219 
v -0.00526852 -0.0593788 0.18219 
v 0 -0.0594437 0.182089 
v 0.00525364 -0.0592111 0.182089 
v 0.0104662 -0.0585151 0.182089 
v 0.0155968 -0.0573611 0.182089 
v 0.0206053 -0.0557582 0.182089 
v 0.0254526 -0.0537189 0.182089 
v 0.0301007 -0.0512592 0.182089 
v 0.0345132 -0.0483983 0.182089 
v 0.0386556 -0.0451586 0.182089 
v 0.0424954 -0.0415655 0.182089 
v 0.0460027 -0.0376471 0.182089 
v 0.0491499 -0.0334341 0.182089 
v 0.0519125 -0.0289594 0.182089 
v 0.0542688 -0.024258 0.182089 
v 0.0562004 -0.0193668 0.182089 
v 0.0576921 -0.014324 0.182089 
v 0.0587323 -0.00916913 0.182089 
v 0.0593128 -0.00394248 0.182089 
v 0.0594291 0.00131502 0.182089 
v 0.0590804 0.00656223 0.182089 
v 0.0582692 0.0117581 0.182089 
v 0.057002 0.0168619 0.182089 
v 0.0552887 0.0218338 0.182089 
v 0.0531427 0.0266347 0.182089 
v 0.0505807 0.0312273 0.182089 
v 0.0476229 0.0355754 0.182089 
v 0.0442924 0.0396451 0.182089 
v 0.0406152 0.0434045 0.182089 
v 0.0366202 0.0468243 0.182089 
v 0.0323386 0.0498775 0.182089 
v 0.0278039 0.0525404 0.182089 
v 0.0230515 0.0547922 0.182089 
v 0.0181188 0.056615 0.182089 
v 0.0130442 0.0579948 0.182089 
v 0.0078676 0.0589207 0.182089 
v 0.00262939 0.0593855 0.182089 
v -0.00262939 0.0593855 0.182089 
v -0.0078676 0.0589207 0.182089 
v -0.0130442 0.0579948 0.182089 
v -0.0181188 0.056615 0.182089 
v -0.0230515 0.0547922 0.182089 
v -0.0278039 0.0525404 0.182089 
v -0.0323386 0.0498775 0.182089 
v -0.0366202 0.0468243 0.182089 
v -0.0406152 0.0434045 0.182089 
v -0.0442924 0.0396451 0.182089 
v -0.0476229 0.0355754 0.182089 
v -0.0505807 0.0312273 0.182089 
v -0.0531427 0.0266347 0.182089 
v -0.0552887 0.0218338 0.182089 
v -0.057002 0.0168619 0.182089 
v -0.0582692 0.0117581 0.182089 
v -0.0590804 0.00656223 0.182089 
v -0.0594291 0.00131502 0.182089 
v -0.0593128 -0.00394248 0.182089 
v -0.0587323 -0.00916913 0.182089 
v -0.0576921 -0.014324 0.182089 
v -0.0562004 -0.0193668 0.182089 
v -0.0542688 -0.024258 0.182089 
v -0.0519125 -0.0289594 0.182089 
v -0.0491499 -0.0334341 0.182089 
v -0.0460027 -0.0376471 0.182089 
v -0.0424954 -0.0415655 0.182089 
v -0.0386556 -0.0451586 0.182089 
v -0.0345132 -0.0483983 0.182089 
v -0.0301007 -0.0512592 0.182089 
v -0.0254526 -0.0537189 0.182089 
v -0.0206053 -0.0557582 0.182089 
v -0.0155968 -0.0573611 0.182089 
v -0.0104662 -0.0585151 0.182089 
v -0.00525364 -0.0592111 0.182089 
v 0 -0.059286 0.181972 
v 0.00523971 -0.0590541 0.181972 
v 0.0104384 -0.0583599 0.181972 
v 0.0155554 -0.057209 0.181972 
v 0.0205507 -0.0556103 0.181972 
v 0.0253851 -0.0535764 0.181972 
v 0.0300209 -0.0511232 0.181972 
v 0.0344217 -0.0482699 0.181972 
v 0.0385531 -0.0450388 0.181972 
v 0.0423827 -0.0414553 0.181972 
v 0.0458807 -0.0375473 0.181972 
v 0.0490196 -0.0333454 0.181972 
v 0.0517748 -0.0288826 0.181972 
v 0.0541249 -0.0241937 0.181972 
v 0.0560513 -0.0193154 0.181972 
v 0.0575391 -0.014286 0.181972 
v 0.0585765 -0.00914481 0.181972 
v 0.0591555 -0.00393203 0.181972 
v 0.0592715 0.00131153 0.181972 
v 0.0589237 0.00654482 0.181972 
v 0.0581147 0.0117269 0.181972 
v 0.0568508 0.0168172 0.181972 
v 0.0551421 0.0217759 0.181972 
v 0.0530017 0.0265641 0.181972 
v 0.0504466 0.0311445 0.181972 
v 0.0474966 0.0354811 0.181972 
v 0.0441749 0.03954 0.181972 
v 0.0405075 0.0432894 0.181972 
v 0.0365231 0.0467001 0.181972 
v 0.0322528 0.0497453 0.181972 
v 0.0277301 0.0524011 0.181972 
v 0.0229904 0.0546468 0.181972 
v 0.0180707 0.0564649 0.181972 
v 0.0130096 0.057841 0.181972 
v 0.00784674 0.0587645 0.181972 
v 0.00262242 0.059228 0.181972 
v -0.00262242 0.059228 0.181972 
v -0.00784674 0.0587645 0.181972 
v -0.0130096 0.057841 0.181972 
v -0.0180707 0.0564649 0.181972 
v -0.0229904 0.0546468 0.181972 
v -0.0277301 0.0524011 0.181972 
v -0.0322528 0.0497453 0.181972 
v -0.0365231 0.0467001 0.181972 
v -0.0405075 0.0432894 0.181972 
v -0.0441749 0.03954 0.181972 
v -0.0474966 0.0354811 0.181972 
v -0.0504466 0.0311445 0.181972 
v -0.0530017 0.0265641 0.181972 
v -0.0551421 0.0217759 0.181972 
v -0.0568508 0.0168172 0.181972 
v -0.0581147 0.0117269 0.181972 
v -0.0589237 0.00654482 0.181972 
v -0.0592715 0.00131153 0.181972 
v -0.0591555 -0.00393203 0.181972 
v -0.0585765 -0.00914481 0.181972 
v -0.0575391 -0.014286 0.181972 
v -0.0560513 -0.0193154 0.181972 
v -0.0541249 -0.0241937 0.181972 
v -0.0517748 -0.0288826 0.181972 
v -0.0490196 -0.0333454 0.181972 
v -0.0458807 -0.0375473 0.181972 
v -0.0423827 -0.0414553 0.181972 
v -0.0385531 -0.0450388 0.181972 
v -0.0344217 -0.0482699 0.181972 
v -0.0300209 -0.0511232 0.181972 
v -0.0253851 -0.0535764 0.181972 
v -0.0205507 -0.0556103 0.181972 
v -0.0155554 -0.057209 0.181972 
v -0.0104384 -0.0583599 0.181972 
v -0.00523971 -0.0590541 0.181972 
vn 0.108119 -0.994138 0 
vn 2.44929e-16 -1 0 
vn 0.21497 -0.976621 0 
vn 0.108119 -0.994138 0 
vn 0.319302 -0.947653 0 
vn 0.21497 -0.976621 0 
vn 0.419889 -0.907575 0 
vn 0.319302 -0.947653 0 
vn 0.515554 -0.856857 0 
vn 0.419889 -0.907575 0 
vn 0.605174 -0.796093 0 
vn 0.515554 -0.856857 0 
vn 0.687699 -0.725995 0 
vn 0.605174 -0.796093 0 
vn 0.762162 -0.647386 0 
vn 0.687699 -0.725995 0 
vn 0.827689 -0.561187 0 
vn 0.762162 -0.647386 0 
vn 0.883512 -0.468408 0 
vn 0.827689 -0.561187 0 
vn 0.928977 -0.370138 0 
vn 0.883512 -0.468408 0 
vn 0.96355 -0.267528 0 
vn 0.928977 -0.370138 0 
vn 0.986827 -0.161782 0 
vn 0.96355 -0.267528 0 
vn 0.998533 -0.0541389 0 
vn 0.986827 -0.161782 0 
vn 0.998533 0.0541389 0 
vn 0.998533 -0.0541389 0 
vn 0.986827 0.161782 0 
vn 0.998533 0.0541389 0 
vn 0.96355 0.267528 0 
vn 0.986827 0.161782 0 
vn 0.928977 0.370138 0 
vn 0.96355 0.267528 0 
vn 0.883512 0.468408 0 
vn 0.928977 0.370138 0 
vn 0.827689 0.561187 0 
vn 0.883512 0.468408 0 
vn 0.762162 0.647386 0 
vn 0.827689 0.561187 0 
vn 0.687699 0.725995 0 
vn 0.762162 0.647386 0 
vn 0.605174 0.796093 0 
vn 0.687699 0.725995 0 
vn 0.515554 0.856857 0 
vn 0.605174 0.796093 0 
vn 0.419889 0.907575 0 
vn 0.515554 0.856857 0 
vn 0.319302 0.947653 0 
vn 0.419889 0.907575 0 
vn 0.21497 0.976621 0 
vn 0.319302 0.947653 0 
vn 0.108119 0.994138 0 
vn 0.21497 0.976621 0 
vn -1.22465e-16 1 0 
vn 0.108119 0.994138 0 
vn -0.108119 0.994138 0 
vn -1.22465e-16 1 0 
vn -0.21497 0.976621 0 
vn -0.108119 0.994138 0 
vn -0.319302 0.947653 0 
vn -0.21497 0.976621 0 
vn -0.419889 0.907575 0 
vn -0.319302 0.947653 0 
vn -0.515554 0.856857 0 
vn -0.419889 0.907575 0 
vn -0.605174 0.796093 0 
vn -0.515554 0.856857 0 
vn -0.687699 0.725995 0 
vn -0.605174 0.796093 0 
vn -0.762162 0.647386 0 
vn -0.687699 0.725995 0 
vn -0.827689 0.561187 0 
vn -0.762162 0.647386 0 
vn -0.883512 0.468408 0 
vn -0.827689 0.561187 0 
vn -0.928977 0.370138 0 
vn -0.883512 0.468408 0 
vn -0.96355 0.267528 0 
vn -0.928977 0.370138 0 
vn -0.986827 0.161782 0 
vn -0.96355 0.267528 0 
vn -0.998533 0.0541389 0 
vn -0.986827 0.161782 0 
vn -0.998533 -0.0541389 0 
vn -0.998533 0.0541389 0 
vn -0.986827 -0.161782 0 
vn -0.998533 -0.0541389 0 
vn -0.96355 -0.267528 0 
vn -0.986827 -0.161782 0 
vn -0.928977 -0.370138 0 
vn -0.96355 -0.267528 0 
vn -0.883512 -0.468408 0 
vn -0.928977 -0.370138 0 
vn -0.827689 -0.561187 0 
vn -0.883512 -0.468408 0 
vn -0.762162 -0.647386 0 
vn -0.827689 -0.561187 0 
vn -0.687699 -0.725995 0 
vn -0.762162 -0.647386 0 
vn -0.605174 -0.796093 0 
vn -0.687699 -0.725995 0 
vn -0.515554 -0.856857 0 
vn -0.605174 -0.796093 0 
vn -0.419889 -0.907575 0 
vn -0.515554 -0.856857 0 
vn -0.319302 -0.947653 0 
vn -0.419889 -0.907575 0 
vn -0.21497 -0.976621 0 
vn -0.319302 -0.947653 0 
vn -0.108119 -0.994138 0 
vn -0.21497 -0.976621 0 
vn 0 -0.104528 -0.994522 
vn 0 6.12323e-17 -1 
vn -0.0113015 -0.103916 -0.994522 
vn -0.0224705 -0.102085 -0.994522 
vn 1.95516e-17 5.8027e-17 -1 
vn -0.0333761 -0.0990567 -0.994522 
vn -0.0438904 -0.0948675 -0.994522 
vn 3.15686e-17 5.24674e-17 -1 
vn -0.0538901 -0.089566 -0.994522 
vn -0.0632579 -0.0832144 -0.994522 
vn 4.21094e-17 4.44544e-17 -1 
vn -0.0718842 -0.0758872 -0.994522 
vn -0.0796676 -0.0676703 -0.994522 
vn 5.06813e-17 3.43628e-17 -1 
vn -0.0865171 -0.05866 -0.994522 
vn -0.0923522 -0.048962 -0.994522 
vn 5.68834e-17 2.26644e-17 -1 
vn -0.0971045 -0.03869 -0.994522 
vn -0.100718 -0.0279643 -0.994522 
vn 6.04257e-17 9.90629e-18 -1 
vn -0.103151 -0.0169108 -0.994522 
vn -0.104375 -0.00565906 -0.994522 
vn 6.11425e-17 -3.31505e-18 -1 
vn -0.104375 0.00565906 -0.994522 
vn -0.103151 0.0169108 -0.994522 
vn 5.90004e-17 -1.63814e-17 -1 
vn -0.100718 0.0279643 -0.994522 
vn -0.0971045 0.03869 -0.994522 
vn 5.40995e-17 -2.86817e-17 -1 
vn -0.0923522 0.048962 -0.994522 
vn -0.0865171 0.05866 -0.994522 
vn 4.6669e-17 -3.9641e-17 -1 
vn -0.0796676 0.0676703 -0.994522 
vn -0.0718842 0.0758872 -0.994522 
vn 3.70562e-17 -4.87466e-17 -1 
vn -0.0632579 0.0832144 -0.994522 
vn -0.0538901 0.089566 -0.994522 
vn 2.57108e-17 -5.5573e-17 -1 
vn -0.0438904 0.0948675 -0.994522 
vn -0.0333761 0.0990567 -0.994522 
vn 1.31631e-17 -5.98008e-17 -1 
vn -0.0224705 0.102085 -0.994522 
vn -0.0113015 0.103916 -0.994522 
vn -1.27465e-32 -6.12323e-17 -1 
vn 2.17594e-17 0.104528 -0.994522 
vn 0.0113015 0.103916 -0.994522 
vn -1.31631e-17 -5.98008e-17 -1 
vn 0.0224705 0.102085 -0.994522 
vn 0.0333761 0.0990567 -0.994522 
vn -2.57108e-17 -5.5573e-17 -1 
vn 0.0438904 0.0948675 -0.994522 
vn 0.0538901 0.089566 -0.994522 
vn -3.70562e-17 -4.87466e-17 -1 
vn 0.0632579 0.0832144 -0.994522 
vn 0.0718842 0.0758872 -0.994522 
vn -4.6669e-17 -3.9641e-17 -1 
vn 0.0796676 0.0676703 -0.994522 
vn 0.0865171 0.05866 -0.994522 
vn -5.40995e-17 -2.86817e-17 -1 
vn 0.0923522 0.048962 -0.994522 
vn 0.0971045 0.03869 -0.994522 
vn -5.90004e-17 -1.63814e-17 -1 
vn 0.100718 0.0279643 -0.994522 
vn 0.103151 0.0169108 -0.994522 
vn -6.11425e-17 -3.31505e-18 -1 
vn 0.104375 0.00565906 -0.994522 
vn 0.104375 -0.00565906 -0.994522 
vn -6.04257e-17 9.90629e-18 -1 
vn 0.103151 -0.0169108 -0.994522 
vn 0.100718 -0.0279643 -0.994522 
vn -5.68834e-17 2.26644e-17 -1 
vn 0.0971045 -0.03869 -0.994522 
vn 0.0923522 -0.048962 -0.994522 
vn -5.06813e-17 3.43628e-17 -1 
vn 0.0865171 -0.05866 -0.994522 
vn 0.0796676 -0.0676703 -0.994522 
vn -4.21094e-17 4.44544e-17 -1 
vn 0.0718842 -0.0758872 -0.994522 
vn 0.0632579 -0.0832144 -0.994522 
vn -3.15686e-17 5.24674e-17 -1 
vn 0.0538901 -0.089566 -0.994522 
vn 0.0438904 -0.0948675 -0.994522 
vn -1.95516e-17 5.8027e-17 -1 
vn 0.0333761 -0.0990567 -0.994522 
vn 0.0224705 -0.102085 -0.994522 
vn -6.62038e-18 6.08734e-17 -1 
vn 0.0113015 -0.103916 -0.994522 
vn 0 -0.207912 -0.978148 
vn -0.0224792 -0.206693 -0.978148 
vn -0.0446949 -0.203051 -0.978148 
vn -0.0663865 -0.197028 -0.978148 
vn -0.0872999 -0.188696 -0.978148 
vn -0.10719 -0.178151 -0.978148 
vn -0.125823 -0.165517 -0.978148 
vn -0.142981 -0.150943 -0.978148 
vn -0.158462 -0.134599 -0.978148 
vn -0.172086 -0.116677 -0.978148 
vn -0.183692 -0.0973876 -0.978148 
vn -0.193145 -0.076956 -0.978148 
vn -0.200333 -0.0556223 -0.978148 
vn -0.205173 -0.0336364 -0.978148 
vn -0.207607 -0.0112561 -0.978148 
vn -0.207607 0.0112561 -0.978148 
vn -0.205173 0.0336364 -0.978148 
vn -0.200333 0.0556223 -0.978148 
vn -0.193145 0.076956 -0.978148 
vn -0.183692 0.0973876 -0.978148 
vn -0.172086 0.116677 -0.978148 
vn -0.158462 0.134599 -0.978148 
vn -0.142981 0.150943 -0.978148 
vn -0.125823 0.165517 -0.978148 
vn -0.10719 0.178151 -0.978148 
vn -0.0872999 0.188696 -0.978148 
vn -0.0663865 0.197028 -0.978148 
vn -0.0446949 0.203051 -0.978148 
vn -0.0224792 0.206693 -0.978148 
vn 4.32803e-17 0.207912 -0.978148 
vn 0.0224792 0.206693 -0.978148 
vn 0.0446949 0.203051 -0.978148 
vn 0.0663865 0.197028 -0.978148 
vn 0.0872999 0.188696 -0.978148 
vn 0.10719 0.178151 -0.978148 
vn 0.125823 0.165517 -0.978148 
vn 0.142981 0.150943 -0.978148 
vn 0.158462 0.134599 -0.978148 
vn 0.172086 0.116677 -0.978148 
vn 0.183692 0.0973876 -0.978148 
vn 0.193145 0.076956 -0.978148 
vn 0.200333 0.0556223 -0.978148 
vn 0.205173 0.0336364 -0.978148 
vn 0.207607 0.0112561 -0.978148 
vn 0.207607 -0.0112561 -0.978148 
vn 0.205173 -0.0336364 -0.978148 
vn 0.200333 -0.0556223 -0.978148 
vn 0.193145 -0.076956 -0.978148 
vn 0.183692 -0.0973876 -0.978148 
vn 0.172086 -0.116677 -0.978148 
vn 0.158462 -0.134599 -0.978148 
vn 0.142981 -0.150943 -0.978148 
vn 0.125823 -0.165517 -0.978148 
vn 0.10719 -0.178151 -0.978148 
vn 0.0872999 -0.188696 -0.978148 
vn 0.0663865 -0.197028 -0.978148 
vn 0.0446949 -0.203051 -0.978148 
vn 0.0224792 -0.206693 -0.978148 
vn 0 -0.309017 -0.951057 
vn -0.0334106 -0.307206 -0.951057 
vn -0.0664295 -0.301792 -0.951057 
vn -0.0986696 -0.292841 -0.951057 
vn -0.129753 -0.280456 -0.951057 
vn -0.159315 -0.264783 -0.951057 
vn -0.187009 -0.246006 -0.951057 
vn -0.212511 -0.224345 -0.951057 
vn -0.235521 -0.200053 -0.951057 
vn -0.25577 -0.173416 -0.951057 
vn -0.27302 -0.144746 -0.951057 
vn -0.28707 -0.114379 -0.951057 
vn -0.297753 -0.0826708 -0.951057 
vn -0.304946 -0.0499934 -0.951057 
vn -0.308564 -0.0167298 -0.951057 
vn -0.308564 0.0167298 -0.951057 
vn -0.304946 0.0499934 -0.951057 
vn -0.297753 0.0826708 -0.951057 
vn -0.28707 0.114379 -0.951057 
vn -0.27302 0.144746 -0.951057 
vn -0.25577 0.173416 -0.951057 
vn -0.235521 0.200053 -0.951057 
vn -0.212511 0.224345 -0.951057 
vn -0.187009 0.246006 -0.951057 
vn -0.159315 0.264783 -0.951057 
vn -0.129753 0.280456 -0.951057 
vn -0.0986696 0.292841 -0.951057 
vn -0.0664295 0.301792 -0.951057 
vn -0.0334106 0.307206 -0.951057 
vn 6.43271e-17 0.309017 -0.951057 
vn 0.0334106 0.307206 -0.951057 
vn 0.0664295 0.301792 -0.951057 
vn 0.0986696 0.292841 -0.951057 
vn 0.129753 0.280456 -0.951057 
vn 0.159315 0.264783 -0.951057 
vn 0.187009 0.246006 -0.951057 
vn 0.212511 0.224345 -0.951057 
vn 0.235521 0.200053 -0.951057 
vn 0.25577 0.173416 -0.951057 
vn 0.27302 0.144746 -0.951057 
vn 0.28707 0.114379 -0.951057 
vn 0.297753 0.0826708 -0.951057 
vn 0.304946 0.0499934 -0.951057 
vn 0.308564 0.0167298 -0.951057 
vn 0.308564 -0.0167298 -0.951057 
vn 0.304946 -0.0499934 -0.951057 
vn 0.297753 -0.0826708 -0.951057 
vn 0.28707 -0.114379 -0.951057 
vn 0.27302 -0.144746 -0.951057 
vn 0.25577 -0.173416 -0.951057 
vn 0.235521 -0.200053 -0.951057 
vn 0.212511 -0.224345 -0.951057 
vn 0.187009 -0.246006 -0.951057 
vn 0.159315 -0.264783 -0.951057 
vn 0.129753 -0.280456 -0.951057 
vn 0.0986696 -0.292841 -0.951057 
vn 0.0664295 -0.301792 -0.951057 
vn 0.0334106 -0.307206 -0.951057 
vn 0 -0.406737 -0.913545 
vn -0.043976 -0.404352 -0.913545 
vn -0.0874364 -0.397227 -0.913545 
vn -0.129872 -0.385445 -0.913545 
vn -0.170784 -0.369144 -0.913545 
vn -0.209695 -0.348515 -0.913545 
vn -0.246147 -0.3238 -0.913545 
vn -0.279713 -0.295289 -0.913545 
vn -0.309999 -0.263316 -0.913545 
vn -0.336651 -0.228255 -0.913545 
vn -0.359357 -0.190519 -0.913545 
vn -0.377849 -0.150549 -0.913545 
vn -0.391911 -0.108814 -0.913545 
vn -0.401379 -0.0658027 -0.913545 
vn -0.40614 -0.0220203 -0.913545 
vn -0.40614 0.0220203 -0.913545 
vn -0.401379 0.0658027 -0.913545 
vn -0.391911 0.108814 -0.913545 
vn -0.377849 0.150549 -0.913545 
vn -0.359357 0.190519 -0.913545 
vn -0.336651 0.228255 -0.913545 
vn -0.309999 0.263316 -0.913545 
vn -0.279713 0.295289 -0.913545 
vn -0.246147 0.3238 -0.913545 
vn -0.209695 0.348515 -0.913545 
vn -0.170784 0.369144 -0.913545 
vn -0.129872 0.385445 -0.913545 
vn -0.0874364 0.397227 -0.913545 
vn -0.043976 0.404352 -0.913545 
vn 8.46691e-17 0.406737 -0.913545 
vn 0.043976 0.404352 -0.913545 
vn 0.0874364 0.397227 -0.913545 
vn 0.129872 0.385445 -0.913545 
vn 0.170784 0.369144 -0.913545 
vn 0.209695 0.348515 -0.913545 
vn 0.246147 0.3238 -0.913545 
vn 0.279713 0.295289 -0.913545 
vn 0.309999 0.263316 -0.913545 
vn 0.336651 0.228255 -0.913545 
vn 0.359357 0.190519 -0.913545 
vn 0.377849 0.150549 -0.913545 
vn 0.391911 0.108814 -0.913545 
vn 0.401379 0.0658027 -0.913545 
vn 0.40614 0.0220203 -0.913545 
vn 0.40614 -0.0220203 -0.913545 
vn 0.401379 -0.0658027 -0.913545 
vn 0.391911 -0.108814 -0.913545 
vn 0.377849 -0.150549 -0.913545 
vn 0.359357 -0.190519 -0.913545 
vn 0.336651 -0.228255 -0.913545 
vn 0.309999 -0.263316 -0.913545 
vn 0.279713 -0.295289 -0.913545 
vn 0.246147 -0.3238 -0.913545 
vn 0.209695 -0.348515 -0.913545 
vn 0.170784 -0.369144 -0.913545 
vn 0.129872 -0.385445 -0.913545 
vn 0.0874364 -0.397227 -0.913545 
vn 0.043976 -0.404352 -0.913545 
vn 0 -0.5 -0.866025 
vn -0.0540595 -0.497069 -0.866025 
vn -0.107485 -0.48831 -0.866025 
vn -0.159651 -0.473827 -0.866025 
vn -0.209945 -0.453788 -0.866025 
vn -0.257777 -0.428429 -0.866025 
vn -0.302587 -0.398047 -0.866025 
vn -0.34385 -0.362998 -0.866025 
vn -0.381081 -0.323693 -0.866025 
vn -0.413844 -0.280594 -0.866025 
vn -0.441756 -0.234204 -0.866025 
vn -0.464488 -0.185069 -0.866025 
vn -0.481775 -0.133764 -0.866025 
vn -0.493413 -0.080891 -0.866025 
vn -0.499267 -0.0270695 -0.866025 
vn -0.499267 0.0270695 -0.866025 
vn -0.493413 0.080891 -0.866025 
vn -0.481775 0.133764 -0.866025 
vn -0.464488 0.185069 -0.866025 
vn -0.441756 0.234204 -0.866025 
vn -0.413844 0.280594 -0.866025 
vn -0.381081 0.323693 -0.866025 
vn -0.34385 0.362998 -0.866025 
vn -0.302587 0.398047 -0.866025 
vn -0.257777 0.428429 -0.866025 
vn -0.209945 0.453788 -0.866025 
vn -0.159651 0.473827 -0.866025 
vn -0.107485 0.48831 -0.866025 
vn -0.0540595 0.497069 -0.866025 
vn 1.04083e-16 0.5 -0.866025 
vn 0.0540595 0.497069 -0.866025 
vn 0.107485 0.48831 -0.866025 
vn 0.159651 0.473827 -0.866025 
vn 0.209945 0.453788 -0.866025 
vn 0.257777 0.428429 -0.866025 
vn 0.302587 0.398047 -0.866025 
vn 0.34385 0.362998 -0.866025 
vn 0.381081 0.323693 -0.866025 
vn 0.413844 0.280594 -0.866025 
vn 0.441756 0.234204 -0.866025 
vn 0.464488 0.185069 -0.866025 
vn 0.481775 0.133764 -0.866025 
vn 0.493413 0.080891 -0.866025 
vn 0.499267 0.0270695 -0.866025 
vn 0.499267 -0.0270695 -0.866025 
vn 0.493413 -0.080891 -0.866025 
vn 0.481775 -0.133764 -0.866025 
vn 0.464488 -0.185069 -0.866025 
vn 0.441756 -0.234204 -0.866025 
vn 0.413844 -0.280594 -0.866025 
vn 0.381081 -0.323693 -0.866025 
vn 0.34385 -0.362998 -0.866025 
vn 0.302587 -0.398047 -0.866025 
vn 0.257777 -0.428429 -0.866025 
vn 0.209945 -0.453788 -0.866025 
vn 0.159651 -0.473827 -0.866025 
vn 0.107485 -0.48831 -0.866025 
vn 0.0540595 -0.497069 -0.866025 
vn 0 -0.587785 -0.809017 
vn -0.0635508 -0.58434 -0.809017 
vn -0.126356 -0.574043 -0.809017 
vn -0.187681 -0.557017 -0.809017 
vn -0.246805 -0.533459 -0.809017 
vn -0.303035 -0.503648 -0.809017 
vn -0.355712 -0.467932 -0.809017 
vn -0.40422 -0.426729 -0.809017 
vn -0.447988 -0.380524 -0.809017 
vn -0.486503 -0.329857 -0.809017 
vn -0.519315 -0.275324 -0.809017 
vn -0.546039 -0.217562 -0.809017 
vn -0.56636 -0.157249 -0.809017 
vn -0.580042 -0.0950931 -0.809017 
vn -0.586923 -0.0318221 -0.809017 
vn -0.586923 0.0318221 -0.809017 
vn -0.580042 0.0950931 -0.809017 
vn -0.56636 0.157249 -0.809017 
vn -0.546039 0.217562 -0.809017 
vn -0.519315 0.275324 -0.809017 
vn -0.486503 0.329857 -0.809017 
vn -0.447988 0.380524 -0.809017 
vn -0.40422 0.426729 -0.809017 
vn -0.355712 0.467932 -0.809017 
vn -0.303035 0.503648 -0.809017 
vn -0.246805 0.533459 -0.809017 
vn -0.187681 0.557017 -0.809017 
vn -0.126356 0.574043 -0.809017 
vn -0.0635508 0.58434 -0.809017 
vn 1.22357e-16 0.587785 -0.809017 
vn 0.0635508 0.58434 -0.809017 
vn 0.126356 0.574043 -0.809017 
vn 0.187681 0.557017 -0.809017 
vn 0.246805 0.533459 -0.809017 
vn 0.303035 0.503648 -0.809017 
vn 0.355712 0.467932 -0.809017 
vn 0.40422 0.426729 -0.809017 
vn 0.447988 0.380524 -0.809017 
vn 0.486503 0.329857 -0.809017 
vn 0.519315 0.275324 -0.809017 
vn 0.546039 0.217562 -0.809017 
vn 0.56636 0.157249 -0.809017 
vn 0.580042 0.0950931 -0.809017 
vn 0.586923 0.0318221 -0.809017 
vn 0.586923 -0.0318221 -0.809017 
vn 0.580042 -0.0950931 -0.809017 
vn 0.56636 -0.157249 -0.809017 
vn 0.546039 -0.217562 -0.809017 
vn 0.519315 -0.275324 -0.809017 
vn 0.486503 -0.329857 -0.809017 
vn 0.447988 -0.380524 -0.809017 
vn 0.40422 -0.426729 -0.809017 
vn 0.355712 -0.467932 -0.809017 
vn 0.303035 -0.503648 -0.809017 
vn 0.246805 -0.533459 -0.809017 
vn 0.187681 -0.557017 -0.809017 
vn 0.126356 -0.574043 -0.809017 
vn 0.0635508 -0.58434 -0.809017 
vn 0 -0.669131 -0.743145 
vn -0.0723457 -0.665208 -0.743145 
vn -0.143843 -0.653487 -0.743145 
vn -0.213654 -0.634104 -0.743145 
vn -0.280961 -0.607286 -0.743145 
vn -0.344973 -0.573349 -0.743145 
vn -0.404941 -0.53269 -0.743145 
vn -0.460161 -0.485786 -0.743145 
vn -0.509986 -0.433186 -0.743145 
vn -0.553832 -0.375507 -0.743145 
vn -0.591185 -0.313426 -0.743145 
vn -0.621607 -0.247671 -0.743145 
vn -0.644741 -0.179011 -0.743145 
vn -0.660316 -0.108253 -0.743145 
vn -0.668149 -0.036226 -0.743145 
vn -0.668149 0.036226 -0.743145 
vn -0.660316 0.108253 -0.743145 
vn -0.644741 0.179011 -0.743145 
vn -0.621607 0.247671 -0.743145 
vn -0.591185 0.313426 -0.743145 
vn -0.553832 0.375507 -0.743145 
vn -0.509986 0.433186 -0.743145 
vn -0.460161 0.485786 -0.743145 
vn -0.404941 0.53269 -0.743145 
vn -0.344973 0.573349 -0.743145 
vn -0.280961 0.607286 -0.743145 
vn -0.213654 0.634104 -0.743145 
vn -0.143843 0.653487 -0.743145 
vn -0.0723457 0.665208 -0.743145 
vn 1.39291e-16 0.669131 -0.743145 
vn 0.0723457 0.665208 -0.743145 
vn 0.143843 0.653487 -0.743145 
vn 0.213654 0.634104 -0.743145 
vn 0.280961 0.607286 -0.743145 
vn 0.344973 0.573349 -0.743145 
vn 0.404941 0.53269 -0.743145 
vn 0.460161 0.485786 -0.743145 
vn 0.509986 0.433186 -0.743145 
vn 0.553832 0.375507 -0.743145 
vn 0.591185 0.313426 -0.743145 
vn 0.621607 0.247671 -0.743145 
vn 0.644741 0.179011 -0.743145 
vn 0.660316 0.108253 -0.743145 
vn 0.668149 0.036226 -0.743145 
vn 0.668149 -0.036226 -0.743145 
vn 0.660316 -0.108253 -0.743145 
vn 0.644741 -0.179011 -0.743145 
vn 0.621607 -0.247671 -0.743145 
vn 0.591185 -0.313426 -0.743145 
vn 0.553832 -0.375507 -0.743145 
vn 0.509986 -0.433186 -0.743145 
vn 0.460161 -0.485786 -0.743145 
vn 0.404941 -0.53269 -0.743145 
vn 0.344973 -0.573349 -0.743145 
vn 0.280961 -0.607286 -0.743145 
vn 0.213654 -0.634104 -0.743145 
vn 0.143843 -0.653487 -0.743145 
vn 0.0723457 -0.665208 -0.743145 
vn 0 -0.743145 -0.669131 
vn -0.0803481 -0.738788 -0.669131 
vn -0.159754 -0.725771 -0.669131 
vn -0.237287 -0.704244 -0.669131 
vn -0.312038 -0.67446 -0.669131 
vn -0.383131 -0.636769 -0.669131 
vn -0.449732 -0.591612 -0.669131 
vn -0.51106 -0.53952 -0.669131 
vn -0.566397 -0.481102 -0.669131 
vn -0.615093 -0.417043 -0.669131 
vn -0.656577 -0.348095 -0.669131 
vn -0.690364 -0.275066 -0.669131 
vn -0.716057 -0.198812 -0.669131 
vn -0.733355 -0.120227 -0.669131 
vn -0.742055 -0.040233 -0.669131 
vn -0.742055 0.040233 -0.669131 
vn -0.733355 0.120227 -0.669131 
vn -0.716057 0.198812 -0.669131 
vn -0.690364 0.275066 -0.669131 
vn -0.656577 0.348095 -0.669131 
vn -0.615093 0.417043 -0.669131 
vn -0.566397 0.481102 -0.669131 
vn -0.51106 0.53952 -0.669131 
vn -0.449732 0.591612 -0.669131 
vn -0.383131 0.636769 -0.669131 
vn -0.312038 0.67446 -0.669131 
vn -0.237287 0.704244 -0.669131 
vn -0.159754 0.725771 -0.669131 
vn -0.0803481 0.738788 -0.669131 
vn 1.54698e-16 0.743145 -0.669131 
vn 0.0803481 0.738788 -0.669131 
vn 0.159754 0.725771 -0.669131 
vn 0.237287 0.704244 -0.669131 
vn 0.312038 0.67446 -0.669131 
vn 0.383131 0.636769 -0.669131 
vn 0.449732 0.591612 -0.669131 
vn 0.51106 0.53952 -0.669131 
vn 0.566397 0.481102 -0.669131 
vn 0.615093 0.417043 -0.669131 
vn 0.656577 0.348095 -0.669131 
vn 0.690364 0.275066 -0.669131 
vn 0.716057 0.198812 -0.669131 
vn 0.733355 0.120227 -0.669131 
vn 0.742055 0.040233 -0.669131 
vn 0.742055 -0.040233 -0.669131 
vn 0.733355 -0.120227 -0.669131 
vn 0.716057 -0.198812 -0.669131 
vn 0.690364 -0.275066 -0.669131 
vn 0.656577 -0.348095 -0.669131 
vn 0.615093 -0.417043 -0.669131 
vn 0.566397 -0.481102 -0.669131 
vn 0.51106 -0.53952 -0.669131 
vn 0.449732 -0.591612 -0.669131 
vn 0.383131 -0.636769 -0.669131 
vn 0.312038 -0.67446 -0.669131 
vn 0.237287 -0.704244 -0.669131 
vn 0.159754 -0.725771 -0.669131 
vn 0.0803481 -0.738788 -0.669131 
vn 0 -0.809017 -0.587785 
vn -0.0874701 -0.804275 -0.587785 
vn -0.173915 -0.790103 -0.587785 
vn -0.25832 -0.766668 -0.587785 
vn -0.339697 -0.734244 -0.587785 
vn -0.417092 -0.693212 -0.587785 
vn -0.489596 -0.644053 -0.587785 
vn -0.556361 -0.587343 -0.587785 
vn -0.616602 -0.523747 -0.587785 
vn -0.669614 -0.45401 -0.587785 
vn -0.714776 -0.37895 -0.587785 
vn -0.751558 -0.299448 -0.587785 
vn -0.779528 -0.216435 -0.587785 
vn -0.798359 -0.130884 -0.587785 
vn -0.807831 -0.0437993 -0.587785 
vn -0.807831 0.0437993 -0.587785 
vn -0.798359 0.130884 -0.587785 
vn -0.779528 0.216435 -0.587785 
vn -0.751558 0.299448 -0.587785 
vn -0.714776 0.37895 -0.587785 
vn -0.669614 0.45401 -0.587785 
vn -0.616602 0.523747 -0.587785 
vn -0.556361 0.587343 -0.587785 
vn -0.489596 0.644053 -0.587785 
vn -0.417092 0.693212 -0.587785 
vn -0.339697 0.734244 -0.587785 
vn -0.25832 0.766668 -0.587785 
vn -0.173915 0.790103 -0.587785 
vn -0.0874701 0.804275 -0.587785 
vn 1.6841e-16 0.809017 -0.587785 
vn 0.0874701 0.804275 -0.587785 
vn 0.173915 0.790103 -0.587785 
vn 0.25832 0.766668 -0.587785 
vn 0.339697 0.734244 -0.587785 
vn 0.417092 0.693212 -0.587785 
vn 0.489596 0.644053 -0.587785 
vn 0.556361 0.587343 -0.587785 
vn 0.616602 0.523747 -0.587785 
vn 0.669614 0.45401 -0.587785 
vn 0.714776 0.37895 -0.587785 
vn 0.751558 0.299448 -0.587785 
vn 0.779528 0.216435 -0.587785 
vn 0.798359 0.130884 -0.587785 
vn 0.807831 0.0437993 -0.587785 
vn 0.807831 -0.0437993 -0.587785 
vn 0.798359 -0.130884 -0.587785 
vn 0.779528 -0.216435 -0.587785 
vn 0.751558 -0.299448 -0.587785 
vn 0.714776 -0.37895 -0.587785 
vn 0.669614 -0.45401 -0.587785 
vn 0.616602 -0.523747 -0.587785 
vn 0.556361 -0.587343 -0.587785 
vn 0.489596 -0.644053 -0.587785 
vn 0.417092 -0.693212 -0.587785 
vn 0.339697 -0.734244 -0.587785 
vn 0.25832 -0.766668 -0.587785 
vn 0.173915 -0.790103 -0.587785 
vn 0.0874701 -0.804275 -0.587785 
vn 0 -0.866025 -0.5 
vn -0.0936338 -0.860949 -0.5 
vn -0.18617 -0.845778 -0.5 
vn -0.276523 -0.820692 -0.5 
vn -0.363635 -0.785983 -0.5 
vn -0.446483 -0.74206 -0.5 
vn -0.524096 -0.689437 -0.5 
vn -0.595565 -0.628731 -0.5 
vn -0.660052 -0.560653 -0.5 
vn -0.7168 -0.486002 -0.5 
vn -0.765144 -0.405654 -0.5 
vn -0.804517 -0.320549 -0.5 
vn -0.834459 -0.231686 -0.5 
vn -0.854617 -0.140107 -0.5 
vn -0.864755 -0.0468857 -0.5 
vn -0.864755 0.0468857 -0.5 
vn -0.854617 0.140107 -0.5 
vn -0.834459 0.231686 -0.5 
vn -0.804517 0.320549 -0.5 
vn -0.765144 0.405654 -0.5 
vn -0.7168 0.486002 -0.5 
vn -0.660052 0.560653 -0.5 
vn -0.595565 0.628731 -0.5 
vn -0.524096 0.689437 -0.5 
vn -0.446483 0.74206 -0.5 
vn -0.363635 0.785983 -0.5 
vn -0.276523 0.820692 -0.5 
vn -0.18617 0.845778 -0.5 
vn -0.0936338 0.860949 -0.5 
vn 1.80278e-16 0.866025 -0.5 
vn 0.0936338 0.860949 -0.5 
vn 0.18617 0.845778 -0.5 
vn 0.276523 0.820692 -0.5 
vn 0.363635 0.785983 -0.5 
vn 0.446483 0.74206 -0.5 
vn 0.524096 0.689437 -0.5 
vn 0.595565 0.628731 -0.5 
vn 0.660052 0.560653 -0.5 
vn 0.7168 0.486002 -0.5 
vn 0.765144 0.405654 -0.5 
vn 0.804517 0.320549 -0.5 
vn 0.834459 0.231686 -0.5 
vn 0.854617 0.140107 -0.5 
vn 0.864755 0.0468857 -0.5 
vn 0.864755 -0.0468857 -0.5 
vn 0.854617 -0.140107 -0.5 
vn 0.834459 -0.231686 -0.5 
vn 0.804517 -0.320549 -0.5 
vn 0.765144 -0.405654 -0.5 
vn 0.7168 -0.486002 -0.5 
vn 0.660052 -0.560653 -0.5 
vn 0.595565 -0.628731 -0.5 
vn 0.524096 -0.689437 -0.5 
vn 0.446483 -0.74206 -0.5 
vn 0.363635 -0.785983 -0.5 
vn 0.276523 -0.820692 -0.5 
vn 0.18617 -0.845778 -0.5 
vn 0.0936338 -0.860949 -0.5 
vn 0 -0.913545 -0.406737 
vn -0.0987716 -0.90819 -0.406737 
vn -0.196385 -0.892187 -0.406737 
vn -0.291696 -0.865724 -0.406737 
vn -0.383588 -0.829111 -0.406737 
vn -0.470982 -0.782778 -0.406737 
vn -0.552854 -0.727267 -0.406737 
vn -0.628245 -0.66323 -0.406737 
vn -0.69627 -0.591417 -0.406737 
vn -0.756132 -0.51267 -0.406737 
vn -0.807128 -0.427912 -0.406737 
vn -0.848662 -0.338138 -0.406737 
vn -0.880247 -0.244399 -0.406737 
vn -0.901511 -0.147795 -0.406737 
vn -0.912206 -0.0494584 -0.406737 
vn -0.912206 0.0494584 -0.406737 
vn -0.901511 0.147795 -0.406737 
vn -0.880247 0.244399 -0.406737 
vn -0.848662 0.338138 -0.406737 
vn -0.807128 0.427912 -0.406737 
vn -0.756132 0.51267 -0.406737 
vn -0.69627 0.591417 -0.406737 
vn -0.628245 0.66323 -0.406737 
vn -0.552854 0.727267 -0.406737 
vn -0.470982 0.782778 -0.406737 
vn -0.383588 0.829111 -0.406737 
vn -0.291696 0.865724 -0.406737 
vn -0.196385 0.892187 -0.406737 
vn -0.0987716 0.90819 -0.406737 
vn 1.9017e-16 0.913545 -0.406737 
vn 0.0987716 0.90819 -0.406737 
vn 0.196385 0.892187 -0.406737 
vn 0.291696 0.865724 -0.406737 
vn 0.383588 0.829111 -0.406737 
vn 0.470982 0.782778 -0.406737 
vn 0.552854 0.727267 -0.406737 
vn 0.628245 0.66323 -0.406737 
vn 0.69627 0.591417 -0.406737 
vn 0.756132 0.51267 -0.406737 
vn 0.807128 0.427912 -0.406737 
vn 0.848662 0.338138 -0.406737 
vn 0.880247 0.244399 -0.406737 
vn 0.901511 0.147795 -0.406737 
vn 0.912206 0.0494584 -0.406737 
vn 0.912206 -0.0494584 -0.406737 
vn 0.901511 -0.147795 -0.406737 
vn 0.880247 -0.244399 -0.406737 
vn 0.848662 -0.338138 -0.406737 
vn 0.807128 -0.427912 -0.406737 
vn 0.756132 -0.51267 -0.406737 
vn 0.69627 -0.591417 -0.406737 
vn 0.628245 -0.66323 -0.406737 
vn 0.552854 -0.727267 -0.406737 
vn 0.470982 -0.782778 -0.406737 
vn 0.383588 -0.829111 -0.406737 
vn 0.291696 -0.865724 -0.406737 
vn 0.196385 -0.892187 -0.406737 
vn 0.0987716 -0.90819 -0.406737 
vn 0 -0.951057 -0.309017 
vn -0.102827 -0.945481 -0.309017 
vn -0.204449 -0.928821 -0.309017 
vn -0.303674 -0.901272 -0.309017 
vn -0.399338 -0.863156 -0.309017 
vn -0.490321 -0.81492 -0.309017 
vn -0.575555 -0.757129 -0.309017 
vn -0.654041 -0.690463 -0.309017 
vn -0.724859 -0.615701 -0.309017 
vn -0.787179 -0.533721 -0.309017 
vn -0.84027 -0.445483 -0.309017 
vn -0.883509 -0.352022 -0.309017 
vn -0.91639 -0.254435 -0.309017 
vn -0.938528 -0.153864 -0.309017 
vn -0.949662 -0.0514892 -0.309017 
vn -0.949662 0.0514892 -0.309017 
vn -0.938528 0.153864 -0.309017 
vn -0.91639 0.254435 -0.309017 
vn -0.883509 0.352022 -0.309017 
vn -0.84027 0.445483 -0.309017 
vn -0.787179 0.533721 -0.309017 
vn -0.724859 0.615701 -0.309017 
vn -0.654041 0.690463 -0.309017 
vn -0.575555 0.757129 -0.309017 
vn -0.490321 0.81492 -0.309017 
vn -0.399338 0.863156 -0.309017 
vn -0.303674 0.901272 -0.309017 
vn -0.204449 0.928821 -0.309017 
vn -0.102827 0.945481 -0.309017 
vn 1.97978e-16 0.951057 -0.309017 
vn 0.102827 0.945481 -0.309017 
vn 0.204449 0.928821 -0.309017 
vn 0.303674 0.901272 -0.309017 
vn 0.399338 0.863156 -0.309017 
vn 0.490321 0.81492 -0.309017 
vn 0.575555 0.757129 -0.309017 
vn 0.654041 0.690463 -0.309017 
vn 0.724859 0.615701 -0.309017 
vn 0.787179 0.533721 -0.309017 
vn 0.84027 0.445483 -0.309017 
vn 0.883509 0.352022 -0.309017 
vn 0.91639 0.254435 -0.309017 
vn 0.938528 0.153864 -0.309017 
vn 0.949662 0.0514892 -0.309017 
vn 0.949662 -0.0514892 -0.309017 
vn 0.938528 -0.153864 -0.309017 
vn 0.91639 -0.254435 -0.309017 
vn 0.883509 -0.352022 -0.309017 
vn 0.84027 -0.445483 -0.309017 
vn 0.787179 -0.533721 -0.309017 
vn 0.724859 -0.615701 -0.309017 
vn 0.654041 -0.690463 -0.309017 
vn 0.575555 -0.757129 -0.309017 
vn 0.490321 -0.81492 -0.309017 
vn 0.399338 -0.863156 -0.309017 
vn 0.303674 -0.901272 -0.309017 
vn 0.204449 -0.928821 -0.309017 
vn 0.102827 -0.945481 -0.309017 
vn 0 -0.978148 -0.207912 
vn -0.105756 -0.972414 -0.207912 
vn -0.210273 -0.955279 -0.207912 
vn -0.312324 -0.926945 -0.207912 
vn -0.410714 -0.887743 -0.207912 
vn -0.504288 -0.838133 -0.207912 
vn -0.59195 -0.778697 -0.207912 
vn -0.672672 -0.710131 -0.207912 
vn -0.745507 -0.633239 -0.207912 
vn -0.809602 -0.548924 -0.207912 
vn -0.864205 -0.458173 -0.207912 
vn -0.908676 -0.36205 -0.207912 
vn -0.942494 -0.261682 -0.207912 
vn -0.965262 -0.158247 -0.207912 
vn -0.976713 -0.0529558 -0.207912 
vn -0.976713 0.0529558 -0.207912 
vn -0.965262 0.158247 -0.207912 
vn -0.942494 0.261682 -0.207912 
vn -0.908676 0.36205 -0.207912 
vn -0.864205 0.458173 -0.207912 
vn -0.809602 0.548924 -0.207912 
vn -0.745507 0.633239 -0.207912 
vn -0.672672 0.710131 -0.207912 
vn -0.59195 0.778697 -0.207912 
vn -0.504288 0.838133 -0.207912 
vn -0.410714 0.887743 -0.207912 
vn -0.312324 0.926945 -0.207912 
vn -0.210273 0.955279 -0.207912 
vn -0.105756 0.972414 -0.207912 
vn 2.03618e-16 0.978148 -0.207912 
vn 0.105756 0.972414 -0.207912 
vn 0.210273 0.955279 -0.207912 
vn 0.312324 0.926945 -0.207912 
vn 0.410714 0.887743 -0.207912 
vn 0.504288 0.838133 -0.207912 
vn 0.59195 0.778697 -0.207912 
vn 0.672672 0.710131 -0.207912 
vn 0.745507 0.633239 -0.207912 
vn 0.809602 0.548924 -0.207912 
vn 0.864205 0.458173 -0.207912 
vn 0.908676 0.36205 -0.207912 
vn 0.942494 0.261682 -0.207912 
vn 0.965262 0.158247 -0.207912 
vn 0.976713 0.0529558 -0.207912 
vn 0.976713 -0.0529558 -0.207912 
vn 0.965262 -0.158247 -0.207912 
vn 0.942494 -0.261682 -0.207912 
vn 0.908676 -0.36205 -0.207912 
vn 0.864205 -0.458173 -0.207912 
vn 0.809602 -0.548924 -0.207912 
vn 0.745507 -0.633239 -0.207912 
vn 0.672672 -0.710131 -0.207912 
vn 0.59195 -0.778697 -0.207912 
vn 0.504288 -0.838133 -0.207912 
vn 0.410714 -0.887743 -0.207912 
vn 0.312324 -0.926945 -0.207912 
vn 0.210273 -0.955279 -0.207912 
vn 0.105756 -0.972414 -0.207912 
vn 0 -0.994522 -0.104528 
vn -0.107527 -0.988692 -0.104528 
vn -0.213793 -0.971271 -0.104528 
vn -0.317552 -0.942462 -0.104528 
vn -0.417589 -0.902604 -0.104528 
vn -0.51273 -0.852163 -0.104528 
vn -0.601859 -0.791732 -0.104528 
vn -0.683932 -0.722018 -0.104528 
vn -0.757987 -0.64384 -0.104528 
vn -0.823155 -0.558113 -0.104528 
vn -0.878672 -0.465842 -0.104528 
vn -0.923888 -0.36811 -0.104528 
vn -0.958272 -0.266063 -0.104528 
vn -0.981421 -0.160896 -0.104528 
vn -0.993063 -0.0538423 -0.104528 
vn -0.993063 0.0538423 -0.104528 
vn -0.981421 0.160896 -0.104528 
vn -0.958272 0.266063 -0.104528 
vn -0.923888 0.36811 -0.104528 
vn -0.878672 0.465842 -0.104528 
vn -0.823155 0.558113 -0.104528 
vn -0.757987 0.64384 -0.104528 
vn -0.683932 0.722018 -0.104528 
vn -0.601859 0.791732 -0.104528 
vn -0.51273 0.852163 -0.104528 
vn -0.417589 0.902604 -0.104528 
vn -0.317552 0.942462 -0.104528 
vn -0.213793 0.971271 -0.104528 
vn -0.107527 0.988692 -0.104528 
vn 2.07026e-16 0.994522 -0.104528 
vn 0.107527 0.988692 -0.104528 
vn 0.213793 0.971271 -0.104528 
vn 0.317552 0.942462 -0.104528 
vn 0.417589 0.902604 -0.104528 
vn 0.51273 0.852163 -0.104528 
vn 0.601859 0.791732 -0.104528 
vn 0.683932 0.722018 -0.104528 
vn 0.757987 0.64384 -0.104528 
vn 0.823155 0.558113 -0.104528 
vn 0.878672 0.465842 -0.104528 
vn 0.923888 0.36811 -0.104528 
vn 0.958272 0.266063 -0.104528 
vn 0.981421 0.160896 -0.104528 
vn 0.993063 0.0538423 -0.104528 
vn 0.993063 -0.0538423 -0.104528 
vn 0.981421 -0.160896 -0.104528 
vn 0.958272 -0.266063 -0.104528 
vn 0.923888 -0.36811 -0.104528 
vn 0.878672 -0.465842 -0.104528 
vn 0.823155 -0.558113 -0.104528 
vn 0.757987 -0.64384 -0.104528 
vn 0.683932 -0.722018 -0.104528 
vn 0.601859 -0.791732 -0.104528 
vn 0.51273 -0.852163 -0.104528 
vn 0.417589 -0.902604 -0.104528 
vn 0.317552 -0.942462 -0.104528 
vn 0.213793 -0.971271 -0.104528 
vn 0.107527 -0.988692 -0.104528 
vn 0 -1 -1.22465e-16 
vn -0.108119 -0.994138 -1.22465e-16 
vn -0.21497 -0.976621 -1.22465e-16 
vn -0.319302 -0.947653 -1.22465e-16 
vn -0.419889 -0.907575 -1.22465e-16 
vn -0.515554 -0.856857 -1.22465e-16 
vn -0.605174 -0.796093 -1.22465e-16 
vn -0.687699 -0.725995 -1.22465e-16 
vn -0.762162 -0.647386 -1.22465e-16 
vn -0.827689 -0.561187 -1.22465e-16 
vn -0.883512 -0.468408 -1.22465e-16 
vn -0.928977 -0.370138 -1.22465e-16 
vn -0.96355 -0.267528 -1.22465e-16 
vn -0.986827 -0.161782 -1.22465e-16 
vn -0.998533 -0.0541389 -1.22465e-16 
vn -0.998533 0.0541389 -1.22465e-16 
vn -0.986827 0.161782 -1.22465e-16 
vn -0.96355 0.267528 -1.22465e-16 
vn -0.928977 0.370138 -1.22465e-16 
vn -0.883512 0.468408 -1.22465e-16 
vn -0.827689 0.561187 -1.22465e-16 
vn -0.762162 0.647386 -1.22465e-16 
vn -0.687699 0.725995 -1.22465e-16 
vn -0.605174 0.796093 -1.22465e-16 
vn -0.515554 0.856857 -1.22465e-16 
vn -0.419889 0.907575 -1.22465e-16 
vn -0.319302 0.947653 -1.22465e-16 
vn -0.21497 0.976621 -1.22465e-16 
vn -0.108119 0.994138 -1.22465e-16 
vn 2.08167e-16 1 -1.22465e-16 
vn 0.108119 0.994138 -1.22465e-16 
vn 0.21497 0.976621 -1.22465e-16 
vn 0.319302 0.947653 -1.22465e-16 
vn 0.419889 0.907575 -1.22465e-16 
vn 0.515554 0.856857 -1.22465e-16 
vn 0.605174 0.796093 -1.22465e-16 
vn 0.687699 0.725995 -1.22465e-16 
vn 0.762162 0.647386 -1.22465e-16 
vn 0.827689 0.561187 -1.22465e-16 
vn 0.883512 0.468408 -1.22465e-16 
vn 0.928977 0.370138 -1.22465e-16 
vn 0.96355 0.267528 -1.22465e-16 
vn 0.986827 0.161782 -1.22465e-16 
vn 0.998533 0.0541389 -1.22465e-16 
vn 0.998533 -0.0541389 -1.22465e-16 
vn 0.986827 -0.161782 -1.22465e-16 
vn 0.96355 -0.267528 -1.22465e-16 
vn 0.928977 -0.370138 -1.22465e-16 
vn 0.883512 -0.468408 -1.22465e-16 
vn 0.827689 -0.561187 -1.22465e-16 
vn 0.762162 -0.647386 -1.22465e-16 
vn 0.687699 -0.725995 -1.22465e-16 
vn 0.605174 -0.796093 -1.22465e-16 
vn 0.515554 -0.856857 -1.22465e-16 
vn 0.419889 -0.907575 -1.22465e-16 
vn 0.319302 -0.947653 -1.22465e-16 
vn 0.21497 -0.976621 -1.22465e-16 
vn 0.108119 -0.994138 -1.22465e-16 
vn 0 0 -1 
vn 0 0.994522 -0.104528 
vn 0 1 0 
vn 0.108119 0.994138 0 
vn 0.107527 0.988692 -0.104528 
vn 0.21497 0.976621 0 
vn 0.213793 0.971271 -0.104528 
vn 0.319302 0.947653 0 
vn 0.317552 0.942462 -0.104528 
vn 0.419889 0.907575 0 
vn 0.417589 0.902604 -0.104528 
vn 0.515554 0.856857 0 
vn 0.51273 0.852163 -0.104528 
vn 0.605174 0.796093 0 
vn 0.601859 0.791732 -0.104528 
vn 0.687699 0.725995 0 
vn 0.683932 0.722018 -0.104528 
vn 0.762162 0.647386 0 
vn 0.757987 0.64384 -0.104528 
vn 0.827689 0.561187 0 
vn 0.823155 0.558113 -0.104528 
vn 0.883512 0.468408 0 
vn 0.878672 0.465842 -0.104528 
vn 0.928977 0.370138 0 
vn 0.923888 0.36811 -0.104528 
vn 0.96355 0.267528 0 
vn 0.958272 0.266063 -0.104528 
vn 0.986827 0.161782 0 
vn 0.981421 0.160896 -0.104528 
vn 0.998533 0.0541389 0 
vn 0.993063 0.0538423 -0.104528 
vn 0.998533 -0.0541389 0 
vn 0.993063 -0.0538423 -0.104528 
vn 0.986827 -0.161782 0 
vn 0.981421 -0.160896 -0.104528 
vn 0.96355 -0.267528 0 
vn 0.958272 -0.266063 -0.104528 
vn 0.928977 -0.370138 0 
vn 0.923888 -0.36811 -0.104528 
vn 0.883512 -0.468408 0 
vn 0.878672 -0.465842 -0.104528 
vn 0.827689 -0.561187 0 
vn 0.823155 -0.558113 -0.104528 
vn 0.762162 -0.647386 0 
vn 0.757987 -0.64384 -0.104528 
vn 0.687699 -0.725995 0 
vn 0.683932 -0.722018 -0.104528 
vn 0.605174 -0.796093 0 
vn 0.601859 -0.791732 -0.104528 
vn 0.515554 -0.856857 0 
vn 0.51273 -0.852163 -0.104528 
vn 0.419889 -0.907575 0 
vn 0.417589 -0.902604 -0.104528 
vn 0.319302 -0.947653 0 
vn 0.317552 -0.942462 -0.104528 
vn 0.21497 -0.976621 0 
vn 0.213793 -0.971271 -0.104528 
vn 0.108119 -0.994138 0 
vn 0.107527 -0.988692 -0.104528 
vn -2.08167e-16 -1 0 
vn -2.07026e-16 -0.994522 -0.104528 
vn -0.108119 -0.994138 0 
vn -0.107527 -0.988692 -0.104528 
vn -0.21497 -0.976621 0 
vn -0.213793 -0.971271 -0.104528 
vn -0.319302 -0.947653 0 
vn -0.317552 -0.942462 -0.104528 
vn -0.419889 -0.907575 0 
vn -0.417589 -0.902604 -0.104528 
vn -0.515554 -0.856857 0 
vn -0.51273 -0.852163 -0.104528 
vn -0.605174 -0.796093 0 
vn -0.601859 -0.791732 -0.104528 
vn -0.687699 -0.725995 0 
vn -0.683932 -0.722018 -0.104528 
vn -0.762162 -0.647386 0 
vn -0.757987 -0.64384 -0.104528 
vn -0.827689 -0.561187 0 
vn -0.823155 -0.558113 -0.104528 
vn -0.883512 -0.468408 0 
vn -0.878672 -0.465842 -0.104528 
vn -0.928977 -0.370138 0 
vn -0.923888 -0.36811 -0.104528 
vn -0.96355 -0.267528 0 
vn -0.958272 -0.266063 -0.104528 
vn -0.986827 -0.161782 0 
vn -0.981421 -0.160896 -0.104528 
vn -0.998533 -0.0541389 0 
vn -0.993063 -0.0538423 -0.104528 
vn -0.998533 0.0541389 0 
vn -0.993063 0.0538423 -0.104528 
vn -0.986827 0.161782 0 
vn -0.981421 0.160896 -0.104528 
vn -0.96355 0.267528 0 
vn -0.958272 0.266063 -0.104528 
vn -0.928977 0.370138 0 
vn -0.923888 0.36811 -0.104528 
vn -0.883512 0.468408 0 
vn -0.878672 0.465842 -0.104528 
vn -0.827689 0.561187 0 
vn -0.823155 0.558113 -0.104528 
vn -0.762162 0.647386 0 
vn -0.757987 0.64384 -0.104528 
vn -0.687699 0.725995 0 
vn -0.683932 0.722018 -0.104528 
vn -0.605174 0.796093 0 
vn -0.601859 0.791732 -0.104528 
vn -0.515554 0.856857 0 
vn -0.51273 0.852163 -0.104528 
vn -0.419889 0.907575 0 
vn -0.417589 0.902604 -0.104528 
vn -0.319302 0.947653 0 
vn -0.317552 0.942462 -0.104528 
vn -0.21497 0.976621 0 
vn -0.213793 0.971271 -0.104528 
vn -0.108119 0.994138 0 
vn -0.107527 0.988692 -0.104528 
vn 0 0.978148 -0.207912 
vn 0.105756 0.972414 -0.207912 
vn 0.210273 0.955279 -0.207912 
vn 0.312324 0.926945 -0.207912 
vn 0.410714 0.887743 -0.207912 
vn 0.504288 0.838133 -0.207912 
vn 0.59195 0.778697 -0.207912 
vn 0.672672 0.710131 -0.207912 
vn 0.745507 0.633239 -0.207912 
vn 0.809602 0.548924 -0.207912 
vn 0.864205 0.458173 -0.207912 
vn 0.908676 0.36205 -0.207912 
vn 0.942494 0.261682 -0.207912 
vn 0.965262 0.158247 -0.207912 
vn 0.976713 0.0529558 -0.207912 
vn 0.976713 -0.0529558 -0.207912 
vn 0.965262 -0.158247 -0.207912 
vn 0.942494 -0.261682 -0.207912 
vn 0.908676 -0.36205 -0.207912 
vn 0.864205 -0.458173 -0.207912 
vn 0.809602 -0.548924 -0.207912 
vn 0.745507 -0.633239 -0.207912 
vn 0.672672 -0.710131 -0.207912 
vn 0.59195 -0.778697 -0.207912 
vn 0.504288 -0.838133 -0.207912 
vn 0.410714 -0.887743 -0.207912 
vn 0.312324 -0.926945 -0.207912 
vn 0.210273 -0.955279 -0.207912 
vn 0.105756 -0.972414 -0.207912 
vn -2.03618e-16 -0.978148 -0.207912 
vn -0.105756 -0.972414 -0.207912 
vn -0.210273 -0.955279 -0.207912 
vn -0.312324 -0.926945 -0.207912 
vn -0.410714 -0.887743 -0.207912 
vn -0.504288 -0.838133 -0.207912 
vn -0.59195 -0.778697 -0.207912 
vn -0.672672 -0.710131 -0.207912 
vn -0.745507 -0.633239 -0.207912 
vn -0.809602 -0.548924 -0.207912 
vn -0.864205 -0.458173 -0.207912 
vn -0.908676 -0.36205 -0.207912 
vn -0.942494 -0.261682 -0.207912 
vn -0.965262 -0.158247 -0.207912 
vn -0.976713 -0.0529558 -0.207912 
vn -0.976713 0.0529558 -0.207912 
vn -0.965262 0.158247 -0.207912 
vn -0.942494 0.261682 -0.207912 
vn -0.908676 0.36205 -0.207912 
vn -0.864205 0.458173 -0.207912 
vn -0.809602 0.548924 -0.207912 
vn -0.745507 0.633239 -0.207912 
vn -0.672672 0.710131 -0.207912 
vn -0.59195 0.778697 -0.207912 
vn -0.504288 0.838133 -0.207912 
vn -0.410714 0.887743 -0.207912 
vn -0.312324 0.926945 -0.207912 
vn -0.210273 0.955279 -0.207912 
vn -0.105756 0.972414 -0.207912 
vn 0 0.951057 -0.309017 
vn 0.102827 0.945481 -0.309017 
vn 0.204449 0.928821 -0.309017 
vn 0.303674 0.901272 -0.309017 
vn 0.399338 0.863156 -0.309017 
vn 0.490321 0.81492 -0.309017 
vn 0.575555 0.757129 -0.309017 
vn 0.654041 0.690463 -0.309017 
vn 0.724859 0.615701 -0.309017 
vn 0.787179 0.533721 -0.309017 
vn 0.84027 0.445483 -0.309017 
vn 0.883509 0.352022 -0.309017 
vn 0.91639 0.254435 -0.309017 
vn 0.938528 0.153864 -0.309017 
vn 0.949662 0.0514892 -0.309017 
vn 0.949662 -0.0514892 -0.309017 
vn 0.938528 -0.153864 -0.309017 
vn 0.91639 -0.254435 -0.309017 
vn 0.883509 -0.352022 -0.309017 
vn 0.84027 -0.445483 -0.309017 
vn 0.787179 -0.533721 -0.309017 
vn 0.724859 -0.615701 -0.309017 
vn 0.654041 -0.690463 -0.309017 
vn 0.575555 -0.757129 -0.309017 
vn 0.490321 -0.81492 -0.309017 
vn 0.399338 -0.863156 -0.309017 
vn 0.303674 -0.901272 -0.309017 
vn 0.204449 -0.928821 -0.309017 
vn 0.102827 -0.945481 -0.309017 
vn -1.97978e-16 -0.951057 -0.309017 
vn -0.102827 -0.945481 -0.309017 
vn -0.204449 -0.928821 -0.309017 
vn -0.303674 -0.901272 -0.309017 
vn -0.399338 -0.863156 -0.309017 
vn -0.490321 -0.81492 -0.309017 
vn -0.575555 -0.757129 -0.309017 
vn -0.654041 -0.690463 -0.309017 
vn -0.724859 -0.615701 -0.309017 
vn -0.787179 -0.533721 -0.309017 
vn -0.84027 -0.445483 -0.309017 
vn -0.883509 -0.352022 -0.309017 
vn -0.91639 -0.254435 -0.309017 
vn -0.938528 -0.153864 -0.309017 
vn -0.949662 -0.0514892 -0.309017 
vn -0.949662 0.0514892 -0.309017 
vn -0.938528 0.153864 -0.309017 
vn -0.91639 0.254435 -0.309017 
vn -0.883509 0.352022 -0.309017 
vn -0.84027 0.445483 -0.309017 
vn -0.787179 0.533721 -0.309017 
vn -0.724859 0.615701 -0.309017 
vn -0.654041 0.690463 -0.309017 
vn -0.575555 0.757129 -0.309017 
vn -0.490321 0.81492 -0.309017 
vn -0.399338 0.863156 -0.309017 
vn -0.303674 0.901272 -0.309017 
vn -0.204449 0.928821 -0.309017 
vn -0.102827 0.945481 -0.309017 
vn 0 0.913545 -0.406737 
vn 0.0987716 0.90819 -0.406737 
vn 0.196385 0.892187 -0.406737 
vn 0.291696 0.865724 -0.406737 
vn 0.383588 0.829111 -0.406737 
vn 0.470982 0.782778 -0.406737 
vn 0.552854 0.727267 -0.406737 
vn 0.628245 0.66323 -0.406737 
vn 0.69627 0.591417 -0.406737 
vn 0.756132 0.51267 -0.406737 
vn 0.807128 0.427912 -0.406737 
vn 0.848662 0.338138 -0.406737 
vn 0.880247 0.244399 -0.406737 
vn 0.901511 0.147795 -0.406737 
vn 0.912206 0.0494584 -0.406737 
vn 0.912206 -0.0494584 -0.406737 
vn 0.901511 -0.147795 -0.406737 
vn 0.880247 -0.244399 -0.406737 
vn 0.848662 -0.338138 -0.406737 
vn 0.807128 -0.427912 -0.406737 
vn 0.756132 -0.51267 -0.406737 
vn 0.69627 -0.591417 -0.406737 
vn 0.628245 -0.66323 -0.406737 
vn 0.552854 -0.727267 -0.406737 
vn 0.470982 -0.782778 -0.406737 
vn 0.383588 -0.829111 -0.406737 
vn 0.291696 -0.865724 -0.406737 
vn 0.196385 -0.892187 -0.406737 
vn 0.0987716 -0.90819 -0.406737 
vn -1.9017e-16 -0.913545 -0.406737 
vn -0.0987716 -0.90819 -0.406737 
vn -0.196385 -0.892187 -0.406737 
vn -0.291696 -0.865724 -0.406737 
vn -0.383588 -0.829111 -0.406737 
vn -0.470982 -0.782778 -0.406737 
vn -0.552854 -0.727267 -0.406737 
vn -0.628245 -0.66323 -0.406737 
vn -0.69627 -0.591417 -0.406737 
vn -0.756132 -0.51267 -0.406737 
vn -0.807128 -0.427912 -0.406737 
vn -0.848662 -0.338138 -0.406737 
vn -0.880247 -0.244399 -0.406737 
vn -0.901511 -0.147795 -0.406737 
vn -0.912206 -0.0494584 -0.406737 
vn -0.912206 0.0494584 -0.406737 
vn -0.901511 0.147795 -0.406737 
vn -0.880247 0.244399 -0.406737 
vn -0.848662 0.338138 -0.406737 
vn -0.807128 0.427912 -0.406737 
vn -0.756132 0.51267 -0.406737 
vn -0.69627 0.591417 -0.406737 
vn -0.628245 0.66323 -0.406737 
vn -0.552854 0.727267 -0.406737 
vn -0.470982 0.782778 -0.406737 
vn -0.383588 0.829111 -0.406737 
vn -0.291696 0.865724 -0.406737 
vn -0.196385 0.892187 -0.406737 
vn -0.0987716 0.90819 -0.406737 
vn 0 0.866025 -0.5 
vn 0.0936338 0.860949 -0.5 
vn 0.18617 0.845778 -0.5 
vn 0.276523 0.820692 -0.5 
vn 0.363635 0.785983 -0.5 
vn 0.446483 0.74206 -0.5 
vn 0.524096 0.689437 -0.5 
vn 0.595565 0.628731 -0.5 
vn 0.660052 0.560653 -0.5 
vn 0.7168 0.486002 -0.5 
vn 0.765144 0.405654 -0.5 
vn 0.804517 0.320549 -0.5 
vn 0.834459 0.231686 -0.5 
vn 0.854617 0.140107 -0.5 
vn 0.864755 0.0468857 -0.5 
vn 0.864755 -0.0468857 -0.5 
vn 0.854617 -0.140107 -0.5 
vn 0.834459 -0.231686 -0.5 
vn 0.804517 -0.320549 -0.5 
vn 0.765144 -0.405654 -0.5 
vn 0.7168 -0.486002 -0.5 
vn 0.660052 -0.560653 -0.5 
vn 0.595565 -0.628731 -0.5 
vn 0.524096 -0.689437 -0.5 
vn 0.446483 -0.74206 -0.5 
vn 0.363635 -0.785983 -0.5 
vn 0.276523 -0.820692 -0.5 
vn 0.18617 -0.845778 -0.5 
vn 0.0936338 -0.860949 -0.5 
vn -1.80278e-16 -0.866025 -0.5 
vn -0.0936338 -0.860949 -0.5 
vn -0.18617 -0.845778 -0.5 
vn -0.276523 -0.820692 -0.5 
vn -0.363635 -0.785983 -0.5 
vn -0.446483 -0.74206 -0.5 
vn -0.524096 -0.689437 -0.5 
vn -0.595565 -0.628731 -0.5 
vn -0.660052 -0.560653 -0.5 
vn -0.7168 -0.486002 -0.5 
vn -0.765144 -0.405654 -0.5 
vn -0.804517 -0.320549 -0.5 
vn -0.834459 -0.231686 -0.5 
vn -0.854617 -0.140107 -0.5 
vn -0.864755 -0.0468857 -0.5 
vn -0.864755 0.0468857 -0.5 
vn -0.854617 0.140107 -0.5 
vn -0.834459 0.231686 -0.5 
vn -0.804517 0.320549 -0.5 
vn -0.765144 0.405654 -0.5 
vn -0.7168 0.486002 -0.5 
vn -0.660052 0.560653 -0.5 
vn -0.595565 0.628731 -0.5 
vn -0.524096 0.689437 -0.5 
vn -0.446483 0.74206 -0.5 
vn -0.363635 0.785983 -0.5 
vn -0.276523 0.820692 -0.5 
vn -0.18617 0.845778 -0.5 
vn -0.0936338 0.860949 -0.5 
vn 0 0.809017 -0.587785 
vn 0.0874701 0.804275 -0.587785 
vn 0.173915 0.790103 -0.587785 
vn 0.25832 0.766668 -0.587785 
vn 0.339697 0.734244 -0.587785 
vn 0.417092 0.693212 -0.587785 
vn 0.489596 0.644053 -0.587785 
vn 0.556361 0.587343 -0.587785 
vn 0.616602 0.523747 -0.587785 
vn 0.669614 0.45401 -0.587785 
vn 0.714776 0.37895 -0.587785 
vn 0.751558 0.299448 -0.587785 
vn 0.779528 0.216435 -0.587785 
vn 0.798359 0.130884 -0.587785 
vn 0.807831 0.0437993 -0.587785 
vn 0.807831 -0.0437993 -0.587785 
vn 0.798359 -0.130884 -0.587785 
vn 0.779528 -0.216435 -0.587785 
vn 0.751558 -0.299448 -0.587785 
vn 0.714776 -0.37895 -0.587785 
vn 0.669614 -0.45401 -0.587785 
vn 0.616602 -0.523747 -0.587785 
vn 0.556361 -0.587343 -0.587785 
vn 0.489596 -0.644053 -0.587785 
vn 0.417092 -0.693212 -0.587785 
vn 0.339697 -0.734244 -0.587785 
vn 0.25832 -0.766668 -0.587785 
vn 0.173915 -0.790103 -0.587785 
vn 0.0874701 -0.804275 -0.587785 
vn -1.6841e-16 -0.809017 -0.587785 
vn -0.0874701 -0.804275 -0.587785 
vn -0.173915 -0.790103 -0.587785 
vn -0.25832 -0.766668 -0.587785 
vn -0.339697 -0.734244 -0.587785 
vn -0.417092 -0.693212 -0.587785 
vn -0.489596 -0.644053 -0.587785 
vn -0.556361 -0.587343 -0.587785 
vn -0.616602 -0.523747 -0.587785 
vn -0.669614 -0.45401 -0.587785 
vn -0.714776 -0.37895 -0.587785 
vn -0.751558 -0.299448 -0.587785 
vn -0.779528 -0.216435 -0.587785 
vn -0.798359 -0.130884 -0.587785 
vn -0.807831 -0.0437993 -0.587785 
vn -0.807831 0.0437993 -0.587785 
vn -0.798359 0.130884 -0.587785 
vn -0.779528 0.216435 -0.587785 
vn -0.751558 0.299448 -0.587785 
vn -0.714776 0.37895 -0.587785 
vn -0.669614 0.45401 -0.587785 
vn -0.616602 0.523747 -0.587785 
vn -0.556361 0.587343 -0.587785 
vn -0.489596 0.644053 -0.587785 
vn -0.417092 0.693212 -0.587785 
vn -0.339697 0.734244 -0.587785 
vn -0.25832 0.766668 -0.587785 
vn -0.173915 0.790103 -0.587785 
vn -0.0874701 0.804275 -0.587785 
vn 0 0.743145 -0.669131 
vn 0.0803481 0.738788 -0.669131 
vn 0.159754 0.725771 -0.669131 
vn 0.237287 0.704244 -0.669131 
vn 0.312038 0.67446 -0.669131 
vn 0.383131 0.636769 -0.669131 
vn 0.449732 0.591612 -0.669131 
vn 0.51106 0.53952 -0.669131 
vn 0.566397 0.481102 -0.669131 
vn 0.615093 0.417043 -0.669131 
vn 0.656577 0.348095 -0.669131 
vn 0.690364 0.275066 -0.669131 
vn 0.716057 0.198812 -0.669131 
vn 0.733355 0.120227 -0.669131 
vn 0.742055 0.040233 -0.669131 
vn 0.742055 -0.040233 -0.669131 
vn 0.733355 -0.120227 -0.669131 
vn 0.716057 -0.198812 -0.669131 
vn 0.690364 -0.275066 -0.669131 
vn 0.656577 -0.348095 -0.669131 
vn 0.615093 -0.417043 -0.669131 
vn 0.566397 -0.481102 -0.669131 
vn 0.51106 -0.53952 -0.669131 
vn 0.449732 -0.591612 -0.669131 
vn 0.383131 -0.636769 -0.669131 
vn 0.312038 -0.67446 -0.669131 
vn 0.237287 -0.704244 -0.669131 
vn 0.159754 -0.725771 -0.669131 
vn 0.0803481 -0.738788 -0.669131 
vn -1.54698e-16 -0.743145 -0.669131 
vn -0.0803481 -0.738788 -0.669131 
vn -0.159754 -0.725771 -0.669131 
vn -0.237287 -0.704244 -0.669131 
vn -0.312038 -0.67446 -0.669131 
vn -0.383131 -0.636769 -0.669131 
vn -0.449732 -0.591612 -0.669131 
vn -0.51106 -0.53952 -0.669131 
vn -0.566397 -0.481102 -0.669131 
vn -0.615093 -0.417043 -0.669131 
vn -0.656577 -0.348095 -0.669131 
vn -0.690364 -0.275066 -0.669131 
vn -0.716057 -0.198812 -0.669131 
vn -0.733355 -0.120227 -0.669131 
vn -0.742055 -0.040233 -0.669131 
vn -0.742055 0.040233 -0.669131 
vn -0.733355 0.120227 -0.669131 
vn -0.716057 0.198812 -0.669131 
vn -0.690364 0.275066 -0.669131 
vn -0.656577 0.348095 -0.669131 
vn -0.615093 0.417043 -0.669131 
vn -0.566397 0.481102 -0.669131 
vn -0.51106 0.53952 -0.669131 
vn -0.449732 0.591612 -0.669131 
vn -0.383131 0.636769 -0.669131 
vn -0.312038 0.67446 -0.669131 
vn -0.237287 0.704244 -0.669131 
vn -0.159754 0.725771 -0.669131 
vn -0.0803481 0.738788 -0.669131 
vn 0 0.669131 -0.743145 
vn 0.0723457 0.665208 -0.743145 
vn 0.143843 0.653487 -0.743145 
vn 0.213654 0.634104 -0.743145 
vn 0.280961 0.607286 -0.743145 
vn 0.344973 0.573349 -0.743145 
vn 0.404941 0.53269 -0.743145 
vn 0.460161 0.485786 -0.743145 
vn 0.509986 0.433186 -0.743145 
vn 0.553832 0.375507 -0.743145 
vn 0.591185 0.313426 -0.743145 
vn 0.621607 0.247671 -0.743145 
vn 0.644741 0.179011 -0.743145 
vn 0.660316 0.108253 -0.743145 
vn 0.668149 0.036226 -0.743145 
vn 0.668149 -0.036226 -0.743145 
vn 0.660316 -0.108253 -0.743145 
vn 0.644741 -0.179011 -0.743145 
vn 0.621607 -0.247671 -0.743145 
vn 0.591185 -0.313426 -0.743145 
vn 0.553832 -0.375507 -0.743145 
vn 0.509986 -0.433186 -0.743145 
vn 0.460161 -0.485786 -0.743145 
vn 0.404941 -0.53269 -0.743145 
vn 0.344973 -0.573349 -0.743145 
vn 0.280961 -0.607286 -0.743145 
vn 0.213654 -0.634104 -0.743145 
vn 0.143843 -0.653487 -0.743145 
vn 0.0723457 -0.665208 -0.743145 
vn -1.39291e-16 -0.669131 -0.743145 
vn -0.0723457 -0.665208 -0.743145 
vn -0.143843 -0.653487 -0.743145 
vn -0.213654 -0.634104 -0.743145 
vn -0.280961 -0.607286 -0.743145 
vn -0.344973 -0.573349 -0.743145 
vn -0.404941 -0.53269 -0.743145 
vn -0.460161 -0.485786 -0.743145 
vn -0.509986 -0.433186 -0.743145 
vn -0.553832 -0.375507 -0.743145 
vn -0.591185 -0.313426 -0.743145 
vn -0.621607 -0.247671 -0.743145 
vn -0.644741 -0.179011 -0.743145 
vn -0.660316 -0.108253 -0.743145 
vn -0.668149 -0.036226 -0.743145 
vn -0.668149 0.036226 -0.743145 
vn -0.660316 0.108253 -0.743145 
vn -0.644741 0.179011 -0.743145 
vn -0.621607 0.247671 -0.743145 
vn -0.591185 0.313426 -0.743145 
vn -0.553832 0.375507 -0.743145 
vn -0.509986 0.433186 -0.743145 
vn -0.460161 0.485786 -0.743145 
vn -0.404941 0.53269 -0.743145 
vn -0.344973 0.573349 -0.743145 
vn -0.280961 0.607286 -0.743145 
vn -0.213654 0.634104 -0.743145 
vn -0.143843 0.653487 -0.743145 
vn -0.0723457 0.665208 -0.743145 
vn 0 0.587785 -0.809017 
vn 0.0635508 0.58434 -0.809017 
vn 0.126356 0.574043 -0.809017 
vn 0.187681 0.557017 -0.809017 
vn 0.246805 0.533459 -0.809017 
vn 0.303035 0.503648 -0.809017 
vn 0.355712 0.467932 -0.809017 
vn 0.40422 0.426729 -0.809017 
vn 0.447988 0.380524 -0.809017 
vn 0.486503 0.329857 -0.809017 
vn 0.519315 0.275324 -0.809017 
vn 0.546039 0.217562 -0.809017 
vn 0.56636 0.157249 -0.809017 
vn 0.580042 0.0950931 -0.809017 
vn 0.586923 0.0318221 -0.809017 
vn 0.586923 -0.0318221 -0.809017 
vn 0.580042 -0.0950931 -0.809017 
vn 0.56636 -0.157249 -0.809017 
vn 0.546039 -0.217562 -0.809017 
vn 0.519315 -0.275324 -0.809017 
vn 0.486503 -0.329857 -0.809017 
vn 0.447988 -0.380524 -0.809017 
vn 0.40422 -0.426729 -0.809017 
vn 0.355712 -0.467932 -0.809017 
vn 0.303035 -0.503648 -0.809017 
vn 0.246805 -0.533459 -0.809017 
vn 0.187681 -0.557017 -0.809017 
vn 0.126356 -0.574043 -0.809017 
vn 0.0635508 -0.58434 -0.809017 
vn -1.22357e-16 -0.587785 -0.809017 
vn -0.0635508 -0.58434 -0.809017 
vn -0.126356 -0.574043 -0.809017 
vn -0.187681 -0.557017 -0.809017 
vn -0.246805 -0.533459 -0.809017 
vn -0.303035 -0.503648 -0.809017 
vn -0.355712 -0.467932 -0.809017 
vn -0.40422 -0.426729 -0.809017 
vn -0.447988 -0.380524 -0.809017 
vn -0.486503 -0.329857 -0.809017 
vn -0.519315 -0.275324 -0.809017 
vn -0.546039 -0.217562 -0.809017 
vn -0.56636 -0.157249 -0.809017 
vn -0.580042 -0.0950931 -0.809017 
vn -0.586923 -0.0318221 -0.809017 
vn -0.586923 0.0318221 -0.809017 
vn -0.580042 0.0950931 -0.809017 
vn -0.56636 0.157249 -0.809017 
vn -0.546039 0.217562 -0.809017 
vn -0.519315 0.275324 -0.809017 
vn -0.486503 0.329857 -0.809017 
vn -0.447988 0.380524 -0.809017 
vn -0.40422 0.426729 -0.809017 
vn -0.355712 0.467932 -0.809017 
vn -0.303035 0.503648 -0.809017 
vn -0.246805 0.533459 -0.809017 
vn -0.187681 0.557017 -0.809017 
vn -0.126356 0.574043 -0.809017 
vn -0.0635508 0.58434 -0.809017 
vn 0 0.5 -0.866025 
vn 0.0540595 0.497069 -0.866025 
vn 0.107485 0.48831 -0.866025 
vn 0.159651 0.473827 -0.866025 
vn 0.209945 0.453788 -0.866025 
vn 0.257777 0.428429 -0.866025 
vn 0.302587 0.398047 -0.866025 
vn 0.34385 0.362998 -0.866025 
vn 0.381081 0.323693 -0.866025 
vn 0.413844 0.280594 -0.866025 
vn 0.441756 0.234204 -0.866025 
vn 0.464488 0.185069 -0.866025 
vn 0.481775 0.133764 -0.866025 
vn 0.493413 0.080891 -0.866025 
vn 0.499267 0.0270695 -0.866025 
vn 0.499267 -0.0270695 -0.866025 
vn 0.493413 -0.080891 -0.866025 
vn 0.481775 -0.133764 -0.866025 
vn 0.464488 -0.185069 -0.866025 
vn 0.441756 -0.234204 -0.866025 
vn 0.413844 -0.280594 -0.866025 
vn 0.381081 -0.323693 -0.866025 
vn 0.34385 -0.362998 -0.866025 
vn 0.302587 -0.398047 -0.866025 
vn 0.257777 -0.428429 -0.866025 
vn 0.209945 -0.453788 -0.866025 
vn 0.159651 -0.473827 -0.866025 
vn 0.107485 -0.48831 -0.866025 
vn 0.0540595 -0.497069 -0.866025 
vn -1.04083e-16 -0.5 -0.866025 
vn -0.0540595 -0.497069 -0.866025 
vn -0.107485 -0.48831 -0.866025 
vn -0.159651 -0.473827 -0.866025 
vn -0.209945 -0.453788 -0.866025 
vn -0.257777 -0.428429 -0.866025 
vn -0.302587 -0.398047 -0.866025 
vn -0.34385 -0.362998 -0.866025 
vn -0.381081 -0.323693 -0.866025 
vn -0.413844 -0.280594 -0.866025 
vn -0.441756 -0.234204 -0.866025 
vn -0.464488 -0.185069 -0.866025 
vn -0.481775 -0.133764 -0.866025 
vn -0.493413 -0.080891 -0.866025 
vn -0.499267 -0.0270695 -0.866025 
vn -0.499267 0.0270695 -0.866025 
vn -0.493413 0.080891 -0.866025 
vn -0.481775 0.133764 -0.866025 
vn -0.464488 0.185069 -0.866025 
vn -0.441756 0.234204 -0.866025 
vn -0.413844 0.280594 -0.866025 
vn -0.381081 0.323693 -0.866025 
vn -0.34385 0.362998 -0.866025 
vn -0.302587 0.398047 -0.866025 
vn -0.257777 0.428429 -0.866025 
vn -0.209945 0.453788 -0.866025 
vn -0.159651 0.473827 -0.866025 
vn -0.107485 0.48831 -0.866025 
vn -0.0540595 0.497069 -0.866025 
vn 0 0.406737 -0.913545 
vn 0.043976 0.404352 -0.913545 
vn 0.0874364 0.397227 -0.913545 
vn 0.129872 0.385445 -0.913545 
vn 0.170784 0.369144 -0.913545 
vn 0.209695 0.348515 -0.913545 
vn 0.246147 0.3238 -0.913545 
vn 0.279713 0.295289 -0.913545 
vn 0.309999 0.263316 -0.913545 
vn 0.336651 0.228255 -0.913545 
vn 0.359357 0.190519 -0.913545 
vn 0.377849 0.150549 -0.913545 
vn 0.391911 0.108814 -0.913545 
vn 0.401379 0.0658027 -0.913545 
vn 0.40614 0.0220203 -0.913545 
vn 0.40614 -0.0220203 -0.913545 
vn 0.401379 -0.0658027 -0.913545 
vn 0.391911 -0.108814 -0.913545 
vn 0.377849 -0.150549 -0.913545 
vn 0.359357 -0.190519 -0.913545 
vn 0.336651 -0.228255 -0.913545 
vn 0.309999 -0.263316 -0.913545 
vn 0.279713 -0.295289 -0.913545 
vn 0.246147 -0.3238 -0.913545 
vn 0.209695 -0.348515 -0.913545 
vn 0.170784 -0.369144 -0.913545 
vn 0.129872 -0.385445 -0.913545 
vn 0.0874364 -0.397227 -0.913545 
vn 0.043976 -0.404352 -0.913545 
vn -8.46691e-17 -0.406737 -0.913545 
vn -0.043976 -0.404352 -0.913545 
vn -0.0874364 -0.397227 -0.913545 
vn -0.129872 -0.385445 -0.913545 
vn -0.170784 -0.369144 -0.913545 
vn -0.209695 -0.348515 -0.913545 
vn -0.246147 -0.3238 -0.913545 
vn -0.279713 -0.295289 -0.913545 
vn -0.309999 -0.263316 -0.913545 
vn -0.336651 -0.228255 -0.913545 
vn -0.359357 -0.190519 -0.913545 
vn -0.377849 -0.150549 -0.913545 
vn -0.391911 -0.108814 -0.913545 
vn -0.401379 -0.0658027 -0.913545 
vn -0.40614 -0.0220203 -0.913545 
vn -0.40614 0.0220203 -0.913545 
vn -0.401379 0.0658027 -0.913545 
vn -0.391911 0.108814 -0.913545 
vn -0.377849 0.150549 -0.913545 
vn -0.359357 0.190519 -0.913545 
vn -0.336651 0.228255 -0.913545 
vn -0.309999 0.263316 -0.913545 
vn -0.279713 0.295289 -0.913545 
vn -0.246147 0.3238 -0.913545 
vn -0.209695 0.348515 -0.913545 
vn -0.170784 0.369144 -0.913545 
vn -0.129872 0.385445 -0.913545 
vn -0.0874364 0.397227 -0.913545 
vn -0.043976 0.404352 -0.913545 
vn 0 0.309017 -0.951057 
vn 0.0334106 0.307206 -0.951057 
vn 0.0664295 0.301792 -0.951057 
vn 0.0986696 0.292841 -0.951057 
vn 0.129753 0.280456 -0.951057 
vn 0.159315 0.264783 -0.951057 
vn 0.187009 0.246006 -0.951057 
vn 0.212511 0.224345 -0.951057 
vn 0.235521 0.200053 -0.951057 
vn 0.25577 0.173416 -0.951057 
vn 0.27302 0.144746 -0.951057 
vn 0.28707 0.114379 -0.951057 
vn 0.297753 0.0826708 -0.951057 
vn 0.304946 0.0499934 -0.951057 
vn 0.308564 0.0167298 -0.951057 
vn 0.308564 -0.0167298 -0.951057 
vn 0.304946 -0.0499934 -0.951057 
vn 0.297753 -0.0826708 -0.951057 
vn 0.28707 -0.114379 -0.951057 
vn 0.27302 -0.144746 -0.951057 
vn 0.25577 -0.173416 -0.951057 
vn 0.235521 -0.200053 -0.951057 
vn 0.212511 -0.224345 -0.951057 
vn 0.187009 -0.246006 -0.951057 
vn 0.159315 -0.264783 -0.951057 
vn 0.129753 -0.280456 -0.951057 
vn 0.0986696 -0.292841 -0.951057 
vn 0.0664295 -0.301792 -0.951057 
vn 0.0334106 -0.307206 -0.951057 
vn -6.43271e-17 -0.309017 -0.951057 
vn -0.0334106 -0.307206 -0.951057 
vn -0.0664295 -0.301792 -0.951057 
vn -0.0986696 -0.292841 -0.951057 
vn -0.129753 -0.280456 -0.951057 
vn -0.159315 -0.264783 -0.951057 
vn -0.187009 -0.246006 -0.951057 
vn -0.212511 -0.224345 -0.951057 
vn -0.235521 -0.200053 -0.951057 
vn -0.25577 -0.173416 -0.951057 
vn -0.27302 -0.144746 -0.951057 
vn -0.28707 -0.114379 -0.951057 
vn -0.297753 -0.0826708 -0.951057 
vn -0.304946 -0.0499934 -0.951057 
vn -0.308564 -0.0167298 -0.951057 
vn -0.308564 0.0167298 -0.951057 
vn -0.304946 0.0499934 -0.951057 
vn -0.297753 0.0826708 -0.951057 
vn -0.28707 0.114379 -0.951057 
vn -0.27302 0.144746 -0.951057 
vn -0.25577 0.173416 -0.951057 
vn -0.235521 0.200053 -0.951057 
vn -0.212511 0.224345 -0.951057 
vn -0.187009 0.246006 -0.951057 
vn -0.159315 0.264783 -0.951057 
vn -0.129753 0.280456 -0.951057 
vn -0.0986696 0.292841 -0.951057 
vn -0.0664295 0.301792 -0.951057 
vn -0.0334106 0.307206 -0.951057 
vn 0 0.207912 -0.978148 
vn 0.0224792 0.206693 -0.978148 
vn 0.0446949 0.203051 -0.978148 
vn 0.0663865 0.197028 -0.978148 
vn 0.0872999 0.188696 -0.978148 
vn 0.10719 0.178151 -0.978148 
vn 0.125823 0.165517 -0.978148 
vn 0.142981 0.150943 -0.978148 
vn 0.158462 0.134599 -0.978148 
vn 0.172086 0.116677 -0.978148 
vn 0.183692 0.0973876 -0.978148 
vn 0.193145 0.076956 -0.978148 
vn 0.200333 0.0556223 -0.978148 
vn 0.205173 0.0336364 -0.978148 
vn 0.207607 0.0112561 -0.978148 
vn 0.207607 -0.0112561 -0.978148 
vn 0.205173 -0.0336364 -0.978148 
vn 0.200333 -0.0556223 -0.978148 
vn 0.193145 -0.076956 -0.978148 
vn 0.183692 -0.0973876 -0.978148 
vn 0.172086 -0.116677 -0.978148 
vn 0.158462 -0.134599 -0.978148 
vn 0.142981 -0.150943 -0.978148 
vn 0.125823 -0.165517 -0.978148 
vn 0.10719 -0.178151 -0.978148 
vn 0.0872999 -0.188696 -0.978148 
vn 0.0663865 -0.197028 -0.978148 
vn 0.0446949 -0.203051 -0.978148 
vn 0.0224792 -0.206693 -0.978148 
vn -4.32803e-17 -0.207912 -0.978148 
vn -0.0224792 -0.206693 -0.978148 
vn -0.0446949 -0.203051 -0.978148 
vn -0.0663865 -0.197028 -0.978148 
vn -0.0872999 -0.188696 -0.978148 
vn -0.10719 -0.178151 -0.978148 
vn -0.125823 -0.165517 -0.978148 
vn -0.142981 -0.150943 -0.978148 
vn -0.158462 -0.134599 -0.978148 
vn -0.172086 -0.116677 -0.978148 
vn -0.183692 -0.0973876 -0.978148 
vn -0.193145 -0.076956 -0.978148 
vn -0.200333 -0.0556223 -0.978148 
vn -0.205173 -0.0336364 -0.978148 
vn -0.207607 -0.0112561 -0.978148 
vn -0.207607 0.0112561 -0.978148 
vn -0.205173 0.0336364 -0.978148 
vn -0.200333 0.0556223 -0.978148 
vn -0.193145 0.076956 -0.978148 
vn -0.183692 0.0973876 -0.978148 
vn -0.172086 0.116677 -0.978148 
vn -0.158462 0.134599 -0.978148 
vn -0.142981 0.150943 -0.978148 
vn -0.125823 0.165517 -0.978148 
vn -0.10719 0.178151 -0.978148 
vn -0.0872999 0.188696 -0.978148 
vn -0.0663865 0.197028 -0.978148 
vn -0.0446949 0.203051 -0.978148 
vn -0.0224792 0.206693 -0.978148 
vn 0 0.104528 -0.994522 
vn 0.0113015 0.103916 -0.994522 
vn 0.0224705 0.102085 -0.994522 
vn 0.0333761 0.0990567 -0.994522 
vn 0.0438904 0.0948675 -0.994522 
vn 0.0538901 0.089566 -0.994522 
vn 0.0632579 0.0832144 -0.994522 
vn 0.0718842 0.0758872 -0.994522 
vn 0.0796676 0.0676703 -0.994522 
vn 0.0865171 0.05866 -0.994522 
vn 0.0923522 0.048962 -0.994522 
vn 0.0971045 0.03869 -0.994522 
vn 0.100718 0.0279643 -0.994522 
vn 0.103151 0.0169108 -0.994522 
vn 0.104375 0.00565906 -0.994522 
vn 0.104375 -0.00565906 -0.994522 
vn 0.103151 -0.0169108 -0.994522 
vn 0.100718 -0.0279643 -0.994522 
vn 0.0971045 -0.03869 -0.994522 
vn 0.0923522 -0.048962 -0.994522 
vn 0.0865171 -0.05866 -0.994522 
vn 0.0796676 -0.0676703 -0.994522 
vn 0.0718842 -0.0758872 -0.994522 
vn 0.0632579 -0.0832144 -0.994522 
vn 0.0538901 -0.089566 -0.994522 
vn 0.0438904 -0.0948675 -0.994522 
vn 0.0333761 -0.0990567 -0.994522 
vn 0.0224705 -0.102085 -0.994522 
vn 0.0113015 -0.103916 -0.994522 
vn -2.17594e-17 -0.104528 -0.994522 
vn -0.0113015 -0.103916 -0.994522 
vn -0.0224705 -0.102085 -0.994522 
vn -0.0333761 -0.0990567 -0.994522 
vn -0.0438904 -0.0948675 -0.994522 
vn -0.0538901 -0.089566 -0.994522 
vn -0.0632579 -0.0832144 -0.994522 
vn -0.0718842 -0.0758872 -0.994522 
vn -0.0796676 -0.0676703 -0.994522 
vn -0.0865171 -0.05866 -0.994522 
vn -0.0923522 -0.048962 -0.994522 
vn -0.0971045 -0.03869 -0.994522 
vn -0.100718 -0.0279643 -0.994522 
vn -0.103151 -0.0169108 -0.994522 
vn -0.104375 -0.00565906 -0.994522 
vn -0.104375 0.00565906 -0.994522 
vn -0.103151 0.0169108 -0.994522 
vn -0.100718 0.0279643 -0.994522 
vn -0.0971045 0.03869 -0.994522 
vn -0.0923522 0.048962 -0.994522 
vn -0.0865171 0.05866 -0.994522 
vn -0.0796676 0.0676703 -0.994522 
vn -0.0718842 0.0758872 -0.994522 
vn -0.0632579 0.0832144 -0.994522 
vn -0.0538901 0.089566 -0.994522 
vn -0.0438904 0.0948675 -0.994522 
vn -0.0333761 0.0990567 -0.994522 
vn -0.0224705 0.102085 -0.994522 
vn -0.0113015 0.103916 -0.994522 
vn 0 6.12323e-17 -1 
vn 0 1 0 
vn 0.108119 0.994138 0 
vn 0.21497 0.976621 0 
vn 0.319302 0.947653 0 
vn 0.419889 0.907575 0 
vn 0.515554 0.856857 0 
vn 0.605174 0.796093 0 
vn 0.687699 0.725995 0 
vn 0.762162 0.647386 0 
vn 0.827689 0.561187 0 
vn 0.883512 0.468408 0 
vn 0.928977 0.370138 0 
vn 0.96355 0.267528 0 
vn 0.986827 0.161782 0 
vn 0.998533 0.0541389 0 
vn 0.998533 -0.0541389 0 
vn 0.986827 -0.161782 0 
vn 0.96355 -0.267528 0 
vn 0.928977 -0.370138 0 
vn 0.883512 -0.468408 0 
vn 0.827689 -0.561187 0 
vn 0.762162 -0.647386 0 
vn 0.687699 -0.725995 0 
vn 0.605174 -0.796093 0 
vn 0.515554 -0.856857 0 
vn 0.419889 -0.907575 0 
vn 0.319302 -0.947653 0 
vn 0.21497 -0.976621 0 
vn 0.108119 -0.994138 0 
vn 1.22465e-16 -1 0 
vn -0.108119 -0.994138 0 
vn -0.21497 -0.976621 0 
vn -0.319302 -0.947653 0 
vn -0.419889 -0.907575 0 
vn -0.515554 -0.856857 0 
vn -0.605174 -0.796093 0 
vn -0.687699 -0.725995 0 
vn -0.762162 -0.647386 0 
vn -0.827689 -0.561187 0 
vn -0.883512 -0.468408 0 
vn -0.928977 -0.370138 0 
vn -0.96355 -0.267528 0 
vn -0.986827 -0.161782 0 
vn -0.998533 -0.0541389 0 
vn -0.998533 0.0541389 0 
vn -0.986827 0.161782 0 
vn -0.96355 0.267528 0 
vn -0.928977 0.370138 0 
vn -0.883512 0.468408 0 
vn -0.827689 0.561187 0 
vn -0.762162 0.647386 0 
vn -0.687699 0.725995 0 
vn -0.605174 0.796093 0 
vn -0.515554 0.856857 0 
vn -0.419889 0.907575 0 
vn -0.319302 0.947653 0 
vn -0.21497 0.976621 0 
vn -0.108119 0.994138 0 
vn 0 0.77301 0.634393 
vn 0 0.707107 0.707107 
vn -0.0764517 0.702962 0.707107 
vn -0.0835771 0.768479 0.634393 
vn -0.152007 0.690575 0.707107 
vn -0.166174 0.754938 0.634393 
vn -0.22578 0.670092 0.707107 
vn -0.246823 0.732546 0.634393 
vn -0.296906 0.641753 0.707107 
vn -0.324579 0.701565 0.634393 
vn -0.364552 0.60589 0.707107 
vn -0.398529 0.66236 0.634393 
vn -0.427923 0.562923 0.707107 
vn -0.467806 0.615388 0.634393 
vn -0.486277 0.513356 0.707107 
vn -0.531599 0.561202 0.634393 
vn -0.53893 0.457771 0.707107 
vn -0.589159 0.500436 0.634393 
vn -0.585265 0.396819 0.707107 
vn -0.639812 0.433803 0.634393 
vn -0.624737 0.331215 0.707107 
vn -0.682964 0.362085 0.634393 
vn -0.656886 0.261727 0.707107 
vn -0.718109 0.286121 0.634393 
vn -0.681333 0.189171 0.707107 
vn -0.744834 0.206802 0.634393 
vn -0.697792 0.114397 0.707107 
vn -0.762827 0.125059 0.634393 
vn -0.70607 0.038282 0.707107 
vn -0.771877 0.0418499 0.634393 
vn -0.70607 -0.038282 0.707107 
vn -0.771877 -0.0418499 0.634393 
vn -0.697792 -0.114397 0.707107 
vn -0.762827 -0.125059 0.634393 
vn -0.681333 -0.189171 0.707107 
vn -0.744834 -0.206802 0.634393 
vn -0.656886 -0.261727 0.707107 
vn -0.718109 -0.286121 0.634393 
vn -0.624737 -0.331215 0.707107 
vn -0.682964 -0.362085 0.634393 
vn -0.585265 -0.396819 0.707107 
vn -0.639812 -0.433803 0.634393 
vn -0.53893 -0.457771 0.707107 
vn -0.589159 -0.500436 0.634393 
vn -0.486277 -0.513356 0.707107 
vn -0.531599 -0.561202 0.634393 
vn -0.427923 -0.562923 0.707107 
vn -0.467806 -0.615388 0.634393 
vn -0.364552 -0.60589 0.707107 
vn -0.398529 -0.66236 0.634393 
vn -0.296906 -0.641753 0.707107 
vn -0.324579 -0.701565 0.634393 
vn -0.22578 -0.670092 0.707107 
vn -0.246823 -0.732546 0.634393 
vn -0.152007 -0.690575 0.707107 
vn -0.166174 -0.754938 0.634393 
vn -0.0764517 -0.702962 0.707107 
vn -0.0835771 -0.768479 0.634393 
vn 1.47196e-16 -0.707107 0.707107 
vn 1.60915e-16 -0.77301 0.634393 
vn 0.0764517 -0.702962 0.707107 
vn 0.0835771 -0.768479 0.634393 
vn 0.152007 -0.690575 0.707107 
vn 0.166174 -0.754938 0.634393 
vn 0.22578 -0.670092 0.707107 
vn 0.246823 -0.732546 0.634393 
vn 0.296906 -0.641753 0.707107 
vn 0.324579 -0.701565 0.634393 
vn 0.364552 -0.60589 0.707107 
vn 0.398529 -0.66236 0.634393 
vn 0.427923 -0.562923 0.707107 
vn 0.467806 -0.615388 0.634393 
vn 0.486277 -0.513356 0.707107 
vn 0.531599 -0.561202 0.634393 
vn 0.53893 -0.457771 0.707107 
vn 0.589159 -0.500436 0.634393 
vn 0.585265 -0.396819 0.707107 
vn 0.639812 -0.433803 0.634393 
vn 0.624737 -0.331215 0.707107 
vn 0.682964 -0.362085 0.634393 
vn 0.656886 -0.261727 0.707107 
vn 0.718109 -0.286121 0.634393 
vn 0.681333 -0.189171 0.707107 
vn 0.744834 -0.206802 0.634393 
vn 0.697792 -0.114397 0.707107 
vn 0.762827 -0.125059 0.634393 
vn 0.70607 -0.038282 0.707107 
vn 0.771877 -0.0418499 0.634393 
vn 0.70607 0.038282 0.707107 
vn 0.771877 0.0418499 0.634393 
vn 0.697792 0.114397 0.707107 
vn 0.762827 0.125059 0.634393 
vn 0.681333 0.189171 0.707107 
vn 0.744834 0.206802 0.634393 
vn 0.656886 0.261727 0.707107 
vn 0.718109 0.286121 0.634393 
vn 0.624737 0.331215 0.707107 
vn 0.682964 0.362085 0.634393 
vn 0.585265 0.396819 0.707107 
vn 0.639812 0.433803 0.634393 
vn 0.53893 0.457771 0.707107 
vn 0.589159 0.500436 0.634393 
vn 0.486277 0.513356 0.707107 
vn 0.531599 0.561202 0.634393 
vn 0.427923 0.562923 0.707107 
vn 0.467806 0.615388 0.634393 
vn 0.364552 0.60589 0.707107 
vn 0.398529 0.66236 0.634393 
vn 0.296906 0.641753 0.707107 
vn 0.324579 0.701565 0.634393 
vn 0.22578 0.670092 0.707107 
vn 0.246823 0.732546 0.634393 
vn 0.152007 0.690575 0.707107 
vn 0.166174 0.754938 0.634393 
vn 0.0764517 0.702962 0.707107 
vn 0.0835771 0.768479 0.634393 
vn 0 0.83147 0.55557 
vn -0.0898977 0.826596 0.55557 
vn -0.178741 0.81203 0.55557 
vn -0.26549 0.787945 0.55557 
vn -0.349125 0.754621 0.55557 
vn -0.428667 0.712451 0.55557 
vn -0.503184 0.661927 0.55557 
vn -0.571801 0.603643 0.55557 
vn -0.633715 0.538282 0.55557 
vn -0.688198 0.46661 0.55557 
vn -0.734613 0.389467 0.55557 
vn -0.772416 0.307759 0.55557 
vn -0.801163 0.222442 0.55557 
vn -0.820516 0.134517 0.55557 
vn -0.83025 0.0450149 0.55557 
vn -0.83025 -0.0450149 0.55557 
vn -0.820516 -0.134517 0.55557 
vn -0.801163 -0.222442 0.55557 
vn -0.772416 -0.307759 0.55557 
vn -0.734613 -0.389467 0.55557 
vn -0.688198 -0.46661 0.55557 
vn -0.633715 -0.538282 0.55557 
vn -0.571801 -0.603643 0.55557 
vn -0.503184 -0.661927 0.55557 
vn -0.428667 -0.712451 0.55557 
vn -0.349125 -0.754621 0.55557 
vn -0.26549 -0.787945 0.55557 
vn -0.178741 -0.81203 0.55557 
vn -0.0898977 -0.826596 0.55557 
vn 1.73084e-16 -0.83147 0.55557 
vn 0.0898977 -0.826596 0.55557 
vn 0.178741 -0.81203 0.55557 
vn 0.26549 -0.787945 0.55557 
vn 0.349125 -0.754621 0.55557 
vn 0.428667 -0.712451 0.55557 
vn 0.503184 -0.661927 0.55557 
vn 0.571801 -0.603643 0.55557 
vn 0.633715 -0.538282 0.55557 
vn 0.688198 -0.46661 0.55557 
vn 0.734613 -0.389467 0.55557 
vn 0.772416 -0.307759 0.55557 
vn 0.801163 -0.222442 0.55557 
vn 0.820516 -0.134517 0.55557 
vn 0.83025 -0.0450149 0.55557 
vn 0.83025 0.0450149 0.55557 
vn 0.820516 0.134517 0.55557 
vn 0.801163 0.222442 0.55557 
vn 0.772416 0.307759 0.55557 
vn 0.734613 0.389467 0.55557 
vn 0.688198 0.46661 0.55557 
vn 0.633715 0.538282 0.55557 
vn 0.571801 0.603643 0.55557 
vn 0.503184 0.661927 0.55557 
vn 0.428667 0.712451 0.55557 
vn 0.349125 0.754621 0.55557 
vn 0.26549 0.787945 0.55557 
vn 0.178741 0.81203 0.55557 
vn 0.0898977 0.826596 0.55557 
vn 0 0.881921 0.471397 
vn -0.0953525 0.876751 0.471397 
vn -0.189587 0.861302 0.471397 
vn -0.281599 0.835755 0.471397 
vn -0.370309 0.80041 0.471397 
vn -0.454678 0.755681 0.471397 
vn -0.533716 0.702091 0.471397 
vn -0.606497 0.640271 0.471397 
vn -0.672167 0.570944 0.471397 
vn -0.729957 0.494923 0.471397 
vn -0.779188 0.413099 0.471397 
vn -0.819284 0.326433 0.471397 
vn -0.849775 0.235939 0.471397 
vn -0.870303 0.142679 0.471397 
vn -0.880628 0.0477463 0.471397 
vn -0.880628 -0.0477463 0.471397 
vn -0.870303 -0.142679 0.471397 
vn -0.849775 -0.235939 0.471397 
vn -0.819284 -0.326433 0.471397 
vn -0.779188 -0.413099 0.471397 
vn -0.729957 -0.494923 0.471397 
vn -0.672167 -0.570944 0.471397 
vn -0.606497 -0.640271 0.471397 
vn -0.533716 -0.702091 0.471397 
vn -0.454678 -0.755681 0.471397 
vn -0.370309 -0.80041 0.471397 
vn -0.281599 -0.835755 0.471397 
vn -0.189587 -0.861302 0.471397 
vn -0.0953525 -0.876751 0.471397 
vn 1.83587e-16 -0.881921 0.471397 
vn 0.0953525 -0.876751 0.471397 
vn 0.189587 -0.861302 0.471397 
vn 0.281599 -0.835755 0.471397 
vn 0.370309 -0.80041 0.471397 
vn 0.454678 -0.755681 0.471397 
vn 0.533716 -0.702091 0.471397 
vn 0.606497 -0.640271 0.471397 
vn 0.672167 -0.570944 0.471397 
vn 0.729957 -0.494923 0.471397 
vn 0.779188 -0.413099 0.471397 
vn 0.819284 -0.326433 0.471397 
vn 0.849775 -0.235939 0.471397 
vn 0.870303 -0.142679 0.471397 
vn 0.880628 -0.0477463 0.471397 
vn 0.880628 0.0477463 0.471397 
vn 0.870303 0.142679 0.471397 
vn 0.849775 0.235939 0.471397 
vn 0.819284 0.326433 0.471397 
vn 0.779188 0.413099 0.471397 
vn 0.729957 0.494923 0.471397 
vn 0.672167 0.570944 0.471397 
vn 0.606497 0.640271 0.471397 
vn 0.533716 0.702091 0.471397 
vn 0.454678 0.755681 0.471397 
vn 0.370309 0.80041 0.471397 
vn 0.281599 0.835755 0.471397 
vn 0.189587 0.861302 0.471397 
vn 0.0953525 0.876751 0.471397 
vn 0 0.92388 0.382683 
vn -0.0998889 0.918464 0.382683 
vn -0.198607 0.90228 0.382683 
vn -0.294996 0.875517 0.382683 
vn -0.387927 0.83849 0.382683 
vn -0.47631 0.791633 0.382683 
vn -0.559108 0.735494 0.382683 
vn -0.635351 0.670732 0.382683 
vn -0.704146 0.598107 0.382683 
vn -0.764685 0.518469 0.382683 
vn -0.816259 0.432753 0.382683 
vn -0.858263 0.341963 0.382683 
vn -0.890204 0.247164 0.382683 
vn -0.911709 0.149467 0.382683 
vn -0.922525 0.0500178 0.382683 
vn -0.922525 -0.0500178 0.382683 
vn -0.911709 -0.149467 0.382683 
vn -0.890204 -0.247164 0.382683 
vn -0.858263 -0.341963 0.382683 
vn -0.816259 -0.432753 0.382683 
vn -0.764685 -0.518469 0.382683 
vn -0.704146 -0.598107 0.382683 
vn -0.635351 -0.670732 0.382683 
vn -0.559108 -0.735494 0.382683 
vn -0.47631 -0.791633 0.382683 
vn -0.387927 -0.83849 0.382683 
vn -0.294996 -0.875517 0.382683 
vn -0.198607 -0.90228 0.382683 
vn -0.0998889 -0.918464 0.382683 
vn 1.92321e-16 -0.92388 0.382683 
vn 0.0998889 -0.918464 0.382683 
vn 0.198607 -0.90228 0.382683 
vn 0.294996 -0.875517 0.382683 
vn 0.387927 -0.83849 0.382683 
vn 0.47631 -0.791633 0.382683 
vn 0.559108 -0.735494 0.382683 
vn 0.635351 -0.670732 0.382683 
vn 0.704146 -0.598107 0.382683 
vn 0.764685 -0.518469 0.382683 
vn 0.816259 -0.432753 0.382683 
vn 0.858263 -0.341963 0.382683 
vn 0.890204 -0.247164 0.382683 
vn 0.911709 -0.149467 0.382683 
vn 0.922525 -0.0500178 0.382683 
vn 0.922525 0.0500178 0.382683 
vn 0.911709 0.149467 0.382683 
vn 0.890204 0.247164 0.382683 
vn 0.858263 0.341963 0.382683 
vn 0.816259 0.432753 0.382683 
vn 0.764685 0.518469 0.382683 
vn 0.704146 0.598107 0.382683 
vn 0.635351 0.670732 0.382683 
vn 0.559108 0.735494 0.382683 
vn 0.47631 0.791633 0.382683 
vn 0.387927 0.83849 0.382683 
vn 0.294996 0.875517 0.382683 
vn 0.198607 0.90228 0.382683 
vn 0.0998889 0.918464 0.382683 
vn 0 0.95694 0.290285 
vn -0.103463 0.951331 0.290285 
vn -0.205714 0.934568 0.290285 
vn -0.305553 0.906848 0.290285 
vn -0.401809 0.868496 0.290285 
vn -0.493354 0.819961 0.290285 
vn -0.579116 0.761814 0.290285 
vn -0.658087 0.694734 0.290285 
vn -0.729344 0.61951 0.290285 
vn -0.792049 0.537023 0.290285 
vn -0.845468 0.448239 0.290285 
vn -0.888975 0.3542 0.290285 
vn -0.92206 0.256009 0.290285 
vn -0.944334 0.154816 0.290285 
vn -0.955537 0.0518077 0.290285 
vn -0.955537 -0.0518077 0.290285 
vn -0.944334 -0.154816 0.290285 
vn -0.92206 -0.256009 0.290285 
vn -0.888975 -0.3542 0.290285 
vn -0.845468 -0.448239 0.290285 
vn -0.792049 -0.537023 0.290285 
vn -0.729344 -0.61951 0.290285 
vn -0.658087 -0.694734 0.290285 
vn -0.579116 -0.761814 0.290285 
vn -0.493354 -0.819961 0.290285 
vn -0.401809 -0.868496 0.290285 
vn -0.305553 -0.906848 0.290285 
vn -0.205714 -0.934568 0.290285 
vn -0.103463 -0.951331 0.290285 
vn 1.99203e-16 -0.95694 0.290285 
vn 0.103463 -0.951331 0.290285 
vn 0.205714 -0.934568 0.290285 
vn 0.305553 -0.906848 0.290285 
vn 0.401809 -0.868496 0.290285 
vn 0.493354 -0.819961 0.290285 
vn 0.579116 -0.761814 0.290285 
vn 0.658087 -0.694734 0.290285 
vn 0.729344 -0.61951 0.290285 
vn 0.792049 -0.537023 0.290285 
vn 0.845468 -0.448239 0.290285 
vn 0.888975 -0.3542 0.290285 
vn 0.92206 -0.256009 0.290285 
vn 0.944334 -0.154816 0.290285 
vn 0.955537 -0.0518077 0.290285 
vn 0.955537 0.0518077 0.290285 
vn 0.944334 0.154816 0.290285 
vn 0.92206 0.256009 0.290285 
vn 0.888975 0.3542 0.290285 
vn 0.845468 0.448239 0.290285 
vn 0.792049 0.537023 0.290285 
vn 0.729344 0.61951 0.290285 
vn 0.658087 0.694734 0.290285 
vn 0.579116 0.761814 0.290285 
vn 0.493354 0.819961 0.290285 
vn 0.401809 0.868496 0.290285 
vn 0.305553 0.906848 0.290285 
vn 0.205714 0.934568 0.290285 
vn 0.103463 0.951331 0.290285 
vn 0 0.980785 0.19509 
vn -0.106042 0.975036 0.19509 
vn -0.21084 0.957855 0.19509 
vn -0.313166 0.929444 0.19509 
vn -0.411821 0.890137 0.19509 
vn -0.505648 0.840393 0.19509 
vn -0.593546 0.780796 0.19509 
vn -0.674486 0.712046 0.19509 
vn -0.747517 0.634947 0.19509 
vn -0.811785 0.550404 0.19509 
vn -0.866536 0.459408 0.19509 
vn -0.911127 0.363026 0.19509 
vn -0.945036 0.262388 0.19509 
vn -0.967865 0.158673 0.19509 
vn -0.979347 0.0530986 0.19509 
vn -0.979347 -0.0530986 0.19509 
vn -0.967865 -0.158673 0.19509 
vn -0.945036 -0.262388 0.19509 
vn -0.911127 -0.363026 0.19509 
vn -0.866536 -0.459408 0.19509 
vn -0.811785 -0.550404 0.19509 
vn -0.747517 -0.634947 0.19509 
vn -0.674486 -0.712046 0.19509 
vn -0.593546 -0.780796 0.19509 
vn -0.505648 -0.840393 0.19509 
vn -0.411821 -0.890137 0.19509 
vn -0.313166 -0.929444 0.19509 
vn -0.21084 -0.957855 0.19509 
vn -0.106042 -0.975036 0.19509 
vn 2.04167e-16 -0.980785 0.19509 
vn 0.106042 -0.975036 0.19509 
vn 0.21084 -0.957855 0.19509 
vn 0.313166 -0.929444 0.19509 
vn 0.411821 -0.890137 0.19509 
vn 0.505648 -0.840393 0.19509 
vn 0.593546 -0.780796 0.19509 
vn 0.674486 -0.712046 0.19509 
vn 0.747517 -0.634947 0.19509 
vn 0.811785 -0.550404 0.19509 
vn 0.866536 -0.459408 0.19509 
vn 0.911127 -0.363026 0.19509 
vn 0.945036 -0.262388 0.19509 
vn 0.967865 -0.158673 0.19509 
vn 0.979347 -0.0530986 0.19509 
vn 0.979347 0.0530986 0.19509 
vn 0.967865 0.158673 0.19509 
vn 0.945036 0.262388 0.19509 
vn 0.911127 0.363026 0.19509 
vn 0.866536 0.459408 0.19509 
vn 0.811785 0.550404 0.19509 
vn 0.747517 0.634947 0.19509 
vn 0.674486 0.712046 0.19509 
vn 0.593546 0.780796 0.19509 
vn 0.505648 0.840393 0.19509 
vn 0.411821 0.890137 0.19509 
vn 0.313166 0.929444 0.19509 
vn 0.21084 0.957855 0.19509 
vn 0.106042 0.975036 0.19509 
vn 0 0.995185 0.0980171 
vn -0.107598 0.989351 0.0980171 
vn -0.213935 0.971918 0.0980171 
vn -0.317764 0.94309 0.0980171 
vn -0.417867 0.903205 0.0980171 
vn -0.513071 0.852731 0.0980171 
vn -0.60226 0.79226 0.0980171 
vn -0.684388 0.7225 0.0980171 
vn -0.758492 0.644269 0.0980171 
vn -0.823703 0.558485 0.0980171 
vn -0.879258 0.466153 0.0980171 
vn -0.924503 0.368356 0.0980171 
vn -0.95891 0.26624 0.0980171 
vn -0.982075 0.161003 0.0980171 
vn -0.993725 0.0538782 0.0980171 
vn -0.993725 -0.0538782 0.0980171 
vn -0.982075 -0.161003 0.0980171 
vn -0.95891 -0.26624 0.0980171 
vn -0.924503 -0.368356 0.0980171 
vn -0.879258 -0.466153 0.0980171 
vn -0.823703 -0.558485 0.0980171 
vn -0.758492 -0.644269 0.0980171 
vn -0.684388 -0.7225 0.0980171 
vn -0.60226 -0.79226 0.0980171 
vn -0.513071 -0.852731 0.0980171 
vn -0.417867 -0.903205 0.0980171 
vn -0.317764 -0.94309 0.0980171 
vn -0.213935 -0.971918 0.0980171 
vn -0.107598 -0.989351 0.0980171 
vn 2.07164e-16 -0.995185 0.0980171 
vn 0.107598 -0.989351 0.0980171 
vn 0.213935 -0.971918 0.0980171 
vn 0.317764 -0.94309 0.0980171 
vn 0.417867 -0.903205 0.0980171 
vn 0.513071 -0.852731 0.0980171 
vn 0.60226 -0.79226 0.0980171 
vn 0.684388 -0.7225 0.0980171 
vn 0.758492 -0.644269 0.0980171 
vn 0.823703 -0.558485 0.0980171 
vn 0.879258 -0.466153 0.0980171 
vn 0.924503 -0.368356 0.0980171 
vn 0.95891 -0.26624 0.0980171 
vn 0.982075 -0.161003 0.0980171 
vn 0.993725 -0.0538782 0.0980171 
vn 0.993725 0.0538782 0.0980171 
vn 0.982075 0.161003 0.0980171 
vn 0.95891 0.26624 0.0980171 
vn 0.924503 0.368356 0.0980171 
vn 0.879258 0.466153 0.0980171 
vn 0.823703 0.558485 0.0980171 
vn 0.758492 0.644269 0.0980171 
vn 0.684388 0.7225 0.0980171 
vn 0.60226 0.79226 0.0980171 
vn 0.513071 0.852731 0.0980171 
vn 0.417867 0.903205 0.0980171 
vn 0.317764 0.94309 0.0980171 
vn 0.213935 0.971918 0.0980171 
vn 0.107598 0.989351 0.0980171 
vn 0 1 1.22465e-16 
vn -0.108119 0.994138 1.22465e-16 
vn -0.21497 0.976621 1.22465e-16 
vn -0.319302 0.947653 1.22465e-16 
vn -0.419889 0.907575 1.22465e-16 
vn -0.515554 0.856857 1.22465e-16 
vn -0.605174 0.796093 1.22465e-16 
vn -0.687699 0.725995 1.22465e-16 
vn -0.762162 0.647386 1.22465e-16 
vn -0.827689 0.561187 1.22465e-16 
vn -0.883512 0.468408 1.22465e-16 
vn -0.928977 0.370138 1.22465e-16 
vn -0.96355 0.267528 1.22465e-16 
vn -0.986827 0.161782 1.22465e-16 
vn -0.998533 0.0541389 1.22465e-16 
vn -0.998533 -0.0541389 1.22465e-16 
vn -0.986827 -0.161782 1.22465e-16 
vn -0.96355 -0.267528 1.22465e-16 
vn -0.928977 -0.370138 1.22465e-16 
vn -0.883512 -0.468408 1.22465e-16 
vn -0.827689 -0.561187 1.22465e-16 
vn -0.762162 -0.647386 1.22465e-16 
vn -0.687699 -0.725995 1.22465e-16 
vn -0.605174 -0.796093 1.22465e-16 
vn -0.515554 -0.856857 1.22465e-16 
vn -0.419889 -0.907575 1.22465e-16 
vn -0.319302 -0.947653 1.22465e-16 
vn -0.21497 -0.976621 1.22465e-16 
vn -0.108119 -0.994138 1.22465e-16 
vn 2.08167e-16 -1 1.22465e-16 
vn 0.108119 -0.994138 1.22465e-16 
vn 0.21497 -0.976621 1.22465e-16 
vn 0.319302 -0.947653 1.22465e-16 
vn 0.419889 -0.907575 1.22465e-16 
vn 0.515554 -0.856857 1.22465e-16 
vn 0.605174 -0.796093 1.22465e-16 
vn 0.687699 -0.725995 1.22465e-16 
vn 0.762162 -0.647386 1.22465e-16 
vn 0.827689 -0.561187 1.22465e-16 
vn 0.883512 -0.468408 1.22465e-16 
vn 0.928977 -0.370138 1.22465e-16 
vn 0.96355 -0.267528 1.22465e-16 
vn 0.986827 -0.161782 1.22465e-16 
vn 0.998533 -0.0541389 1.22465e-16 
vn 0.998533 0.0541389 1.22465e-16 
vn 0.986827 0.161782 1.22465e-16 
vn 0.96355 0.267528 1.22465e-16 
vn 0.928977 0.370138 1.22465e-16 
vn 0.883512 0.468408 1.22465e-16 
vn 0.827689 0.561187 1.22465e-16 
vn 0.762162 0.647386 1.22465e-16 
vn 0.687699 0.725995 1.22465e-16 
vn 0.605174 0.796093 1.22465e-16 
vn 0.515554 0.856857 1.22465e-16 
vn 0.419889 0.907575 1.22465e-16 
vn 0.319302 0.947653 1.22465e-16 
vn 0.21497 0.976621 1.22465e-16 
vn 0.108119 0.994138 1.22465e-16 
vn -0.0624942 0.70434 0.707107 
vn -0.0764517 0.702962 0.707107 
vn 0 0.707107 0.707107 
vn -0.124499 0.69606 0.707107 
vn -0.152007 0.690575 0.707107 
vn -0.07644 0.702963 0.707107 
vn -0.18553 0.682333 0.707107 
vn -0.225789 0.670089 0.707107 
vn -0.22578 0.670092 0.707107 
vn -0.152004 0.690576 0.707107 
vn -0.245109 0.663266 0.707107 
vn -0.296915 0.641749 0.707107 
vn -0.296906 0.641753 0.707107 
vn -0.35806 0.609748 0.707107 
vn -0.364552 0.60589 0.707107 
vn -0.302769 0.639008 0.707107 
vn -0.410548 0.575717 0.707107 
vn -0.427923 0.562923 0.707107 
vn -0.364543 0.605895 0.707107 
vn -0.459824 0.53718 0.707107 
vn -0.486277 0.513356 0.707107 
vn -0.427916 0.562928 0.707107 
vn -0.5055 0.494439 0.707107 
vn -0.538938 0.457762 0.707107 
vn -0.53893 0.457771 0.707107 
vn -0.48628 0.513353 0.707107 
vn -0.547221 0.447828 0.707107 
vn -0.584658 0.397712 0.707107 
vn -0.585265 0.396819 0.707107 
vn -0.61752 0.344483 0.707107 
vn -0.624737 0.331215 0.707107 
vn -0.585263 0.396821 0.707107 
vn -0.645549 0.288559 0.707107 
vn -0.656886 0.261727 0.707107 
vn -0.624732 0.331225 0.707107 
vn -0.668526 0.230376 0.707107 
vn -0.681335 0.189162 0.707107 
vn -0.681333 0.189171 0.707107 
vn -0.656885 0.261729 0.707107 
vn -0.686271 0.17039 0.707107 
vn -0.697793 0.114389 0.707107 
vn -0.697792 0.114397 0.707107 
vn -0.70555 0.0468974 0.707107 
vn -0.70607 0.038282 0.707107 
vn -0.698644 0.10907 0.707107 
vn -0.706934 -0.0156427 0.707107 
vn -0.70607 -0.038282 0.707107 
vn -0.706069 0.0382925 0.707107 
vn -0.702785 -0.0780603 0.707107 
vn -0.697792 -0.114397 0.707107 
vn -0.70607 -0.0382742 0.707107 
vn -0.693136 -0.139867 0.707107 
vn -0.68133 -0.189182 0.707107 
vn -0.681333 -0.189171 0.707107 
vn -0.697791 -0.114402 0.707107 
vn -0.678062 -0.200579 0.707107 
vn -0.657681 -0.259721 0.707107 
vn -0.656886 -0.261727 0.707107 
vn -0.632154 -0.316831 0.707107 
vn -0.624737 -0.331215 0.707107 
vn -0.656887 -0.261724 0.707107 
vn -0.601678 -0.371461 0.707107 
vn -0.585265 -0.396819 0.707107 
vn -0.624743 -0.331205 0.707107 
vn -0.566494 -0.423184 0.707107 
vn -0.538923 -0.457779 0.707107 
vn -0.53893 -0.457771 0.707107 
vn -0.585265 -0.396818 0.707107 
vn -0.526876 -0.471595 0.707107 
vn -0.486272 -0.513361 0.707107 
vn -0.486277 -0.513356 0.707107 
vn -0.435612 -0.556994 0.707107 
vn -0.427923 -0.562923 0.707107 
vn -0.483135 -0.516315 0.707107 
vn -0.384681 -0.593313 0.707107 
vn -0.364552 -0.60589 0.707107 
vn -0.427932 -0.562916 0.707107 
vn -0.330738 -0.62499 0.707107 
vn -0.296906 -0.641753 0.707107 
vn -0.364558 -0.605886 0.707107 
vn -0.274207 -0.651775 0.707107 
vn -0.225769 -0.670096 0.707107 
vn -0.22578 -0.670092 0.707107 
vn -0.296901 -0.641755 0.707107 
vn -0.21553 -0.673459 0.707107 
vn -0.155166 -0.689872 0.707107 
vn -0.152007 -0.690575 0.707107 
vn -0.0935883 -0.700886 0.707107 
vn -0.0764517 -0.702962 0.707107 
vn -0.152012 -0.690574 0.707107 
vn -0.0312777 -0.706415 0.707107 
vn 1.47196e-16 -0.707107 0.707107 
vn -0.0764626 -0.702961 0.707107 
vn 0.0312777 -0.706415 0.707107 
vn 0.0764626 -0.702961 0.707107 
vn 0.0764517 -0.702962 0.707107 
vn 1.47196e-16 -0.707107 0.707107 
vn 0.0935883 -0.700886 0.707107 
vn 0.152012 -0.690574 0.707107 
vn 0.152007 -0.690575 0.707107 
vn 0.21553 -0.673459 0.707107 
vn 0.22578 -0.670092 0.707107 
vn 0.155166 -0.689872 0.707107 
vn 0.274207 -0.651775 0.707107 
vn 0.296906 -0.641753 0.707107 
vn 0.225769 -0.670096 0.707107 
vn 0.330738 -0.62499 0.707107 
vn 0.364558 -0.605886 0.707107 
vn 0.364552 -0.60589 0.707107 
vn 0.296901 -0.641755 0.707107 
vn 0.384681 -0.593313 0.707107 
vn 0.427932 -0.562916 0.707107 
vn 0.427923 -0.562923 0.707107 
vn 0.435612 -0.556994 0.707107 
vn 0.483135 -0.516315 0.707107 
vn 0.486277 -0.513356 0.707107 
vn 0.526876 -0.471595 0.707107 
vn 0.53893 -0.457771 0.707107 
vn 0.486272 -0.513361 0.707107 
vn 0.566494 -0.423184 0.707107 
vn 0.585265 -0.396819 0.707107 
vn 0.538923 -0.457779 0.707107 
vn 0.601678 -0.371461 0.707107 
vn 0.624743 -0.331205 0.707107 
vn 0.624737 -0.331215 0.707107 
vn 0.585265 -0.396818 0.707107 
vn 0.632154 -0.316831 0.707107 
vn 0.656887 -0.261724 0.707107 
vn 0.656886 -0.261727 0.707107 
vn 0.678062 -0.200579 0.707107 
vn 0.681333 -0.189171 0.707107 
vn 0.657681 -0.259721 0.707107 
vn 0.693136 -0.139867 0.707107 
vn 0.697792 -0.114397 0.707107 
vn 0.68133 -0.189182 0.707107 
vn 0.702785 -0.0780603 0.707107 
vn 0.70607 -0.0382742 0.707107 
vn 0.70607 -0.038282 0.707107 
vn 0.697791 -0.114402 0.707107 
vn 0.706934 -0.0156427 0.707107 
vn 0.706069 0.0382925 0.707107 
vn 0.70607 0.038282 0.707107 
vn 0.70555 0.0468974 0.707107 
vn 0.698644 0.10907 0.707107 
vn 0.697792 0.114397 0.707107 
vn 0.686271 0.17039 0.707107 
vn 0.681333 0.189171 0.707107 
vn 0.697793 0.114389 0.707107 
vn 0.668526 0.230376 0.707107 
vn 0.656886 0.261727 0.707107 
vn 0.681335 0.189162 0.707107 
vn 0.645549 0.288559 0.707107 
vn 0.624732 0.331225 0.707107 
vn 0.624737 0.331215 0.707107 
vn 0.656885 0.261729 0.707107 
vn 0.61752 0.344483 0.707107 
vn 0.585263 0.396821 0.707107 
vn 0.585265 0.396819 0.707107 
vn 0.547221 0.447828 0.707107 
vn 0.53893 0.457771 0.707107 
vn 0.584658 0.397712 0.707107 
vn 0.5055 0.494439 0.707107 
vn 0.486277 0.513356 0.707107 
vn 0.538938 0.457762 0.707107 
vn 0.459824 0.53718 0.707107 
vn 0.427916 0.562928 0.707107 
vn 0.427923 0.562923 0.707107 
vn 0.48628 0.513353 0.707107 
vn 0.410548 0.575717 0.707107 
vn 0.364543 0.605895 0.707107 
vn 0.364552 0.60589 0.707107 
vn 0.35806 0.609748 0.707107 
vn 0.302769 0.639008 0.707107 
vn 0.296906 0.641753 0.707107 
vn 0.245109 0.663266 0.707107 
vn 0.22578 0.670092 0.707107 
vn 0.296915 0.641749 0.707107 
vn 0.18553 0.682333 0.707107 
vn 0.152007 0.690575 0.707107 
vn 0.225789 0.670089 0.707107 
vn 0.124499 0.69606 0.707107 
vn 0.07644 0.702963 0.707107 
vn 0.0764517 0.702962 0.707107 
vn 0.152004 0.690576 0.707107 
vn 0.0624942 0.70434 0.707107 
vn 0 0.707107 -0.707107 
vn 0.0764517 0.702962 -0.707107 
vn 0.0835771 0.768479 -0.634393 
vn 0.152007 0.690575 -0.707107 
vn 0.166174 0.754938 -0.634393 
vn 0.22578 0.670092 -0.707107 
vn 0.246823 0.732546 -0.634393 
vn 0.296906 0.641753 -0.707107 
vn 0.324579 0.701565 -0.634393 
vn 0.364552 0.60589 -0.707107 
vn 0.398529 0.66236 -0.634393 
vn 0.427923 0.562923 -0.707107 
vn 0.467806 0.615388 -0.634393 
vn 0.486277 0.513356 -0.707107 
vn 0.531599 0.561202 -0.634393 
vn 0.53893 0.457771 -0.707107 
vn 0.589159 0.500436 -0.634393 
vn 0.585265 0.396819 -0.707107 
vn 0.639812 0.433803 -0.634393 
vn 0.624737 0.331215 -0.707107 
vn 0.682964 0.362085 -0.634393 
vn 0.656886 0.261727 -0.707107 
vn 0.718109 0.286121 -0.634393 
vn 0.681333 0.189171 -0.707107 
vn 0.744834 0.206802 -0.634393 
vn 0.697792 0.114397 -0.707107 
vn 0.762827 0.125059 -0.634393 
vn 0.70607 0.038282 -0.707107 
vn 0.771877 0.0418499 -0.634393 
vn 0.70607 -0.038282 -0.707107 
vn 0.771877 -0.0418499 -0.634393 
vn 0.697792 -0.114397 -0.707107 
vn 0.762827 -0.125059 -0.634393 
vn 0.681333 -0.189171 -0.707107 
vn 0.744834 -0.206802 -0.634393 
vn 0.656886 -0.261727 -0.707107 
vn 0.718109 -0.286121 -0.634393 
vn 0.624737 -0.331215 -0.707107 
vn 0.682964 -0.362085 -0.634393 
vn 0.585265 -0.396819 -0.707107 
vn 0.639812 -0.433803 -0.634393 
vn 0.53893 -0.457771 -0.707107 
vn 0.589159 -0.500436 -0.634393 
vn 0.486277 -0.513356 -0.707107 
vn 0.531599 -0.561202 -0.634393 
vn 0.427923 -0.562923 -0.707107 
vn 0.467806 -0.615388 -0.634393 
vn 0.364552 -0.60589 -0.707107 
vn 0.398529 -0.66236 -0.634393 
vn 0.296906 -0.641753 -0.707107 
vn 0.324579 -0.701565 -0.634393 
vn 0.22578 -0.670092 -0.707107 
vn 0.246823 -0.732546 -0.634393 
vn 0.152007 -0.690575 -0.707107 
vn 0.166174 -0.754938 -0.634393 
vn 0.0764517 -0.702962 -0.707107 
vn 0.0835771 -0.768479 -0.634393 
vn -1.47196e-16 -0.707107 -0.707107 
vn -1.60915e-16 -0.77301 -0.634393 
vn -0.0764517 -0.702962 -0.707107 
vn -0.0835771 -0.768479 -0.634393 
vn -0.152007 -0.690575 -0.707107 
vn -0.166174 -0.754938 -0.634393 
vn -0.22578 -0.670092 -0.707107 
vn -0.246823 -0.732546 -0.634393 
vn -0.296906 -0.641753 -0.707107 
vn -0.324579 -0.701565 -0.634393 
vn -0.364552 -0.60589 -0.707107 
vn -0.398529 -0.66236 -0.634393 
vn -0.427923 -0.562923 -0.707107 
vn -0.467806 -0.615388 -0.634393 
vn -0.486277 -0.513356 -0.707107 
vn -0.531599 -0.561202 -0.634393 
vn -0.53893 -0.457771 -0.707107 
vn -0.589159 -0.500436 -0.634393 
vn -0.585265 -0.396819 -0.707107 
vn -0.639812 -0.433803 -0.634393 
vn -0.624737 -0.331215 -0.707107 
vn -0.682964 -0.362085 -0.634393 
vn -0.656886 -0.261727 -0.707107 
vn -0.718109 -0.286121 -0.634393 
vn -0.681333 -0.189171 -0.707107 
vn -0.744834 -0.206802 -0.634393 
vn -0.697792 -0.114397 -0.707107 
vn -0.762827 -0.125059 -0.634393 
vn -0.70607 -0.038282 -0.707107 
vn -0.771877 -0.0418499 -0.634393 
vn -0.70607 0.038282 -0.707107 
vn -0.771877 0.0418499 -0.634393 
vn -0.697792 0.114397 -0.707107 
vn -0.762827 0.125059 -0.634393 
vn -0.681333 0.189171 -0.707107 
vn -0.744834 0.206802 -0.634393 
vn -0.656886 0.261727 -0.707107 
vn -0.718109 0.286121 -0.634393 
vn -0.624737 0.331215 -0.707107 
vn -0.682964 0.362085 -0.634393 
vn -0.585265 0.396819 -0.707107 
vn -0.639812 0.433803 -0.634393 
vn -0.53893 0.457771 -0.707107 
vn -0.589159 0.500436 -0.634393 
vn -0.486277 0.513356 -0.707107 
vn -0.531599 0.561202 -0.634393 
vn -0.427923 0.562923 -0.707107 
vn -0.467806 0.615388 -0.634393 
vn -0.364552 0.60589 -0.707107 
vn -0.398529 0.66236 -0.634393 
vn -0.296906 0.641753 -0.707107 
vn -0.324579 0.701565 -0.634393 
vn -0.22578 0.670092 -0.707107 
vn -0.246823 0.732546 -0.634393 
vn -0.152007 0.690575 -0.707107 
vn -0.166174 0.754938 -0.634393 
vn -0.0764517 0.702962 -0.707107 
vn -0.0835771 0.768479 -0.634393 
vn 0 0.77301 -0.634393 
vn 0.0898977 0.826596 -0.55557 
vn 0.178741 0.81203 -0.55557 
vn 0.26549 0.787945 -0.55557 
vn 0.349125 0.754621 -0.55557 
vn 0.428667 0.712451 -0.55557 
vn 0.503184 0.661927 -0.55557 
vn 0.571801 0.603643 -0.55557 
vn 0.633715 0.538282 -0.55557 
vn 0.688198 0.46661 -0.55557 
vn 0.734613 0.389467 -0.55557 
vn 0.772416 0.307759 -0.55557 
vn 0.801163 0.222442 -0.55557 
vn 0.820516 0.134517 -0.55557 
vn 0.83025 0.0450149 -0.55557 
vn 0.83025 -0.0450149 -0.55557 
vn 0.820516 -0.134517 -0.55557 
vn 0.801163 -0.222442 -0.55557 
vn 0.772416 -0.307759 -0.55557 
vn 0.734613 -0.389467 -0.55557 
vn 0.688198 -0.46661 -0.55557 
vn 0.633715 -0.538282 -0.55557 
vn 0.571801 -0.603643 -0.55557 
vn 0.503184 -0.661927 -0.55557 
vn 0.428667 -0.712451 -0.55557 
vn 0.349125 -0.754621 -0.55557 
vn 0.26549 -0.787945 -0.55557 
vn 0.178741 -0.81203 -0.55557 
vn 0.0898977 -0.826596 -0.55557 
vn -1.73084e-16 -0.83147 -0.55557 
vn -0.0898977 -0.826596 -0.55557 
vn -0.178741 -0.81203 -0.55557 
vn -0.26549 -0.787945 -0.55557 
vn -0.349125 -0.754621 -0.55557 
vn -0.428667 -0.712451 -0.55557 
vn -0.503184 -0.661927 -0.55557 
vn -0.571801 -0.603643 -0.55557 
vn -0.633715 -0.538282 -0.55557 
vn -0.688198 -0.46661 -0.55557 
vn -0.734613 -0.389467 -0.55557 
vn -0.772416 -0.307759 -0.55557 
vn -0.801163 -0.222442 -0.55557 
vn -0.820516 -0.134517 -0.55557 
vn -0.83025 -0.0450149 -0.55557 
vn -0.83025 0.0450149 -0.55557 
vn -0.820516 0.134517 -0.55557 
vn -0.801163 0.222442 -0.55557 
vn -0.772416 0.307759 -0.55557 
vn -0.734613 0.389467 -0.55557 
vn -0.688198 0.46661 -0.55557 
vn -0.633715 0.538282 -0.55557 
vn -0.571801 0.603643 -0.55557 
vn -0.503184 0.661927 -0.55557 
vn -0.428667 0.712451 -0.55557 
vn -0.349125 0.754621 -0.55557 
vn -0.26549 0.787945 -0.55557 
vn -0.178741 0.81203 -0.55557 
vn -0.0898977 0.826596 -0.55557 
vn 0 0.83147 -0.55557 
vn 0.0953525 0.876751 -0.471397 
vn 0.189587 0.861302 -0.471397 
vn 0.281599 0.835755 -0.471397 
vn 0.370309 0.80041 -0.471397 
vn 0.454678 0.755681 -0.471397 
vn 0.533716 0.702091 -0.471397 
vn 0.606497 0.640271 -0.471397 
vn 0.672167 0.570944 -0.471397 
vn 0.729957 0.494923 -0.471397 
vn 0.779188 0.413099 -0.471397 
vn 0.819284 0.326433 -0.471397 
vn 0.849775 0.235939 -0.471397 
vn 0.870303 0.142679 -0.471397 
vn 0.880628 0.0477463 -0.471397 
vn 0.880628 -0.0477463 -0.471397 
vn 0.870303 -0.142679 -0.471397 
vn 0.849775 -0.235939 -0.471397 
vn 0.819284 -0.326433 -0.471397 
vn 0.779188 -0.413099 -0.471397 
vn 0.729957 -0.494923 -0.471397 
vn 0.672167 -0.570944 -0.471397 
vn 0.606497 -0.640271 -0.471397 
vn 0.533716 -0.702091 -0.471397 
vn 0.454678 -0.755681 -0.471397 
vn 0.370309 -0.80041 -0.471397 
vn 0.281599 -0.835755 -0.471397 
vn 0.189587 -0.861302 -0.471397 
vn 0.0953525 -0.876751 -0.471397 
vn -1.83587e-16 -0.881921 -0.471397 
vn -0.0953525 -0.876751 -0.471397 
vn -0.189587 -0.861302 -0.471397 
vn -0.281599 -0.835755 -0.471397 
vn -0.370309 -0.80041 -0.471397 
vn -0.454678 -0.755681 -0.471397 
vn -0.533716 -0.702091 -0.471397 
vn -0.606497 -0.640271 -0.471397 
vn -0.672167 -0.570944 -0.471397 
vn -0.729957 -0.494923 -0.471397 
vn -0.779188 -0.413099 -0.471397 
vn -0.819284 -0.326433 -0.471397 
vn -0.849775 -0.235939 -0.471397 
vn -0.870303 -0.142679 -0.471397 
vn -0.880628 -0.0477463 -0.471397 
vn -0.880628 0.0477463 -0.471397 
vn -0.870303 0.142679 -0.471397 
vn -0.849775 0.235939 -0.471397 
vn -0.819284 0.326433 -0.471397 
vn -0.779188 0.413099 -0.471397 
vn -0.729957 0.494923 -0.471397 
vn -0.672167 0.570944 -0.471397 
vn -0.606497 0.640271 -0.471397 
vn -0.533716 0.702091 -0.471397 
vn -0.454678 0.755681 -0.471397 
vn -0.370309 0.80041 -0.471397 
vn -0.281599 0.835755 -0.471397 
vn -0.189587 0.861302 -0.471397 
vn -0.0953525 0.876751 -0.471397 
vn 0 0.881921 -0.471397 
vn 0.0998889 0.918464 -0.382683 
vn 0.198607 0.90228 -0.382683 
vn 0.294996 0.875517 -0.382683 
vn 0.387927 0.83849 -0.382683 
vn 0.47631 0.791633 -0.382683 
vn 0.559108 0.735494 -0.382683 
vn 0.635351 0.670732 -0.382683 
vn 0.704146 0.598107 -0.382683 
vn 0.764685 0.518469 -0.382683 
vn 0.816259 0.432753 -0.382683 
vn 0.858263 0.341963 -0.382683 
vn 0.890204 0.247164 -0.382683 
vn 0.911709 0.149467 -0.382683 
vn 0.922525 0.0500178 -0.382683 
vn 0.922525 -0.0500178 -0.382683 
vn 0.911709 -0.149467 -0.382683 
vn 0.890204 -0.247164 -0.382683 
vn 0.858263 -0.341963 -0.382683 
vn 0.816259 -0.432753 -0.382683 
vn 0.764685 -0.518469 -0.382683 
vn 0.704146 -0.598107 -0.382683 
vn 0.635351 -0.670732 -0.382683 
vn 0.559108 -0.735494 -0.382683 
vn 0.47631 -0.791633 -0.382683 
vn 0.387927 -0.83849 -0.382683 
vn 0.294996 -0.875517 -0.382683 
vn 0.198607 -0.90228 -0.382683 
vn 0.0998889 -0.918464 -0.382683 
vn -1.92321e-16 -0.92388 -0.382683 
vn -0.0998889 -0.918464 -0.382683 
vn -0.198607 -0.90228 -0.382683 
vn -0.294996 -0.875517 -0.382683 
vn -0.387927 -0.83849 -0.382683 
vn -0.47631 -0.791633 -0.382683 
vn -0.559108 -0.735494 -0.382683 
vn -0.635351 -0.670732 -0.382683 
vn -0.704146 -0.598107 -0.382683 
vn -0.764685 -0.518469 -0.382683 
vn -0.816259 -0.432753 -0.382683 
vn -0.858263 -0.341963 -0.382683 
vn -0.890204 -0.247164 -0.382683 
vn -0.911709 -0.149467 -0.382683 
vn -0.922525 -0.0500178 -0.382683 
vn -0.922525 0.0500178 -0.382683 
vn -0.911709 0.149467 -0.382683 
vn -0.890204 0.247164 -0.382683 
vn -0.858263 0.341963 -0.382683 
vn -0.816259 0.432753 -0.382683 
vn -0.764685 0.518469 -0.382683 
vn -0.704146 0.598107 -0.382683 
vn -0.635351 0.670732 -0.382683 
vn -0.559108 0.735494 -0.382683 
vn -0.47631 0.791633 -0.382683 
vn -0.387927 0.83849 -0.382683 
vn -0.294996 0.875517 -0.382683 
vn -0.198607 0.90228 -0.382683 
vn -0.0998889 0.918464 -0.382683 
vn 0 0.92388 -0.382683 
vn 0.103463 0.951331 -0.290285 
vn 0.205714 0.934568 -0.290285 
vn 0.305553 0.906848 -0.290285 
vn 0.401809 0.868496 -0.290285 
vn 0.493354 0.819961 -0.290285 
vn 0.579116 0.761814 -0.290285 
vn 0.658087 0.694734 -0.290285 
vn 0.729344 0.61951 -0.290285 
vn 0.792049 0.537023 -0.290285 
vn 0.845468 0.448239 -0.290285 
vn 0.888975 0.3542 -0.290285 
vn 0.92206 0.256009 -0.290285 
vn 0.944334 0.154816 -0.290285 
vn 0.955537 0.0518077 -0.290285 
vn 0.955537 -0.0518077 -0.290285 
vn 0.944334 -0.154816 -0.290285 
vn 0.92206 -0.256009 -0.290285 
vn 0.888975 -0.3542 -0.290285 
vn 0.845468 -0.448239 -0.290285 
vn 0.792049 -0.537023 -0.290285 
vn 0.729344 -0.61951 -0.290285 
vn 0.658087 -0.694734 -0.290285 
vn 0.579116 -0.761814 -0.290285 
vn 0.493354 -0.819961 -0.290285 
vn 0.401809 -0.868496 -0.290285 
vn 0.305553 -0.906848 -0.290285 
vn 0.205714 -0.934568 -0.290285 
vn 0.103463 -0.951331 -0.290285 
vn -1.99203e-16 -0.95694 -0.290285 
vn -0.103463 -0.951331 -0.290285 
vn -0.205714 -0.934568 -0.290285 
vn -0.305553 -0.906848 -0.290285 
vn -0.401809 -0.868496 -0.290285 
vn -0.493354 -0.819961 -0.290285 
vn -0.579116 -0.761814 -0.290285 
vn -0.658087 -0.694734 -0.290285 
vn -0.729344 -0.61951 -0.290285 
vn -0.792049 -0.537023 -0.290285 
vn -0.845468 -0.448239 -0.290285 
vn -0.888975 -0.3542 -0.290285 
vn -0.92206 -0.256009 -0.290285 
vn -0.944334 -0.154816 -0.290285 
vn -0.955537 -0.0518077 -0.290285 
vn -0.955537 0.0518077 -0.290285 
vn -0.944334 0.154816 -0.290285 
vn -0.92206 0.256009 -0.290285 
vn -0.888975 0.3542 -0.290285 
vn -0.845468 0.448239 -0.290285 
vn -0.792049 0.537023 -0.290285 
vn -0.729344 0.61951 -0.290285 
vn -0.658087 0.694734 -0.290285 
vn -0.579116 0.761814 -0.290285 
vn -0.493354 0.819961 -0.290285 
vn -0.401809 0.868496 -0.290285 
vn -0.305553 0.906848 -0.290285 
vn -0.205714 0.934568 -0.290285 
vn -0.103463 0.951331 -0.290285 
vn 0 0.95694 -0.290285 
vn 0.106042 0.975036 -0.19509 
vn 0.21084 0.957855 -0.19509 
vn 0.313166 0.929444 -0.19509 
vn 0.411821 0.890137 -0.19509 
vn 0.505648 0.840393 -0.19509 
vn 0.593546 0.780796 -0.19509 
vn 0.674486 0.712046 -0.19509 
vn 0.747517 0.634947 -0.19509 
vn 0.811785 0.550404 -0.19509 
vn 0.866536 0.459408 -0.19509 
vn 0.911127 0.363026 -0.19509 
vn 0.945036 0.262388 -0.19509 
vn 0.967865 0.158673 -0.19509 
vn 0.979347 0.0530986 -0.19509 
vn 0.979347 -0.0530986 -0.19509 
vn 0.967865 -0.158673 -0.19509 
vn 0.945036 -0.262388 -0.19509 
vn 0.911127 -0.363026 -0.19509 
vn 0.866536 -0.459408 -0.19509 
vn 0.811785 -0.550404 -0.19509 
vn 0.747517 -0.634947 -0.19509 
vn 0.674486 -0.712046 -0.19509 
vn 0.593546 -0.780796 -0.19509 
vn 0.505648 -0.840393 -0.19509 
vn 0.411821 -0.890137 -0.19509 
vn 0.313166 -0.929444 -0.19509 
vn 0.21084 -0.957855 -0.19509 
vn 0.106042 -0.975036 -0.19509 
vn -2.04167e-16 -0.980785 -0.19509 
vn -0.106042 -0.975036 -0.19509 
vn -0.21084 -0.957855 -0.19509 
vn -0.313166 -0.929444 -0.19509 
vn -0.411821 -0.890137 -0.19509 
vn -0.505648 -0.840393 -0.19509 
vn -0.593546 -0.780796 -0.19509 
vn -0.674486 -0.712046 -0.19509 
vn -0.747517 -0.634947 -0.19509 
vn -0.811785 -0.550404 -0.19509 
vn -0.866536 -0.459408 -0.19509 
vn -0.911127 -0.363026 -0.19509 
vn -0.945036 -0.262388 -0.19509 
vn -0.967865 -0.158673 -0.19509 
vn -0.979347 -0.0530986 -0.19509 
vn -0.979347 0.0530986 -0.19509 
vn -0.967865 0.158673 -0.19509 
vn -0.945036 0.262388 -0.19509 
vn -0.911127 0.363026 -0.19509 
vn -0.866536 0.459408 -0.19509 
vn -0.811785 0.550404 -0.19509 
vn -0.747517 0.634947 -0.19509 
vn -0.674486 0.712046 -0.19509 
vn -0.593546 0.780796 -0.19509 
vn -0.505648 0.840393 -0.19509 
vn -0.411821 0.890137 -0.19509 
vn -0.313166 0.929444 -0.19509 
vn -0.21084 0.957855 -0.19509 
vn -0.106042 0.975036 -0.19509 
vn 0 0.980785 -0.19509 
vn 0.107598 0.989351 -0.0980171 
vn 0.213935 0.971918 -0.0980171 
vn 0.317764 0.94309 -0.0980171 
vn 0.417867 0.903205 -0.0980171 
vn 0.513071 0.852731 -0.0980171 
vn 0.60226 0.79226 -0.0980171 
vn 0.684388 0.7225 -0.0980171 
vn 0.758492 0.644269 -0.0980171 
vn 0.823703 0.558485 -0.0980171 
vn 0.879258 0.466153 -0.0980171 
vn 0.924503 0.368356 -0.0980171 
vn 0.95891 0.26624 -0.0980171 
vn 0.982075 0.161003 -0.0980171 
vn 0.993725 0.0538782 -0.0980171 
vn 0.993725 -0.0538782 -0.0980171 
vn 0.982075 -0.161003 -0.0980171 
vn 0.95891 -0.26624 -0.0980171 
vn 0.924503 -0.368356 -0.0980171 
vn 0.879258 -0.466153 -0.0980171 
vn 0.823703 -0.558485 -0.0980171 
vn 0.758492 -0.644269 -0.0980171 
vn 0.684388 -0.7225 -0.0980171 
vn 0.60226 -0.79226 -0.0980171 
vn 0.513071 -0.852731 -0.0980171 
vn 0.417867 -0.903205 -0.0980171 
vn 0.317764 -0.94309 -0.0980171 
vn 0.213935 -0.971918 -0.0980171 
vn 0.107598 -0.989351 -0.0980171 
vn -2.07164e-16 -0.995185 -0.0980171 
vn -0.107598 -0.989351 -0.0980171 
vn -0.213935 -0.971918 -0.0980171 
vn -0.317764 -0.94309 -0.0980171 
vn -0.417867 -0.903205 -0.0980171 
vn -0.513071 -0.852731 -0.0980171 
vn -0.60226 -0.79226 -0.0980171 
vn -0.684388 -0.7225 -0.0980171 
vn -0.758492 -0.644269 -0.0980171 
vn -0.823703 -0.558485 -0.0980171 
vn -0.879258 -0.466153 -0.0980171 
vn -0.924503 -0.368356 -0.0980171 
vn -0.95891 -0.26624 -0.0980171 
vn -0.982075 -0.161003 -0.0980171 
vn -0.993725 -0.0538782 -0.0980171 
vn -0.993725 0.0538782 -0.0980171 
vn -0.982075 0.161003 -0.0980171 
vn -0.95891 0.26624 -0.0980171 
vn -0.924503 0.368356 -0.0980171 
vn -0.879258 0.466153 -0.0980171 
vn -0.823703 0.558485 -0.0980171 
vn -0.758492 0.644269 -0.0980171 
vn -0.684388 0.7225 -0.0980171 
vn -0.60226 0.79226 -0.0980171 
vn -0.513071 0.852731 -0.0980171 
vn -0.417867 0.903205 -0.0980171 
vn -0.317764 0.94309 -0.0980171 
vn -0.213935 0.971918 -0.0980171 
vn -0.107598 0.989351 -0.0980171 
vn 0 0.995185 -0.0980171 
vn 0.108119 0.994138 -1.22465e-16 
vn 0.21497 0.976621 -1.22465e-16 
vn 0.319302 0.947653 -1.22465e-16 
vn 0.419889 0.907575 -1.22465e-16 
vn 0.515554 0.856857 -1.22465e-16 
vn 0.605174 0.796093 -1.22465e-16 
vn 0.687699 0.725995 -1.22465e-16 
vn 0.762162 0.647386 -1.22465e-16 
vn 0.827689 0.561187 -1.22465e-16 
vn 0.883512 0.468408 -1.22465e-16 
vn 0.928977 0.370138 -1.22465e-16 
vn 0.96355 0.267528 -1.22465e-16 
vn 0.986827 0.161782 -1.22465e-16 
vn 0.998533 0.0541389 -1.22465e-16 
vn 0.998533 -0.0541389 -1.22465e-16 
vn 0.986827 -0.161782 -1.22465e-16 
vn 0.96355 -0.267528 -1.22465e-16 
vn 0.928977 -0.370138 -1.22465e-16 
vn 0.883512 -0.468408 -1.22465e-16 
vn 0.827689 -0.561187 -1.22465e-16 
vn 0.762162 -0.647386 -1.22465e-16 
vn 0.687699 -0.725995 -1.22465e-16 
vn 0.605174 -0.796093 -1.22465e-16 
vn 0.515554 -0.856857 -1.22465e-16 
vn 0.419889 -0.907575 -1.22465e-16 
vn 0.319302 -0.947653 -1.22465e-16 
vn 0.21497 -0.976621 -1.22465e-16 
vn 0.108119 -0.994138 -1.22465e-16 
vn -2.08167e-16 -1 -1.22465e-16 
vn -0.108119 -0.994138 -1.22465e-16 
vn -0.21497 -0.976621 -1.22465e-16 
vn -0.319302 -0.947653 -1.22465e-16 
vn -0.419889 -0.907575 -1.22465e-16 
vn -0.515554 -0.856857 -1.22465e-16 
vn -0.605174 -0.796093 -1.22465e-16 
vn -0.687699 -0.725995 -1.22465e-16 
vn -0.762162 -0.647386 -1.22465e-16 
vn -0.827689 -0.561187 -1.22465e-16 
vn -0.883512 -0.468408 -1.22465e-16 
vn -0.928977 -0.370138 -1.22465e-16 
vn -0.96355 -0.267528 -1.22465e-16 
vn -0.986827 -0.161782 -1.22465e-16 
vn -0.998533 -0.0541389 -1.22465e-16 
vn -0.998533 0.0541389 -1.22465e-16 
vn -0.986827 0.161782 -1.22465e-16 
vn -0.96355 0.267528 -1.22465e-16 
vn -0.928977 0.370138 -1.22465e-16 
vn -0.883512 0.468408 -1.22465e-16 
vn -0.827689 0.561187 -1.22465e-16 
vn -0.762162 0.647386 -1.22465e-16 
vn -0.687699 0.725995 -1.22465e-16 
vn -0.605174 0.796093 -1.22465e-16 
vn -0.515554 0.856857 -1.22465e-16 
vn -0.419889 0.907575 -1.22465e-16 
vn -0.319302 0.947653 -1.22465e-16 
vn -0.21497 0.976621 -1.22465e-16 
vn -0.108119 0.994138 -1.22465e-16 
vn 0 1 -1.22465e-16 
vn 0.0583924 -0.704692 -0.707107 
vn 0 -0.707107 -0.707107 
vn 0.0764517 -0.702962 -0.707107 
vn 0.0764436 -0.702963 -0.707107 
vn 0.116386 -0.697463 -0.707107 
vn 0.152007 -0.690575 -0.707107 
vn 0.152013 -0.690574 -0.707107 
vn 0.173584 -0.68547 -0.707107 
vn 0.22578 -0.670092 -0.707107 
vn 0.225786 -0.67009 -0.707107 
vn 0.284042 -0.64755 -0.707107 
vn 0.229597 -0.668794 -0.707107 
vn 0.296906 -0.641753 -0.707107 
vn 0.296898 -0.641757 -0.707107 
vn 0.336546 -0.621882 -0.707107 
vn 0.364552 -0.60589 -0.707107 
vn 0.364554 -0.605888 -0.707107 
vn 0.386751 -0.591966 -0.707107 
vn 0.427923 -0.562923 -0.707107 
vn 0.42793 -0.562918 -0.707107 
vn 0.47891 -0.520235 -0.707107 
vn 0.434314 -0.558007 -0.707107 
vn 0.486277 -0.513356 -0.707107 
vn 0.48627 -0.513363 -0.707107 
vn 0.520235 -0.47891 -0.707107 
vn 0.53893 -0.457771 -0.707107 
vn 0.538929 -0.457772 -0.707107 
vn 0.558007 -0.434314 -0.707107 
vn 0.585265 -0.396819 -0.707107 
vn 0.58527 -0.396811 -0.707107 
vn 0.591966 -0.386751 -0.707107 
vn 0.624737 -0.331215 -0.707107 
vn 0.624734 -0.331221 -0.707107 
vn 0.621882 -0.336546 -0.707107 
vn 0.64755 -0.284042 -0.707107 
vn 0.656886 -0.261727 -0.707107 
vn 0.656884 -0.261731 -0.707107 
vn 0.668794 -0.229597 -0.707107 
vn 0.681333 -0.189171 -0.707107 
vn 0.681335 -0.189162 -0.707107 
vn 0.68547 -0.173584 -0.707107 
vn 0.697792 -0.114397 -0.707107 
vn 0.697791 -0.1144 -0.707107 
vn 0.697463 -0.116386 -0.707107 
vn 0.704692 -0.0583924 -0.707107 
vn 0.70607 -0.038282 -0.707107 
vn 0.706069 -0.038289 -0.707107 
vn 0.707107 -4.32978e-17 -0.707107 
vn 0.70607 0.038282 -0.707107 
vn 0.706069 0.038289 -0.707107 
vn 0.704692 0.0583924 -0.707107 
vn 0.697792 0.114397 -0.707107 
vn 0.697791 0.1144 -0.707107 
vn 0.68547 0.173584 -0.707107 
vn 0.697463 0.116386 -0.707107 
vn 0.681333 0.189171 -0.707107 
vn 0.681335 0.189162 -0.707107 
vn 0.668794 0.229597 -0.707107 
vn 0.656886 0.261727 -0.707107 
vn 0.656884 0.261731 -0.707107 
vn 0.64755 0.284042 -0.707107 
vn 0.624737 0.331215 -0.707107 
vn 0.624734 0.331221 -0.707107 
vn 0.591966 0.386751 -0.707107 
vn 0.621882 0.336546 -0.707107 
vn 0.585265 0.396819 -0.707107 
vn 0.58527 0.396811 -0.707107 
vn 0.558007 0.434314 -0.707107 
vn 0.53893 0.457771 -0.707107 
vn 0.538929 0.457772 -0.707107 
vn 0.520235 0.47891 -0.707107 
vn 0.486277 0.513356 -0.707107 
vn 0.48627 0.513363 -0.707107 
vn 0.47891 0.520235 -0.707107 
vn 0.427923 0.562923 -0.707107 
vn 0.42793 0.562918 -0.707107 
vn 0.434314 0.558007 -0.707107 
vn 0.386751 0.591966 -0.707107 
vn 0.364552 0.60589 -0.707107 
vn 0.364554 0.605888 -0.707107 
vn 0.336546 0.621882 -0.707107 
vn 0.296906 0.641753 -0.707107 
vn 0.296898 0.641757 -0.707107 
vn 0.284042 0.64755 -0.707107 
vn 0.22578 0.670092 -0.707107 
vn 0.225786 0.67009 -0.707107 
vn 0.229597 0.668794 -0.707107 
vn 0.173584 0.68547 -0.707107 
vn 0.152007 0.690575 -0.707107 
vn 0.152013 0.690574 -0.707107 
vn 0.116386 0.697463 -0.707107 
vn 0.0764517 0.702962 -0.707107 
vn 0.0764436 0.702963 -0.707107 
vn 0.0583924 0.704692 -0.707107 
vn -1.47196e-16 0.707107 -0.707107 
vn -0.0583924 0.704692 -0.707107 
vn -0.0764517 0.702962 -0.707107 
vn -0.0764436 0.702963 -0.707107 
vn -0.116386 0.697463 -0.707107 
vn -0.152007 0.690575 -0.707107 
vn -0.152013 0.690574 -0.707107 
vn -0.173584 0.68547 -0.707107 
vn -0.22578 0.670092 -0.707107 
vn -0.225786 0.67009 -0.707107 
vn -0.284042 0.64755 -0.707107 
vn -0.229597 0.668794 -0.707107 
vn -0.296906 0.641753 -0.707107 
vn -0.296898 0.641757 -0.707107 
vn -0.336546 0.621882 -0.707107 
vn -0.364552 0.60589 -0.707107 
vn -0.364554 0.605888 -0.707107 
vn -0.386751 0.591966 -0.707107 
vn -0.427923 0.562923 -0.707107 
vn -0.42793 0.562918 -0.707107 
vn -0.47891 0.520235 -0.707107 
vn -0.434314 0.558007 -0.707107 
vn -0.486277 0.513356 -0.707107 
vn -0.48627 0.513363 -0.707107 
vn -0.520235 0.47891 -0.707107 
vn -0.53893 0.457771 -0.707107 
vn -0.538929 0.457772 -0.707107 
vn -0.558007 0.434314 -0.707107 
vn -0.585265 0.396819 -0.707107 
vn -0.58527 0.396811 -0.707107 
vn -0.591966 0.386751 -0.707107 
vn -0.624737 0.331215 -0.707107 
vn -0.624734 0.331221 -0.707107 
vn -0.621882 0.336546 -0.707107 
vn -0.64755 0.284042 -0.707107 
vn -0.656886 0.261727 -0.707107 
vn -0.656884 0.261731 -0.707107 
vn -0.668794 0.229597 -0.707107 
vn -0.681333 0.189171 -0.707107 
vn -0.681335 0.189162 -0.707107 
vn -0.68547 0.173584 -0.707107 
vn -0.697792 0.114397 -0.707107 
vn -0.697791 0.1144 -0.707107 
vn -0.697463 0.116386 -0.707107 
vn -0.704692 0.0583924 -0.707107 
vn -0.70607 0.038282 -0.707107 
vn -0.706069 0.038289 -0.707107 
vn -0.707107 2.014e-15 -0.707107 
vn -0.70607 -0.038282 -0.707107 
vn -0.706069 -0.038289 -0.707107 
vn -0.704692 -0.0583924 -0.707107 
vn -0.697792 -0.114397 -0.707107 
vn -0.697791 -0.1144 -0.707107 
vn -0.68547 -0.173584 -0.707107 
vn -0.697463 -0.116386 -0.707107 
vn -0.681333 -0.189171 -0.707107 
vn -0.681335 -0.189162 -0.707107 
vn -0.668794 -0.229597 -0.707107 
vn -0.656886 -0.261727 -0.707107 
vn -0.656884 -0.261731 -0.707107 
vn -0.64755 -0.284042 -0.707107 
vn -0.624737 -0.331215 -0.707107 
vn -0.624734 -0.331221 -0.707107 
vn -0.591966 -0.386751 -0.707107 
vn -0.621882 -0.336546 -0.707107 
vn -0.585265 -0.396819 -0.707107 
vn -0.58527 -0.396811 -0.707107 
vn -0.558007 -0.434314 -0.707107 
vn -0.53893 -0.457771 -0.707107 
vn -0.538929 -0.457772 -0.707107 
vn -0.520235 -0.47891 -0.707107 
vn -0.486277 -0.513356 -0.707107 
vn -0.48627 -0.513363 -0.707107 
vn -0.47891 -0.520235 -0.707107 
vn -0.427923 -0.562923 -0.707107 
vn -0.42793 -0.562918 -0.707107 
vn -0.434314 -0.558007 -0.707107 
vn -0.386751 -0.591966 -0.707107 
vn -0.364552 -0.60589 -0.707107 
vn -0.364554 -0.605888 -0.707107 
vn -0.336546 -0.621882 -0.707107 
vn -0.296906 -0.641753 -0.707107 
vn -0.296898 -0.641757 -0.707107 
vn -0.284042 -0.64755 -0.707107 
vn -0.22578 -0.670092 -0.707107 
vn -0.225786 -0.67009 -0.707107 
vn -0.229597 -0.668794 -0.707107 
vn -0.173584 -0.68547 -0.707107 
vn -0.152007 -0.690575 -0.707107 
vn -0.152013 -0.690574 -0.707107 
vn -0.116386 -0.697463 -0.707107 
vn -0.0764517 -0.702962 -0.707107 
vn -0.0764436 -0.702963 -0.707107 
vn -0.0583924 -0.704692 -0.707107 
vn 0 -0.778642 -0.627469 
vn 0 -0.707107 -0.707107 
vn 0.0583924 -0.704692 -0.707107 
vn 0.12816 -0.768022 -0.627469 
vn 0.0642997 -0.775982 -0.627469 
vn 0.0750426 -0.690079 -0.719833 
vn 0.116386 -0.697463 -0.707107 
vn 0.148939 -0.676613 -0.721119 
vn 0.191145 -0.754815 -0.627469 
vn 0.173584 -0.68547 -0.707107 
vn 0.224568 -0.666477 -0.710899 
vn 0.252824 -0.736453 -0.627469 
vn 0.229597 -0.668794 -0.707107 
vn 0.284042 -0.64755 -0.707107 
vn 0.370592 -0.684795 -0.627469 
vn 0.312777 -0.713059 -0.627469 
vn 0.292261 -0.631734 -0.71798 
vn 0.336546 -0.621882 -0.707107 
vn 0.356799 -0.593 -0.721834 
vn 0.425877 -0.651853 -0.627469 
vn 0.386751 -0.591966 -0.707107 
vn 0.423626 -0.557256 -0.714147 
vn 0.478252 -0.614458 -0.627469 
vn 0.434314 -0.558007 -0.707107 
vn 0.47891 -0.520235 -0.707107 
vn 0.572865 -0.52736 -0.627469 
vn 0.52736 -0.572865 -0.627469 
vn 0.480384 -0.507148 -0.715564 
vn 0.614458 -0.478252 -0.627469 
vn 0.527352 -0.447938 -0.721977 
vn 0.520235 -0.47891 -0.707107 
vn 0.558007 -0.434314 -0.707107 
vn 0.577099 -0.391272 -0.716842 
vn 0.651853 -0.425877 -0.627469 
vn 0.591966 -0.386751 -0.707107 
vn 0.621882 -0.336546 -0.707107 
vn 0.713059 -0.312777 -0.627469 
vn 0.684795 -0.370592 -0.627469 
vn 0.61985 -0.328632 -0.712592 
vn 0.736453 -0.252824 -0.627469 
vn 0.643189 -0.256274 -0.721548 
vn 0.64755 -0.284042 -0.707107 
vn 0.668794 -0.229597 -0.707107 
vn 0.669702 -0.185933 -0.718977 
vn 0.754815 -0.191145 -0.627469 
vn 0.68547 -0.173584 -0.707107 
vn 0.697463 -0.116386 -0.707107 
vn 0.775982 -0.0642997 -0.627469 
vn 0.768022 -0.12816 -0.627469 
vn 0.695848 -0.114082 -0.709071 
vn 0.778642 0 -0.627469 
vn 0.692389 -0.0375471 -0.720547 
vn 0.704692 -0.0583924 -0.707107 
vn 0.707107 0 -0.707107 
vn 0.692389 0.0375471 -0.720547 
vn 0.775982 0.0642997 -0.627469 
vn 0.704692 0.0583924 -0.707107 
vn 0.695848 0.114082 -0.709071 
vn 0.768022 0.12816 -0.627469 
vn 0.697463 0.116386 -0.707107 
vn 0.68547 0.173584 -0.707107 
vn 0.736453 0.252824 -0.627469 
vn 0.754815 0.191145 -0.627469 
vn 0.669702 0.185933 -0.718977 
vn 0.668794 0.229597 -0.707107 
vn 0.643189 0.256274 -0.721548 
vn 0.713059 0.312777 -0.627469 
vn 0.64755 0.284042 -0.707107 
vn 0.61985 0.328632 -0.712592 
vn 0.684795 0.370592 -0.627469 
vn 0.621882 0.336546 -0.707107 
vn 0.591966 0.386751 -0.707107 
vn 0.614458 0.478252 -0.627469 
vn 0.651853 0.425877 -0.627469 
vn 0.577099 0.391272 -0.716842 
vn 0.558007 0.434314 -0.707107 
vn 0.527352 0.447938 -0.721977 
vn 0.572865 0.52736 -0.627469 
vn 0.520235 0.47891 -0.707107 
vn 0.480384 0.507148 -0.715564 
vn 0.52736 0.572865 -0.627469 
vn 0.47891 0.520235 -0.707107 
vn 0.434314 0.558007 -0.707107 
vn 0.425877 0.651853 -0.627469 
vn 0.478252 0.614458 -0.627469 
vn 0.423626 0.557256 -0.714147 
vn 0.370592 0.684795 -0.627469 
vn 0.356799 0.593 -0.721834 
vn 0.386751 0.591966 -0.707107 
vn 0.336546 0.621882 -0.707107 
vn 0.292261 0.631734 -0.71798 
vn 0.312777 0.713059 -0.627469 
vn 0.284042 0.64755 -0.707107 
vn 0.229597 0.668794 -0.707107 
vn 0.191145 0.754815 -0.627469 
vn 0.252824 0.736453 -0.627469 
vn 0.224568 0.666477 -0.710899 
vn 0.12816 0.768022 -0.627469 
vn 0.148939 0.676613 -0.721119 
vn 0.173584 0.68547 -0.707107 
vn 0.116386 0.697463 -0.707107 
vn 0.0750426 0.690079 -0.719833 
vn 0.0642997 0.775982 -0.627469 
vn 0.0583924 0.704692 -0.707107 
vn 1.37383e-16 0.707107 -0.707107 
vn 1.51282e-16 0.778642 -0.627469 
vn -0.0583924 0.704692 -0.707107 
vn -0.12816 0.768022 -0.627469 
vn -0.0642997 0.775982 -0.627469 
vn -0.0750426 0.690079 -0.719833 
vn -0.116386 0.697463 -0.707107 
vn -0.148939 0.676613 -0.721119 
vn -0.191145 0.754815 -0.627469 
vn -0.173584 0.68547 -0.707107 
vn -0.224568 0.666477 -0.710899 
vn -0.252824 0.736453 -0.627469 
vn -0.229597 0.668794 -0.707107 
vn -0.284042 0.64755 -0.707107 
vn -0.370592 0.684795 -0.627469 
vn -0.312777 0.713059 -0.627469 
vn -0.292261 0.631734 -0.71798 
vn -0.336546 0.621882 -0.707107 
vn -0.356799 0.593 -0.721834 
vn -0.425877 0.651853 -0.627469 
vn -0.386751 0.591966 -0.707107 
vn -0.423626 0.557256 -0.714147 
vn -0.478252 0.614458 -0.627469 
vn -0.434314 0.558007 -0.707107 
vn -0.47891 0.520235 -0.707107 
vn -0.572865 0.52736 -0.627469 
vn -0.52736 0.572865 -0.627469 
vn -0.480384 0.507148 -0.715564 
vn -0.614458 0.478252 -0.627469 
vn -0.527352 0.447938 -0.721977 
vn -0.520235 0.47891 -0.707107 
vn -0.558007 0.434314 -0.707107 
vn -0.577099 0.391272 -0.716842 
vn -0.651853 0.425877 -0.627469 
vn -0.591966 0.386751 -0.707107 
vn -0.621882 0.336546 -0.707107 
vn -0.713059 0.312777 -0.627469 
vn -0.684795 0.370592 -0.627469 
vn -0.61985 0.328632 -0.712592 
vn -0.736453 0.252824 -0.627469 
vn -0.643189 0.256274 -0.721548 
vn -0.64755 0.284042 -0.707107 
vn -0.668794 0.229597 -0.707107 
vn -0.669702 0.185933 -0.718977 
vn -0.754815 0.191145 -0.627469 
vn -0.68547 0.173584 -0.707107 
vn -0.697463 0.116386 -0.707107 
vn -0.775982 0.0642997 -0.627469 
vn -0.768022 0.12816 -0.627469 
vn -0.695848 0.114082 -0.709071 
vn -0.778642 2.5934e-16 -0.627469 
vn -0.692389 0.0375471 -0.720547 
vn -0.704692 0.0583924 -0.707107 
vn -0.707107 2.35514e-16 -0.707107 
vn -0.692389 -0.0375471 -0.720547 
vn -0.775982 -0.0642997 -0.627469 
vn -0.704692 -0.0583924 -0.707107 
vn -0.695848 -0.114082 -0.709071 
vn -0.768022 -0.12816 -0.627469 
vn -0.697463 -0.116386 -0.707107 
vn -0.68547 -0.173584 -0.707107 
vn -0.736453 -0.252824 -0.627469 
vn -0.754815 -0.191145 -0.627469 
vn -0.669702 -0.185933 -0.718977 
vn -0.668794 -0.229597 -0.707107 
vn -0.643189 -0.256274 -0.721548 
vn -0.713059 -0.312777 -0.627469 
vn -0.64755 -0.284042 -0.707107 
vn -0.61985 -0.328632 -0.712592 
vn -0.684795 -0.370592 -0.627469 
vn -0.621882 -0.336546 -0.707107 
vn -0.591966 -0.386751 -0.707107 
vn -0.614458 -0.478252 -0.627469 
vn -0.651853 -0.425877 -0.627469 
vn -0.577099 -0.391272 -0.716842 
vn -0.558007 -0.434314 -0.707107 
vn -0.527352 -0.447938 -0.721977 
vn -0.572865 -0.52736 -0.627469 
vn -0.520235 -0.47891 -0.707107 
vn -0.480384 -0.507148 -0.715564 
vn -0.52736 -0.572865 -0.627469 
vn -0.47891 -0.520235 -0.707107 
vn -0.434314 -0.558007 -0.707107 
vn -0.425877 -0.651853 -0.627469 
vn -0.478252 -0.614458 -0.627469 
vn -0.423626 -0.557256 -0.714147 
vn -0.370592 -0.684795 -0.627469 
vn -0.356799 -0.593 -0.721834 
vn -0.386751 -0.591966 -0.707107 
vn -0.336546 -0.621882 -0.707107 
vn -0.292261 -0.631734 -0.71798 
vn -0.312777 -0.713059 -0.627469 
vn -0.284042 -0.64755 -0.707107 
vn -0.229597 -0.668794 -0.707107 
vn -0.191145 -0.754815 -0.627469 
vn -0.252824 -0.736453 -0.627469 
vn -0.224568 -0.666477 -0.710899 
vn -0.12816 -0.768022 -0.627469 
vn -0.148939 -0.676613 -0.721119 
vn -0.173584 -0.68547 -0.707107 
vn -0.116386 -0.697463 -0.707107 
vn -0.0750426 -0.690079 -0.719833 
vn -0.0642997 -0.775982 -0.627469 
vn -0.0583924 -0.704692 -0.707107 
vn 0 -0.841254 -0.540641 
vn 0.0694702 -0.83838 -0.540641 
vn 0.138466 -0.82978 -0.540641 
vn 0.206516 -0.815511 -0.540641 
vn 0.273155 -0.795672 -0.540641 
vn 0.337928 -0.770398 -0.540641 
vn 0.400392 -0.73986 -0.540641 
vn 0.460122 -0.704269 -0.540641 
vn 0.516709 -0.663867 -0.540641 
vn 0.569766 -0.61893 -0.540641 
vn 0.61893 -0.569766 -0.540641 
vn 0.663867 -0.516709 -0.540641 
vn 0.704269 -0.460122 -0.540641 
vn 0.73986 -0.400392 -0.540641 
vn 0.770398 -0.337928 -0.540641 
vn 0.795672 -0.273155 -0.540641 
vn 0.815511 -0.206516 -0.540641 
vn 0.82978 -0.138466 -0.540641 
vn 0.83838 -0.0694702 -0.540641 
vn 0.841254 0 -0.540641 
vn 0.83838 0.0694702 -0.540641 
vn 0.82978 0.138466 -0.540641 
vn 0.815511 0.206516 -0.540641 
vn 0.795672 0.273155 -0.540641 
vn 0.770398 0.337928 -0.540641 
vn 0.73986 0.400392 -0.540641 
vn 0.704269 0.460122 -0.540641 
vn 0.663867 0.516709 -0.540641 
vn 0.61893 0.569766 -0.540641 
vn 0.569766 0.61893 -0.540641 
vn 0.516709 0.663867 -0.540641 
vn 0.460122 0.704269 -0.540641 
vn 0.400392 0.73986 -0.540641 
vn 0.337928 0.770398 -0.540641 
vn 0.273155 0.795672 -0.540641 
vn 0.206516 0.815511 -0.540641 
vn 0.138466 0.82978 -0.540641 
vn 0.0694702 0.83838 -0.540641 
vn 1.63446e-16 0.841254 -0.540641 
vn -0.0694702 0.83838 -0.540641 
vn -0.138466 0.82978 -0.540641 
vn -0.206516 0.815511 -0.540641 
vn -0.273155 0.795672 -0.540641 
vn -0.337928 0.770398 -0.540641 
vn -0.400392 0.73986 -0.540641 
vn -0.460122 0.704269 -0.540641 
vn -0.516709 0.663867 -0.540641 
vn -0.569766 0.61893 -0.540641 
vn -0.61893 0.569766 -0.540641 
vn -0.663867 0.516709 -0.540641 
vn -0.704269 0.460122 -0.540641 
vn -0.73986 0.400392 -0.540641 
vn -0.770398 0.337928 -0.540641 
vn -0.795672 0.273155 -0.540641 
vn -0.815511 0.206516 -0.540641 
vn -0.82978 0.138466 -0.540641 
vn -0.83838 0.0694702 -0.540641 
vn -0.841254 2.80194e-16 -0.540641 
vn -0.83838 -0.0694702 -0.540641 
vn -0.82978 -0.138466 -0.540641 
vn -0.815511 -0.206516 -0.540641 
vn -0.795672 -0.273155 -0.540641 
vn -0.770398 -0.337928 -0.540641 
vn -0.73986 -0.400392 -0.540641 
vn -0.704269 -0.460122 -0.540641 
vn -0.663867 -0.516709 -0.540641 
vn -0.61893 -0.569766 -0.540641 
vn -0.569766 -0.61893 -0.540641 
vn -0.516709 -0.663867 -0.540641 
vn -0.460122 -0.704269 -0.540641 
vn -0.400392 -0.73986 -0.540641 
vn -0.337928 -0.770398 -0.540641 
vn -0.273155 -0.795672 -0.540641 
vn -0.206516 -0.815511 -0.540641 
vn -0.138466 -0.82978 -0.540641 
vn -0.0694702 -0.83838 -0.540641 
vn 0 -0.894225 -0.447617 
vn 0.0738445 -0.891171 -0.447617 
vn 0.147185 -0.882029 -0.447617 
vn 0.219519 -0.866862 -0.447617 
vn 0.290354 -0.845774 -0.447617 
vn 0.359206 -0.818908 -0.447617 
vn 0.425604 -0.786448 -0.447617 
vn 0.489095 -0.748615 -0.447617 
vn 0.549245 -0.705669 -0.447617 
vn 0.605642 -0.657903 -0.447617 
vn 0.657903 -0.605642 -0.447617 
vn 0.705669 -0.549245 -0.447617 
vn 0.748615 -0.489095 -0.447617 
vn 0.786448 -0.425604 -0.447617 
vn 0.818908 -0.359206 -0.447617 
vn 0.845774 -0.290354 -0.447617 
vn 0.866862 -0.219519 -0.447617 
vn 0.882029 -0.147185 -0.447617 
vn 0.891171 -0.0738445 -0.447617 
vn 0.894225 0 -0.447617 
vn 0.891171 0.0738445 -0.447617 
vn 0.882029 0.147185 -0.447617 
vn 0.866862 0.219519 -0.447617 
vn 0.845774 0.290354 -0.447617 
vn 0.818908 0.359206 -0.447617 
vn 0.786448 0.425604 -0.447617 
vn 0.748615 0.489095 -0.447617 
vn 0.705669 0.549245 -0.447617 
vn 0.657903 0.605642 -0.447617 
vn 0.605642 0.657903 -0.447617 
vn 0.549245 0.705669 -0.447617 
vn 0.489095 0.748615 -0.447617 
vn 0.425604 0.786448 -0.447617 
vn 0.359206 0.818908 -0.447617 
vn 0.290354 0.845774 -0.447617 
vn 0.219519 0.866862 -0.447617 
vn 0.147185 0.882029 -0.447617 
vn 0.0738445 0.891171 -0.447617 
vn 1.73738e-16 0.894225 -0.447617 
vn -0.0738445 0.891171 -0.447617 
vn -0.147185 0.882029 -0.447617 
vn -0.219519 0.866862 -0.447617 
vn -0.290354 0.845774 -0.447617 
vn -0.359206 0.818908 -0.447617 
vn -0.425604 0.786448 -0.447617 
vn -0.489095 0.748615 -0.447617 
vn -0.549245 0.705669 -0.447617 
vn -0.605642 0.657903 -0.447617 
vn -0.657903 0.605642 -0.447617 
vn -0.705669 0.549245 -0.447617 
vn -0.748615 0.489095 -0.447617 
vn -0.786448 0.425604 -0.447617 
vn -0.818908 0.359206 -0.447617 
vn -0.845774 0.290354 -0.447617 
vn -0.866862 0.219519 -0.447617 
vn -0.882029 0.147185 -0.447617 
vn -0.891171 0.0738445 -0.447617 
vn -0.894225 2.97837e-16 -0.447617 
vn -0.891171 -0.0738445 -0.447617 
vn -0.882029 -0.147185 -0.447617 
vn -0.866862 -0.219519 -0.447617 
vn -0.845774 -0.290354 -0.447617 
vn -0.818908 -0.359206 -0.447617 
vn -0.786448 -0.425604 -0.447617 
vn -0.748615 -0.489095 -0.447617 
vn -0.705669 -0.549245 -0.447617 
vn -0.657903 -0.605642 -0.447617 
vn -0.605642 -0.657903 -0.447617 
vn -0.549245 -0.705669 -0.447617 
vn -0.489095 -0.748615 -0.447617 
vn -0.425604 -0.786448 -0.447617 
vn -0.359206 -0.818908 -0.447617 
vn -0.290354 -0.845774 -0.447617 
vn -0.219519 -0.866862 -0.447617 
vn -0.147185 -0.882029 -0.447617 
vn -0.0738445 -0.891171 -0.447617 
vn 0 -0.93695 -0.349464 
vn 0.0773727 -0.93375 -0.349464 
vn 0.154217 -0.924171 -0.349464 
vn 0.230008 -0.908279 -0.349464 
vn 0.304227 -0.886183 -0.349464 
vn 0.376368 -0.858034 -0.349464 
vn 0.445939 -0.824023 -0.349464 
vn 0.512463 -0.784383 -0.349464 
vn 0.575486 -0.739385 -0.349464 
vn 0.634579 -0.689336 -0.349464 
vn 0.689336 -0.634579 -0.349464 
vn 0.739385 -0.575486 -0.349464 
vn 0.784383 -0.512463 -0.349464 
vn 0.824023 -0.445939 -0.349464 
vn 0.858034 -0.376368 -0.349464 
vn 0.886183 -0.304227 -0.349464 
vn 0.908279 -0.230008 -0.349464 
vn 0.924171 -0.154217 -0.349464 
vn 0.93375 -0.0773727 -0.349464 
vn 0.93695 0 -0.349464 
vn 0.93375 0.0773727 -0.349464 
vn 0.924171 0.154217 -0.349464 
vn 0.908279 0.230008 -0.349464 
vn 0.886183 0.304227 -0.349464 
vn 0.858034 0.376368 -0.349464 
vn 0.824023 0.445939 -0.349464 
vn 0.784383 0.512463 -0.349464 
vn 0.739385 0.575486 -0.349464 
vn 0.689336 0.634579 -0.349464 
vn 0.634579 0.689336 -0.349464 
vn 0.575486 0.739385 -0.349464 
vn 0.512463 0.784383 -0.349464 
vn 0.445939 0.824023 -0.349464 
vn 0.376368 0.858034 -0.349464 
vn 0.304227 0.886183 -0.349464 
vn 0.230008 0.908279 -0.349464 
vn 0.154217 0.924171 -0.349464 
vn 0.0773727 0.93375 -0.349464 
vn 1.82039e-16 0.93695 -0.349464 
vn -0.0773727 0.93375 -0.349464 
vn -0.154217 0.924171 -0.349464 
vn -0.230008 0.908279 -0.349464 
vn -0.304227 0.886183 -0.349464 
vn -0.376368 0.858034 -0.349464 
vn -0.445939 0.824023 -0.349464 
vn -0.512463 0.784383 -0.349464 
vn -0.575486 0.739385 -0.349464 
vn -0.634579 0.689336 -0.349464 
vn -0.689336 0.634579 -0.349464 
vn -0.739385 0.575486 -0.349464 
vn -0.784383 0.512463 -0.349464 
vn -0.824023 0.445939 -0.349464 
vn -0.858034 0.376368 -0.349464 
vn -0.886183 0.304227 -0.349464 
vn -0.908279 0.230008 -0.349464 
vn -0.924171 0.154217 -0.349464 
vn -0.93375 0.0773727 -0.349464 
vn -0.93695 3.12067e-16 -0.349464 
vn -0.93375 -0.0773727 -0.349464 
vn -0.924171 -0.154217 -0.349464 
vn -0.908279 -0.230008 -0.349464 
vn -0.886183 -0.304227 -0.349464 
vn -0.858034 -0.376368 -0.349464 
vn -0.824023 -0.445939 -0.349464 
vn -0.784383 -0.512463 -0.349464 
vn -0.739385 -0.575486 -0.349464 
vn -0.689336 -0.634579 -0.349464 
vn -0.634579 -0.689336 -0.349464 
vn -0.575486 -0.739385 -0.349464 
vn -0.512463 -0.784383 -0.349464 
vn -0.445939 -0.824023 -0.349464 
vn -0.376368 -0.858034 -0.349464 
vn -0.304227 -0.886183 -0.349464 
vn -0.230008 -0.908279 -0.349464 
vn -0.154217 -0.924171 -0.349464 
vn -0.0773727 -0.93375 -0.349464 
vn 0 -0.968937 -0.247307 
vn 0.0800142 -0.965628 -0.247307 
vn 0.159482 -0.955722 -0.247307 
vn 0.23786 -0.939288 -0.247307 
vn 0.314613 -0.916438 -0.247307 
vn 0.389218 -0.887327 -0.247307 
vn 0.461163 -0.852155 -0.247307 
vn 0.529958 -0.811162 -0.247307 
vn 0.595134 -0.764628 -0.247307 
vn 0.656243 -0.71287 -0.247307 
vn 0.71287 -0.656243 -0.247307 
vn 0.764628 -0.595134 -0.247307 
vn 0.811162 -0.529958 -0.247307 
vn 0.852155 -0.461163 -0.247307 
vn 0.887327 -0.389218 -0.247307 
vn 0.916438 -0.314613 -0.247307 
vn 0.939288 -0.23786 -0.247307 
vn 0.955722 -0.159482 -0.247307 
vn 0.965628 -0.0800142 -0.247307 
vn 0.968937 0 -0.247307 
vn 0.965628 0.0800142 -0.247307 
vn 0.955722 0.159482 -0.247307 
vn 0.939288 0.23786 -0.247307 
vn 0.916438 0.314613 -0.247307 
vn 0.887327 0.389218 -0.247307 
vn 0.852155 0.461163 -0.247307 
vn 0.811162 0.529958 -0.247307 
vn 0.764628 0.595134 -0.247307 
vn 0.71287 0.656243 -0.247307 
vn 0.656243 0.71287 -0.247307 
vn 0.595134 0.764628 -0.247307 
vn 0.529958 0.811162 -0.247307 
vn 0.461163 0.852155 -0.247307 
vn 0.389218 0.887327 -0.247307 
vn 0.314613 0.916438 -0.247307 
vn 0.23786 0.939288 -0.247307 
vn 0.159482 0.955722 -0.247307 
vn 0.0800142 0.965628 -0.247307 
vn 1.88254e-16 0.968937 -0.247307 
vn -0.0800142 0.965628 -0.247307 
vn -0.159482 0.955722 -0.247307 
vn -0.23786 0.939288 -0.247307 
vn -0.314613 0.916438 -0.247307 
vn -0.389218 0.887327 -0.247307 
vn -0.461163 0.852155 -0.247307 
vn -0.529958 0.811162 -0.247307 
vn -0.595134 0.764628 -0.247307 
vn -0.656243 0.71287 -0.247307 
vn -0.71287 0.656243 -0.247307 
vn -0.764628 0.595134 -0.247307 
vn -0.811162 0.529958 -0.247307 
vn -0.852155 0.461163 -0.247307 
vn -0.887327 0.389218 -0.247307 
vn -0.916438 0.314613 -0.247307 
vn -0.939288 0.23786 -0.247307 
vn -0.955722 0.159482 -0.247307 
vn -0.965628 0.0800142 -0.247307 
vn -0.968937 3.22721e-16 -0.247307 
vn -0.965628 -0.0800142 -0.247307 
vn -0.955722 -0.159482 -0.247307 
vn -0.939288 -0.23786 -0.247307 
vn -0.916438 -0.314613 -0.247307 
vn -0.887327 -0.389218 -0.247307 
vn -0.852155 -0.461163 -0.247307 
vn -0.811162 -0.529958 -0.247307 
vn -0.764628 -0.595134 -0.247307 
vn -0.71287 -0.656243 -0.247307 
vn -0.656243 -0.71287 -0.247307 
vn -0.595134 -0.764628 -0.247307 
vn -0.529958 -0.811162 -0.247307 
vn -0.461163 -0.852155 -0.247307 
vn -0.389218 -0.887327 -0.247307 
vn -0.314613 -0.916438 -0.247307 
vn -0.23786 -0.939288 -0.247307 
vn -0.159482 -0.955722 -0.247307 
vn -0.0800142 -0.965628 -0.247307 
vn 0 -0.989821 -0.142315 
vn 0.0817388 -0.986441 -0.142315 
vn 0.162919 -0.976322 -0.142315 
vn 0.242987 -0.959533 -0.142315 
vn 0.321394 -0.93619 -0.142315 
vn 0.397607 -0.906452 -0.142315 
vn 0.471103 -0.870522 -0.142315 
vn 0.541381 -0.828645 -0.142315 
vn 0.607961 -0.781108 -0.142315 
vn 0.670388 -0.728235 -0.142315 
vn 0.728235 -0.670388 -0.142315 
vn 0.781108 -0.607961 -0.142315 
vn 0.828645 -0.541381 -0.142315 
vn 0.870522 -0.471103 -0.142315 
vn 0.906452 -0.397607 -0.142315 
vn 0.93619 -0.321394 -0.142315 
vn 0.959533 -0.242987 -0.142315 
vn 0.976322 -0.162919 -0.142315 
vn 0.986441 -0.0817388 -0.142315 
vn 0.989821 0 -0.142315 
vn 0.986441 0.0817388 -0.142315 
vn 0.976322 0.162919 -0.142315 
vn 0.959533 0.242987 -0.142315 
vn 0.93619 0.321394 -0.142315 
vn 0.906452 0.397607 -0.142315 
vn 0.870522 0.471103 -0.142315 
vn 0.828645 0.541381 -0.142315 
vn 0.781108 0.607961 -0.142315 
vn 0.728235 0.670388 -0.142315 
vn 0.670388 0.728235 -0.142315 
vn 0.607961 0.781108 -0.142315 
vn 0.541381 0.828645 -0.142315 
vn 0.471103 0.870522 -0.142315 
vn 0.397607 0.906452 -0.142315 
vn 0.321394 0.93619 -0.142315 
vn 0.242987 0.959533 -0.142315 
vn 0.162919 0.976322 -0.142315 
vn 0.0817388 0.986441 -0.142315 
vn 1.92311e-16 0.989821 -0.142315 
vn -0.0817388 0.986441 -0.142315 
vn -0.162919 0.976322 -0.142315 
vn -0.242987 0.959533 -0.142315 
vn -0.321394 0.93619 -0.142315 
vn -0.397607 0.906452 -0.142315 
vn -0.471103 0.870522 -0.142315 
vn -0.541381 0.828645 -0.142315 
vn -0.607961 0.781108 -0.142315 
vn -0.670388 0.728235 -0.142315 
vn -0.728235 0.670388 -0.142315 
vn -0.781108 0.607961 -0.142315 
vn -0.828645 0.541381 -0.142315 
vn -0.870522 0.471103 -0.142315 
vn -0.906452 0.397607 -0.142315 
vn -0.93619 0.321394 -0.142315 
vn -0.959533 0.242987 -0.142315 
vn -0.976322 0.162919 -0.142315 
vn -0.986441 0.0817388 -0.142315 
vn -0.989821 3.29677e-16 -0.142315 
vn -0.986441 -0.0817388 -0.142315 
vn -0.976322 -0.162919 -0.142315 
vn -0.959533 -0.242987 -0.142315 
vn -0.93619 -0.321394 -0.142315 
vn -0.906452 -0.397607 -0.142315 
vn -0.870522 -0.471103 -0.142315 
vn -0.828645 -0.541381 -0.142315 
vn -0.781108 -0.607961 -0.142315 
vn -0.728235 -0.670388 -0.142315 
vn -0.670388 -0.728235 -0.142315 
vn -0.607961 -0.781108 -0.142315 
vn -0.541381 -0.828645 -0.142315 
vn -0.471103 -0.870522 -0.142315 
vn -0.397607 -0.906452 -0.142315 
vn -0.321394 -0.93619 -0.142315 
vn -0.242987 -0.959533 -0.142315 
vn -0.162919 -0.976322 -0.142315 
vn -0.0817388 -0.986441 -0.142315 
vn 0 -0.999363 -0.0356923 
vn 0.0825267 -0.995949 -0.0356923 
vn 0.16449 -0.985733 -0.0356923 
vn 0.245329 -0.968783 -0.0356923 
vn 0.324493 -0.945215 -0.0356923 
vn 0.401439 -0.91519 -0.0356923 
vn 0.475644 -0.878913 -0.0356923 
vn 0.5466 -0.836633 -0.0356923 
vn 0.613821 -0.788638 -0.0356923 
vn 0.67685 -0.735255 -0.0356923 
vn 0.735255 -0.67685 -0.0356923 
vn 0.788638 -0.613821 -0.0356923 
vn 0.836633 -0.5466 -0.0356923 
vn 0.878913 -0.475644 -0.0356923 
vn 0.91519 -0.401439 -0.0356923 
vn 0.945215 -0.324493 -0.0356923 
vn 0.968783 -0.245329 -0.0356923 
vn 0.985733 -0.16449 -0.0356923 
vn 0.995949 -0.0825267 -0.0356923 
vn 0.999363 0 -0.0356923 
vn 0.995949 0.0825267 -0.0356923 
vn 0.985733 0.16449 -0.0356923 
vn 0.968783 0.245329 -0.0356923 
vn 0.945215 0.324493 -0.0356923 
vn 0.91519 0.401439 -0.0356923 
vn 0.878913 0.475644 -0.0356923 
vn 0.836633 0.5466 -0.0356923 
vn 0.788638 0.613821 -0.0356923 
vn 0.735255 0.67685 -0.0356923 
vn 0.67685 0.735255 -0.0356923 
vn 0.613821 0.788638 -0.0356923 
vn 0.5466 0.836633 -0.0356923 
vn 0.475644 0.878913 -0.0356923 
vn 0.401439 0.91519 -0.0356923 
vn 0.324493 0.945215 -0.0356923 
vn 0.245329 0.968783 -0.0356923 
vn 0.16449 0.985733 -0.0356923 
vn 0.0825267 0.995949 -0.0356923 
vn 1.94165e-16 0.999363 -0.0356923 
vn -0.0825267 0.995949 -0.0356923 
vn -0.16449 0.985733 -0.0356923 
vn -0.245329 0.968783 -0.0356923 
vn -0.324493 0.945215 -0.0356923 
vn -0.401439 0.91519 -0.0356923 
vn -0.475644 0.878913 -0.0356923 
vn -0.5466 0.836633 -0.0356923 
vn -0.613821 0.788638 -0.0356923 
vn -0.67685 0.735255 -0.0356923 
vn -0.735255 0.67685 -0.0356923 
vn -0.788638 0.613821 -0.0356923 
vn -0.836633 0.5466 -0.0356923 
vn -0.878913 0.475644 -0.0356923 
vn -0.91519 0.401439 -0.0356923 
vn -0.945215 0.324493 -0.0356923 
vn -0.968783 0.245329 -0.0356923 
vn -0.985733 0.16449 -0.0356923 
vn -0.995949 0.0825267 -0.0356923 
vn -0.999363 3.32855e-16 -0.0356923 
vn -0.995949 -0.0825267 -0.0356923 
vn -0.985733 -0.16449 -0.0356923 
vn -0.968783 -0.245329 -0.0356923 
vn -0.945215 -0.324493 -0.0356923 
vn -0.91519 -0.401439 -0.0356923 
vn -0.878913 -0.475644 -0.0356923 
vn -0.836633 -0.5466 -0.0356923 
vn -0.788638 -0.613821 -0.0356923 
vn -0.735255 -0.67685 -0.0356923 
vn -0.67685 -0.735255 -0.0356923 
vn -0.613821 -0.788638 -0.0356923 
vn -0.5466 -0.836633 -0.0356923 
vn -0.475644 -0.878913 -0.0356923 
vn -0.401439 -0.91519 -0.0356923 
vn -0.324493 -0.945215 -0.0356923 
vn -0.245329 -0.968783 -0.0356923 
vn -0.16449 -0.985733 -0.0356923 
vn -0.0825267 -0.995949 -0.0356923 
vn 0 -0.997452 0.0713392 
vn 0.0823689 -0.994045 0.0713392 
vn 0.164175 -0.983848 0.0713392 
vn 0.24486 -0.96693 0.0713392 
vn 0.323872 -0.943407 0.0713392 
vn 0.400672 -0.91344 0.0713392 
vn 0.474735 -0.877233 0.0713392 
vn 0.545555 -0.835033 0.0713392 
vn 0.612648 -0.78713 0.0713392 
vn 0.675556 -0.733849 0.0713392 
vn 0.733849 -0.675556 0.0713392 
vn 0.78713 -0.612648 0.0713392 
vn 0.835033 -0.545555 0.0713392 
vn 0.877233 -0.474735 0.0713392 
vn 0.91344 -0.400672 0.0713392 
vn 0.943407 -0.323872 0.0713392 
vn 0.96693 -0.24486 0.0713392 
vn 0.983848 -0.164175 0.0713392 
vn 0.994045 -0.0823689 0.0713392 
vn 0.997452 0 0.0713392 
vn 0.994045 0.0823689 0.0713392 
vn 0.983848 0.164175 0.0713392 
vn 0.96693 0.24486 0.0713392 
vn 0.943407 0.323872 0.0713392 
vn 0.91344 0.400672 0.0713392 
vn 0.877233 0.474735 0.0713392 
vn 0.835033 0.545555 0.0713392 
vn 0.78713 0.612648 0.0713392 
vn 0.733849 0.675556 0.0713392 
vn 0.675556 0.733849 0.0713392 
vn 0.612648 0.78713 0.0713392 
vn 0.545555 0.835033 0.0713392 
vn 0.474735 0.877233 0.0713392 
vn 0.400672 0.91344 0.0713392 
vn 0.323872 0.943407 0.0713392 
vn 0.24486 0.96693 0.0713392 
vn 0.164175 0.983848 0.0713392 
vn 0.0823689 0.994045 0.0713392 
vn 1.93794e-16 0.997452 0.0713392 
vn -0.0823689 0.994045 0.0713392 
vn -0.164175 0.983848 0.0713392 
vn -0.24486 0.96693 0.0713392 
vn -0.323872 0.943407 0.0713392 
vn -0.400672 0.91344 0.0713392 
vn -0.474735 0.877233 0.0713392 
vn -0.545555 0.835033 0.0713392 
vn -0.612648 0.78713 0.0713392 
vn -0.675556 0.733849 0.0713392 
vn -0.733849 0.675556 0.0713392 
vn -0.78713 0.612648 0.0713392 
vn -0.835033 0.545555 0.0713392 
vn -0.877233 0.474735 0.0713392 
vn -0.91344 0.400672 0.0713392 
vn -0.943407 0.323872 0.0713392 
vn -0.96693 0.24486 0.0713392 
vn -0.983848 0.164175 0.0713392 
vn -0.994045 0.0823689 0.0713392 
vn -0.997452 3.32218e-16 0.0713392 
vn -0.994045 -0.0823689 0.0713392 
vn -0.983848 -0.164175 0.0713392 
vn -0.96693 -0.24486 0.0713392 
vn -0.943407 -0.323872 0.0713392 
vn -0.91344 -0.400672 0.0713392 
vn -0.877233 -0.474735 0.0713392 
vn -0.835033 -0.545555 0.0713392 
vn -0.78713 -0.612648 0.0713392 
vn -0.733849 -0.675556 0.0713392 
vn -0.675556 -0.733849 0.0713392 
vn -0.612648 -0.78713 0.0713392 
vn -0.545555 -0.835033 0.0713392 
vn -0.474735 -0.877233 0.0713392 
vn -0.400672 -0.91344 0.0713392 
vn -0.323872 -0.943407 0.0713392 
vn -0.24486 -0.96693 0.0713392 
vn -0.164175 -0.983848 0.0713392 
vn -0.0823689 -0.994045 0.0713392 
vn 0 -0.984111 0.177553 
vn 0.0812673 -0.98075 0.177553 
vn 0.161979 -0.970689 0.177553 
vn 0.241585 -0.953998 0.177553 
vn 0.31954 -0.930789 0.177553 
vn 0.395313 -0.901223 0.177553 
vn 0.468385 -0.8655 0.177553 
vn 0.538258 -0.823865 0.177553 
vn 0.604454 -0.776602 0.177553 
vn 0.66652 -0.724034 0.177553 
vn 0.724034 -0.66652 0.177553 
vn 0.776602 -0.604454 0.177553 
vn 0.823865 -0.538258 0.177553 
vn 0.8655 -0.468385 0.177553 
vn 0.901223 -0.395313 0.177553 
vn 0.930789 -0.31954 0.177553 
vn 0.953998 -0.241585 0.177553 
vn 0.970689 -0.161979 0.177553 
vn 0.98075 -0.0812673 0.177553 
vn 0.984111 0 0.177553 
vn 0.98075 0.0812673 0.177553 
vn 0.970689 0.161979 0.177553 
vn 0.953998 0.241585 0.177553 
vn 0.930789 0.31954 0.177553 
vn 0.901223 0.395313 0.177553 
vn 0.8655 0.468385 0.177553 
vn 0.823865 0.538258 0.177553 
vn 0.776602 0.604454 0.177553 
vn 0.724034 0.66652 0.177553 
vn 0.66652 0.724034 0.177553 
vn 0.604454 0.776602 0.177553 
vn 0.538258 0.823865 0.177553 
vn 0.468385 0.8655 0.177553 
vn 0.395313 0.901223 0.177553 
vn 0.31954 0.930789 0.177553 
vn 0.241585 0.953998 0.177553 
vn 0.161979 0.970689 0.177553 
vn 0.0812673 0.98075 0.177553 
vn 1.91202e-16 0.984111 0.177553 
vn -0.0812673 0.98075 0.177553 
vn -0.161979 0.970689 0.177553 
vn -0.241585 0.953998 0.177553 
vn -0.31954 0.930789 0.177553 
vn -0.395313 0.901223 0.177553 
vn -0.468385 0.8655 0.177553 
vn -0.538258 0.823865 0.177553 
vn -0.604454 0.776602 0.177553 
vn -0.66652 0.724034 0.177553 
vn -0.724034 0.66652 0.177553 
vn -0.776602 0.604454 0.177553 
vn -0.823865 0.538258 0.177553 
vn -0.8655 0.468385 0.177553 
vn -0.901223 0.395313 0.177553 
vn -0.930789 0.31954 0.177553 
vn -0.953998 0.241585 0.177553 
vn -0.970689 0.161979 0.177553 
vn -0.98075 0.0812673 0.177553 
vn -0.984111 3.27775e-16 0.177553 
vn -0.98075 -0.0812673 0.177553 
vn -0.970689 -0.161979 0.177553 
vn -0.953998 -0.241585 0.177553 
vn -0.930789 -0.31954 0.177553 
vn -0.901223 -0.395313 0.177553 
vn -0.8655 -0.468385 0.177553 
vn -0.823865 -0.538258 0.177553 
vn -0.776602 -0.604454 0.177553 
vn -0.724034 -0.66652 0.177553 
vn -0.66652 -0.724034 0.177553 
vn -0.604454 -0.776602 0.177553 
vn -0.538258 -0.823865 0.177553 
vn -0.468385 -0.8655 0.177553 
vn -0.395313 -0.901223 0.177553 
vn -0.31954 -0.930789 0.177553 
vn -0.241585 -0.953998 0.177553 
vn -0.161979 -0.970689 0.177553 
vn -0.0812673 -0.98075 0.177553 
vn 0 -0.959493 0.281733 
vn 0.0792343 -0.956216 0.281733 
vn 0.157927 -0.946407 0.281733 
vn 0.235542 -0.930133 0.281733 
vn 0.311547 -0.907505 0.281733 
vn 0.385424 -0.878678 0.281733 
vn 0.456668 -0.843849 0.281733 
vn 0.524793 -0.803255 0.281733 
vn 0.589333 -0.757175 0.281733 
vn 0.649847 -0.705922 0.281733 
vn 0.705922 -0.649847 0.281733 
vn 0.757175 -0.589333 0.281733 
vn 0.803255 -0.524793 0.281733 
vn 0.843849 -0.456668 0.281733 
vn 0.878678 -0.385424 0.281733 
vn 0.907505 -0.311547 0.281733 
vn 0.930133 -0.235542 0.281733 
vn 0.946407 -0.157927 0.281733 
vn 0.956216 -0.0792343 0.281733 
vn 0.959493 0 0.281733 
vn 0.956216 0.0792343 0.281733 
vn 0.946407 0.157927 0.281733 
vn 0.930133 0.235542 0.281733 
vn 0.907505 0.311547 0.281733 
vn 0.878678 0.385424 0.281733 
vn 0.843849 0.456668 0.281733 
vn 0.803255 0.524793 0.281733 
vn 0.757175 0.589333 0.281733 
vn 0.705922 0.649847 0.281733 
vn 0.649847 0.705922 0.281733 
vn 0.589333 0.757175 0.281733 
vn 0.524793 0.803255 0.281733 
vn 0.456668 0.843849 0.281733 
vn 0.385424 0.878678 0.281733 
vn 0.311547 0.907505 0.281733 
vn 0.235542 0.930133 0.281733 
vn 0.157927 0.946407 0.281733 
vn 0.0792343 0.956216 0.281733 
vn 1.86419e-16 0.959493 0.281733 
vn -0.0792343 0.956216 0.281733 
vn -0.157927 0.946407 0.281733 
vn -0.235542 0.930133 0.281733 
vn -0.311547 0.907505 0.281733 
vn -0.385424 0.878678 0.281733 
vn -0.456668 0.843849 0.281733 
vn -0.524793 0.803255 0.281733 
vn -0.589333 0.757175 0.281733 
vn -0.649847 0.705922 0.281733 
vn -0.705922 0.649847 0.281733 
vn -0.757175 0.589333 0.281733 
vn -0.803255 0.524793 0.281733 
vn -0.843849 0.456668 0.281733 
vn -0.878678 0.385424 0.281733 
vn -0.907505 0.311547 0.281733 
vn -0.930133 0.235542 0.281733 
vn -0.946407 0.157927 0.281733 
vn -0.956216 0.0792343 0.281733 
vn -0.959493 3.19575e-16 0.281733 
vn -0.956216 -0.0792343 0.281733 
vn -0.946407 -0.157927 0.281733 
vn -0.930133 -0.235542 0.281733 
vn -0.907505 -0.311547 0.281733 
vn -0.878678 -0.385424 0.281733 
vn -0.843849 -0.456668 0.281733 
vn -0.803255 -0.524793 0.281733 
vn -0.757175 -0.589333 0.281733 
vn -0.705922 -0.649847 0.281733 
vn -0.649847 -0.705922 0.281733 
vn -0.589333 -0.757175 0.281733 
vn -0.524793 -0.803255 0.281733 
vn -0.456668 -0.843849 0.281733 
vn -0.385424 -0.878678 0.281733 
vn -0.311547 -0.907505 0.281733 
vn -0.235542 -0.930133 0.281733 
vn -0.157927 -0.946407 0.281733 
vn -0.0792343 -0.956216 0.281733 
vn 0 -0.92388 0.382683 
vn 0.0762934 -0.920724 0.382683 
vn 0.152066 -0.911279 0.382683 
vn 0.226799 -0.895609 0.382683 
vn 0.299983 -0.873821 0.382683 
vn 0.371118 -0.846064 0.382683 
vn 0.439718 -0.812528 0.382683 
vn 0.505314 -0.773441 0.382683 
vn 0.567459 -0.729071 0.382683 
vn 0.625727 -0.67972 0.382683 
vn 0.67972 -0.625727 0.382683 
vn 0.729071 -0.567459 0.382683 
vn 0.773441 -0.505314 0.382683 
vn 0.812528 -0.439718 0.382683 
vn 0.846064 -0.371118 0.382683 
vn 0.873821 -0.299983 0.382683 
vn 0.895609 -0.226799 0.382683 
vn 0.911279 -0.152066 0.382683 
vn 0.920724 -0.0762934 0.382683 
vn 0.92388 0 0.382683 
vn 0.920724 0.0762934 0.382683 
vn 0.911279 0.152066 0.382683 
vn 0.895609 0.226799 0.382683 
vn 0.873821 0.299983 0.382683 
vn 0.846064 0.371118 0.382683 
vn 0.812528 0.439718 0.382683 
vn 0.773441 0.505314 0.382683 
vn 0.729071 0.567459 0.382683 
vn 0.67972 0.625727 0.382683 
vn 0.625727 0.67972 0.382683 
vn 0.567459 0.729071 0.382683 
vn 0.505314 0.773441 0.382683 
vn 0.439718 0.812528 0.382683 
vn 0.371118 0.846064 0.382683 
vn 0.299983 0.873821 0.382683 
vn 0.226799 0.895609 0.382683 
vn 0.152066 0.911279 0.382683 
vn 0.0762934 0.920724 0.382683 
vn 1.795e-16 0.92388 0.382683 
vn -0.0762934 0.920724 0.382683 
vn -0.152066 0.911279 0.382683 
vn -0.226799 0.895609 0.382683 
vn -0.299983 0.873821 0.382683 
vn -0.371118 0.846064 0.382683 
vn -0.439718 0.812528 0.382683 
vn -0.505314 0.773441 0.382683 
vn -0.567459 0.729071 0.382683 
vn -0.625727 0.67972 0.382683 
vn -0.67972 0.625727 0.382683 
vn -0.729071 0.567459 0.382683 
vn -0.773441 0.505314 0.382683 
vn -0.812528 0.439718 0.382683 
vn -0.846064 0.371118 0.382683 
vn -0.873821 0.299983 0.382683 
vn -0.895609 0.226799 0.382683 
vn -0.911279 0.152066 0.382683 
vn -0.920724 0.0762934 0.382683 
vn -0.92388 3.07714e-16 0.382683 
vn -0.920724 -0.0762934 0.382683 
vn -0.911279 -0.152066 0.382683 
vn -0.895609 -0.226799 0.382683 
vn -0.873821 -0.299983 0.382683 
vn -0.846064 -0.371118 0.382683 
vn -0.812528 -0.439718 0.382683 
vn -0.773441 -0.505314 0.382683 
vn -0.729071 -0.567459 0.382683 
vn -0.67972 -0.625727 0.382683 
vn -0.625727 -0.67972 0.382683 
vn -0.567459 -0.729071 0.382683 
vn -0.505314 -0.773441 0.382683 
vn -0.439718 -0.812528 0.382683 
vn -0.371118 -0.846064 0.382683 
vn -0.299983 -0.873821 0.382683 
vn -0.226799 -0.895609 0.382683 
vn -0.152066 -0.911279 0.382683 
vn -0.0762934 -0.920724 0.382683 
vn 0 -0.877679 0.479249 
vn 0.0724782 -0.874681 0.479249 
vn 0.144461 -0.865709 0.479249 
vn 0.215457 -0.850822 0.479249 
vn 0.284982 -0.830124 0.479249 
vn 0.35256 -0.803755 0.479249 
vn 0.417729 -0.771896 0.479249 
vn 0.480045 -0.734763 0.479249 
vn 0.539082 -0.692612 0.479249 
vn 0.594436 -0.645729 0.479249 
vn 0.645729 -0.594436 0.479249 
vn 0.692612 -0.539082 0.479249 
vn 0.734763 -0.480045 0.479249 
vn 0.771896 -0.417729 0.479249 
vn 0.803755 -0.35256 0.479249 
vn 0.830124 -0.284982 0.479249 
vn 0.850822 -0.215457 0.479249 
vn 0.865709 -0.144461 0.479249 
vn 0.874681 -0.0724782 0.479249 
vn 0.877679 0 0.479249 
vn 0.874681 0.0724782 0.479249 
vn 0.865709 0.144461 0.479249 
vn 0.850822 0.215457 0.479249 
vn 0.830124 0.284982 0.479249 
vn 0.803755 0.35256 0.479249 
vn 0.771896 0.417729 0.479249 
vn 0.734763 0.480045 0.479249 
vn 0.692612 0.539082 0.479249 
vn 0.645729 0.594436 0.479249 
vn 0.594436 0.645729 0.479249 
vn 0.539082 0.692612 0.479249 
vn 0.480045 0.734763 0.479249 
vn 0.417729 0.771896 0.479249 
vn 0.35256 0.803755 0.479249 
vn 0.284982 0.830124 0.479249 
vn 0.215457 0.850822 0.479249 
vn 0.144461 0.865709 0.479249 
vn 0.0724782 0.874681 0.479249 
vn 1.70523e-16 0.877679 0.479249 
vn -0.0724782 0.874681 0.479249 
vn -0.144461 0.865709 0.479249 
vn -0.215457 0.850822 0.479249 
vn -0.284982 0.830124 0.479249 
vn -0.35256 0.803755 0.479249 
vn -0.417729 0.771896 0.479249 
vn -0.480045 0.734763 0.479249 
vn -0.539082 0.692612 0.479249 
vn -0.594436 0.645729 0.479249 
vn -0.645729 0.594436 0.479249 
vn -0.692612 0.539082 0.479249 
vn -0.734763 0.480045 0.479249 
vn -0.771896 0.417729 0.479249 
vn -0.803755 0.35256 0.479249 
vn -0.830124 0.284982 0.479249 
vn -0.850822 0.215457 0.479249 
vn -0.865709 0.144461 0.479249 
vn -0.874681 0.0724782 0.479249 
vn -0.877679 2.92326e-16 0.479249 
vn -0.874681 -0.0724782 0.479249 
vn -0.865709 -0.144461 0.479249 
vn -0.850822 -0.215457 0.479249 
vn -0.830124 -0.284982 0.479249 
vn -0.803755 -0.35256 0.479249 
vn -0.771896 -0.417729 0.479249 
vn -0.734763 -0.480045 0.479249 
vn -0.692612 -0.539082 0.479249 
vn -0.645729 -0.594436 0.479249 
vn -0.594436 -0.645729 0.479249 
vn -0.539082 -0.692612 0.479249 
vn -0.480045 -0.734763 0.479249 
vn -0.417729 -0.771896 0.479249 
vn -0.35256 -0.803755 0.479249 
vn -0.284982 -0.830124 0.479249 
vn -0.215457 -0.850822 0.479249 
vn -0.144461 -0.865709 0.479249 
vn -0.0724782 -0.874681 0.479249 
vn 0 -0.821421 0.570323 
vn 0.0678324 -0.818615 0.570323 
vn 0.135201 -0.810218 0.570323 
vn 0.201647 -0.796286 0.570323 
vn 0.266715 -0.776914 0.570323 
vn 0.329961 -0.752235 0.570323 
vn 0.390953 -0.722418 0.570323 
vn 0.449275 -0.687666 0.570323 
vn 0.504527 -0.648216 0.570323 
vn 0.556333 -0.604339 0.570323 
vn 0.604339 -0.556333 0.570323 
vn 0.648216 -0.504527 0.570323 
vn 0.687666 -0.449275 0.570323 
vn 0.722418 -0.390953 0.570323 
vn 0.752235 -0.329961 0.570323 
vn 0.776914 -0.266715 0.570323 
vn 0.796286 -0.201647 0.570323 
vn 0.810218 -0.135201 0.570323 
vn 0.818615 -0.0678324 0.570323 
vn 0.821421 0 0.570323 
vn 0.818615 0.0678324 0.570323 
vn 0.810218 0.135201 0.570323 
vn 0.796286 0.201647 0.570323 
vn 0.776914 0.266715 0.570323 
vn 0.752235 0.329961 0.570323 
vn 0.722418 0.390953 0.570323 
vn 0.687666 0.449275 0.570323 
vn 0.648216 0.504527 0.570323 
vn 0.604339 0.556333 0.570323 
vn 0.556333 0.604339 0.570323 
vn 0.504527 0.648216 0.570323 
vn 0.449275 0.687666 0.570323 
vn 0.390953 0.722418 0.570323 
vn 0.329961 0.752235 0.570323 
vn 0.266715 0.776914 0.570323 
vn 0.201647 0.796286 0.570323 
vn 0.135201 0.810218 0.570323 
vn 0.0678324 0.818615 0.570323 
vn 1.59593e-16 0.821421 0.570323 
vn -0.0678324 0.818615 0.570323 
vn -0.135201 0.810218 0.570323 
vn -0.201647 0.796286 0.570323 
vn -0.266715 0.776914 0.570323 
vn -0.329961 0.752235 0.570323 
vn -0.390953 0.722418 0.570323 
vn -0.449275 0.687666 0.570323 
vn -0.504527 0.648216 0.570323 
vn -0.556333 0.604339 0.570323 
vn -0.604339 0.556333 0.570323 
vn -0.648216 0.504527 0.570323 
vn -0.687666 0.449275 0.570323 
vn -0.722418 0.390953 0.570323 
vn -0.752235 0.329961 0.570323 
vn -0.776914 0.266715 0.570323 
vn -0.796286 0.201647 0.570323 
vn -0.810218 0.135201 0.570323 
vn -0.818615 0.0678324 0.570323 
vn -0.821421 2.73588e-16 0.570323 
vn -0.818615 -0.0678324 0.570323 
vn -0.810218 -0.135201 0.570323 
vn -0.796286 -0.201647 0.570323 
vn -0.776914 -0.266715 0.570323 
vn -0.752235 -0.329961 0.570323 
vn -0.722418 -0.390953 0.570323 
vn -0.687666 -0.449275 0.570323 
vn -0.648216 -0.504527 0.570323 
vn -0.604339 -0.556333 0.570323 
vn -0.556333 -0.604339 0.570323 
vn -0.504527 -0.648216 0.570323 
vn -0.449275 -0.687666 0.570323 
vn -0.390953 -0.722418 0.570323 
vn -0.329961 -0.752235 0.570323 
vn -0.266715 -0.776914 0.570323 
vn -0.201647 -0.796286 0.570323 
vn -0.135201 -0.810218 0.570323 
vn -0.0678324 -0.818615 0.570323 
vn 0 -0.75575 0.654861 
vn 0.0624093 -0.753168 0.654861 
vn 0.124392 -0.745442 0.654861 
vn 0.185526 -0.732624 0.654861 
vn 0.245391 -0.714801 0.654861 
vn 0.303581 -0.692095 0.654861 
vn 0.359697 -0.664662 0.654861 
vn 0.413356 -0.632688 0.654861 
vn 0.464191 -0.596393 0.654861 
vn 0.511855 -0.556023 0.654861 
vn 0.556023 -0.511855 0.654861 
vn 0.596393 -0.464191 0.654861 
vn 0.632688 -0.413356 0.654861 
vn 0.664662 -0.359697 0.654861 
vn 0.692095 -0.303581 0.654861 
vn 0.714801 -0.245391 0.654861 
vn 0.732624 -0.185526 0.654861 
vn 0.745442 -0.124392 0.654861 
vn 0.753168 -0.0624093 0.654861 
vn 0.75575 0 0.654861 
vn 0.753168 0.0624093 0.654861 
vn 0.745442 0.124392 0.654861 
vn 0.732624 0.185526 0.654861 
vn 0.714801 0.245391 0.654861 
vn 0.692095 0.303581 0.654861 
vn 0.664662 0.359697 0.654861 
vn 0.632688 0.413356 0.654861 
vn 0.596393 0.464191 0.654861 
vn 0.556023 0.511855 0.654861 
vn 0.511855 0.556023 0.654861 
vn 0.464191 0.596393 0.654861 
vn 0.413356 0.632688 0.654861 
vn 0.359697 0.664662 0.654861 
vn 0.303581 0.692095 0.654861 
vn 0.245391 0.714801 0.654861 
vn 0.185526 0.732624 0.654861 
vn 0.124392 0.745442 0.654861 
vn 0.0624093 0.753168 0.654861 
vn 1.46834e-16 0.75575 0.654861 
vn -0.0624093 0.753168 0.654861 
vn -0.124392 0.745442 0.654861 
vn -0.185526 0.732624 0.654861 
vn -0.245391 0.714801 0.654861 
vn -0.303581 0.692095 0.654861 
vn -0.359697 0.664662 0.654861 
vn -0.413356 0.632688 0.654861 
vn -0.464191 0.596393 0.654861 
vn -0.511855 0.556023 0.654861 
vn -0.556023 0.511855 0.654861 
vn -0.596393 0.464191 0.654861 
vn -0.632688 0.413356 0.654861 
vn -0.664662 0.359697 0.654861 
vn -0.692095 0.303581 0.654861 
vn -0.714801 0.245391 0.654861 
vn -0.732624 0.185526 0.654861 
vn -0.745442 0.124392 0.654861 
vn -0.753168 0.0624093 0.654861 
vn -0.75575 2.51715e-16 0.654861 
vn -0.753168 -0.0624093 0.654861 
vn -0.745442 -0.124392 0.654861 
vn -0.732624 -0.185526 0.654861 
vn -0.714801 -0.245391 0.654861 
vn -0.692095 -0.303581 0.654861 
vn -0.664662 -0.359697 0.654861 
vn -0.632688 -0.413356 0.654861 
vn -0.596393 -0.464191 0.654861 
vn -0.556023 -0.511855 0.654861 
vn -0.511855 -0.556023 0.654861 
vn -0.464191 -0.596393 0.654861 
vn -0.413356 -0.632688 0.654861 
vn -0.359697 -0.664662 0.654861 
vn -0.303581 -0.692095 0.654861 
vn -0.245391 -0.714801 0.654861 
vn -0.185526 -0.732624 0.654861 
vn -0.124392 -0.745442 0.654861 
vn -0.0624093 -0.753168 0.654861 
vn 0 -0.681418 0.731895 
vn 0.056271 -0.679091 0.731895 
vn 0.112158 -0.672124 0.731895 
vn 0.167278 -0.660567 0.731895 
vn 0.221256 -0.644497 0.731895 
vn 0.273722 -0.624024 0.731895 
vn 0.324319 -0.599289 0.731895 
vn 0.3727 -0.57046 0.731895 
vn 0.418536 -0.537734 0.731895 
vn 0.461512 -0.501335 0.731895 
vn 0.501335 -0.461512 0.731895 
vn 0.537734 -0.418536 0.731895 
vn 0.57046 -0.3727 0.731895 
vn 0.599289 -0.324319 0.731895 
vn 0.624024 -0.273722 0.731895 
vn 0.644497 -0.221256 0.731895 
vn 0.660567 -0.167278 0.731895 
vn 0.672124 -0.112158 0.731895 
vn 0.679091 -0.056271 0.731895 
vn 0.681418 0 0.731895 
vn 0.679091 0.056271 0.731895 
vn 0.672124 0.112158 0.731895 
vn 0.660567 0.167278 0.731895 
vn 0.644497 0.221256 0.731895 
vn 0.624024 0.273722 0.731895 
vn 0.599289 0.324319 0.731895 
vn 0.57046 0.3727 0.731895 
vn 0.537734 0.418536 0.731895 
vn 0.501335 0.461512 0.731895 
vn 0.461512 0.501335 0.731895 
vn 0.418536 0.537734 0.731895 
vn 0.3727 0.57046 0.731895 
vn 0.324319 0.599289 0.731895 
vn 0.273722 0.624024 0.731895 
vn 0.221256 0.644497 0.731895 
vn 0.167278 0.660567 0.731895 
vn 0.112158 0.672124 0.731895 
vn 0.056271 0.679091 0.731895 
vn 1.32392e-16 0.681418 0.731895 
vn -0.056271 0.679091 0.731895 
vn -0.112158 0.672124 0.731895 
vn -0.167278 0.660567 0.731895 
vn -0.221256 0.644497 0.731895 
vn -0.273722 0.624024 0.731895 
vn -0.324319 0.599289 0.731895 
vn -0.3727 0.57046 0.731895 
vn -0.418536 0.537734 0.731895 
vn -0.461512 0.501335 0.731895 
vn -0.501335 0.461512 0.731895 
vn -0.537734 0.418536 0.731895 
vn -0.57046 0.3727 0.731895 
vn -0.599289 0.324319 0.731895 
vn -0.624024 0.273722 0.731895 
vn -0.644497 0.221256 0.731895 
vn -0.660567 0.167278 0.731895 
vn -0.672124 0.112158 0.731895 
vn -0.679091 0.056271 0.731895 
vn -0.681418 2.26958e-16 0.731895 
vn -0.679091 -0.056271 0.731895 
vn -0.672124 -0.112158 0.731895 
vn -0.660567 -0.167278 0.731895 
vn -0.644497 -0.221256 0.731895 
vn -0.624024 -0.273722 0.731895 
vn -0.599289 -0.324319 0.731895 
vn -0.57046 -0.3727 0.731895 
vn -0.537734 -0.418536 0.731895 
vn -0.501335 -0.461512 0.731895 
vn -0.461512 -0.501335 0.731895 
vn -0.418536 -0.537734 0.731895 
vn -0.3727 -0.57046 0.731895 
vn -0.324319 -0.599289 0.731895 
vn -0.273722 -0.624024 0.731895 
vn -0.221256 -0.644497 0.731895 
vn -0.167278 -0.660567 0.731895 
vn -0.112158 -0.672124 0.731895 
vn -0.056271 -0.679091 0.731895 
vn 0 -0.599278 0.800541 
vn 0.049488 -0.597231 0.800541 
vn 0.0986379 -0.591104 0.800541 
vn 0.147114 -0.58094 0.800541 
vn 0.194585 -0.566807 0.800541 
vn 0.240727 -0.548803 0.800541 
vn 0.285225 -0.527049 0.800541 
vn 0.327774 -0.501695 0.800541 
vn 0.368084 -0.472914 0.800541 
vn 0.40588 -0.440903 0.800541 
vn 0.440903 -0.40588 0.800541 
vn 0.472914 -0.368084 0.800541 
vn 0.501695 -0.327774 0.800541 
vn 0.527049 -0.285225 0.800541 
vn 0.548803 -0.240727 0.800541 
vn 0.566807 -0.194585 0.800541 
vn 0.58094 -0.147114 0.800541 
vn 0.591104 -0.0986379 0.800541 
vn 0.597231 -0.049488 0.800541 
vn 0.599278 0 0.800541 
vn 0.597231 0.049488 0.800541 
vn 0.591104 0.0986379 0.800541 
vn 0.58094 0.147114 0.800541 
vn 0.566807 0.194585 0.800541 
vn 0.548803 0.240727 0.800541 
vn 0.527049 0.285225 0.800541 
vn 0.501695 0.327774 0.800541 
vn 0.472914 0.368084 0.800541 
vn 0.440903 0.40588 0.800541 
vn 0.40588 0.440903 0.800541 
vn 0.368084 0.472914 0.800541 
vn 0.327774 0.501695 0.800541 
vn 0.285225 0.527049 0.800541 
vn 0.240727 0.548803 0.800541 
vn 0.194585 0.566807 0.800541 
vn 0.147114 0.58094 0.800541 
vn 0.0986379 0.591104 0.800541 
vn 0.049488 0.597231 0.800541 
vn 1.16433e-16 0.599278 0.800541 
vn -0.049488 0.597231 0.800541 
vn -0.0986379 0.591104 0.800541 
vn -0.147114 0.58094 0.800541 
vn -0.194585 0.566807 0.800541 
vn -0.240727 0.548803 0.800541 
vn -0.285225 0.527049 0.800541 
vn -0.327774 0.501695 0.800541 
vn -0.368084 0.472914 0.800541 
vn -0.40588 0.440903 0.800541 
vn -0.440903 0.40588 0.800541 
vn -0.472914 0.368084 0.800541 
vn -0.501695 0.327774 0.800541 
vn -0.527049 0.285225 0.800541 
vn -0.548803 0.240727 0.800541 
vn -0.566807 0.194585 0.800541 
vn -0.58094 0.147114 0.800541 
vn -0.591104 0.0986379 0.800541 
vn -0.597231 0.049488 0.800541 
vn -0.599278 1.996e-16 0.800541 
vn -0.597231 -0.049488 0.800541 
vn -0.591104 -0.0986379 0.800541 
vn -0.58094 -0.147114 0.800541 
vn -0.566807 -0.194585 0.800541 
vn -0.548803 -0.240727 0.800541 
vn -0.527049 -0.285225 0.800541 
vn -0.501695 -0.327774 0.800541 
vn -0.472914 -0.368084 0.800541 
vn -0.440903 -0.40588 0.800541 
vn -0.40588 -0.440903 0.800541 
vn -0.368084 -0.472914 0.800541 
vn -0.327774 -0.501695 0.800541 
vn -0.285225 -0.527049 0.800541 
vn -0.240727 -0.548803 0.800541 
vn -0.194585 -0.566807 0.800541 
vn -0.147114 -0.58094 0.800541 
vn -0.0986379 -0.591104 0.800541 
vn -0.049488 -0.597231 0.800541 
vn 0 -0.51027 0.860014 
vn 0.0421378 -0.508527 0.860014 
vn 0.0839877 -0.503311 0.860014 
vn 0.125264 -0.494656 0.860014 
vn 0.165684 -0.482622 0.860014 
vn 0.204973 -0.467292 0.860014 
vn 0.242862 -0.448769 0.860014 
vn 0.279091 -0.427181 0.860014 
vn 0.313414 -0.402675 0.860014 
vn 0.345596 -0.375418 0.860014 
vn 0.375418 -0.345596 0.860014 
vn 0.402675 -0.313414 0.860014 
vn 0.427181 -0.279091 0.860014 
vn 0.448769 -0.242862 0.860014 
vn 0.467292 -0.204973 0.860014 
vn 0.482622 -0.165684 0.860014 
vn 0.494656 -0.125264 0.860014 
vn 0.503311 -0.0839877 0.860014 
vn 0.508527 -0.0421378 0.860014 
vn 0.51027 0 0.860014 
vn 0.508527 0.0421378 0.860014 
vn 0.503311 0.0839877 0.860014 
vn 0.494656 0.125264 0.860014 
vn 0.482622 0.165684 0.860014 
vn 0.467292 0.204973 0.860014 
vn 0.448769 0.242862 0.860014 
vn 0.427181 0.279091 0.860014 
vn 0.402675 0.313414 0.860014 
vn 0.375418 0.345596 0.860014 
vn 0.345596 0.375418 0.860014 
vn 0.313414 0.402675 0.860014 
vn 0.279091 0.427181 0.860014 
vn 0.242862 0.448769 0.860014 
vn 0.204973 0.467292 0.860014 
vn 0.165684 0.482622 0.860014 
vn 0.125264 0.494656 0.860014 
vn 0.0839877 0.503311 0.860014 
vn 0.0421378 0.508527 0.860014 
vn 9.91399e-17 0.51027 0.860014 
vn -0.0421378 0.508527 0.860014 
vn -0.0839877 0.503311 0.860014 
vn -0.125264 0.494656 0.860014 
vn -0.165684 0.482622 0.860014 
vn -0.204973 0.467292 0.860014 
vn -0.242862 0.448769 0.860014 
vn -0.279091 0.427181 0.860014 
vn -0.313414 0.402675 0.860014 
vn -0.345596 0.375418 0.860014 
vn -0.375418 0.345596 0.860014 
vn -0.402675 0.313414 0.860014 
vn -0.427181 0.279091 0.860014 
vn -0.448769 0.242862 0.860014 
vn -0.467292 0.204973 0.860014 
vn -0.482622 0.165684 0.860014 
vn -0.494656 0.125264 0.860014 
vn -0.503311 0.0839877 0.860014 
vn -0.508527 0.0421378 0.860014 
vn -0.51027 1.69954e-16 0.860014 
vn -0.508527 -0.0421378 0.860014 
vn -0.503311 -0.0839877 0.860014 
vn -0.494656 -0.125264 0.860014 
vn -0.482622 -0.165684 0.860014 
vn -0.467292 -0.204973 0.860014 
vn -0.448769 -0.242862 0.860014 
vn -0.427181 -0.279091 0.860014 
vn -0.402675 -0.313414 0.860014 
vn -0.375418 -0.345596 0.860014 
vn -0.345596 -0.375418 0.860014 
vn -0.313414 -0.402675 0.860014 
vn -0.279091 -0.427181 0.860014 
vn -0.242862 -0.448769 0.860014 
vn -0.204973 -0.467292 0.860014 
vn -0.165684 -0.482622 0.860014 
vn -0.125264 -0.494656 0.860014 
vn -0.0839877 -0.503311 0.860014 
vn -0.0421378 -0.508527 0.860014 
vn 0 -0.415415 0.909632 
vn 0.0343047 -0.413996 0.909632 
vn 0.0683751 -0.409749 0.909632 
vn 0.101978 -0.402703 0.909632 
vn 0.134885 -0.392907 0.909632 
vn 0.16687 -0.380426 0.909632 
vn 0.197716 -0.365347 0.909632 
vn 0.22721 -0.347772 0.909632 
vn 0.255153 -0.327821 0.909632 
vn 0.281353 -0.305631 0.909632 
vn 0.305631 -0.281353 0.909632 
vn 0.327821 -0.255153 0.909632 
vn 0.347772 -0.22721 0.909632 
vn 0.365347 -0.197716 0.909632 
vn 0.380426 -0.16687 0.909632 
vn 0.392907 -0.134885 0.909632 
vn 0.402703 -0.101978 0.909632 
vn 0.409749 -0.0683751 0.909632 
vn 0.413996 -0.0343047 0.909632 
vn 0.415415 0 0.909632 
vn 0.413996 0.0343047 0.909632 
vn 0.409749 0.0683751 0.909632 
vn 0.402703 0.101978 0.909632 
vn 0.392907 0.134885 0.909632 
vn 0.380426 0.16687 0.909632 
vn 0.365347 0.197716 0.909632 
vn 0.347772 0.22721 0.909632 
vn 0.327821 0.255153 0.909632 
vn 0.305631 0.281353 0.909632 
vn 0.281353 0.305631 0.909632 
vn 0.255153 0.327821 0.909632 
vn 0.22721 0.347772 0.909632 
vn 0.197716 0.365347 0.909632 
vn 0.16687 0.380426 0.909632 
vn 0.134885 0.392907 0.909632 
vn 0.101978 0.402703 0.909632 
vn 0.0683751 0.409749 0.909632 
vn 0.0343047 0.413996 0.909632 
vn 8.07106e-17 0.415415 0.909632 
vn -0.0343047 0.413996 0.909632 
vn -0.0683751 0.409749 0.909632 
vn -0.101978 0.402703 0.909632 
vn -0.134885 0.392907 0.909632 
vn -0.16687 0.380426 0.909632 
vn -0.197716 0.365347 0.909632 
vn -0.22721 0.347772 0.909632 
vn -0.255153 0.327821 0.909632 
vn -0.281353 0.305631 0.909632 
vn -0.305631 0.281353 0.909632 
vn -0.327821 0.255153 0.909632 
vn -0.347772 0.22721 0.909632 
vn -0.365347 0.197716 0.909632 
vn -0.380426 0.16687 0.909632 
vn -0.392907 0.134885 0.909632 
vn -0.402703 0.101978 0.909632 
vn -0.409749 0.0683751 0.909632 
vn -0.413996 0.0343047 0.909632 
vn -0.415415 1.38361e-16 0.909632 
vn -0.413996 -0.0343047 0.909632 
vn -0.409749 -0.0683751 0.909632 
vn -0.402703 -0.101978 0.909632 
vn -0.392907 -0.134885 0.909632 
vn -0.380426 -0.16687 0.909632 
vn -0.365347 -0.197716 0.909632 
vn -0.347772 -0.22721 0.909632 
vn -0.327821 -0.255153 0.909632 
vn -0.305631 -0.281353 0.909632 
vn -0.281353 -0.305631 0.909632 
vn -0.255153 -0.327821 0.909632 
vn -0.22721 -0.347772 0.909632 
vn -0.197716 -0.365347 0.909632 
vn -0.16687 -0.380426 0.909632 
vn -0.134885 -0.392907 0.909632 
vn -0.101978 -0.402703 0.909632 
vn -0.0683751 -0.409749 0.909632 
vn -0.0343047 -0.413996 0.909632 
vn 0 -0.3158 0.948826 
vn 0.0260785 -0.314721 0.948826 
vn 0.0519789 -0.311492 0.948826 
vn 0.0775242 -0.306136 0.948826 
vn 0.10254 -0.298689 0.948826 
vn 0.126855 -0.289201 0.948826 
vn 0.150304 -0.277737 0.948826 
vn 0.172726 -0.264377 0.948826 
vn 0.193968 -0.24921 0.948826 
vn 0.213885 -0.232341 0.948826 
vn 0.232341 -0.213885 0.948826 
vn 0.24921 -0.193968 0.948826 
vn 0.264377 -0.172726 0.948826 
vn 0.277737 -0.150304 0.948826 
vn 0.289201 -0.126855 0.948826 
vn 0.298689 -0.10254 0.948826 
vn 0.306136 -0.0775242 0.948826 
vn 0.311492 -0.0519789 0.948826 
vn 0.314721 -0.0260785 0.948826 
vn 0.3158 0 0.948826 
vn 0.314721 0.0260785 0.948826 
vn 0.311492 0.0519789 0.948826 
vn 0.306136 0.0775242 0.948826 
vn 0.298689 0.10254 0.948826 
vn 0.289201 0.126855 0.948826 
vn 0.277737 0.150304 0.948826 
vn 0.264377 0.172726 0.948826 
vn 0.24921 0.193968 0.948826 
vn 0.232341 0.213885 0.948826 
vn 0.213885 0.232341 0.948826 
vn 0.193968 0.24921 0.948826 
vn 0.172726 0.264377 0.948826 
vn 0.150304 0.277737 0.948826 
vn 0.126855 0.289201 0.948826 
vn 0.10254 0.298689 0.948826 
vn 0.0775242 0.306136 0.948826 
vn 0.0519789 0.311492 0.948826 
vn 0.0260785 0.314721 0.948826 
vn 6.13564e-17 0.3158 0.948826 
vn -0.0260785 0.314721 0.948826 
vn -0.0519789 0.311492 0.948826 
vn -0.0775242 0.306136 0.948826 
vn -0.10254 0.298689 0.948826 
vn -0.126855 0.289201 0.948826 
vn -0.150304 0.277737 0.948826 
vn -0.172726 0.264377 0.948826 
vn -0.193968 0.24921 0.948826 
vn -0.213885 0.232341 0.948826 
vn -0.232341 0.213885 0.948826 
vn -0.24921 0.193968 0.948826 
vn -0.264377 0.172726 0.948826 
vn -0.277737 0.150304 0.948826 
vn -0.289201 0.126855 0.948826 
vn -0.298689 0.10254 0.948826 
vn -0.306136 0.0775242 0.948826 
vn -0.311492 0.0519789 0.948826 
vn -0.314721 0.0260785 0.948826 
vn -0.3158 1.05182e-16 0.948826 
vn -0.314721 -0.0260785 0.948826 
vn -0.311492 -0.0519789 0.948826 
vn -0.306136 -0.0775242 0.948826 
vn -0.298689 -0.10254 0.948826 
vn -0.289201 -0.126855 0.948826 
vn -0.277737 -0.150304 0.948826 
vn -0.264377 -0.172726 0.948826 
vn -0.24921 -0.193968 0.948826 
vn -0.232341 -0.213885 0.948826 
vn -0.213885 -0.232341 0.948826 
vn -0.193968 -0.24921 0.948826 
vn -0.172726 -0.264377 0.948826 
vn -0.150304 -0.277737 0.948826 
vn -0.126855 -0.289201 0.948826 
vn -0.10254 -0.298689 0.948826 
vn -0.0775242 -0.306136 0.948826 
vn -0.0519789 -0.311492 0.948826 
vn -0.0260785 -0.314721 0.948826 
vn 0 -0.212565 0.977147 
vn 0.0175535 -0.211839 0.977147 
vn 0.0349871 -0.209666 0.977147 
vn 0.0521817 -0.206061 0.977147 
vn 0.0690198 -0.201048 0.977147 
vn 0.0853865 -0.194662 0.977147 
vn 0.10117 -0.186946 0.977147 
vn 0.116262 -0.177953 0.977147 
vn 0.13056 -0.167744 0.977147 
vn 0.143967 -0.156389 0.977147 
vn 0.156389 -0.143967 0.977147 
vn 0.167744 -0.13056 0.977147 
vn 0.177953 -0.116262 0.977147 
vn 0.186946 -0.10117 0.977147 
vn 0.194662 -0.0853865 0.977147 
vn 0.201048 -0.0690198 0.977147 
vn 0.206061 -0.0521817 0.977147 
vn 0.209666 -0.0349871 0.977147 
vn 0.211839 -0.0175535 0.977147 
vn 0.212565 0 0.977147 
vn 0.211839 0.0175535 0.977147 
vn 0.209666 0.0349871 0.977147 
vn 0.206061 0.0521817 0.977147 
vn 0.201048 0.0690198 0.977147 
vn 0.194662 0.0853865 0.977147 
vn 0.186946 0.10117 0.977147 
vn 0.177953 0.116262 0.977147 
vn 0.167744 0.13056 0.977147 
vn 0.156389 0.143967 0.977147 
vn 0.143967 0.156389 0.977147 
vn 0.13056 0.167744 0.977147 
vn 0.116262 0.177953 0.977147 
vn 0.10117 0.186946 0.977147 
vn 0.0853865 0.194662 0.977147 
vn 0.0690198 0.201048 0.977147 
vn 0.0521817 0.206061 0.977147 
vn 0.0349871 0.209666 0.977147 
vn 0.0175535 0.211839 0.977147 
vn 4.12991e-17 0.212565 0.977147 
vn -0.0175535 0.211839 0.977147 
vn -0.0349871 0.209666 0.977147 
vn -0.0521817 0.206061 0.977147 
vn -0.0690198 0.201048 0.977147 
vn -0.0853865 0.194662 0.977147 
vn -0.10117 0.186946 0.977147 
vn -0.116262 0.177953 0.977147 
vn -0.13056 0.167744 0.977147 
vn -0.143967 0.156389 0.977147 
vn -0.156389 0.143967 0.977147 
vn -0.167744 0.13056 0.977147 
vn -0.177953 0.116262 0.977147 
vn -0.186946 0.10117 0.977147 
vn -0.194662 0.0853865 0.977147 
vn -0.201048 0.0690198 0.977147 
vn -0.206061 0.0521817 0.977147 
vn -0.209666 0.0349871 0.977147 
vn -0.211839 0.0175535 0.977147 
vn -0.212565 7.07985e-17 0.977147 
vn -0.211839 -0.0175535 0.977147 
vn -0.209666 -0.0349871 0.977147 
vn -0.206061 -0.0521817 0.977147 
vn -0.201048 -0.0690198 0.977147 
vn -0.194662 -0.0853865 0.977147 
vn -0.186946 -0.10117 0.977147 
vn -0.177953 -0.116262 0.977147 
vn -0.167744 -0.13056 0.977147 
vn -0.156389 -0.143967 0.977147 
vn -0.143967 -0.156389 0.977147 
vn -0.13056 -0.167744 0.977147 
vn -0.116262 -0.177953 0.977147 
vn -0.10117 -0.186946 0.977147 
vn -0.0853865 -0.194662 0.977147 
vn -0.0690198 -0.201048 0.977147 
vn -0.0521817 -0.206061 0.977147 
vn -0.0349871 -0.209666 0.977147 
vn -0.0175535 -0.211839 0.977147 
vn 0 -0.106895 0.99427 
vn 0.00882733 -0.10653 0.99427 
vn 0.0175944 -0.105437 0.99427 
vn 0.0262412 -0.103624 0.99427 
vn 0.0347088 -0.101103 0.99427 
vn 0.0429393 -0.0978917 0.99427 
vn 0.0508765 -0.0940115 0.99427 
vn 0.0584661 -0.089489 0.99427 
vn 0.0656563 -0.0843553 0.99427 
vn 0.0723981 -0.0786453 0.99427 
vn 0.0786453 -0.0723981 0.99427 
vn 0.0843553 -0.0656563 0.99427 
vn 0.089489 -0.0584661 0.99427 
vn 0.0940115 -0.0508765 0.99427 
vn 0.0978917 -0.0429393 0.99427 
vn 0.101103 -0.0347088 0.99427 
vn 0.103624 -0.0262412 0.99427 
vn 0.105437 -0.0175944 0.99427 
vn 0.10653 -0.00882733 0.99427 
vn 0.106895 0 0.99427 
vn 0.10653 0.00882733 0.99427 
vn 0.105437 0.0175944 0.99427 
vn 0.103624 0.0262412 0.99427 
vn 0.101103 0.0347088 0.99427 
vn 0.0978917 0.0429393 0.99427 
vn 0.0940115 0.0508765 0.99427 
vn 0.089489 0.0584661 0.99427 
vn 0.0843553 0.0656563 0.99427 
vn 0.0786453 0.0723981 0.99427 
vn 0.0723981 0.0786453 0.99427 
vn 0.0656563 0.0843553 0.99427 
vn 0.0584661 0.089489 0.99427 
vn 0.0508765 0.0940115 0.99427 
vn 0.0429393 0.0978917 0.99427 
vn 0.0347088 0.101103 0.99427 
vn 0.0262412 0.103624 0.99427 
vn 0.0175944 0.105437 0.99427 
vn 0.00882733 0.10653 0.99427 
vn 2.07685e-17 0.106895 0.99427 
vn -0.00882733 0.10653 0.99427 
vn -0.0175944 0.105437 0.99427 
vn -0.0262412 0.103624 0.99427 
vn -0.0347088 0.101103 0.99427 
vn -0.0429393 0.0978917 0.99427 
vn -0.0508765 0.0940115 0.99427 
vn -0.0584661 0.089489 0.99427 
vn -0.0656563 0.0843553 0.99427 
vn -0.0723981 0.0786453 0.99427 
vn -0.0786453 0.0723981 0.99427 
vn -0.0843553 0.0656563 0.99427 
vn -0.089489 0.0584661 0.99427 
vn -0.0940115 0.0508765 0.99427 
vn -0.0978917 0.0429393 0.99427 
vn -0.101103 0.0347088 0.99427 
vn -0.103624 0.0262412 0.99427 
vn -0.105437 0.0175944 0.99427 
vn -0.10653 0.00882733 0.99427 
vn -0.106895 3.56032e-17 0.99427 
vn -0.10653 -0.00882733 0.99427 
vn -0.105437 -0.0175944 0.99427 
vn -0.103624 -0.0262412 0.99427 
vn -0.101103 -0.0347088 0.99427 
vn -0.0978917 -0.0429393 0.99427 
vn -0.0940115 -0.0508765 0.99427 
vn -0.089489 -0.0584661 0.99427 
vn -0.0843553 -0.0656563 0.99427 
vn -0.0786453 -0.0723981 0.99427 
vn -0.0723981 -0.0786453 0.99427 
vn -0.0656563 -0.0843553 0.99427 
vn -0.0584661 -0.089489 0.99427 
vn -0.0508765 -0.0940115 0.99427 
vn -0.0429393 -0.0978917 0.99427 
vn -0.0347088 -0.101103 0.99427 
vn -0.0262412 -0.103624 0.99427 
vn -0.0175944 -0.105437 0.99427 
vn -0.00882733 -0.10653 0.99427 
vn 0 -6.12323e-17 1 
vn 0 0.0980171 0.995185 
vn -0.00866277 0.0976336 0.995185 
vn 1.07811e-17 -6.02758e-17 1 
vn -0.0172577 0.0964859 0.995185 
vn -0.0257176 0.0945831 0.995185 
vn 2.12253e-17 -5.74359e-17 1 
vn -0.0339763 0.0919401 0.995185 
vn -0.041969 0.0885775 0.995185 
vn 3.10064e-17 -5.28015e-17 1 
vn -0.0496332 0.0845216 0.995185 
vn -0.056909 0.0798043 0.995185 
vn 3.98187e-17 -4.65174e-17 1 
vn -0.0637394 0.0744624 0.995185 
vn -0.070071 0.0685377 0.995185 
vn 4.73869e-17 -3.87799e-17 1 
vn -0.0758542 0.0620766 0.995185 
vn -0.0810437 0.0551297 0.995185 
vn 5.34745e-17 -2.98307e-17 1 
vn -0.0855989 0.0477513 0.995185 
vn -0.0894842 0.0399992 0.995185 
vn 5.78914e-17 -1.99495e-17 1 
vn -0.0926692 0.031934 0.995185 
vn -0.0951289 0.023619 0.995185 
vn 6.04995e-17 -9.44502e-18 1 
vn -0.0968441 0.015119 0.995185 
vn -0.0978013 0.00650079 0.995185 
vn 6.12174e-17 1.35459e-18 1 
vn -0.0979932 -0.00216834 0.995185 
vn -0.0974181 -0.0108205 0.995185 
vn 6.00225e-17 1.21119e-17 1 
vn -0.0960805 -0.019388 0.995185 
vn -0.093991 -0.0278037 0.995185 
vn 5.69523e-17 2.24907e-17 1 
vn -0.0911659 -0.0360019 0.995185 
vn -0.0876273 -0.0439182 0.995185 
vn 5.21027e-17 3.21669e-17 1 
vn -0.0834029 -0.0514909 0.995185 
vn -0.0785258 -0.0586605 0.995185 
vn 4.56252e-17 4.0838e-17 1 
vn -0.0730341 -0.0653711 0.995185 
vn -0.0669708 -0.0715701 0.995185 
vn 3.77221e-17 4.82332e-17 1 
vn -0.0603833 -0.0772089 0.995185 
vn -0.0533233 -0.0822434 0.995185 
vn 2.86405e-17 5.41214e-17 1 
vn -0.045846 -0.0866343 0.995185 
vn -0.0380098 -0.0903472 0.995185 
vn 1.8664e-17 5.83186e-17 1 
vn -0.0298762 -0.0933529 0.995185 
vn -0.0215087 -0.0956281 0.995185 
vn 8.10434e-18 6.06937e-17 1 
vn -0.0129729 -0.0971548 0.995185 
vn -0.00433563 -0.0979212 0.995185 
vn -2.70851e-18 6.11724e-17 1 
vn 0.00433563 -0.0979212 0.995185 
vn 0.0129729 -0.0971548 0.995185 
vn -1.34367e-17 5.97399e-17 1 
vn 0.0215087 -0.0956281 0.995185 
vn 0.0298762 -0.0933529 0.995185 
vn -2.37451e-17 5.64408e-17 1 
vn 0.0380098 -0.0903472 0.995185 
vn 0.045846 -0.0866343 0.995185 
vn -3.33116e-17 5.13783e-17 1 
vn 0.0533233 -0.0822434 0.995185 
vn 0.0603833 -0.0772089 0.995185 
vn -4.18374e-17 4.47106e-17 1 
vn 0.0669708 -0.0715701 0.995185 
vn 0.0730341 -0.0653711 0.995185 
vn -4.90559e-17 3.66459e-17 1 
vn 0.0785258 -0.0586605 0.995185 
vn 0.0834029 -0.0514909 0.995185 
vn -5.47417e-17 2.74362e-17 1 
vn 0.0876273 -0.0439182 0.995185 
vn 0.0911659 -0.0360019 0.995185 
vn -5.87172e-17 1.73693e-17 1 
vn 0.093991 -0.0278037 0.995185 
vn 0.0960805 -0.019388 0.995185 
vn -6.08581e-17 6.75968e-18 1 
vn 0.0974181 -0.0108205 0.995185 
vn 0.0979932 -0.00216834 0.995185 
vn -6.10975e-17 -4.06111e-18 1 
vn 0.0978013 0.00650079 0.995185 
vn 0.0968441 0.015119 0.995185 
vn -5.9428e-17 -1.4755e-17 1 
vn 0.0951289 0.023619 0.995185 
vn 0.0926692 0.031934 0.995185 
vn -5.59017e-17 -2.49879e-17 1 
vn 0.0894842 0.0399992 0.995185 
vn 0.0855989 0.0477513 0.995185 
vn -5.06288e-17 -3.44401e-17 1 
vn 0.0810437 0.0551297 0.995185 
vn 0.0758542 0.0620766 0.995185 
vn -4.37741e-17 -4.28162e-17 1 
vn 0.070071 0.0685377 0.995185 
vn 0.0637394 0.0744624 0.995185 
vn -3.55517e-17 -4.98546e-17 1 
vn 0.056909 0.0798043 0.995185 
vn 0.0496332 0.0845216 0.995185 
vn -2.62185e-17 -5.53353e-17 1 
vn 0.041969 0.0885775 0.995185 
vn 0.0339763 0.0919401 0.995185 
vn -1.60661e-17 -5.90871e-17 1 
vn 0.0257176 0.0945831 0.995185 
vn 0.0172577 0.0964859 0.995185 
vn -5.41172e-18 -6.09927e-17 1 
vn 0.00866277 0.0976336 0.995185 
vn 0 0.19509 0.980785 
vn -0.0172421 0.194327 0.980785 
vn -0.0343493 0.192043 0.980785 
vn -0.0511876 0.188255 0.980785 
vn -0.0676253 0.182995 0.980785 
vn -0.0835338 0.176302 0.980785 
vn -0.0987885 0.168229 0.980785 
vn -0.11327 0.15884 0.980785 
vn -0.126865 0.148208 0.980785 
vn -0.139467 0.136415 0.980785 
vn -0.150978 0.123555 0.980785 
vn -0.161307 0.109728 0.980785 
vn -0.170373 0.0950427 0.980785 
vn -0.178107 0.0796132 0.980785 
vn -0.184446 0.0635605 0.980785 
vn -0.189342 0.0470105 0.980785 
vn -0.192755 0.0300925 0.980785 
vn -0.194661 0.012939 0.980785 
vn -0.195043 -0.00431581 0.980785 
vn -0.193898 -0.0215368 0.980785 
vn -0.191236 -0.0385892 0.980785 
vn -0.187077 -0.0553397 0.980785 
vn -0.181454 -0.071657 0.980785 
vn -0.174411 -0.0874135 0.980785 
vn -0.166003 -0.102486 0.980785 
vn -0.156295 -0.116756 0.980785 
vn -0.145365 -0.130113 0.980785 
vn -0.133297 -0.142451 0.980785 
vn -0.120185 -0.153674 0.980785 
vn -0.106133 -0.163695 0.980785 
vn -0.0912504 -0.172434 0.980785 
vn -0.0756536 -0.179824 0.980785 
vn -0.0594647 -0.185807 0.980785 
vn -0.0428103 -0.190335 0.980785 
vn -0.025821 -0.193374 0.980785 
vn -0.0086295 -0.194899 0.980785 
vn 0.0086295 -0.194899 0.980785 
vn 0.025821 -0.193374 0.980785 
vn 0.0428103 -0.190335 0.980785 
vn 0.0594647 -0.185807 0.980785 
vn 0.0756536 -0.179824 0.980785 
vn 0.0912504 -0.172434 0.980785 
vn 0.106133 -0.163695 0.980785 
vn 0.120185 -0.153674 0.980785 
vn 0.133297 -0.142451 0.980785 
vn 0.145365 -0.130113 0.980785 
vn 0.156295 -0.116756 0.980785 
vn 0.166003 -0.102486 0.980785 
vn 0.174411 -0.0874135 0.980785 
vn 0.181454 -0.071657 0.980785 
vn 0.187077 -0.0553397 0.980785 
vn 0.191236 -0.0385892 0.980785 
vn 0.193898 -0.0215368 0.980785 
vn 0.195043 -0.00431581 0.980785 
vn 0.194661 0.012939 0.980785 
vn 0.192755 0.0300925 0.980785 
vn 0.189342 0.0470105 0.980785 
vn 0.184446 0.0635605 0.980785 
vn 0.178107 0.0796132 0.980785 
vn 0.170373 0.0950427 0.980785 
vn 0.161307 0.109728 0.980785 
vn 0.150978 0.123555 0.980785 
vn 0.139467 0.136415 0.980785 
vn 0.126865 0.148208 0.980785 
vn 0.11327 0.15884 0.980785 
vn 0.0987885 0.168229 0.980785 
vn 0.0835338 0.176302 0.980785 
vn 0.0676253 0.182995 0.980785 
vn 0.0511876 0.188255 0.980785 
vn 0.0343493 0.192043 0.980785 
vn 0.0172421 0.194327 0.980785 
vn 0 0.290285 0.95694 
vn -0.0256554 0.289149 0.95694 
vn -0.05111 0.28575 0.95694 
vn -0.0761646 0.280115 0.95694 
vn -0.100623 0.272287 0.95694 
vn -0.124294 0.262328 0.95694 
vn -0.146992 0.250317 0.95694 
vn -0.16854 0.236346 0.95694 
vn -0.188769 0.220526 0.95694 
vn -0.20752 0.202979 0.95694 
vn -0.224648 0.183844 0.95694 
vn -0.240017 0.16327 0.95694 
vn -0.253507 0.141419 0.95694 
vn -0.265014 0.11846 0.95694 
vn -0.274446 0.0945749 0.95694 
vn -0.281731 0.0699492 0.95694 
vn -0.286811 0.0447761 0.95694 
vn -0.289646 0.0192525 0.95694 
vn -0.290214 -0.0064217 0.95694 
vn -0.28851 -0.0320457 0.95694 
vn -0.284549 -0.0574189 0.95694 
vn -0.278361 -0.0823427 0.95694 
vn -0.269994 -0.106622 0.95694 
vn -0.259515 -0.130067 0.95694 
vn -0.247004 -0.152494 0.95694 
vn -0.23256 -0.173727 0.95694 
vn -0.216296 -0.193601 0.95694 
vn -0.198339 -0.21196 0.95694 
vn -0.17883 -0.22866 0.95694 
vn -0.157921 -0.24357 0.95694 
vn -0.135776 -0.256574 0.95694 
vn -0.112569 -0.26757 0.95694 
vn -0.0884804 -0.276471 0.95694 
vn -0.0636996 -0.283209 0.95694 
vn -0.0384203 -0.287731 0.95694 
vn -0.0128403 -0.290001 0.95694 
vn 0.0128403 -0.290001 0.95694 
vn 0.0384203 -0.287731 0.95694 
vn 0.0636996 -0.283209 0.95694 
vn 0.0884804 -0.276471 0.95694 
vn 0.112569 -0.26757 0.95694 
vn 0.135776 -0.256574 0.95694 
vn 0.157921 -0.24357 0.95694 
vn 0.17883 -0.22866 0.95694 
vn 0.198339 -0.21196 0.95694 
vn 0.216296 -0.193601 0.95694 
vn 0.23256 -0.173727 0.95694 
vn 0.247004 -0.152494 0.95694 
vn 0.259515 -0.130067 0.95694 
vn 0.269994 -0.106622 0.95694 
vn 0.278361 -0.0823427 0.95694 
vn 0.284549 -0.0574189 0.95694 
vn 0.28851 -0.0320457 0.95694 
vn 0.290214 -0.0064217 0.95694 
vn 0.289646 0.0192525 0.95694 
vn 0.286811 0.0447761 0.95694 
vn 0.281731 0.0699492 0.95694 
vn 0.274446 0.0945749 0.95694 
vn 0.265014 0.11846 0.95694 
vn 0.253507 0.141419 0.95694 
vn 0.240017 0.16327 0.95694 
vn 0.224648 0.183844 0.95694 
vn 0.20752 0.202979 0.95694 
vn 0.188769 0.220526 0.95694 
vn 0.16854 0.236346 0.95694 
vn 0.146992 0.250317 0.95694 
vn 0.124294 0.262328 0.95694 
vn 0.100623 0.272287 0.95694 
vn 0.0761646 0.280115 0.95694 
vn 0.05111 0.28575 0.95694 
vn 0.0256554 0.289149 0.95694 
vn 0 0.382683 0.92388 
vn -0.0338216 0.381186 0.92388 
vn -0.0673785 0.376705 0.92388 
vn -0.100408 0.369276 0.92388 
vn -0.132652 0.358957 0.92388 
vn -0.163857 0.345829 0.92388 
vn -0.193781 0.329994 0.92388 
vn -0.222187 0.311576 0.92388 
vn -0.248855 0.29072 0.92388 
vn -0.273575 0.267588 0.92388 
vn -0.296154 0.242363 0.92388 
vn -0.316415 0.21524 0.92388 
vn -0.3342 0.186433 0.92388 
vn -0.349369 0.156167 0.92388 
vn -0.361804 0.124678 0.92388 
vn -0.371407 0.0922143 0.92388 
vn -0.378103 0.0590285 0.92388 
vn -0.381841 0.0253807 0.92388 
vn -0.38259 -0.00846576 0.92388 
vn -0.380344 -0.042246 0.92388 
vn -0.375122 -0.0756955 0.92388 
vn -0.366964 -0.108553 0.92388 
vn -0.355935 -0.14056 0.92388 
vn -0.342119 -0.171468 0.92388 
vn -0.325626 -0.201033 0.92388 
vn -0.306584 -0.229025 0.92388 
vn -0.285143 -0.255225 0.92388 
vn -0.261471 -0.279427 0.92388 
vn -0.235752 -0.301443 0.92388 
vn -0.208188 -0.321099 0.92388 
vn -0.178994 -0.338242 0.92388 
vn -0.1484 -0.352738 0.92388 
vn -0.116644 -0.364473 0.92388 
vn -0.0839755 -0.373356 0.92388 
vn -0.0506496 -0.379317 0.92388 
vn -0.0169274 -0.382309 0.92388 
vn 0.0169274 -0.382309 0.92388 
vn 0.0506496 -0.379317 0.92388 
vn 0.0839755 -0.373356 0.92388 
vn 0.116644 -0.364473 0.92388 
vn 0.1484 -0.352738 0.92388 
vn 0.178994 -0.338242 0.92388 
vn 0.208188 -0.321099 0.92388 
vn 0.235752 -0.301443 0.92388 
vn 0.261471 -0.279427 0.92388 
vn 0.285143 -0.255225 0.92388 
vn 0.306584 -0.229025 0.92388 
vn 0.325626 -0.201033 0.92388 
vn 0.342119 -0.171468 0.92388 
vn 0.355935 -0.14056 0.92388 
vn 0.366964 -0.108553 0.92388 
vn 0.375122 -0.0756955 0.92388 
vn 0.380344 -0.042246 0.92388 
vn 0.38259 -0.00846576 0.92388 
vn 0.381841 0.0253807 0.92388 
vn 0.378103 0.0590285 0.92388 
vn 0.371407 0.0922143 0.92388 
vn 0.361804 0.124678 0.92388 
vn 0.349369 0.156167 0.92388 
vn 0.3342 0.186433 0.92388 
vn 0.316415 0.21524 0.92388 
vn 0.296154 0.242363 0.92388 
vn 0.273575 0.267588 0.92388 
vn 0.248855 0.29072 0.92388 
vn 0.222187 0.311576 0.92388 
vn 0.193781 0.329994 0.92388 
vn 0.163857 0.345829 0.92388 
vn 0.132652 0.358957 0.92388 
vn 0.100408 0.369276 0.92388 
vn 0.0673785 0.376705 0.92388 
vn 0.0338216 0.381186 0.92388 
vn 0 0.471397 0.881921 
vn -0.0416621 0.469552 0.881921 
vn -0.0829981 0.464033 0.881921 
vn -0.123685 0.454881 0.881921 
vn -0.163403 0.44217 0.881921 
vn -0.201843 0.425998 0.881921 
vn -0.238703 0.406492 0.881921 
vn -0.273694 0.383805 0.881921 
vn -0.306544 0.358114 0.881921 
vn -0.336995 0.32962 0.881921 
vn -0.364808 0.298547 0.881921 
vn -0.389766 0.265137 0.881921 
vn -0.411673 0.229652 0.881921 
vn -0.430359 0.192369 0.881921 
vn -0.445677 0.153581 0.881921 
vn -0.457506 0.113591 0.881921 
vn -0.465755 0.0727124 0.881921 
vn -0.470359 0.0312644 0.881921 
vn -0.471281 -0.0104283 0.881921 
vn -0.468516 -0.0520394 0.881921 
vn -0.462083 -0.0932432 0.881921 
vn -0.452034 -0.133717 0.881921 
vn -0.438447 -0.173145 0.881921 
vn -0.421429 -0.211217 0.881921 
vn -0.401112 -0.247637 0.881921 
vn -0.377656 -0.282118 0.881921 
vn -0.351245 -0.314391 0.881921 
vn -0.322085 -0.344204 0.881921 
vn -0.290403 -0.371323 0.881921 
vn -0.256449 -0.395536 0.881921 
vn -0.220488 -0.416653 0.881921 
vn -0.182802 -0.434509 0.881921 
vn -0.143684 -0.448965 0.881921 
vn -0.103443 -0.459907 0.881921 
vn -0.0623912 -0.46725 0.881921 
vn -0.0208515 -0.470935 0.881921 
vn 0.0208515 -0.470935 0.881921 
vn 0.0623912 -0.46725 0.881921 
vn 0.103443 -0.459907 0.881921 
vn 0.143684 -0.448965 0.881921 
vn 0.182802 -0.434509 0.881921 
vn 0.220488 -0.416653 0.881921 
vn 0.256449 -0.395536 0.881921 
vn 0.290403 -0.371323 0.881921 
vn 0.322085 -0.344204 0.881921 
vn 0.351245 -0.314391 0.881921 
vn 0.377656 -0.282118 0.881921 
vn 0.401112 -0.247637 0.881921 
vn 0.421429 -0.211217 0.881921 
vn 0.438447 -0.173145 0.881921 
vn 0.452034 -0.133717 0.881921 
vn 0.462083 -0.0932432 0.881921 
vn 0.468516 -0.0520394 0.881921 
vn 0.471281 -0.0104283 0.881921 
vn 0.470359 0.0312644 0.881921 
vn 0.465755 0.0727124 0.881921 
vn 0.457506 0.113591 0.881921 
vn 0.445677 0.153581 0.881921 
vn 0.430359 0.192369 0.881921 
vn 0.411673 0.229652 0.881921 
vn 0.389766 0.265137 0.881921 
vn 0.364808 0.298547 0.881921 
vn 0.336995 0.32962 0.881921 
vn 0.306544 0.358114 0.881921 
vn 0.273694 0.383805 0.881921 
vn 0.238703 0.406492 0.881921 
vn 0.201843 0.425998 0.881921 
vn 0.163403 0.44217 0.881921 
vn 0.123685 0.454881 0.881921 
vn 0.0829981 0.464033 0.881921 
vn 0.0416621 0.469552 0.881921 
vn 0 0.55557 0.83147 
vn -0.0491014 0.553396 0.83147 
vn -0.0978184 0.546891 0.83147 
vn -0.14577 0.536106 0.83147 
vn -0.192581 0.521125 0.83147 
vn -0.237884 0.502065 0.83147 
vn -0.281326 0.479076 0.83147 
vn -0.322566 0.452338 0.83147 
vn -0.361281 0.42206 0.83147 
vn -0.397169 0.388478 0.83147 
vn -0.429949 0.351856 0.83147 
vn -0.459363 0.31248 0.83147 
vn -0.485183 0.270659 0.83147 
vn -0.507205 0.226719 0.83147 
vn -0.525257 0.181005 0.83147 
vn -0.539199 0.133874 0.83147 
vn -0.548921 0.0856961 0.83147 
vn -0.554347 0.0368471 0.83147 
vn -0.555434 -0.0122904 0.83147 
vn -0.552175 -0.0613316 0.83147 
vn -0.544593 -0.109893 0.83147 
vn -0.53275 -0.157594 0.83147 
vn -0.516737 -0.204062 0.83147 
vn -0.49668 -0.248933 0.83147 
vn -0.472736 -0.291855 0.83147 
vn -0.445091 -0.332493 0.83147 
vn -0.413964 -0.37053 0.83147 
vn -0.379597 -0.405666 0.83147 
vn -0.342258 -0.437627 0.83147 
vn -0.302242 -0.466163 0.83147 
vn -0.259859 -0.491051 0.83147 
vn -0.215443 -0.512096 0.83147 
vn -0.169341 -0.529133 0.83147 
vn -0.121914 -0.542029 0.83147 
vn -0.0735319 -0.550683 0.83147 
vn -0.0245747 -0.555026 0.83147 
vn 0.0245747 -0.555026 0.83147 
vn 0.0735319 -0.550683 0.83147 
vn 0.121914 -0.542029 0.83147 
vn 0.169341 -0.529133 0.83147 
vn 0.215443 -0.512096 0.83147 
vn 0.259859 -0.491051 0.83147 
vn 0.302242 -0.466163 0.83147 
vn 0.342258 -0.437627 0.83147 
vn 0.379597 -0.405666 0.83147 
vn 0.413964 -0.37053 0.83147 
vn 0.445091 -0.332493 0.83147 
vn 0.472736 -0.291855 0.83147 
vn 0.49668 -0.248933 0.83147 
vn 0.516737 -0.204062 0.83147 
vn 0.53275 -0.157594 0.83147 
vn 0.544593 -0.109893 0.83147 
vn 0.552175 -0.0613316 0.83147 
vn 0.555434 -0.0122904 0.83147 
vn 0.554347 0.0368471 0.83147 
vn 0.548921 0.0856961 0.83147 
vn 0.539199 0.133874 0.83147 
vn 0.525257 0.181005 0.83147 
vn 0.507205 0.226719 0.83147 
vn 0.485183 0.270659 0.83147 
vn 0.459363 0.31248 0.83147 
vn 0.429949 0.351856 0.83147 
vn 0.397169 0.388478 0.83147 
vn 0.361281 0.42206 0.83147 
vn 0.322566 0.452338 0.83147 
vn 0.281326 0.479076 0.83147 
vn 0.237884 0.502065 0.83147 
vn 0.192581 0.521125 0.83147 
vn 0.14577 0.536106 0.83147 
vn 0.0978184 0.546891 0.83147 
vn 0.0491014 0.553396 0.83147 
vn 0 0.634393 0.77301 
vn -0.0560677 0.631911 0.77301 
vn -0.111697 0.624483 0.77301 
vn -0.166451 0.612167 0.77301 
vn -0.219903 0.595061 0.77301 
vn -0.271635 0.573297 0.77301 
vn -0.32124 0.547047 0.77301 
vn -0.368331 0.516515 0.77301 
vn -0.412539 0.48194 0.77301 
vn -0.453518 0.443594 0.77301 
vn -0.490949 0.401776 0.77301 
vn -0.524537 0.356814 0.77301 
vn -0.554019 0.309059 0.77301 
vn -0.579166 0.258886 0.77301 
vn -0.59978 0.206686 0.77301 
vn -0.6157 0.152868 0.77301 
vn -0.626801 0.0978545 0.77301 
vn -0.632996 0.0420748 0.77301 
vn -0.634238 -0.0140341 0.77301 
vn -0.630516 -0.0700332 0.77301 
vn -0.621859 -0.125484 0.77301 
vn -0.608335 -0.179953 0.77301 
vn -0.59005 -0.233014 0.77301 
vn -0.567148 -0.284251 0.77301 
vn -0.539806 -0.333263 0.77301 
vn -0.50824 -0.379667 0.77301 
vn -0.472696 -0.423099 0.77301 
vn -0.433453 -0.463221 0.77301 
vn -0.390817 -0.499717 0.77301 
vn -0.345123 -0.532302 0.77301 
vn -0.296727 -0.560721 0.77301 
vn -0.24601 -0.584751 0.77301 
vn -0.193367 -0.604205 0.77301 
vn -0.13921 -0.618931 0.77301 
vn -0.0839644 -0.628812 0.77301 
vn -0.0280613 -0.633772 0.77301 
vn 0.0280613 -0.633772 0.77301 
vn 0.0839644 -0.628812 0.77301 
vn 0.13921 -0.618931 0.77301 
vn 0.193367 -0.604205 0.77301 
vn 0.24601 -0.584751 0.77301 
vn 0.296727 -0.560721 0.77301 
vn 0.345123 -0.532302 0.77301 
vn 0.390817 -0.499717 0.77301 
vn 0.433453 -0.463221 0.77301 
vn 0.472696 -0.423099 0.77301 
vn 0.50824 -0.379667 0.77301 
vn 0.539806 -0.333263 0.77301 
vn 0.567148 -0.284251 0.77301 
vn 0.59005 -0.233014 0.77301 
vn 0.608335 -0.179953 0.77301 
vn 0.621859 -0.125484 0.77301 
vn 0.630516 -0.0700332 0.77301 
vn 0.634238 -0.0140341 0.77301 
vn 0.632996 0.0420748 0.77301 
vn 0.626801 0.0978545 0.77301 
vn 0.6157 0.152868 0.77301 
vn 0.59978 0.206686 0.77301 
vn 0.579166 0.258886 0.77301 
vn 0.554019 0.309059 0.77301 
vn 0.524537 0.356814 0.77301 
vn 0.490949 0.401776 0.77301 
vn 0.453518 0.443594 0.77301 
vn 0.412539 0.48194 0.77301 
vn 0.368331 0.516515 0.77301 
vn 0.32124 0.547047 0.77301 
vn 0.271635 0.573297 0.77301 
vn 0.219903 0.595061 0.77301 
vn 0.166451 0.612167 0.77301 
vn 0.111697 0.624483 0.77301 
vn 0.0560677 0.631911 0.77301 
vn 0 0.707107 0.707107 
vn -0.124499 0.69606 0.707107 
vn -0.0775049 0.712756 0.697117 
vn -0.18553 0.682333 0.707107 
vn -0.15499 0.704141 0.692938 
vn -0.229752 0.68185 0.694475 
vn -0.245109 0.663266 0.707107 
vn -0.299142 0.646563 0.701762 
vn -0.302769 0.639008 0.707107 
vn -0.410548 0.575717 0.707107 
vn -0.367667 0.611087 0.700995 
vn -0.459824 0.53718 0.707107 
vn -0.435614 0.573054 0.694154 
vn -0.495754 0.523355 0.693056 
vn -0.5055 0.494439 0.707107 
vn -0.54603 0.463787 0.697677 
vn -0.547221 0.447828 0.707107 
vn -0.61752 0.344483 0.707107 
vn -0.586073 0.39737 0.706128 
vn -0.645549 0.288559 0.707107 
vn -0.633887 0.336079 0.696591 
vn -0.668526 0.230376 0.707107 
vn -0.669864 0.2669 0.692854 
vn -0.692963 0.19239 0.69483 
vn -0.686271 0.17039 0.707107 
vn -0.702246 0.115119 0.702565 
vn -0.698644 0.10907 0.707107 
vn -0.706934 -0.0156427 0.707107 
vn -0.712839 0.0386597 0.700262 
vn -0.702785 -0.0780603 0.707107 
vn -0.719048 -0.0389777 0.693867 
vn -0.711242 -0.116608 0.693208 
vn -0.693136 -0.139867 0.707107 
vn -0.689738 -0.191517 0.698271 
vn -0.678062 -0.200579 0.707107 
vn -0.632154 -0.316831 0.707107 
vn -0.658668 -0.262433 0.705184 
vn -0.601678 -0.371461 0.707107 
vn -0.634319 -0.336282 0.696099 
vn -0.566494 -0.423184 0.707107 
vn -0.596869 -0.404686 0.692803 
vn -0.547834 -0.465348 0.695219 
vn -0.526876 -0.471595 0.707107 
vn -0.488806 -0.516036 0.703403 
vn -0.483135 -0.516315 0.707107 
vn -0.384681 -0.593313 0.707107 
vn -0.432448 -0.568858 0.699564 
vn -0.330738 -0.62499 0.707107 
vn -0.371384 -0.617231 0.693613 
vn -0.302549 -0.653964 0.693394 
vn -0.274207 -0.651775 0.707107 
vn -0.22836 -0.677784 0.6989 
vn -0.21553 -0.673459 0.707107 
vn -0.0935883 -0.700886 0.707107 
vn -0.152618 -0.693328 0.704276 
vn -0.0312777 -0.706415 0.707107 
vn -0.0776825 -0.714176 0.695642 
vn 0.0312777 -0.706415 0.707107 
vn -8.65956e-17 -0.707107 0.707107 
vn 0.0776825 -0.714176 0.695642 
vn 0.0935883 -0.700886 0.707107 
vn 0.152618 -0.693328 0.704276 
vn 0.155166 -0.689872 0.707107 
vn 0.274207 -0.651775 0.707107 
vn 0.22836 -0.677784 0.6989 
vn 0.330738 -0.62499 0.707107 
vn 0.302549 -0.653964 0.693394 
vn 0.371384 -0.617231 0.693613 
vn 0.384681 -0.593313 0.707107 
vn 0.432448 -0.568858 0.699564 
vn 0.435612 -0.556994 0.707107 
vn 0.526876 -0.471595 0.707107 
vn 0.488806 -0.516036 0.703403 
vn 0.566494 -0.423184 0.707107 
vn 0.547834 -0.465348 0.695219 
vn 0.596869 -0.404686 0.692803 
vn 0.601678 -0.371461 0.707107 
vn 0.634319 -0.336282 0.696099 
vn 0.632154 -0.316831 0.707107 
vn 0.658668 -0.262433 0.705184 
vn 0.657681 -0.259721 0.707107 
vn 0.693136 -0.139867 0.707107 
vn 0.689738 -0.191517 0.698271 
vn 0.702785 -0.0780603 0.707107 
vn 0.711242 -0.116608 0.693208 
vn 0.719048 -0.0389777 0.693867 
vn 0.706934 -0.0156427 0.707107 
vn 0.712839 0.0386597 0.700262 
vn 0.70555 0.0468974 0.707107 
vn 0.686271 0.17039 0.707107 
vn 0.702246 0.115119 0.702565 
vn 0.668526 0.230376 0.707107 
vn 0.692963 0.19239 0.69483 
vn 0.669864 0.2669 0.692854 
vn 0.645549 0.288559 0.707107 
vn 0.633887 0.336079 0.696591 
vn 0.61752 0.344483 0.707107 
vn 0.586073 0.39737 0.706128 
vn 0.584658 0.397712 0.707107 
vn 0.5055 0.494439 0.707107 
vn 0.54603 0.463787 0.697677 
vn 0.459824 0.53718 0.707107 
vn 0.495754 0.523355 0.693056 
vn 0.435614 0.573054 0.694154 
vn 0.410548 0.575717 0.707107 
vn 0.367667 0.611087 0.700995 
vn 0.35806 0.609748 0.707107 
vn 0.245109 0.663266 0.707107 
vn 0.299142 0.646563 0.701762 
vn 0.18553 0.682333 0.707107 
vn 0.229752 0.68185 0.694475 
vn 0.15499 0.704141 0.692938 
vn 0.124499 0.69606 0.707107 
vn 0.0775049 0.712756 0.697117 
vn 0.0624942 0.70434 0.707107 
vn 0.302769 0.639008 0.707107 
vn 0.547221 0.447828 0.707107 
vn 0.698644 0.10907 0.707107 
vn 0.678062 -0.200579 0.707107 
vn 0.483135 -0.516315 0.707107 
vn 0.21553 -0.673459 0.707107 
vn -0.155166 -0.689872 0.707107 
vn -0.435612 -0.556994 0.707107 
vn -0.657681 -0.259721 0.707107 
vn -0.70555 0.0468974 0.707107 
vn -0.584658 0.397712 0.707107 
vn -0.35806 0.609748 0.707107 
vn -0.0624942 0.70434 0.707107 
usemtl 0.800000_0.800000_0.800000_0.000000_0.000000
o mesh0
f 1//1 2//2 3//2 
f 4//3 1//1 5//4 
f 6//5 4//3 7//6 
f 8//7 6//5 9//8 
f 10//9 8//7 11//10 
f 12//11 10//9 13//12 
f 14//13 12//11 15//14 
f 16//15 14//13 17//16 
f 18//17 16//15 19//18 
f 20//19 18//17 21//20 
f 22//21 20//19 23//22 
f 24//23 22//21 25//24 
f 26//25 24//23 27//26 
f 28//27 26//25 29//28 
f 30//29 28//27 31//30 
f 32//31 30//29 33//32 
f 34//33 32//31 35//34 
f 36//35 34//33 37//36 
f 38//37 36//35 39//38 
f 40//39 38//37 41//40 
f 42//41 40//39 43//42 
f 44//43 42//41 45//44 
f 46//45 44//43 47//46 
f 48//47 46//45 49//48 
f 50//49 48//47 51//50 
f 52//51 50//49 53//52 
f 54//53 52//51 55//54 
f 56//55 54//53 57//56 
f 58//57 56//55 59//58 
f 60//59 58//57 61//60 
f 62//61 60//59 63//62 
f 64//63 62//61 65//64 
f 66//65 64//63 67//66 
f 68//67 66//65 69//68 
f 70//69 68//67 71//70 
f 72//71 70//69 73//72 
f 74//73 72//71 75//74 
f 76//75 74//73 77//76 
f 78//77 76//75 79//78 
f 80//79 78//77 81//80 
f 82//81 80//79 83//82 
f 84//83 82//81 85//84 
f 86//85 84//83 87//86 
f 88//87 86//85 89//88 
f 90//89 88//87 91//90 
f 92//91 90//89 93//92 
f 94//93 92//91 95//94 
f 96//95 94//93 97//96 
f 98//97 96//95 99//98 
f 100//99 98//97 101//100 
f 102//101 100//99 103//102 
f 104//103 102//101 105//104 
f 106//105 104//103 107//106 
f 108//107 106//105 109//108 
f 110//109 108//107 111//110 
f 112//111 110//109 113//112 
f 114//113 112//111 115//114 
f 2//2 114//113 116//113 
f 116//113 3//2 2//2 
f 115//114 116//113 114//113 
f 113//112 115//114 112//111 
f 111//110 113//112 110//109 
f 109//108 111//110 108//107 
f 107//106 109//108 106//105 
f 105//104 107//106 104//103 
f 103//102 105//104 102//101 
f 101//100 103//102 100//99 
f 99//98 101//100 98//97 
f 97//96 99//98 96//95 
f 95//94 97//96 94//93 
f 93//92 95//94 92//91 
f 91//90 93//92 90//89 
f 89//88 91//90 88//87 
f 87//86 89//88 86//85 
f 85//84 87//86 84//83 
f 83//82 85//84 82//81 
f 81//80 83//82 80//79 
f 79//78 81//80 78//77 
f 77//76 79//78 76//75 
f 75//74 77//76 74//73 
f 73//72 75//74 72//71 
f 71//70 73//72 70//69 
f 69//68 71//70 68//67 
f 67//66 69//68 66//65 
f 65//64 67//66 64//63 
f 63//62 65//64 62//61 
f 61//60 63//62 60//59 
f 59//58 61//60 58//57 
f 57//56 59//58 56//55 
f 55//54 57//56 54//53 
f 53//52 55//54 52//51 
f 51//50 53//52 50//49 
f 49//48 51//50 48//47 
f 47//46 49//48 46//45 
f 45//44 47//46 44//43 
f 43//42 45//44 42//41 
f 41//40 43//42 40//39 
f 39//38 41//40 38//37 
f 37//36 39//38 36//35 
f 35//34 37//36 34//33 
f 33//32 35//34 32//31 
f 31//30 33//32 30//29 
f 29//28 31//30 28//27 
f 27//26 29//28 26//25 
f 25//24 27//26 24//23 
f 23//22 25//24 22//21 
f 21//20 23//22 20//19 
f 19//18 21//20 18//17 
f 17//16 19//18 16//15 
f 15//14 17//16 14//13 
f 13//12 15//14 12//11 
f 11//10 13//12 10//9 
f 9//8 11//10 8//7 
f 7//6 9//8 6//5 
f 5//4 7//6 4//3 
f 3//2 5//4 1//1 
o mesh1
f 175//115 117//116 118//116 
f 176//117 118//116 119//116 
f 177//118 119//116 120//119 
f 178//120 120//119 121//119 
f 179//121 121//119 122//122 
f 180//123 122//122 123//122 
f 181//124 123//122 124//125 
f 182//126 124//125 125//125 
f 183//127 125//125 126//128 
f 184//129 126//128 127//128 
f 185//130 127//128 128//131 
f 186//132 128//131 129//131 
f 187//133 129//131 130//134 
f 188//135 130//134 131//134 
f 189//136 131//134 132//137 
f 190//138 132//137 133//137 
f 191//139 133//137 134//140 
f 192//141 134//140 135//140 
f 193//142 135//140 136//143 
f 194//144 136//143 137//143 
f 195//145 137//143 138//146 
f 196//147 138//146 139//146 
f 197//148 139//146 140//149 
f 198//150 140//149 141//149 
f 199//151 141//149 142//152 
f 200//153 142//152 143//152 
f 201//154 143//152 144//155 
f 202//156 144//155 145//155 
f 203//157 145//155 146//158 
f 204//159 146//158 147//158 
f 205//160 147//158 148//161 
f 206//162 148//161 149//161 
f 207//163 149//161 150//164 
f 208//165 150//164 151//164 
f 209//166 151//164 152//167 
f 210//168 152//167 153//167 
f 211//169 153//167 154//170 
f 212//171 154//170 155//170 
f 213//172 155//170 156//173 
f 214//174 156//173 157//173 
f 215//175 157//173 158//176 
f 216//177 158//176 159//176 
f 217//178 159//176 160//179 
f 218//180 160//179 161//179 
f 219//181 161//179 162//182 
f 220//183 162//182 163//182 
f 221//184 163//182 164//185 
f 222//186 164//185 165//185 
f 223//187 165//185 166//188 
f 224//189 166//188 167//188 
f 225//190 167//188 168//191 
f 226//192 168//191 169//191 
f 227//193 169//191 170//194 
f 228//195 170//194 171//194 
f 229//196 171//194 172//197 
f 230//198 172//197 173//197 
f 231//199 173//197 174//200 
f 232//201 174//200 117//116 
f 233//202 175//115 176//117 
f 234//203 176//117 177//118 
f 235//204 177//118 178//120 
f 236//205 178//120 179//121 
f 237//206 179//121 180//123 
f 238//207 180//123 181//124 
f 239//208 181//124 182//126 
f 240//209 182//126 183//127 
f 241//210 183//127 184//129 
f 242//211 184//129 185//130 
f 243//212 185//130 186//132 
f 244//213 186//132 187//133 
f 245//214 187//133 188//135 
f 246//215 188//135 189//136 
f 247//216 189//136 190//138 
f 248//217 190//138 191//139 
f 249//218 191//139 192//141 
f 250//219 192//141 193//142 
f 251//220 193//142 194//144 
f 252//221 194//144 195//145 
f 253//222 195//145 196//147 
f 254//223 196//147 197//148 
f 255//224 197//148 198//150 
f 256//225 198//150 199//151 
f 257//226 199//151 200//153 
f 258//227 200//153 201//154 
f 259//228 201//154 202//156 
f 260//229 202//156 203//157 
f 261//230 203//157 204//159 
f 262//231 204//159 205//160 
f 263//232 205//160 206//162 
f 264//233 206//162 207//163 
f 265//234 207//163 208//165 
f 266//235 208//165 209//166 
f 267//236 209//166 210//168 
f 268//237 210//168 211//169 
f 269//238 211//169 212//171 
f 270//239 212//171 213//172 
f 271//240 213//172 214//174 
f 272//241 214//174 215//175 
f 273//242 215//175 216//177 
f 274//243 216//177 217//178 
f 275//244 217//178 218//180 
f 276//245 218//180 219//181 
f 277//246 219//181 220//183 
f 278//247 220//183 221//184 
f 279//248 221//184 222//186 
f 280//249 222//186 223//187 
f 281//250 223//187 224//189 
f 282//251 224//189 225//190 
f 283//252 225//190 226//192 
f 284//253 226//192 227//193 
f 285//254 227//193 228//195 
f 286//255 228//195 229//196 
f 287//256 229//196 230//198 
f 288//257 230//198 231//199 
f 289//258 231//199 232//201 
f 290//259 232//201 175//115 
f 291//260 233//202 234//203 
f 292//261 234//203 235//204 
f 293//262 235//204 236//205 
f 294//263 236//205 237//206 
f 295//264 237//206 238//207 
f 296//265 238//207 239//208 
f 297//266 239//208 240//209 
f 298//267 240//209 241//210 
f 299//268 241//210 242//211 
f 300//269 242//211 243//212 
f 301//270 243//212 244//213 
f 302//271 244//213 245//214 
f 303//272 245//214 246//215 
f 304//273 246//215 247//216 
f 305//274 247//216 248//217 
f 306//275 248//217 249//218 
f 307//276 249//218 250//219 
f 308//277 250//219 251//220 
f 309//278 251//220 252//221 
f 310//279 252//221 253//222 
f 311//280 253//222 254//223 
f 312//281 254//223 255//224 
f 313//282 255//224 256//225 
f 314//283 256//225 257//226 
f 315//284 257//226 258//227 
f 316//285 258//227 259//228 
f 317//286 259//228 260//229 
f 318//287 260//229 261//230 
f 319//288 261//230 262//231 
f 320//289 262//231 263//232 
f 321//290 263//232 264//233 
f 322//291 264//233 265//234 
f 323//292 265//234 266//235 
f 324//293 266//235 267//236 
f 325//294 267//236 268//237 
f 326//295 268//237 269//238 
f 327//296 269//238 270//239 
f 328//297 270//239 271//240 
f 329//298 271//240 272//241 
f 330//299 272//241 273//242 
f 331//300 273//242 274//243 
f 332//301 274//243 275//244 
f 333//302 275//244 276//245 
f 334//303 276//245 277//246 
f 335//304 277//246 278//247 
f 336//305 278//247 279//248 
f 337//306 279//248 280//249 
f 338//307 280//249 281//250 
f 339//308 281//250 282//251 
f 340//309 282//251 283//252 
f 341//310 283//252 284//253 
f 342//311 284//253 285//254 
f 343//312 285//254 286//255 
f 344//313 286//255 287//256 
f 345//314 287//256 288//257 
f 346//315 288//257 289//258 
f 347//316 289//258 290//259 
f 348//317 290//259 233//202 
f 349//318 291//260 292//261 
f 350//319 292//261 293//262 
f 351//320 293//262 294//263 
f 352//321 294//263 295//264 
f 353//322 295//264 296//265 
f 354//323 296//265 297//266 
f 355//324 297//266 298//267 
f 356//325 298//267 299//268 
f 357//326 299//268 300//269 
f 358//327 300//269 301//270 
f 359//328 301//270 302//271 
f 360//329 302//271 303//272 
f 361//330 303//272 304//273 
f 362//331 304//273 305//274 
f 363//332 305//274 306//275 
f 364//333 306//275 307//276 
f 365//334 307//276 308//277 
f 366//335 308//277 309//278 
f 367//336 309//278 310//279 
f 368//337 310//279 311//280 
f 369//338 311//280 312//281 
f 370//339 312//281 313//282 
f 371//340 313//282 314//283 
f 372//341 314//283 315//284 
f 373//342 315//284 316//285 
f 374//343 316//285 317//286 
f 375//344 317//286 318//287 
f 376//345 318//287 319//288 
f 377//346 319//288 320//289 
f 378//347 320//289 321//290 
f 379//348 321//290 322//291 
f 380//349 322//291 323//292 
f 381//350 323//292 324//293 
f 382//351 324//293 325//294 
f 383//352 325//294 326//295 
f 384//353 326//295 327//296 
f 385//354 327//296 328//297 
f 386//355 328//297 329//298 
f 387//356 329//298 330//299 
f 388//357 330//299 331//300 
f 389//358 331//300 332//301 
f 390//359 332//301 333//302 
f 391//360 333//302 334//303 
f 392//361 334//303 335//304 
f 393//362 335//304 336//305 
f 394//363 336//305 337//306 
f 395//364 337//306 338//307 
f 396//365 338//307 339//308 
f 397//366 339//308 340//309 
f 398//367 340//309 341//310 
f 399//368 341//310 342//311 
f 400//369 342//311 343//312 
f 401//370 343//312 344//313 
f 402//371 344//313 345//314 
f 403//372 345//314 346//315 
f 404//373 346//315 347//316 
f 405//374 347//316 348//317 
f 406//375 348//317 291//260 
f 407//376 349//318 350//319 
f 408//377 350//319 351//320 
f 409//378 351//320 352//321 
f 410//379 352//321 353//322 
f 411//380 353//322 354//323 
f 412//381 354//323 355//324 
f 413//382 355//324 356//325 
f 414//383 356//325 357//326 
f 415//384 357//326 358//327 
f 416//385 358//327 359//328 
f 417//386 359//328 360//329 
f 418//387 360//329 361//330 
f 419//388 361//330 362//331 
f 420//389 362//331 363//332 
f 421//390 363//332 364//333 
f 422//391 364//333 365//334 
f 423//392 365//334 366//335 
f 424//393 366//335 367//336 
f 425//394 367//336 368//337 
f 426//395 368//337 369//338 
f 427//396 369//338 370//339 
f 428//397 370//339 371//340 
f 429//398 371//340 372//341 
f 430//399 372//341 373//342 
f 431//400 373//342 374//343 
f 432//401 374//343 375//344 
f 433//402 375//344 376//345 
f 434//403 376//345 377//346 
f 435//404 377//346 378//347 
f 436//405 378//347 379//348 
f 437//406 379//348 380//349 
f 438//407 380//349 381//350 
f 439//408 381//350 382//351 
f 440//409 382//351 383//352 
f 441//410 383//352 384//353 
f 442//411 384//353 385//354 
f 443//412 385//354 386//355 
f 444//413 386//355 387//356 
f 445//414 387//356 388//357 
f 446//415 388//357 389//358 
f 447//416 389//358 390//359 
f 448//417 390//359 391//360 
f 449//418 391//360 392//361 
f 450//419 392//361 393//362 
f 451//420 393//362 394//363 
f 452//421 394//363 395//364 
f 453//422 395//364 396//365 
f 454//423 396//365 397//366 
f 455//424 397//366 398//367 
f 456//425 398//367 399//368 
f 457//426 399//368 400//369 
f 458//427 400//369 401//370 
f 459//428 401//370 402//371 
f 460//429 402//371 403//372 
f 461//430 403//372 404//373 
f 462//431 404//373 405//374 
f 463//432 405//374 406//375 
f 464//433 406//375 349//318 
f 465//434 407//376 408//377 
f 466//435 408//377 409//378 
f 467//436 409//378 410//379 
f 468//437 410//379 411//380 
f 469//438 411//380 412//381 
f 470//439 412//381 413//382 
f 471//440 413//382 414//383 
f 472//441 414//383 415//384 
f 473//442 415//384 416//385 
f 474//443 416//385 417//386 
f 475//444 417//386 418//387 
f 476//445 418//387 419//388 
f 477//446 419//388 420//389 
f 478//447 420//389 421//390 
f 479//448 421//390 422//391 
f 480//449 422//391 423//392 
f 481//450 423//392 424//393 
f 482//451 424//393 425//394 
f 483//452 425//394 426//395 
f 484//453 426//395 427//396 
f 485//454 427//396 428//397 
f 486//455 428//397 429//398 
f 487//456 429//398 430//399 
f 488//457 430//399 431//400 
f 489//458 431//400 432//401 
f 490//459 432//401 433//402 
f 491//460 433//402 434//403 
f 492//461 434//403 435//404 
f 493//462 435//404 436//405 
f 494//463 436//405 437//406 
f 495//464 437//406 438//407 
f 496//465 438//407 439//408 
f 497//466 439//408 440//409 
f 498//467 440//409 441//410 
f 499//468 441//410 442//411 
f 500//469 442//411 443//412 
f 501//470 443//412 444//413 
f 502//471 444//413 445//414 
f 503//472 445//414 446//415 
f 504//473 446//415 447//416 
f 505//474 447//416 448//417 
f 506//475 448//417 449//418 
f 507//476 449//418 450//419 
f 508//477 450//419 451//420 
f 509//478 451//420 452//421 
f 510//479 452//421 453//422 
f 511//480 453//422 454//423 
f 512//481 454//423 455//424 
f 513//482 455//424 456//425 
f 514//483 456//425 457//426 
f 515//484 457//426 458//427 
f 516//485 458//427 459//428 
f 517//486 459//428 460//429 
f 518//487 460//429 461//430 
f 519//488 461//430 462//431 
f 520//489 462//431 463//432 
f 521//490 463//432 464//433 
f 522//491 464//433 407//376 
f 523//492 465//434 466//435 
f 524//493 466//435 467//436 
f 525//494 467//436 468//437 
f 526//495 468//437 469//438 
f 527//496 469//438 470//439 
f 528//497 470//439 471//440 
f 529//498 471//440 472//441 
f 530//499 472//441 473//442 
f 531//500 473//442 474//443 
f 532//501 474//443 475//444 
f 533//502 475//444 476//445 
f 534//503 476//445 477//446 
f 535//504 477//446 478//447 
f 536//505 478//447 479//448 
f 537//506 479//448 480//449 
f 538//507 480//449 481//450 
f 539//508 481//450 482//451 
f 540//509 482//451 483//452 
f 541//510 483//452 484//453 
f 542//511 484//453 485//454 
f 543//512 485//454 486//455 
f 544//513 486//455 487//456 
f 545//514 487//456 488//457 
f 546//515 488//457 489//458 
f 547//516 489//458 490//459 
f 548//517 490//459 491//460 
f 549//518 491//460 492//461 
f 550//519 492//461 493//462 
f 551//520 493//462 494//463 
f 552//521 494//463 495//464 
f 553//522 495//464 496//465 
f 554//523 496//465 497//466 
f 555//524 497//466 498//467 
f 556//525 498//467 499//468 
f 557//526 499//468 500//469 
f 558//527 500//469 501//470 
f 559//528 501//470 502//471 
f 560//529 502//471 503//472 
f 561//530 503//472 504//473 
f 562//531 504//473 505//474 
f 563//532 505//474 506//475 
f 564//533 506//475 507//476 
f 565//534 507//476 508//477 
f 566//535 508//477 509//478 
f 567//536 509//478 510//479 
f 568//537 510//479 511//480 
f 569//538 511//480 512//481 
f 570//539 512//481 513//482 
f 571//540 513//482 514//483 
f 572//541 514//483 515//484 
f 573//542 515//484 516//485 
f 574//543 516//485 517//486 
f 575//544 517//486 518//487 
f 576//545 518//487 519//488 
f 577//546 519//488 520//489 
f 578//547 520//489 521//490 
f 579//548 521//490 522//491 
f 580//549 522//491 465//434 
f 581//550 523//492 524//493 
f 582//551 524//493 525//494 
f 583//552 525//494 526//495 
f 584//553 526//495 527//496 
f 585//554 527//496 528//497 
f 586//555 528//497 529//498 
f 587//556 529//498 530//499 
f 588//557 530//499 531//500 
f 589//558 531//500 532//501 
f 590//559 532//501 533//502 
f 591//560 533//502 534//503 
f 592//561 534//503 535//504 
f 593//562 535//504 536//505 
f 594//563 536//505 537//506 
f 595//564 537//506 538//507 
f 596//565 538//507 539//508 
f 597//566 539//508 540//509 
f 598//567 540//509 541//510 
f 599//568 541//510 542//511 
f 600//569 542//511 543//512 
f 601//570 543//512 544//513 
f 602//571 544//513 545//514 
f 603//572 545//514 546//515 
f 604//573 546//515 547//516 
f 605//574 547//516 548//517 
f 606//575 548//517 549//518 
f 607//576 549//518 550//519 
f 608//577 550//519 551//520 
f 609//578 551//520 552//521 
f 610//579 552//521 553//522 
f 611//580 553//522 554//523 
f 612//581 554//523 555//524 
f 613//582 555//524 556//525 
f 614//583 556//525 557//526 
f 615//584 557//526 558//527 
f 616//585 558//527 559//528 
f 617//586 559//528 560//529 
f 618//587 560//529 561//530 
f 619//588 561//530 562//531 
f 620//589 562//531 563//532 
f 621//590 563//532 564//533 
f 622//591 564//533 565//534 
f 623//592 565//534 566//535 
f 624//593 566//535 567//536 
f 625//594 567//536 568//537 
f 626//595 568//537 569//538 
f 627//596 569//538 570//539 
f 628//597 570//539 571//540 
f 629//598 571//540 572//541 
f 630//599 572//541 573//542 
f 631//600 573//542 574//543 
f 632//601 574//543 575//544 
f 633//602 575//544 576//545 
f 634//603 576//545 577//546 
f 635//604 577//546 578//547 
f 636//605 578//547 579//548 
f 637//606 579//548 580//549 
f 638//607 580//549 523//492 
f 639//608 581//550 582//551 
f 640//609 582//551 583//552 
f 641//610 583//552 584//553 
f 642//611 584//553 585//554 
f 643//612 585//554 586//555 
f 644//613 586//555 587//556 
f 645//614 587//556 588//557 
f 646//615 588//557 589//558 
f 647//616 589//558 590//559 
f 648//617 590//559 591//560 
f 649//618 591//560 592//561 
f 650//619 592//561 593//562 
f 651//620 593//562 594//563 
f 652//621 594//563 595//564 
f 653//622 595//564 596//565 
f 654//623 596//565 597//566 
f 655//624 597//566 598//567 
f 656//625 598//567 599//568 
f 657//626 599//568 600//569 
f 658//627 600//569 601//570 
f 659//628 601//570 602//571 
f 660//629 602//571 603//572 
f 661//630 603//572 604//573 
f 662//631 604//573 605//574 
f 663//632 605//574 606//575 
f 664//633 606//575 607//576 
f 665//634 607//576 608//577 
f 666//635 608//577 609//578 
f 667//636 609//578 610//579 
f 668//637 610//579 611//580 
f 669//638 611//580 612//581 
f 670//639 612//581 613//582 
f 671//640 613//582 614//583 
f 672//641 614//583 615//584 
f 673//642 615//584 616//585 
f 674//643 616//585 617//586 
f 675//644 617//586 618//587 
f 676//645 618//587 619//588 
f 677//646 619//588 620//589 
f 678//647 620//589 621//590 
f 679//648 621//590 622//591 
f 680//649 622//591 623//592 
f 681//650 623//592 624//593 
f 682//651 624//593 625//594 
f 683//652 625//594 626//595 
f 684//653 626//595 627//596 
f 685//654 627//596 628//597 
f 686//655 628//597 629//598 
f 687//656 629//598 630//599 
f 688//657 630//599 631//600 
f 689//658 631//600 632//601 
f 690//659 632//601 633//602 
f 691//660 633//602 634//603 
f 692//661 634//603 635//604 
f 693//662 635//604 636//605 
f 694//663 636//605 637//606 
f 695//664 637//606 638//607 
f 696//665 638//607 581//550 
f 697//666 639//608 640//609 
f 698//667 640//609 641//610 
f 699//668 641//610 642//611 
f 700//669 642//611 643//612 
f 701//670 643//612 644//613 
f 702//671 644//613 645//614 
f 703//672 645//614 646//615 
f 704//673 646//615 647//616 
f 705//674 647//616 648//617 
f 706//675 648//617 649//618 
f 707//676 649//618 650//619 
f 708//677 650//619 651//620 
f 709//678 651//620 652//621 
f 710//679 652//621 653//622 
f 711//680 653//622 654//623 
f 712//681 654//623 655//624 
f 713//682 655//624 656//625 
f 714//683 656//625 657//626 
f 715//684 657//626 658//627 
f 716//685 658//627 659//628 
f 717//686 659//628 660//629 
f 718//687 660//629 661//630 
f 719//688 661//630 662//631 
f 720//689 662//631 663//632 
f 721//690 663//632 664//633 
f 722//691 664//633 665//634 
f 723//692 665//634 666//635 
f 724//693 666//635 667//636 
f 725//694 667//636 668//637 
f 726//695 668//637 669//638 
f 727//696 669//638 670//639 
f 728//697 670//639 671//640 
f 729//698 671//640 672//641 
f 730//699 672//641 673//642 
f 731//700 673//642 674//643 
f 732//701 674//643 675//644 
f 733//702 675//644 676//645 
f 734//703 676//645 677//646 
f 735//704 677//646 678//647 
f 736//705 678//647 679//648 
f 737//706 679//648 680//649 
f 738//707 680//649 681//650 
f 739//708 681//650 682//651 
f 740//709 682//651 683//652 
f 741//710 683//652 684//653 
f 742//711 684//653 685//654 
f 743//712 685//654 686//655 
f 744//713 686//655 687//656 
f 745//714 687//656 688//657 
f 746//715 688//657 689//658 
f 747//716 689//658 690//659 
f 748//717 690//659 691//660 
f 749//718 691//660 692//661 
f 750//719 692//661 693//662 
f 751//720 693//662 694//663 
f 752//721 694//663 695//664 
f 753//722 695//664 696//665 
f 754//723 696//665 639//608 
f 755//724 697//666 698//667 
f 756//725 698//667 699//668 
f 757//726 699//668 700//669 
f 758//727 700//669 701//670 
f 759//728 701//670 702//671 
f 760//729 702//671 703//672 
f 761//730 703//672 704//673 
f 762//731 704//673 705//674 
f 763//732 705//674 706//675 
f 764//733 706//675 707//676 
f 765//734 707//676 708//677 
f 766//735 708//677 709//678 
f 767//736 709//678 710//679 
f 768//737 710//679 711//680 
f 769//738 711//680 712//681 
f 770//739 712//681 713//682 
f 771//740 713//682 714//683 
f 772//741 714//683 715//684 
f 773//742 715//684 716//685 
f 774//743 716//685 717//686 
f 775//744 717//686 718//687 
f 776//745 718//687 719//688 
f 777//746 719//688 720//689 
f 778//747 720//689 721//690 
f 779//748 721//690 722//691 
f 780//749 722//691 723//692 
f 781//750 723//692 724//693 
f 782//751 724//693 725//694 
f 783//752 725//694 726//695 
f 784//753 726//695 727//696 
f 785//754 727//696 728//697 
f 786//755 728//697 729//698 
f 787//756 729//698 730//699 
f 788//757 730//699 731//700 
f 789//758 731//700 732//701 
f 790//759 732//701 733//702 
f 791//760 733//702 734//703 
f 792//761 734//703 735//704 
f 793//762 735//704 736//705 
f 794//763 736//705 737//706 
f 795//764 737//706 738//707 
f 796//765 738//707 739//708 
f 797//766 739//708 740//709 
f 798//767 740//709 741//710 
f 799//768 741//710 742//711 
f 800//769 742//711 743//712 
f 801//770 743//712 744//713 
f 802//771 744//713 745//714 
f 803//772 745//714 746//715 
f 804//773 746//715 747//716 
f 805//774 747//716 748//717 
f 806//775 748//717 749//718 
f 807//776 749//718 750//719 
f 808//777 750//719 751//720 
f 809//778 751//720 752//721 
f 810//779 752//721 753//722 
f 811//780 753//722 754//723 
f 812//781 754//723 697//666 
f 813//782 755//724 756//725 
f 814//783 756//725 757//726 
f 815//784 757//726 758//727 
f 816//785 758//727 759//728 
f 817//786 759//728 760//729 
f 818//787 760//729 761//730 
f 819//788 761//730 762//731 
f 820//789 762//731 763//732 
f 821//790 763//732 764//733 
f 822//791 764//733 765//734 
f 823//792 765//734 766//735 
f 824//793 766//735 767//736 
f 825//794 767//736 768//737 
f 826//795 768//737 769//738 
f 827//796 769//738 770//739 
f 828//797 770//739 771//740 
f 829//798 771//740 772//741 
f 830//799 772//741 773//742 
f 831//800 773//742 774//743 
f 832//801 774//743 775//744 
f 833//802 775//744 776//745 
f 834//803 776//745 777//746 
f 835//804 777//746 778//747 
f 836//805 778//747 779//748 
f 837//806 779//748 780//749 
f 838//807 780//749 781//750 
f 839//808 781//750 782//751 
f 840//809 782//751 783//752 
f 841//810 783//752 784//753 
f 842//811 784//753 785//754 
f 843//812 785//754 786//755 
f 844//813 786//755 787//756 
f 845//814 787//756 788//757 
f 846//815 788//757 789//758 
f 847//816 789//758 790//759 
f 848//817 790//759 791//760 
f 849//818 791//760 792//761 
f 850//819 792//761 793//762 
f 851//820 793//762 794//763 
f 852//821 794//763 795//764 
f 853//822 795//764 796//765 
f 854//823 796//765 797//766 
f 855//824 797//766 798//767 
f 856//825 798//767 799//768 
f 857//826 799//768 800//769 
f 858//827 800//769 801//770 
f 859//828 801//770 802//771 
f 860//829 802//771 803//772 
f 861//830 803//772 804//773 
f 862//831 804//773 805//774 
f 863//832 805//774 806//775 
f 864//833 806//775 807//776 
f 865//834 807//776 808//777 
f 866//835 808//777 809//778 
f 867//836 809//778 810//779 
f 868//837 810//779 811//780 
f 869//838 811//780 812//781 
f 870//839 812//781 755//724 
f 871//840 813//782 814//783 
f 872//841 814//783 815//784 
f 873//842 815//784 816//785 
f 874//843 816//785 817//786 
f 875//844 817//786 818//787 
f 876//845 818//787 819//788 
f 877//846 819//788 820//789 
f 878//847 820//789 821//790 
f 879//848 821//790 822//791 
f 880//849 822//791 823//792 
f 881//850 823//792 824//793 
f 882//851 824//793 825//794 
f 883//852 825//794 826//795 
f 884//853 826//795 827//796 
f 885//854 827//796 828//797 
f 886//855 828//797 829//798 
f 887//856 829//798 830//799 
f 888//857 830//799 831//800 
f 889//858 831//800 832//801 
f 890//859 832//801 833//802 
f 891//860 833//802 834//803 
f 892//861 834//803 835//804 
f 893//862 835//804 836//805 
f 894//863 836//805 837//806 
f 895//864 837//806 838//807 
f 896//865 838//807 839//808 
f 897//866 839//808 840//809 
f 898//867 840//809 841//810 
f 899//868 841//810 842//811 
f 900//869 842//811 843//812 
f 901//870 843//812 844//813 
f 902//871 844//813 845//814 
f 903//872 845//814 846//815 
f 904//873 846//815 847//816 
f 905//874 847//816 848//817 
f 906//875 848//817 849//818 
f 907//876 849//818 850//819 
f 908//877 850//819 851//820 
f 909//878 851//820 852//821 
f 910//879 852//821 853//822 
f 911//880 853//822 854//823 
f 912//881 854//823 855//824 
f 913//882 855//824 856//825 
f 914//883 856//825 857//826 
f 915//884 857//826 858//827 
f 916//885 858//827 859//828 
f 917//886 859//828 860//829 
f 918//887 860//829 861//830 
f 919//888 861//830 862//831 
f 920//889 862//831 863//832 
f 921//890 863//832 864//833 
f 922//891 864//833 865//834 
f 923//892 865//834 866//835 
f 924//893 866//835 867//836 
f 925//894 867//836 868//837 
f 926//895 868//837 869//838 
f 927//896 869//838 870//839 
f 928//897 870//839 813//782 
f 929//898 871//840 872//841 
f 930//899 872//841 873//842 
f 931//900 873//842 874//843 
f 932//901 874//843 875//844 
f 933//902 875//844 876//845 
f 934//903 876//845 877//846 
f 935//904 877//846 878//847 
f 936//905 878//847 879//848 
f 937//906 879//848 880//849 
f 938//907 880//849 881//850 
f 939//908 881//850 882//851 
f 940//909 882//851 883//852 
f 941//910 883//852 884//853 
f 942//911 884//853 885//854 
f 943//912 885//854 886//855 
f 944//913 886//855 887//856 
f 945//914 887//856 888//857 
f 946//915 888//857 889//858 
f 947//916 889//858 890//859 
f 948//917 890//859 891//860 
f 949//918 891//860 892//861 
f 950//919 892//861 893//862 
f 951//920 893//862 894//863 
f 952//921 894//863 895//864 
f 953//922 895//864 896//865 
f 954//923 896//865 897//866 
f 955//924 897//866 898//867 
f 956//925 898//867 899//868 
f 957//926 899//868 900//869 
f 958//927 900//869 901//870 
f 959//928 901//870 902//871 
f 960//929 902//871 903//872 
f 961//930 903//872 904//873 
f 962//931 904//873 905//874 
f 963//932 905//874 906//875 
f 964//933 906//875 907//876 
f 965//934 907//876 908//877 
f 966//935 908//877 909//878 
f 967//936 909//878 910//879 
f 968//937 910//879 911//880 
f 969//938 911//880 912//881 
f 970//939 912//881 913//882 
f 971//940 913//882 914//883 
f 972//941 914//883 915//884 
f 973//942 915//884 916//885 
f 974//943 916//885 917//886 
f 975//944 917//886 918//887 
f 976//945 918//887 919//888 
f 977//946 919//888 920//889 
f 978//947 920//889 921//890 
f 979//948 921//890 922//891 
f 980//949 922//891 923//892 
f 981//950 923//892 924//893 
f 982//951 924//893 925//894 
f 983//952 925//894 926//895 
f 984//953 926//895 927//896 
f 985//954 927//896 928//897 
f 986//955 928//897 871//840 
f 2//956 929//898 930//899 
f 114//957 930//899 931//900 
f 112//958 931//900 932//901 
f 110//959 932//901 933//902 
f 108//960 933//902 934//903 
f 106//961 934//903 935//904 
f 104//962 935//904 936//905 
f 102//963 936//905 937//906 
f 100//964 937//906 938//907 
f 98//965 938//907 939//908 
f 96//966 939//908 940//909 
f 94//967 940//909 941//910 
f 92//968 941//910 942//911 
f 90//969 942//911 943//912 
f 88//970 943//912 944//913 
f 86//971 944//913 945//914 
f 84//972 945//914 946//915 
f 82//973 946//915 947//916 
f 80//974 947//916 948//917 
f 78//975 948//917 949//918 
f 76//976 949//918 950//919 
f 74//977 950//919 951//920 
f 72//978 951//920 952//921 
f 70//979 952//921 953//922 
f 68//980 953//922 954//923 
f 66//981 954//923 955//924 
f 64//982 955//924 956//925 
f 62//983 956//925 957//926 
f 60//984 957//926 958//927 
f 58//985 958//927 959//928 
f 56//986 959//928 960//929 
f 54//987 960//929 961//930 
f 52//988 961//930 962//931 
f 50//989 962//931 963//932 
f 48//990 963//932 964//933 
f 46//991 964//933 965//934 
f 44//992 965//934 966//935 
f 42//993 966//935 967//936 
f 40//994 967//936 968//937 
f 38//995 968//937 969//938 
f 36//996 969//938 970//939 
f 34//997 970//939 971//940 
f 32//998 971//940 972//941 
f 30//999 972//941 973//942 
f 28//1000 973//942 974//943 
f 26//1001 974//943 975//944 
f 24//1002 975//944 976//945 
f 22//1003 976//945 977//946 
f 20//1004 977//946 978//947 
f 18//1005 978//947 979//948 
f 16//1006 979//948 980//949 
f 14//1007 980//949 981//950 
f 12//1008 981//950 982//951 
f 10//1009 982//951 983//952 
f 8//1010 983//952 984//953 
f 6//1011 984//953 985//954 
f 4//1012 985//954 986//955 
f 1//1013 986//955 929//898 
f 929//898 2//956 1//1013 
f 986//955 1//1013 4//1012 
f 985//954 4//1012 6//1011 
f 984//953 6//1011 8//1010 
f 983//952 8//1010 10//1009 
f 982//951 10//1009 12//1008 
f 981//950 12//1008 14//1007 
f 980//949 14//1007 16//1006 
f 979//948 16//1006 18//1005 
f 978//947 18//1005 20//1004 
f 977//946 20//1004 22//1003 
f 976//945 22//1003 24//1002 
f 975//944 24//1002 26//1001 
f 974//943 26//1001 28//1000 
f 973//942 28//1000 30//999 
f 972//941 30//999 32//998 
f 971//940 32//998 34//997 
f 970//939 34//997 36//996 
f 969//938 36//996 38//995 
f 968//937 38//995 40//994 
f 967//936 40//994 42//993 
f 966//935 42//993 44//992 
f 965//934 44//992 46//991 
f 964//933 46//991 48//990 
f 963//932 48//990 50//989 
f 962//931 50//989 52//988 
f 961//930 52//988 54//987 
f 960//929 54//987 56//986 
f 959//928 56//986 58//985 
f 958//927 58//985 60//984 
f 957//926 60//984 62//983 
f 956//925 62//983 64//982 
f 955//924 64//982 66//981 
f 954//923 66//981 68//980 
f 953//922 68//980 70//979 
f 952//921 70//979 72//978 
f 951//920 72//978 74//977 
f 950//919 74//977 76//976 
f 949//918 76//976 78//975 
f 948//917 78//975 80//974 
f 947//916 80//974 82//973 
f 946//915 82//973 84//972 
f 945//914 84//972 86//971 
f 944//913 86//971 88//970 
f 943//912 88//970 90//969 
f 942//911 90//969 92//968 
f 941//910 92//968 94//967 
f 940//909 94//967 96//966 
f 939//908 96//966 98//965 
f 938//907 98//965 100//964 
f 937//906 100//964 102//963 
f 936//905 102//963 104//962 
f 935//904 104//962 106//961 
f 934//903 106//961 108//960 
f 933//902 108//960 110//959 
f 932//901 110//959 112//958 
f 931//900 112//958 114//957 
f 930//899 114//957 2//956 
f 871//840 929//898 986//955 
f 928//897 986//955 985//954 
f 927//896 985//954 984//953 
f 926//895 984//953 983//952 
f 925//894 983//952 982//951 
f 924//893 982//951 981//950 
f 923//892 981//950 980//949 
f 922//891 980//949 979//948 
f 921//890 979//948 978//947 
f 920//889 978//947 977//946 
f 919//888 977//946 976//945 
f 918//887 976//945 975//944 
f 917//886 975//944 974//943 
f 916//885 974//943 973//942 
f 915//884 973//942 972//941 
f 914//883 972//941 971//940 
f 913//882 971//940 970//939 
f 912//881 970//939 969//938 
f 911//880 969//938 968//937 
f 910//879 968//937 967//936 
f 909//878 967//936 966//935 
f 908//877 966//935 965//934 
f 907//876 965//934 964//933 
f 906//875 964//933 963//932 
f 905//874 963//932 962//931 
f 904//873 962//931 961//930 
f 903//872 961//930 960//929 
f 902//871 960//929 959//928 
f 901//870 959//928 958//927 
f 900//869 958//927 957//926 
f 899//868 957//926 956//925 
f 898//867 956//925 955//924 
f 897//866 955//924 954//923 
f 896//865 954//923 953//922 
f 895//864 953//922 952//921 
f 894//863 952//921 951//920 
f 893//862 951//920 950//919 
f 892//861 950//919 949//918 
f 891//860 949//918 948//917 
f 890//859 948//917 947//916 
f 889//858 947//916 946//915 
f 888//857 946//915 945//914 
f 887//856 945//914 944//913 
f 886//855 944//913 943//912 
f 885//854 943//912 942//911 
f 884//853 942//911 941//910 
f 883//852 941//910 940//909 
f 882//851 940//909 939//908 
f 881//850 939//908 938//907 
f 880//849 938//907 937//906 
f 879//848 937//906 936//905 
f 878//847 936//905 935//904 
f 877//846 935//904 934//903 
f 876//845 934//903 933//902 
f 875//844 933//902 932//901 
f 874//843 932//901 931//900 
f 873//842 931//900 930//899 
f 872//841 930//899 929//898 
f 813//782 871//840 928//897 
f 870//839 928//897 927//896 
f 869//838 927//896 926//895 
f 868//837 926//895 925//894 
f 867//836 925//894 924//893 
f 866//835 924//893 923//892 
f 865//834 923//892 922//891 
f 864//833 922//891 921//890 
f 863//832 921//890 920//889 
f 862//831 920//889 919//888 
f 861//830 919//888 918//887 
f 860//829 918//887 917//886 
f 859//828 917//886 916//885 
f 858//827 916//885 915//884 
f 857//826 915//884 914//883 
f 856//825 914//883 913//882 
f 855//824 913//882 912//881 
f 854//823 912//881 911//880 
f 853//822 911//880 910//879 
f 852//821 910//879 909//878 
f 851//820 909//878 908//877 
f 850//819 908//877 907//876 
f 849//818 907//876 906//875 
f 848//817 906//875 905//874 
f 847//816 905//874 904//873 
f 846//815 904//873 903//872 
f 845//814 903//872 902//871 
f 844//813 902//871 901//870 
f 843//812 901//870 900//869 
f 842//811 900//869 899//868 
f 841//810 899//868 898//867 
f 840//809 898//867 897//866 
f 839//808 897//866 896//865 
f 838//807 896//865 895//864 
f 837//806 895//864 894//863 
f 836//805 894//863 893//862 
f 835//804 893//862 892//861 
f 834//803 892//861 891//860 
f 833//802 891//860 890//859 
f 832//801 890//859 889//858 
f 831//800 889//858 888//857 
f 830//799 888//857 887//856 
f 829//798 887//856 886//855 
f 828//797 886//855 885//854 
f 827//796 885//854 884//853 
f 826//795 884//853 883//852 
f 825//794 883//852 882//851 
f 824//793 882//851 881//850 
f 823//792 881//850 880//849 
f 822//791 880//849 879//848 
f 821//790 879//848 878//847 
f 820//789 878//847 877//846 
f 819//788 877//846 876//845 
f 818//787 876//845 875//844 
f 817//786 875//844 874//843 
f 816//785 874//843 873//842 
f 815//784 873//842 872//841 
f 814//783 872//841 871//840 
f 755//724 813//782 870//839 
f 812//781 870//839 869//838 
f 811//780 869//838 868//837 
f 810//779 868//837 867//836 
f 809//778 867//836 866//835 
f 808//777 866//835 865//834 
f 807//776 865//834 864//833 
f 806//775 864//833 863//832 
f 805//774 863//832 862//831 
f 804//773 862//831 861//830 
f 803//772 861//830 860//829 
f 802//771 860//829 859//828 
f 801//770 859//828 858//827 
f 800//769 858//827 857//826 
f 799//768 857//826 856//825 
f 798//767 856//825 855//824 
f 797//766 855//824 854//823 
f 796//765 854//823 853//822 
f 795//764 853//822 852//821 
f 794//763 852//821 851//820 
f 793//762 851//820 850//819 
f 792//761 850//819 849//818 
f 791//760 849//818 848//817 
f 790//759 848//817 847//816 
f 789//758 847//816 846//815 
f 788//757 846//815 845//814 
f 787//756 845//814 844//813 
f 786//755 844//813 843//812 
f 785//754 843//812 842//811 
f 784//753 842//811 841//810 
f 783//752 841//810 840//809 
f 782//751 840//809 839//808 
f 781//750 839//808 838//807 
f 780//749 838//807 837//806 
f 779//748 837//806 836//805 
f 778//747 836//805 835//804 
f 777//746 835//804 834//803 
f 776//745 834//803 833//802 
f 775//744 833//802 832//801 
f 774//743 832//801 831//800 
f 773//742 831//800 830//799 
f 772//741 830//799 829//798 
f 771//740 829//798 828//797 
f 770//739 828//797 827//796 
f 769//738 827//796 826//795 
f 768//737 826//795 825//794 
f 767//736 825//794 824//793 
f 766//735 824//793 823//792 
f 765//734 823//792 822//791 
f 764//733 822//791 821//790 
f 763//732 821//790 820//789 
f 762//731 820//789 819//788 
f 761//730 819//788 818//787 
f 760//729 818//787 817//786 
f 759//728 817//786 816//785 
f 758//727 816//785 815//784 
f 757//726 815//784 814//783 
f 756//725 814//783 813//782 
f 697//666 755//724 812//781 
f 754//723 812//781 811//780 
f 753//722 811//780 810//779 
f 752//721 810//779 809//778 
f 751//720 809//778 808//777 
f 750//719 808//777 807//776 
f 749//718 807//776 806//775 
f 748//717 806//775 805//774 
f 747//716 805//774 804//773 
f 746//715 804//773 803//772 
f 745//714 803//772 802//771 
f 744//713 802//771 801//770 
f 743//712 801//770 800//769 
f 742//711 800//769 799//768 
f 741//710 799//768 798//767 
f 740//709 798//767 797//766 
f 739//708 797//766 796//765 
f 738//707 796//765 795//764 
f 737//706 795//764 794//763 
f 736//705 794//763 793//762 
f 735//704 793//762 792//761 
f 734//703 792//761 791//760 
f 733//702 791//760 790//759 
f 732//701 790//759 789//758 
f 731//700 789//758 788//757 
f 730//699 788//757 787//756 
f 729//698 787//756 786//755 
f 728//697 786//755 785//754 
f 727//696 785//754 784//753 
f 726//695 784//753 783//752 
f 725//694 783//752 782//751 
f 724//693 782//751 781//750 
f 723//692 781//750 780//749 
f 722//691 780//749 779//748 
f 721//690 779//748 778//747 
f 720//689 778//747 777//746 
f 719//688 777//746 776//745 
f 718//687 776//745 775//744 
f 717//686 775//744 774//743 
f 716//685 774//743 773//742 
f 715//684 773//742 772//741 
f 714//683 772//741 771//740 
f 713//682 771//740 770//739 
f 712//681 770//739 769//738 
f 711//680 769//738 768//737 
f 710//679 768//737 767//736 
f 709//678 767//736 766//735 
f 708//677 766//735 765//734 
f 707//676 765//734 764//733 
f 706//675 764//733 763//732 
f 705//674 763//732 762//731 
f 704//673 762//731 761//730 
f 703//672 761//730 760//729 
f 702//671 760//729 759//728 
f 701//670 759//728 758//727 
f 700//669 758//727 757//726 
f 699//668 757//726 756//725 
f 698//667 756//725 755//724 
f 639//608 697//666 754//723 
f 696//665 754//723 753//722 
f 695//664 753//722 752//721 
f 694//663 752//721 751//720 
f 693//662 751//720 750//719 
f 692//661 750//719 749//718 
f 691//660 749//718 748//717 
f 690//659 748//717 747//716 
f 689//658 747//716 746//715 
f 688//657 746//715 745//714 
f 687//656 745//714 744//713 
f 686//655 744//713 743//712 
f 685//654 743//712 742//711 
f 684//653 742//711 741//710 
f 683//652 741//710 740//709 
f 682//651 740//709 739//708 
f 681//650 739//708 738//707 
f 680//649 738//707 737//706 
f 679//648 737//706 736//705 
f 678//647 736//705 735//704 
f 677//646 735//704 734//703 
f 676//645 734//703 733//702 
f 675//644 733//702 732//701 
f 674//643 732//701 731//700 
f 673//642 731//700 730//699 
f 672//641 730//699 729//698 
f 671//640 729//698 728//697 
f 670//639 728//697 727//696 
f 669//638 727//696 726//695 
f 668//637 726//695 725//694 
f 667//636 725//694 724//693 
f 666//635 724//693 723//692 
f 665//634 723//692 722//691 
f 664//633 722//691 721//690 
f 663//632 721//690 720//689 
f 662//631 720//689 719//688 
f 661//630 719//688 718//687 
f 660//629 718//687 717//686 
f 659//628 717//686 716//685 
f 658//627 716//685 715//684 
f 657//626 715//684 714//683 
f 656//625 714//683 713//682 
f 655//624 713//682 712//681 
f 654//623 712//681 711//680 
f 653//622 711//680 710//679 
f 652//621 710//679 709//678 
f 651//620 709//678 708//677 
f 650//619 708//677 707//676 
f 649//618 707//676 706//675 
f 648//617 706//675 705//674 
f 647//616 705//674 704//673 
f 646//615 704//673 703//672 
f 645//614 703//672 702//671 
f 644//613 702//671 701//670 
f 643//612 701//670 700//669 
f 642//611 700//669 699//668 
f 641//610 699//668 698//667 
f 640//609 698//667 697//666 
f 581//550 639//608 696//665 
f 638//607 696//665 695//664 
f 637//606 695//664 694//663 
f 636//605 694//663 693//662 
f 635//604 693//662 692//661 
f 634//603 692//661 691//660 
f 633//602 691//660 690//659 
f 632//601 690//659 689//658 
f 631//600 689//658 688//657 
f 630//599 688//657 687//656 
f 629//598 687//656 686//655 
f 628//597 686//655 685//654 
f 627//596 685//654 684//653 
f 626//595 684//653 683//652 
f 625//594 683//652 682//651 
f 624//593 682//651 681//650 
f 623//592 681//650 680//649 
f 622//591 680//649 679//648 
f 621//590 679//648 678//647 
f 620//589 678//647 677//646 
f 619//588 677//646 676//645 
f 618//587 676//645 675//644 
f 617//586 675//644 674//643 
f 616//585 674//643 673//642 
f 615//584 673//642 672//641 
f 614//583 672//641 671//640 
f 613//582 671//640 670//639 
f 612//581 670//639 669//638 
f 611//580 669//638 668//637 
f 610//579 668//637 667//636 
f 609//578 667//636 666//635 
f 608//577 666//635 665//634 
f 607//576 665//634 664//633 
f 606//575 664//633 663//632 
f 605//574 663//632 662//631 
f 604//573 662//631 661//630 
f 603//572 661//630 660//629 
f 602//571 660//629 659//628 
f 601//570 659//628 658//627 
f 600//569 658//627 657//626 
f 599//568 657//626 656//625 
f 598//567 656//625 655//624 
f 597//566 655//624 654//623 
f 596//565 654//623 653//622 
f 595//564 653//622 652//621 
f 594//563 652//621 651//620 
f 593//562 651//620 650//619 
f 592//561 650//619 649//618 
f 591//560 649//618 648//617 
f 590//559 648//617 647//616 
f 589//558 647//616 646//615 
f 588//557 646//615 645//614 
f 587//556 645//614 644//613 
f 586//555 644//613 643//612 
f 585//554 643//612 642//611 
f 584//553 642//611 641//610 
f 583//552 641//610 640//609 
f 582//551 640//609 639//608 
f 523//492 581//550 638//607 
f 580//549 638//607 637//606 
f 579//548 637//606 636//605 
f 578//547 636//605 635//604 
f 577//546 635//604 634//603 
f 576//545 634//603 633//602 
f 575//544 633//602 632//601 
f 574//543 632//601 631//600 
f 573//542 631//600 630//599 
f 572//541 630//599 629//598 
f 571//540 629//598 628//597 
f 570//539 628//597 627//596 
f 569//538 627//596 626//595 
f 568//537 626//595 625//594 
f 567//536 625//594 624//593 
f 566//535 624//593 623//592 
f 565//534 623//592 622//591 
f 564//533 622//591 621//590 
f 563//532 621//590 620//589 
f 562//531 620//589 619//588 
f 561//530 619//588 618//587 
f 560//529 618//587 617//586 
f 559//528 617//586 616//585 
f 558//527 616//585 615//584 
f 557//526 615//584 614//583 
f 556//525 614//583 613//582 
f 555//524 613//582 612//581 
f 554//523 612//581 611//580 
f 553//522 611//580 610//579 
f 552//521 610//579 609//578 
f 551//520 609//578 608//577 
f 550//519 608//577 607//576 
f 549//518 607//576 606//575 
f 548//517 606//575 605//574 
f 547//516 605//574 604//573 
f 546//515 604//573 603//572 
f 545//514 603//572 602//571 
f 544//513 602//571 601//570 
f 543//512 601//570 600//569 
f 542//511 600//569 599//568 
f 541//510 599//568 598//567 
f 540//509 598//567 597//566 
f 539//508 597//566 596//565 
f 538//507 596//565 595//564 
f 537//506 595//564 594//563 
f 536//505 594//563 593//562 
f 535//504 593//562 592//561 
f 534//503 592//561 591//560 
f 533//502 591//560 590//559 
f 532//501 590//559 589//558 
f 531//500 589//558 588//557 
f 530//499 588//557 587//556 
f 529//498 587//556 586//555 
f 528//497 586//555 585//554 
f 527//496 585//554 584//553 
f 526//495 584//553 583//552 
f 525//494 583//552 582//551 
f 524//493 582//551 581//550 
f 465//434 523//492 580//549 
f 522//491 580//549 579//548 
f 521//490 579//548 578//547 
f 520//489 578//547 577//546 
f 519//488 577//546 576//545 
f 518//487 576//545 575//544 
f 517//486 575//544 574//543 
f 516//485 574//543 573//542 
f 515//484 573//542 572//541 
f 514//483 572//541 571//540 
f 513//482 571//540 570//539 
f 512//481 570//539 569//538 
f 511//480 569//538 568//537 
f 510//479 568//537 567//536 
f 509//478 567//536 566//535 
f 508//477 566//535 565//534 
f 507//476 565//534 564//533 
f 506//475 564//533 563//532 
f 505//474 563//532 562//531 
f 504//473 562//531 561//530 
f 503//472 561//530 560//529 
f 502//471 560//529 559//528 
f 501//470 559//528 558//527 
f 500//469 558//527 557//526 
f 499//468 557//526 556//525 
f 498//467 556//525 555//524 
f 497//466 555//524 554//523 
f 496//465 554//523 553//522 
f 495//464 553//522 552//521 
f 494//463 552//521 551//520 
f 493//462 551//520 550//519 
f 492//461 550//519 549//518 
f 491//460 549//518 548//517 
f 490//459 548//517 547//516 
f 489//458 547//516 546//515 
f 488//457 546//515 545//514 
f 487//456 545//514 544//513 
f 486//455 544//513 543//512 
f 485//454 543//512 542//511 
f 484//453 542//511 541//510 
f 483//452 541//510 540//509 
f 482//451 540//509 539//508 
f 481//450 539//508 538//507 
f 480//449 538//507 537//506 
f 479//448 537//506 536//505 
f 478//447 536//505 535//504 
f 477//446 535//504 534//503 
f 476//445 534//503 533//502 
f 475//444 533//502 532//501 
f 474//443 532//501 531//500 
f 473//442 531//500 530//499 
f 472//441 530//499 529//498 
f 471//440 529//498 528//497 
f 470//439 528//497 527//496 
f 469//438 527//496 526//495 
f 468//437 526//495 525//494 
f 467//436 525//494 524//493 
f 466//435 524//493 523//492 
f 407//376 465//434 522//491 
f 464//433 522//491 521//490 
f 463//432 521//490 520//489 
f 462//431 520//489 519//488 
f 461//430 519//488 518//487 
f 460//429 518//487 517//486 
f 459//428 517//486 516//485 
f 458//427 516//485 515//484 
f 457//426 515//484 514//483 
f 456//425 514//483 513//482 
f 455//424 513//482 512//481 
f 454//423 512//481 511//480 
f 453//422 511//480 510//479 
f 452//421 510//479 509//478 
f 451//420 509//478 508//477 
f 450//419 508//477 507//476 
f 449//418 507//476 506//475 
f 448//417 506//475 505//474 
f 447//416 505//474 504//473 
f 446//415 504//473 503//472 
f 445//414 503//472 502//471 
f 444//413 502//471 501//470 
f 443//412 501//470 500//469 
f 442//411 500//469 499//468 
f 441//410 499//468 498//467 
f 440//409 498//467 497//466 
f 439//408 497//466 496//465 
f 438//407 496//465 495//464 
f 437//406 495//464 494//463 
f 436//405 494//463 493//462 
f 435//404 493//462 492//461 
f 434//403 492//461 491//460 
f 433//402 491//460 490//459 
f 432//401 490//459 489//458 
f 431//400 489//458 488//457 
f 430//399 488//457 487//456 
f 429//398 487//456 486//455 
f 428//397 486//455 485//454 
f 427//396 485//454 484//453 
f 426//395 484//453 483//452 
f 425//394 483//452 482//451 
f 424//393 482//451 481//450 
f 423//392 481//450 480//449 
f 422//391 480//449 479//448 
f 421//390 479//448 478//447 
f 420//389 478//447 477//446 
f 419//388 477//446 476//445 
f 418//387 476//445 475//444 
f 417//386 475//444 474//443 
f 416//385 474//443 473//442 
f 415//384 473//442 472//441 
f 414//383 472//441 471//440 
f 413//382 471//440 470//439 
f 412//381 470//439 469//438 
f 411//380 469//438 468//437 
f 410//379 468//437 467//436 
f 409//378 467//436 466//435 
f 408//377 466//435 465//434 
f 349//318 407//376 464//433 
f 406//375 464//433 463//432 
f 405//374 463//432 462//431 
f 404//373 462//431 461//430 
f 403//372 461//430 460//429 
f 402//371 460//429 459//428 
f 401//370 459//428 458//427 
f 400//369 458//427 457//426 
f 399//368 457//426 456//425 
f 398//367 456//425 455//424 
f 397//366 455//424 454//423 
f 396//365 454//423 453//422 
f 395//364 453//422 452//421 
f 394//363 452//421 451//420 
f 393//362 451//420 450//419 
f 392//361 450//419 449//418 
f 391//360 449//418 448//417 
f 390//359 448//417 447//416 
f 389//358 447//416 446//415 
f 388//357 446//415 445//414 
f 387//356 445//414 444//413 
f 386//355 444//413 443//412 
f 385//354 443//412 442//411 
f 384//353 442//411 441//410 
f 383//352 441//410 440//409 
f 382//351 440//409 439//408 
f 381//350 439//408 438//407 
f 380//349 438//407 437//406 
f 379//348 437//406 436//405 
f 378//347 436//405 435//404 
f 377//346 435//404 434//403 
f 376//345 434//403 433//402 
f 375//344 433//402 432//401 
f 374//343 432//401 431//400 
f 373//342 431//400 430//399 
f 372//341 430//399 429//398 
f 371//340 429//398 428//397 
f 370//339 428//397 427//396 
f 369//338 427//396 426//395 
f 368//337 426//395 425//394 
f 367//336 425//394 424//393 
f 366//335 424//393 423//392 
f 365//334 423//392 422//391 
f 364//333 422//391 421//390 
f 363//332 421//390 420//389 
f 362//331 420//389 419//388 
f 361//330 419//388 418//387 
f 360//329 418//387 417//386 
f 359//328 417//386 416//385 
f 358//327 416//385 415//384 
f 357//326 415//384 414//383 
f 356//325 414//383 413//382 
f 355//324 413//382 412//381 
f 354//323 412//381 411//380 
f 353//322 411//380 410//379 
f 352//321 410//379 409//378 
f 351//320 409//378 408//377 
f 350//319 408//377 407//376 
f 291//260 349//318 406//375 
f 348//317 406//375 405//374 
f 347//316 405//374 404//373 
f 346//315 404//373 403//372 
f 345//314 403//372 402//371 
f 344//313 402//371 401//370 
f 343//312 401//370 400//369 
f 342//311 400//369 399//368 
f 341//310 399//368 398//367 
f 340//309 398//367 397//366 
f 339//308 397//366 396//365 
f 338//307 396//365 395//364 
f 337//306 395//364 394//363 
f 336//305 394//363 393//362 
f 335//304 393//362 392//361 
f 334//303 392//361 391//360 
f 333//302 391//360 390//359 
f 332//301 390//359 389//358 
f 331//300 389//358 388//357 
f 330//299 388//357 387//356 
f 329//298 387//356 386//355 
f 328//297 386//355 385//354 
f 327//296 385//354 384//353 
f 326//295 384//353 383//352 
f 325//294 383//352 382//351 
f 324//293 382//351 381//350 
f 323//292 381//350 380//349 
f 322//291 380//349 379//348 
f 321//290 379//348 378//347 
f 320//289 378//347 377//346 
f 319//288 377//346 376//345 
f 318//287 376//345 375//344 
f 317//286 375//344 374//343 
f 316//285 374//343 373//342 
f 315//284 373//342 372//341 
f 314//283 372//341 371//340 
f 313//282 371//340 370//339 
f 312//281 370//339 369//338 
f 311//280 369//338 368//337 
f 310//279 368//337 367//336 
f 309//278 367//336 366//335 
f 308//277 366//335 365//334 
f 307//276 365//334 364//333 
f 306//275 364//333 363//332 
f 305//274 363//332 362//331 
f 304//273 362//331 361//330 
f 303//272 361//330 360//329 
f 302//271 360//329 359//328 
f 301//270 359//328 358//327 
f 300//269 358//327 357//326 
f 299//268 357//326 356//325 
f 298//267 356//325 355//324 
f 297//266 355//324 354//323 
f 296//265 354//323 353//322 
f 295//264 353//322 352//321 
f 294//263 352//321 351//320 
f 293//262 351//320 350//319 
f 292//261 350//319 349//318 
f 233//202 291//260 348//317 
f 290//259 348//317 347//316 
f 289//258 347//316 346//315 
f 288//257 346//315 345//314 
f 287//256 345//314 344//313 
f 286//255 344//313 343//312 
f 285//254 343//312 342//311 
f 284//253 342//311 341//310 
f 283//252 341//310 340//309 
f 282//251 340//309 339//308 
f 281//250 339//308 338//307 
f 280//249 338//307 337//306 
f 279//248 337//306 336//305 
f 278//247 336//305 335//304 
f 277//246 335//304 334//303 
f 276//245 334//303 333//302 
f 275//244 333//302 332//301 
f 274//243 332//301 331//300 
f 273//242 331//300 330//299 
f 272//241 330//299 329//298 
f 271//240 329//298 328//297 
f 270//239 328//297 327//296 
f 269//238 327//296 326//295 
f 268//237 326//295 325//294 
f 267//236 325//294 324//293 
f 266//235 324//293 323//292 
f 265//234 323//292 322//291 
f 264//233 322//291 321//290 
f 263//232 321//290 320//289 
f 262//231 320//289 319//288 
f 261//230 319//288 318//287 
f 260//229 318//287 317//286 
f 259//228 317//286 316//285 
f 258//227 316//285 315//284 
f 257//226 315//284 314//283 
f 256//225 314//283 313//282 
f 255//224 313//282 312//281 
f 254//223 312//281 311//280 
f 253//222 311//280 310//279 
f 252//221 310//279 309//278 
f 251//220 309//278 308//277 
f 250//219 308//277 307//276 
f 249//218 307//276 306//275 
f 248//217 306//275 305//274 
f 247//216 305//274 304//273 
f 246//215 304//273 303//272 
f 245//214 303//272 302//271 
f 244//213 302//271 301//270 
f 243//212 301//270 300//269 
f 242//211 300//269 299//268 
f 241//210 299//268 298//267 
f 240//209 298//267 297//266 
f 239//208 297//266 296//265 
f 238//207 296//265 295//264 
f 237//206 295//264 294//263 
f 236//205 294//263 293//262 
f 235//204 293//262 292//261 
f 234//203 292//261 291//260 
f 175//115 233//202 290//259 
f 232//201 290//259 289//258 
f 231//199 289//258 288//257 
f 230//198 288//257 287//256 
f 229//196 287//256 286//255 
f 228//195 286//255 285//254 
f 227//193 285//254 284//253 
f 226//192 284//253 283//252 
f 225//190 283//252 282//251 
f 224//189 282//251 281//250 
f 223//187 281//250 280//249 
f 222//186 280//249 279//248 
f 221//184 279//248 278//247 
f 220//183 278//247 277//246 
f 219//181 277//246 276//245 
f 218//180 276//245 275//244 
f 217//178 275//244 274//243 
f 216//177 274//243 273//242 
f 215//175 273//242 272//241 
f 214//174 272//241 271//240 
f 213//172 271//240 270//239 
f 212//171 270//239 269//238 
f 211//169 269//238 268//237 
f 210//168 268//237 267//236 
f 209//166 267//236 266//235 
f 208//165 266//235 265//234 
f 207//163 265//234 264//233 
f 206//162 264//233 263//232 
f 205//160 263//232 262//231 
f 204//159 262//231 261//230 
f 203//157 261//230 260//229 
f 202//156 260//229 259//228 
f 201//154 259//228 258//227 
f 200//153 258//227 257//226 
f 199//151 257//226 256//225 
f 198//150 256//225 255//224 
f 197//148 255//224 254//223 
f 196//147 254//223 253//222 
f 195//145 253//222 252//221 
f 194//144 252//221 251//220 
f 193//142 251//220 250//219 
f 192//141 250//219 249//218 
f 191//139 249//218 248//217 
f 190//138 248//217 247//216 
f 189//136 247//216 246//215 
f 188//135 246//215 245//214 
f 187//133 245//214 244//213 
f 186//132 244//213 243//212 
f 185//130 243//212 242//211 
f 184//129 242//211 241//210 
f 183//127 241//210 240//209 
f 182//126 240//209 239//208 
f 181//124 239//208 238//207 
f 180//123 238//207 237//206 
f 179//121 237//206 236//205 
f 178//120 236//205 235//204 
f 177//118 235//204 234//203 
f 176//117 234//203 233//202 
f 117//116 175//115 232//201 
f 174//200 232//201 231//199 
f 173//197 231//199 230//198 
f 172//197 230//198 229//196 
f 171//194 229//196 228//195 
f 170//194 228//195 227//193 
f 169//191 227//193 226//192 
f 168//191 226//192 225//190 
f 167//188 225//190 224//189 
f 166//188 224//189 223//187 
f 165//185 223//187 222//186 
f 164//185 222//186 221//184 
f 163//182 221//184 220//183 
f 162//182 220//183 219//181 
f 161//179 219//181 218//180 
f 160//179 218//180 217//178 
f 159//176 217//178 216//177 
f 158//176 216//177 215//175 
f 157//173 215//175 214//174 
f 156//173 214//174 213//172 
f 155//170 213//172 212//171 
f 154//170 212//171 211//169 
f 153//167 211//169 210//168 
f 152//167 210//168 209//166 
f 151//164 209//166 208//165 
f 150//164 208//165 207//163 
f 149//161 207//163 206//162 
f 148//161 206//162 205//160 
f 147//158 205//160 204//159 
f 146//158 204//159 203//157 
f 145//155 203//157 202//156 
f 144//155 202//156 201//154 
f 143//152 201//154 200//153 
f 142//152 200//153 199//151 
f 141//149 199//151 198//150 
f 140//149 198//150 197//148 
f 139//146 197//148 196//147 
f 138//146 196//147 195//145 
f 137//143 195//145 194//144 
f 136//143 194//144 193//142 
f 135//140 193//142 192//141 
f 134//140 192//141 191//139 
f 133//137 191//139 190//138 
f 132//137 190//138 189//136 
f 131//134 189//136 188//135 
f 130//134 188//135 187//133 
f 129//131 187//133 186//132 
f 128//131 186//132 185//130 
f 127//128 185//130 184//129 
f 126//128 184//129 183//127 
f 125//125 183//127 182//126 
f 124//125 182//126 181//124 
f 123//122 181//124 180//123 
f 122//122 180//123 179//121 
f 121//119 179//121 178//120 
f 120//119 178//120 177//118 
f 119//116 177//118 176//117 
f 118//116 176//117 175//115 
o mesh2
f 987//1014 167//1014 166//1014 
f 988//1014 168//1014 167//1014 
f 989//1014 990//1014 118//1014 
f 990//1014 991//1014 119//1014 
f 992//1014 120//1014 119//1014 
f 992//1014 993//1014 121//1014 
f 994//1014 127//1014 126//1014 
f 994//1014 995//1014 128//1014 
f 167//1014 987//1014 988//1014 
f 988//1014 996//1014 169//1014 
f 119//1014 118//1014 990//1014 
f 121//1014 120//1014 992//1014 
f 997//1014 122//1014 121//1014 
f 997//1014 998//1014 123//1014 
f 999//1014 124//1014 123//1014 
f 999//1014 1000//1014 125//1014 
f 1001//1014 126//1014 125//1014 
f 128//1014 127//1014 994//1014 
f 1002//1014 164//1014 163//1014 
f 1002//1014 1003//1014 165//1014 
f 1004//1014 166//1014 165//1014 
f 169//1014 168//1014 988//1014 
f 119//1014 991//1014 992//1014 
f 123//1014 122//1014 997//1014 
f 125//1014 124//1014 999//1014 
f 126//1014 1001//1014 994//1014 
f 1005//1014 149//1014 148//1014 
f 1005//1014 1006//1014 150//1014 
f 1007//1014 159//1014 158//1014 
f 1007//1014 1008//1014 160//1014 
f 165//1014 164//1014 1002//1014 
f 166//1014 1004//1014 987//1014 
f 1009//1014 170//1014 169//1014 
f 1009//1014 1010//1014 171//1014 
f 121//1014 993//1014 997//1014 
f 125//1014 1000//1014 1001//1014 
f 1011//1014 129//1014 128//1014 
f 1011//1014 1012//1014 130//1014 
f 1013//1014 145//1014 144//1014 
f 1013//1014 1014//1014 146//1014 
f 1015//1014 147//1014 146//1014 
f 1015//1014 1016//1014 148//1014 
f 150//1014 149//1014 1005//1014 
f 1006//1014 1017//1014 151//1014 
f 1018//1014 152//1014 151//1014 
f 1018//1014 1019//1014 153//1014 
f 160//1014 159//1014 1007//1014 
f 1008//1014 1020//1014 161//1014 
f 165//1014 1003//1014 1004//1014 
f 171//1014 170//1014 1009//1014 
f 1021//1014 172//1014 171//1014 
f 1021//1014 1022//1014 173//1014 
f 123//1014 998//1014 999//1014 
f 130//1014 129//1014 1011//1014 
f 1023//1014 131//1014 130//1014 
f 1023//1014 1024//1014 132//1014 
f 146//1014 145//1014 1013//1014 
f 148//1014 147//1014 1015//1014 
f 151//1014 150//1014 1006//1014 
f 153//1014 152//1014 1018//1014 
f 1025//1014 156//1014 155//1014 
f 1025//1014 1026//1014 157//1014 
f 1027//1014 158//1014 157//1014 
f 161//1014 160//1014 1008//1014 
f 1028//1014 162//1014 161//1014 
f 1028//1014 1029//1014 163//1014 
f 169//1014 996//1014 1009//1014 
f 173//1014 172//1014 1021//1014 
f 128//1014 995//1014 1011//1014 
f 132//1014 131//1014 1023//1014 
f 1030//1014 133//1014 132//1014 
f 1030//1014 1031//1014 134//1014 
f 1032//1014 135//1014 134//1014 
f 1032//1014 1033//1014 136//1014 
f 1034//1014 138//1014 137//1014 
f 1034//1014 1035//1014 139//1014 
f 1036//1014 143//1014 142//1014 
f 1036//1014 1037//1014 144//1014 
f 146//1014 1014//1014 1015//1014 
f 151//1014 1017//1014 1018//1014 
f 1038//1014 154//1014 153//1014 
f 1038//1014 1039//1014 155//1014 
f 157//1014 156//1014 1025//1014 
f 158//1014 1027//1014 1007//1014 
f 163//1014 162//1014 1028//1014 
f 171//1014 1010//1014 1021//1014 
f 1040//1014 174//1014 173//1014 
f 1040//1014 989//1014 117//1014 
f 130//1014 1012//1014 1023//1014 
f 134//1014 133//1014 1030//1014 
f 136//1014 135//1014 1032//1014 
f 1033//1014 1041//1014 137//1014 
f 139//1014 138//1014 1034//1014 
f 1035//1014 1042//1014 140//1014 
f 1043//1014 141//1014 140//1014 
f 1043//1014 1044//1014 142//1014 
f 144//1014 143//1014 1036//1014 
f 148//1014 1016//1014 1005//1014 
f 155//1014 154//1014 1038//1014 
f 157//1014 1026//1014 1027//1014 
f 163//1014 1029//1014 1002//1014 
f 117//1014 174//1014 1040//1014 
f 132//1014 1024//1014 1030//1014 
f 137//1014 136//1014 1033//1014 
f 140//1014 139//1014 1035//1014 
f 142//1014 141//1014 1043//1014 
f 144//1014 1037//1014 1013//1014 
f 155//1014 1039//1014 1025//1014 
f 173//1014 1022//1014 1040//1014 
f 134//1014 1031//1014 1032//1014 
f 140//1014 1042//1014 1043//1014 
f 153//1014 1019//1014 1038//1014 
f 118//1014 117//1014 989//1014 
f 142//1014 1044//1014 1036//1014 
f 137//1014 1041//1014 1034//1014 
f 161//1014 1020//1014 1028//1014 
o mesh3
f 1103//1015 1045//1016 1046//1017 
f 1104//1018 1046//1017 1047//1019 
f 1105//1020 1047//1019 1048//1021 
f 1106//1022 1048//1021 1049//1023 
f 1107//1024 1049//1023 1050//1025 
f 1108//1026 1050//1025 1051//1027 
f 1109//1028 1051//1027 1052//1029 
f 1110//1030 1052//1029 1053//1031 
f 1111//1032 1053//1031 1054//1033 
f 1112//1034 1054//1033 1055//1035 
f 1113//1036 1055//1035 1056//1037 
f 1114//1038 1056//1037 1057//1039 
f 1115//1040 1057//1039 1058//1041 
f 1116//1042 1058//1041 1059//1043 
f 1117//1044 1059//1043 1060//1045 
f 1118//1046 1060//1045 1061//1047 
f 1119//1048 1061//1047 1062//1049 
f 1120//1050 1062//1049 1063//1051 
f 1121//1052 1063//1051 1064//1053 
f 1122//1054 1064//1053 1065//1055 
f 1123//1056 1065//1055 1066//1057 
f 1124//1058 1066//1057 1067//1059 
f 1125//1060 1067//1059 1068//1061 
f 1126//1062 1068//1061 1069//1063 
f 1127//1064 1069//1063 1070//1065 
f 1128//1066 1070//1065 1071//1067 
f 1129//1068 1071//1067 1072//1069 
f 1130//1070 1072//1069 1073//1071 
f 1131//1072 1073//1071 1074//1073 
f 1132//1074 1074//1073 1075//1075 
f 1133//1076 1075//1075 1076//1077 
f 1134//1078 1076//1077 1077//1079 
f 1135//1080 1077//1079 1078//1081 
f 1136//1082 1078//1081 1079//1083 
f 1137//1084 1079//1083 1080//1085 
f 1138//1086 1080//1085 1081//1087 
f 1139//1088 1081//1087 1082//1089 
f 1140//1090 1082//1089 1083//1091 
f 1141//1092 1083//1091 1084//1093 
f 1142//1094 1084//1093 1085//1095 
f 1143//1096 1085//1095 1086//1097 
f 1144//1098 1086//1097 1087//1099 
f 1145//1100 1087//1099 1088//1101 
f 1146//1102 1088//1101 1089//1103 
f 1147//1104 1089//1103 1090//1105 
f 1148//1106 1090//1105 1091//1107 
f 1149//1108 1091//1107 1092//1109 
f 1150//1110 1092//1109 1093//1111 
f 1151//1112 1093//1111 1094//1113 
f 1152//1114 1094//1113 1095//1115 
f 1153//1116 1095//1115 1096//1117 
f 1154//1118 1096//1117 1097//1119 
f 1155//1120 1097//1119 1098//1121 
f 1156//1122 1098//1121 1099//1123 
f 1157//1124 1099//1123 1100//1125 
f 1158//1126 1100//1125 1101//1127 
f 1159//1128 1101//1127 1102//1129 
f 1160//1130 1102//1129 1045//1016 
f 1161//1131 1103//1015 1104//1018 
f 1162//1132 1104//1018 1105//1020 
f 1163//1133 1105//1020 1106//1022 
f 1164//1134 1106//1022 1107//1024 
f 1165//1135 1107//1024 1108//1026 
f 1166//1136 1108//1026 1109//1028 
f 1167//1137 1109//1028 1110//1030 
f 1168//1138 1110//1030 1111//1032 
f 1169//1139 1111//1032 1112//1034 
f 1170//1140 1112//1034 1113//1036 
f 1171//1141 1113//1036 1114//1038 
f 1172//1142 1114//1038 1115//1040 
f 1173//1143 1115//1040 1116//1042 
f 1174//1144 1116//1042 1117//1044 
f 1175//1145 1117//1044 1118//1046 
f 1176//1146 1118//1046 1119//1048 
f 1177//1147 1119//1048 1120//1050 
f 1178//1148 1120//1050 1121//1052 
f 1179//1149 1121//1052 1122//1054 
f 1180//1150 1122//1054 1123//1056 
f 1181//1151 1123//1056 1124//1058 
f 1182//1152 1124//1058 1125//1060 
f 1183//1153 1125//1060 1126//1062 
f 1184//1154 1126//1062 1127//1064 
f 1185//1155 1127//1064 1128//1066 
f 1186//1156 1128//1066 1129//1068 
f 1187//1157 1129//1068 1130//1070 
f 1188//1158 1130//1070 1131//1072 
f 1189//1159 1131//1072 1132//1074 
f 1190//1160 1132//1074 1133//1076 
f 1191//1161 1133//1076 1134//1078 
f 1192//1162 1134//1078 1135//1080 
f 1193//1163 1135//1080 1136//1082 
f 1194//1164 1136//1082 1137//1084 
f 1195//1165 1137//1084 1138//1086 
f 1196//1166 1138//1086 1139//1088 
f 1197//1167 1139//1088 1140//1090 
f 1198//1168 1140//1090 1141//1092 
f 1199//1169 1141//1092 1142//1094 
f 1200//1170 1142//1094 1143//1096 
f 1201//1171 1143//1096 1144//1098 
f 1202//1172 1144//1098 1145//1100 
f 1203//1173 1145//1100 1146//1102 
f 1204//1174 1146//1102 1147//1104 
f 1205//1175 1147//1104 1148//1106 
f 1206//1176 1148//1106 1149//1108 
f 1207//1177 1149//1108 1150//1110 
f 1208//1178 1150//1110 1151//1112 
f 1209//1179 1151//1112 1152//1114 
f 1210//1180 1152//1114 1153//1116 
f 1211//1181 1153//1116 1154//1118 
f 1212//1182 1154//1118 1155//1120 
f 1213//1183 1155//1120 1156//1122 
f 1214//1184 1156//1122 1157//1124 
f 1215//1185 1157//1124 1158//1126 
f 1216//1186 1158//1126 1159//1128 
f 1217//1187 1159//1128 1160//1130 
f 1218//1188 1160//1130 1103//1015 
f 1219//1189 1161//1131 1162//1132 
f 1220//1190 1162//1132 1163//1133 
f 1221//1191 1163//1133 1164//1134 
f 1222//1192 1164//1134 1165//1135 
f 1223//1193 1165//1135 1166//1136 
f 1224//1194 1166//1136 1167//1137 
f 1225//1195 1167//1137 1168//1138 
f 1226//1196 1168//1138 1169//1139 
f 1227//1197 1169//1139 1170//1140 
f 1228//1198 1170//1140 1171//1141 
f 1229//1199 1171//1141 1172//1142 
f 1230//1200 1172//1142 1173//1143 
f 1231//1201 1173//1143 1174//1144 
f 1232//1202 1174//1144 1175//1145 
f 1233//1203 1175//1145 1176//1146 
f 1234//1204 1176//1146 1177//1147 
f 1235//1205 1177//1147 1178//1148 
f 1236//1206 1178//1148 1179//1149 
f 1237//1207 1179//1149 1180//1150 
f 1238//1208 1180//1150 1181//1151 
f 1239//1209 1181//1151 1182//1152 
f 1240//1210 1182//1152 1183//1153 
f 1241//1211 1183//1153 1184//1154 
f 1242//1212 1184//1154 1185//1155 
f 1243//1213 1185//1155 1186//1156 
f 1244//1214 1186//1156 1187//1157 
f 1245//1215 1187//1157 1188//1158 
f 1246//1216 1188//1158 1189//1159 
f 1247//1217 1189//1159 1190//1160 
f 1248//1218 1190//1160 1191//1161 
f 1249//1219 1191//1161 1192//1162 
f 1250//1220 1192//1162 1193//1163 
f 1251//1221 1193//1163 1194//1164 
f 1252//1222 1194//1164 1195//1165 
f 1253//1223 1195//1165 1196//1166 
f 1254//1224 1196//1166 1197//1167 
f 1255//1225 1197//1167 1198//1168 
f 1256//1226 1198//1168 1199//1169 
f 1257//1227 1199//1169 1200//1170 
f 1258//1228 1200//1170 1201//1171 
f 1259//1229 1201//1171 1202//1172 
f 1260//1230 1202//1172 1203//1173 
f 1261//1231 1203//1173 1204//1174 
f 1262//1232 1204//1174 1205//1175 
f 1263//1233 1205//1175 1206//1176 
f 1264//1234 1206//1176 1207//1177 
f 1265//1235 1207//1177 1208//1178 
f 1266//1236 1208//1178 1209//1179 
f 1267//1237 1209//1179 1210//1180 
f 1268//1238 1210//1180 1211//1181 
f 1269//1239 1211//1181 1212//1182 
f 1270//1240 1212//1182 1213//1183 
f 1271//1241 1213//1183 1214//1184 
f 1272//1242 1214//1184 1215//1185 
f 1273//1243 1215//1185 1216//1186 
f 1274//1244 1216//1186 1217//1187 
f 1275//1245 1217//1187 1218//1188 
f 1276//1246 1218//1188 1161//1131 
f 1277//1247 1219//1189 1220//1190 
f 1278//1248 1220//1190 1221//1191 
f 1279//1249 1221//1191 1222//1192 
f 1280//1250 1222//1192 1223//1193 
f 1281//1251 1223//1193 1224//1194 
f 1282//1252 1224//1194 1225//1195 
f 1283//1253 1225//1195 1226//1196 
f 1284//1254 1226//1196 1227//1197 
f 1285//1255 1227//1197 1228//1198 
f 1286//1256 1228//1198 1229//1199 
f 1287//1257 1229//1199 1230//1200 
f 1288//1258 1230//1200 1231//1201 
f 1289//1259 1231//1201 1232//1202 
f 1290//1260 1232//1202 1233//1203 
f 1291//1261 1233//1203 1234//1204 
f 1292//1262 1234//1204 1235//1205 
f 1293//1263 1235//1205 1236//1206 
f 1294//1264 1236//1206 1237//1207 
f 1295//1265 1237//1207 1238//1208 
f 1296//1266 1238//1208 1239//1209 
f 1297//1267 1239//1209 1240//1210 
f 1298//1268 1240//1210 1241//1211 
f 1299//1269 1241//1211 1242//1212 
f 1300//1270 1242//1212 1243//1213 
f 1301//1271 1243//1213 1244//1214 
f 1302//1272 1244//1214 1245//1215 
f 1303//1273 1245//1215 1246//1216 
f 1304//1274 1246//1216 1247//1217 
f 1305//1275 1247//1217 1248//1218 
f 1306//1276 1248//1218 1249//1219 
f 1307//1277 1249//1219 1250//1220 
f 1308//1278 1250//1220 1251//1221 
f 1309//1279 1251//1221 1252//1222 
f 1310//1280 1252//1222 1253//1223 
f 1311//1281 1253//1223 1254//1224 
f 1312//1282 1254//1224 1255//1225 
f 1313//1283 1255//1225 1256//1226 
f 1314//1284 1256//1226 1257//1227 
f 1315//1285 1257//1227 1258//1228 
f 1316//1286 1258//1228 1259//1229 
f 1317//1287 1259//1229 1260//1230 
f 1318//1288 1260//1230 1261//1231 
f 1319//1289 1261//1231 1262//1232 
f 1320//1290 1262//1232 1263//1233 
f 1321//1291 1263//1233 1264//1234 
f 1322//1292 1264//1234 1265//1235 
f 1323//1293 1265//1235 1266//1236 
f 1324//1294 1266//1236 1267//1237 
f 1325//1295 1267//1237 1268//1238 
f 1326//1296 1268//1238 1269//1239 
f 1327//1297 1269//1239 1270//1240 
f 1328//1298 1270//1240 1271//1241 
f 1329//1299 1271//1241 1272//1242 
f 1330//1300 1272//1242 1273//1243 
f 1331//1301 1273//1243 1274//1244 
f 1332//1302 1274//1244 1275//1245 
f 1333//1303 1275//1245 1276//1246 
f 1334//1304 1276//1246 1219//1189 
f 1335//1305 1277//1247 1278//1248 
f 1336//1306 1278//1248 1279//1249 
f 1337//1307 1279//1249 1280//1250 
f 1338//1308 1280//1250 1281//1251 
f 1339//1309 1281//1251 1282//1252 
f 1340//1310 1282//1252 1283//1253 
f 1341//1311 1283//1253 1284//1254 
f 1342//1312 1284//1254 1285//1255 
f 1343//1313 1285//1255 1286//1256 
f 1344//1314 1286//1256 1287//1257 
f 1345//1315 1287//1257 1288//1258 
f 1346//1316 1288//1258 1289//1259 
f 1347//1317 1289//1259 1290//1260 
f 1348//1318 1290//1260 1291//1261 
f 1349//1319 1291//1261 1292//1262 
f 1350//1320 1292//1262 1293//1263 
f 1351//1321 1293//1263 1294//1264 
f 1352//1322 1294//1264 1295//1265 
f 1353//1323 1295//1265 1296//1266 
f 1354//1324 1296//1266 1297//1267 
f 1355//1325 1297//1267 1298//1268 
f 1356//1326 1298//1268 1299//1269 
f 1357//1327 1299//1269 1300//1270 
f 1358//1328 1300//1270 1301//1271 
f 1359//1329 1301//1271 1302//1272 
f 1360//1330 1302//1272 1303//1273 
f 1361//1331 1303//1273 1304//1274 
f 1362//1332 1304//1274 1305//1275 
f 1363//1333 1305//1275 1306//1276 
f 1364//1334 1306//1276 1307//1277 
f 1365//1335 1307//1277 1308//1278 
f 1366//1336 1308//1278 1309//1279 
f 1367//1337 1309//1279 1310//1280 
f 1368//1338 1310//1280 1311//1281 
f 1369//1339 1311//1281 1312//1282 
f 1370//1340 1312//1282 1313//1283 
f 1371//1341 1313//1283 1314//1284 
f 1372//1342 1314//1284 1315//1285 
f 1373//1343 1315//1285 1316//1286 
f 1374//1344 1316//1286 1317//1287 
f 1375//1345 1317//1287 1318//1288 
f 1376//1346 1318//1288 1319//1289 
f 1377//1347 1319//1289 1320//1290 
f 1378//1348 1320//1290 1321//1291 
f 1379//1349 1321//1291 1322//1292 
f 1380//1350 1322//1292 1323//1293 
f 1381//1351 1323//1293 1324//1294 
f 1382//1352 1324//1294 1325//1295 
f 1383//1353 1325//1295 1326//1296 
f 1384//1354 1326//1296 1327//1297 
f 1385//1355 1327//1297 1328//1298 
f 1386//1356 1328//1298 1329//1299 
f 1387//1357 1329//1299 1330//1300 
f 1388//1358 1330//1300 1331//1301 
f 1389//1359 1331//1301 1332//1302 
f 1390//1360 1332//1302 1333//1303 
f 1391//1361 1333//1303 1334//1304 
f 1392//1362 1334//1304 1277//1247 
f 1393//1363 1335//1305 1336//1306 
f 1394//1364 1336//1306 1337//1307 
f 1395//1365 1337//1307 1338//1308 
f 1396//1366 1338//1308 1339//1309 
f 1397//1367 1339//1309 1340//1310 
f 1398//1368 1340//1310 1341//1311 
f 1399//1369 1341//1311 1342//1312 
f 1400//1370 1342//1312 1343//1313 
f 1401//1371 1343//1313 1344//1314 
f 1402//1372 1344//1314 1345//1315 
f 1403//1373 1345//1315 1346//1316 
f 1404//1374 1346//1316 1347//1317 
f 1405//1375 1347//1317 1348//1318 
f 1406//1376 1348//1318 1349//1319 
f 1407//1377 1349//1319 1350//1320 
f 1408//1378 1350//1320 1351//1321 
f 1409//1379 1351//1321 1352//1322 
f 1410//1380 1352//1322 1353//1323 
f 1411//1381 1353//1323 1354//1324 
f 1412//1382 1354//1324 1355//1325 
f 1413//1383 1355//1325 1356//1326 
f 1414//1384 1356//1326 1357//1327 
f 1415//1385 1357//1327 1358//1328 
f 1416//1386 1358//1328 1359//1329 
f 1417//1387 1359//1329 1360//1330 
f 1418//1388 1360//1330 1361//1331 
f 1419//1389 1361//1331 1362//1332 
f 1420//1390 1362//1332 1363//1333 
f 1421//1391 1363//1333 1364//1334 
f 1422//1392 1364//1334 1365//1335 
f 1423//1393 1365//1335 1366//1336 
f 1424//1394 1366//1336 1367//1337 
f 1425//1395 1367//1337 1368//1338 
f 1426//1396 1368//1338 1369//1339 
f 1427//1397 1369//1339 1370//1340 
f 1428//1398 1370//1340 1371//1341 
f 1429//1399 1371//1341 1372//1342 
f 1430//1400 1372//1342 1373//1343 
f 1431//1401 1373//1343 1374//1344 
f 1432//1402 1374//1344 1375//1345 
f 1433//1403 1375//1345 1376//1346 
f 1434//1404 1376//1346 1377//1347 
f 1435//1405 1377//1347 1378//1348 
f 1436//1406 1378//1348 1379//1349 
f 1437//1407 1379//1349 1380//1350 
f 1438//1408 1380//1350 1381//1351 
f 1439//1409 1381//1351 1382//1352 
f 1440//1410 1382//1352 1383//1353 
f 1441//1411 1383//1353 1384//1354 
f 1442//1412 1384//1354 1385//1355 
f 1443//1413 1385//1355 1386//1356 
f 1444//1414 1386//1356 1387//1357 
f 1445//1415 1387//1357 1388//1358 
f 1446//1416 1388//1358 1389//1359 
f 1447//1417 1389//1359 1390//1360 
f 1448//1418 1390//1360 1391//1361 
f 1449//1419 1391//1361 1392//1362 
f 1450//1420 1392//1362 1335//1305 
f 1451//1421 1393//1363 1394//1364 
f 1452//1422 1394//1364 1395//1365 
f 1453//1423 1395//1365 1396//1366 
f 1454//1424 1396//1366 1397//1367 
f 1455//1425 1397//1367 1398//1368 
f 1456//1426 1398//1368 1399//1369 
f 1457//1427 1399//1369 1400//1370 
f 1458//1428 1400//1370 1401//1371 
f 1459//1429 1401//1371 1402//1372 
f 1460//1430 1402//1372 1403//1373 
f 1461//1431 1403//1373 1404//1374 
f 1462//1432 1404//1374 1405//1375 
f 1463//1433 1405//1375 1406//1376 
f 1464//1434 1406//1376 1407//1377 
f 1465//1435 1407//1377 1408//1378 
f 1466//1436 1408//1378 1409//1379 
f 1467//1437 1409//1379 1410//1380 
f 1468//1438 1410//1380 1411//1381 
f 1469//1439 1411//1381 1412//1382 
f 1470//1440 1412//1382 1413//1383 
f 1471//1441 1413//1383 1414//1384 
f 1472//1442 1414//1384 1415//1385 
f 1473//1443 1415//1385 1416//1386 
f 1474//1444 1416//1386 1417//1387 
f 1475//1445 1417//1387 1418//1388 
f 1476//1446 1418//1388 1419//1389 
f 1477//1447 1419//1389 1420//1390 
f 1478//1448 1420//1390 1421//1391 
f 1479//1449 1421//1391 1422//1392 
f 1480//1450 1422//1392 1423//1393 
f 1481//1451 1423//1393 1424//1394 
f 1482//1452 1424//1394 1425//1395 
f 1483//1453 1425//1395 1426//1396 
f 1484//1454 1426//1396 1427//1397 
f 1485//1455 1427//1397 1428//1398 
f 1486//1456 1428//1398 1429//1399 
f 1487//1457 1429//1399 1430//1400 
f 1488//1458 1430//1400 1431//1401 
f 1489//1459 1431//1401 1432//1402 
f 1490//1460 1432//1402 1433//1403 
f 1491//1461 1433//1403 1434//1404 
f 1492//1462 1434//1404 1435//1405 
f 1493//1463 1435//1405 1436//1406 
f 1494//1464 1436//1406 1437//1407 
f 1495//1465 1437//1407 1438//1408 
f 1496//1466 1438//1408 1439//1409 
f 1497//1467 1439//1409 1440//1410 
f 1498//1468 1440//1410 1441//1411 
f 1499//1469 1441//1411 1442//1412 
f 1500//1470 1442//1412 1443//1413 
f 1501//1471 1443//1413 1444//1414 
f 1502//1472 1444//1414 1445//1415 
f 1503//1473 1445//1415 1446//1416 
f 1504//1474 1446//1416 1447//1417 
f 1505//1475 1447//1417 1448//1418 
f 1506//1476 1448//1418 1449//1419 
f 1507//1477 1449//1419 1450//1420 
f 1508//1478 1450//1420 1393//1363 
f 1509//1479 1451//1421 1452//1422 
f 1510//1480 1452//1422 1453//1423 
f 1511//1481 1453//1423 1454//1424 
f 1512//1482 1454//1424 1455//1425 
f 1513//1483 1455//1425 1456//1426 
f 1514//1484 1456//1426 1457//1427 
f 1515//1485 1457//1427 1458//1428 
f 1516//1486 1458//1428 1459//1429 
f 1517//1487 1459//1429 1460//1430 
f 1518//1488 1460//1430 1461//1431 
f 1519//1489 1461//1431 1462//1432 
f 1520//1490 1462//1432 1463//1433 
f 1521//1491 1463//1433 1464//1434 
f 1522//1492 1464//1434 1465//1435 
f 1523//1493 1465//1435 1466//1436 
f 1524//1494 1466//1436 1467//1437 
f 1525//1495 1467//1437 1468//1438 
f 1526//1496 1468//1438 1469//1439 
f 1527//1497 1469//1439 1470//1440 
f 1528//1498 1470//1440 1471//1441 
f 1529//1499 1471//1441 1472//1442 
f 1530//1500 1472//1442 1473//1443 
f 1531//1501 1473//1443 1474//1444 
f 1532//1502 1474//1444 1475//1445 
f 1533//1503 1475//1445 1476//1446 
f 1534//1504 1476//1446 1477//1447 
f 1535//1505 1477//1447 1478//1448 
f 1536//1506 1478//1448 1479//1449 
f 1537//1507 1479//1449 1480//1450 
f 1538//1508 1480//1450 1481//1451 
f 1539//1509 1481//1451 1482//1452 
f 1540//1510 1482//1452 1483//1453 
f 1541//1511 1483//1453 1484//1454 
f 1542//1512 1484//1454 1485//1455 
f 1543//1513 1485//1455 1486//1456 
f 1544//1514 1486//1456 1487//1457 
f 1545//1515 1487//1457 1488//1458 
f 1546//1516 1488//1458 1489//1459 
f 1547//1517 1489//1459 1490//1460 
f 1548//1518 1490//1460 1491//1461 
f 1549//1519 1491//1461 1492//1462 
f 1550//1520 1492//1462 1493//1463 
f 1551//1521 1493//1463 1494//1464 
f 1552//1522 1494//1464 1495//1465 
f 1553//1523 1495//1465 1496//1466 
f 1554//1524 1496//1466 1497//1467 
f 1555//1525 1497//1467 1498//1468 
f 1556//1526 1498//1468 1499//1469 
f 1557//1527 1499//1469 1500//1470 
f 1558//1528 1500//1470 1501//1471 
f 1559//1529 1501//1471 1502//1472 
f 1560//1530 1502//1472 1503//1473 
f 1561//1531 1503//1473 1504//1474 
f 1562//1532 1504//1474 1505//1475 
f 1563//1533 1505//1475 1506//1476 
f 1564//1534 1506//1476 1507//1477 
f 1565//1535 1507//1477 1508//1478 
f 1566//1536 1508//1478 1451//1421 
f 1567//1537 1509//1479 1510//1480 
f 1568//1538 1510//1480 1511//1481 
f 1569//1539 1511//1481 1512//1482 
f 1570//1540 1512//1482 1513//1483 
f 1571//1541 1513//1483 1514//1484 
f 1572//1542 1514//1484 1515//1485 
f 1573//1543 1515//1485 1516//1486 
f 1574//1544 1516//1486 1517//1487 
f 1575//1545 1517//1487 1518//1488 
f 1576//1546 1518//1488 1519//1489 
f 1577//1547 1519//1489 1520//1490 
f 1578//1548 1520//1490 1521//1491 
f 1579//1549 1521//1491 1522//1492 
f 1580//1550 1522//1492 1523//1493 
f 1581//1551 1523//1493 1524//1494 
f 1582//1552 1524//1494 1525//1495 
f 1583//1553 1525//1495 1526//1496 
f 1584//1554 1526//1496 1527//1497 
f 1585//1555 1527//1497 1528//1498 
f 1586//1556 1528//1498 1529//1499 
f 1587//1557 1529//1499 1530//1500 
f 1588//1558 1530//1500 1531//1501 
f 1589//1559 1531//1501 1532//1502 
f 1590//1560 1532//1502 1533//1503 
f 1591//1561 1533//1503 1534//1504 
f 1592//1562 1534//1504 1535//1505 
f 1593//1563 1535//1505 1536//1506 
f 1594//1564 1536//1506 1537//1507 
f 1595//1565 1537//1507 1538//1508 
f 1596//1566 1538//1508 1539//1509 
f 1597//1567 1539//1509 1540//1510 
f 1598//1568 1540//1510 1541//1511 
f 1599//1569 1541//1511 1542//1512 
f 1600//1570 1542//1512 1543//1513 
f 1601//1571 1543//1513 1544//1514 
f 1602//1572 1544//1514 1545//1515 
f 1603//1573 1545//1515 1546//1516 
f 1604//1574 1546//1516 1547//1517 
f 1605//1575 1547//1517 1548//1518 
f 1606//1576 1548//1518 1549//1519 
f 1607//1577 1549//1519 1550//1520 
f 1608//1578 1550//1520 1551//1521 
f 1609//1579 1551//1521 1552//1522 
f 1610//1580 1552//1522 1553//1523 
f 1611//1581 1553//1523 1554//1524 
f 1612//1582 1554//1524 1555//1525 
f 1613//1583 1555//1525 1556//1526 
f 1614//1584 1556//1526 1557//1527 
f 1615//1585 1557//1527 1558//1528 
f 1616//1586 1558//1528 1559//1529 
f 1617//1587 1559//1529 1560//1530 
f 1618//1588 1560//1530 1561//1531 
f 1619//1589 1561//1531 1562//1532 
f 1620//1590 1562//1532 1563//1533 
f 1621//1591 1563//1533 1564//1534 
f 1622//1592 1564//1534 1565//1535 
f 1623//1593 1565//1535 1566//1536 
f 1624//1594 1566//1536 1509//1479 
f 1625//1595 1567//1537 1568//1538 
f 1626//1596 1568//1538 1569//1539 
f 1627//1597 1569//1539 1570//1540 
f 1628//1598 1570//1540 1571//1541 
f 1629//1599 1571//1541 1572//1542 
f 1630//1600 1572//1542 1573//1543 
f 1631//1601 1573//1543 1574//1544 
f 1632//1602 1574//1544 1575//1545 
f 1633//1603 1575//1545 1576//1546 
f 1634//1604 1576//1546 1577//1547 
f 1635//1605 1577//1547 1578//1548 
f 1636//1606 1578//1548 1579//1549 
f 1637//1607 1579//1549 1580//1550 
f 1638//1608 1580//1550 1581//1551 
f 1639//1609 1581//1551 1582//1552 
f 1640//1610 1582//1552 1583//1553 
f 1641//1611 1583//1553 1584//1554 
f 1642//1612 1584//1554 1585//1555 
f 1643//1613 1585//1555 1586//1556 
f 1644//1614 1586//1556 1587//1557 
f 1645//1615 1587//1557 1588//1558 
f 1646//1616 1588//1558 1589//1559 
f 1647//1617 1589//1559 1590//1560 
f 1648//1618 1590//1560 1591//1561 
f 1649//1619 1591//1561 1592//1562 
f 1650//1620 1592//1562 1593//1563 
f 1651//1621 1593//1563 1594//1564 
f 1652//1622 1594//1564 1595//1565 
f 1653//1623 1595//1565 1596//1566 
f 1654//1624 1596//1566 1597//1567 
f 1655//1625 1597//1567 1598//1568 
f 1656//1626 1598//1568 1599//1569 
f 1657//1627 1599//1569 1600//1570 
f 1658//1628 1600//1570 1601//1571 
f 1659//1629 1601//1571 1602//1572 
f 1660//1630 1602//1572 1603//1573 
f 1661//1631 1603//1573 1604//1574 
f 1662//1632 1604//1574 1605//1575 
f 1663//1633 1605//1575 1606//1576 
f 1664//1634 1606//1576 1607//1577 
f 1665//1635 1607//1577 1608//1578 
f 1666//1636 1608//1578 1609//1579 
f 1667//1637 1609//1579 1610//1580 
f 1668//1638 1610//1580 1611//1581 
f 1669//1639 1611//1581 1612//1582 
f 1670//1640 1612//1582 1613//1583 
f 1671//1641 1613//1583 1614//1584 
f 1672//1642 1614//1584 1615//1585 
f 1673//1643 1615//1585 1616//1586 
f 1674//1644 1616//1586 1617//1587 
f 1675//1645 1617//1587 1618//1588 
f 1676//1646 1618//1588 1619//1589 
f 1677//1647 1619//1589 1620//1590 
f 1678//1648 1620//1590 1621//1591 
f 1679//1649 1621//1591 1622//1592 
f 1680//1650 1622//1592 1623//1593 
f 1681//1651 1623//1593 1624//1594 
f 1682//1652 1624//1594 1567//1537 
f 1683//1653 1625//1595 1626//1596 
f 1684//1654 1626//1596 1627//1597 
f 1685//1655 1627//1597 1628//1598 
f 1686//1656 1628//1598 1629//1599 
f 1687//1657 1629//1599 1630//1600 
f 1688//1658 1630//1600 1631//1601 
f 1689//1659 1631//1601 1632//1602 
f 1690//1660 1632//1602 1633//1603 
f 1691//1661 1633//1603 1634//1604 
f 1692//1662 1634//1604 1635//1605 
f 1693//1663 1635//1605 1636//1606 
f 1694//1664 1636//1606 1637//1607 
f 1695//1665 1637//1607 1638//1608 
f 1696//1666 1638//1608 1639//1609 
f 1697//1667 1639//1609 1640//1610 
f 1698//1668 1640//1610 1641//1611 
f 1699//1669 1641//1611 1642//1612 
f 1700//1670 1642//1612 1643//1613 
f 1701//1671 1643//1613 1644//1614 
f 1702//1672 1644//1614 1645//1615 
f 1703//1673 1645//1615 1646//1616 
f 1704//1674 1646//1616 1647//1617 
f 1705//1675 1647//1617 1648//1618 
f 1706//1676 1648//1618 1649//1619 
f 1707//1677 1649//1619 1650//1620 
f 1708//1678 1650//1620 1651//1621 
f 1709//1679 1651//1621 1652//1622 
f 1710//1680 1652//1622 1653//1623 
f 1711//1681 1653//1623 1654//1624 
f 1712//1682 1654//1624 1655//1625 
f 1713//1683 1655//1625 1656//1626 
f 1714//1684 1656//1626 1657//1627 
f 1715//1685 1657//1627 1658//1628 
f 1716//1686 1658//1628 1659//1629 
f 1717//1687 1659//1629 1660//1630 
f 1718//1688 1660//1630 1661//1631 
f 1719//1689 1661//1631 1662//1632 
f 1720//1690 1662//1632 1663//1633 
f 1721//1691 1663//1633 1664//1634 
f 1722//1692 1664//1634 1665//1635 
f 1723//1693 1665//1635 1666//1636 
f 1724//1694 1666//1636 1667//1637 
f 1725//1695 1667//1637 1668//1638 
f 1726//1696 1668//1638 1669//1639 
f 1727//1697 1669//1639 1670//1640 
f 1728//1698 1670//1640 1671//1641 
f 1729//1699 1671//1641 1672//1642 
f 1730//1700 1672//1642 1673//1643 
f 1731//1701 1673//1643 1674//1644 
f 1732//1702 1674//1644 1675//1645 
f 1733//1703 1675//1645 1676//1646 
f 1734//1704 1676//1646 1677//1647 
f 1735//1705 1677//1647 1678//1648 
f 1736//1706 1678//1648 1679//1649 
f 1737//1707 1679//1649 1680//1650 
f 1738//1708 1680//1650 1681//1651 
f 1739//1709 1681//1651 1682//1652 
f 1740//1710 1682//1652 1625//1595 
f 1741//1711 1683//1653 1684//1654 
f 1742//1712 1684//1654 1685//1655 
f 1743//1713 1685//1655 1686//1656 
f 1744//1714 1686//1656 1687//1657 
f 1745//1715 1687//1657 1688//1658 
f 1746//1716 1688//1658 1689//1659 
f 1747//1717 1689//1659 1690//1660 
f 1748//1718 1690//1660 1691//1661 
f 1749//1719 1691//1661 1692//1662 
f 1750//1720 1692//1662 1693//1663 
f 1751//1721 1693//1663 1694//1664 
f 1752//1722 1694//1664 1695//1665 
f 1753//1723 1695//1665 1696//1666 
f 1754//1724 1696//1666 1697//1667 
f 1755//1725 1697//1667 1698//1668 
f 1756//1726 1698//1668 1699//1669 
f 1757//1727 1699//1669 1700//1670 
f 1758//1728 1700//1670 1701//1671 
f 1759//1729 1701//1671 1702//1672 
f 1760//1730 1702//1672 1703//1673 
f 1761//1731 1703//1673 1704//1674 
f 1762//1732 1704//1674 1705//1675 
f 1763//1733 1705//1675 1706//1676 
f 1764//1734 1706//1676 1707//1677 
f 1765//1735 1707//1677 1708//1678 
f 1766//1736 1708//1678 1709//1679 
f 1767//1737 1709//1679 1710//1680 
f 1768//1738 1710//1680 1711//1681 
f 1769//1739 1711//1681 1712//1682 
f 1770//1740 1712//1682 1713//1683 
f 1771//1741 1713//1683 1714//1684 
f 1772//1742 1714//1684 1715//1685 
f 1773//1743 1715//1685 1716//1686 
f 1774//1744 1716//1686 1717//1687 
f 1775//1745 1717//1687 1718//1688 
f 1776//1746 1718//1688 1719//1689 
f 1777//1747 1719//1689 1720//1690 
f 1778//1748 1720//1690 1721//1691 
f 1779//1749 1721//1691 1722//1692 
f 1780//1750 1722//1692 1723//1693 
f 1781//1751 1723//1693 1724//1694 
f 1782//1752 1724//1694 1725//1695 
f 1783//1753 1725//1695 1726//1696 
f 1784//1754 1726//1696 1727//1697 
f 1785//1755 1727//1697 1728//1698 
f 1786//1756 1728//1698 1729//1699 
f 1787//1757 1729//1699 1730//1700 
f 1788//1758 1730//1700 1731//1701 
f 1789//1759 1731//1701 1732//1702 
f 1790//1760 1732//1702 1733//1703 
f 1791//1761 1733//1703 1734//1704 
f 1792//1762 1734//1704 1735//1705 
f 1793//1763 1735//1705 1736//1706 
f 1794//1764 1736//1706 1737//1707 
f 1795//1765 1737//1707 1738//1708 
f 1796//1766 1738//1708 1739//1709 
f 1797//1767 1739//1709 1740//1710 
f 1798//1768 1740//1710 1683//1653 
f 1799//1769 1741//1711 1742//1712 
f 1800//1770 1742//1712 1743//1713 
f 1801//1771 1743//1713 1744//1714 
f 1802//1772 1744//1714 1745//1715 
f 1803//1773 1745//1715 1746//1716 
f 1804//1774 1746//1716 1747//1717 
f 1805//1775 1747//1717 1748//1718 
f 1806//1776 1748//1718 1749//1719 
f 1807//1777 1749//1719 1750//1720 
f 1808//1778 1750//1720 1751//1721 
f 1809//1779 1751//1721 1752//1722 
f 1810//1780 1752//1722 1753//1723 
f 1811//1781 1753//1723 1754//1724 
f 1812//1782 1754//1724 1755//1725 
f 1813//1783 1755//1725 1756//1726 
f 1814//1784 1756//1726 1757//1727 
f 1815//1785 1757//1727 1758//1728 
f 1816//1786 1758//1728 1759//1729 
f 1817//1787 1759//1729 1760//1730 
f 1818//1788 1760//1730 1761//1731 
f 1819//1789 1761//1731 1762//1732 
f 1820//1790 1762//1732 1763//1733 
f 1821//1791 1763//1733 1764//1734 
f 1822//1792 1764//1734 1765//1735 
f 1823//1793 1765//1735 1766//1736 
f 1824//1794 1766//1736 1767//1737 
f 1825//1795 1767//1737 1768//1738 
f 1826//1796 1768//1738 1769//1739 
f 1827//1797 1769//1739 1770//1740 
f 1828//1798 1770//1740 1771//1741 
f 1829//1799 1771//1741 1772//1742 
f 1830//1800 1772//1742 1773//1743 
f 1831//1801 1773//1743 1774//1744 
f 1832//1802 1774//1744 1775//1745 
f 1833//1803 1775//1745 1776//1746 
f 1834//1804 1776//1746 1777//1747 
f 1835//1805 1777//1747 1778//1748 
f 1836//1806 1778//1748 1779//1749 
f 1837//1807 1779//1749 1780//1750 
f 1838//1808 1780//1750 1781//1751 
f 1839//1809 1781//1751 1782//1752 
f 1840//1810 1782//1752 1783//1753 
f 1841//1811 1783//1753 1784//1754 
f 1842//1812 1784//1754 1785//1755 
f 1843//1813 1785//1755 1786//1756 
f 1844//1814 1786//1756 1787//1757 
f 1845//1815 1787//1757 1788//1758 
f 1846//1816 1788//1758 1789//1759 
f 1847//1817 1789//1759 1790//1760 
f 1848//1818 1790//1760 1791//1761 
f 1849//1819 1791//1761 1792//1762 
f 1850//1820 1792//1762 1793//1763 
f 1851//1821 1793//1763 1794//1764 
f 1852//1822 1794//1764 1795//1765 
f 1853//1823 1795//1765 1796//1766 
f 1854//1824 1796//1766 1797//1767 
f 1855//1825 1797//1767 1798//1768 
f 1856//1826 1798//1768 1741//1711 
f 1857//1827 1799//1769 1800//1770 
f 1858//1828 1800//1770 1801//1771 
f 1859//1829 1801//1771 1802//1772 
f 1860//1830 1802//1772 1803//1773 
f 1861//1831 1803//1773 1804//1774 
f 1862//1832 1804//1774 1805//1775 
f 1863//1833 1805//1775 1806//1776 
f 1864//1834 1806//1776 1807//1777 
f 1865//1835 1807//1777 1808//1778 
f 1866//1836 1808//1778 1809//1779 
f 1867//1837 1809//1779 1810//1780 
f 1868//1838 1810//1780 1811//1781 
f 1869//1839 1811//1781 1812//1782 
f 1870//1840 1812//1782 1813//1783 
f 1871//1841 1813//1783 1814//1784 
f 1872//1842 1814//1784 1815//1785 
f 1873//1843 1815//1785 1816//1786 
f 1874//1844 1816//1786 1817//1787 
f 1875//1845 1817//1787 1818//1788 
f 1876//1846 1818//1788 1819//1789 
f 1877//1847 1819//1789 1820//1790 
f 1878//1848 1820//1790 1821//1791 
f 1879//1849 1821//1791 1822//1792 
f 1880//1850 1822//1792 1823//1793 
f 1881//1851 1823//1793 1824//1794 
f 1882//1852 1824//1794 1825//1795 
f 1883//1853 1825//1795 1826//1796 
f 1884//1854 1826//1796 1827//1797 
f 1885//1855 1827//1797 1828//1798 
f 1886//1856 1828//1798 1829//1799 
f 1887//1857 1829//1799 1830//1800 
f 1888//1858 1830//1800 1831//1801 
f 1889//1859 1831//1801 1832//1802 
f 1890//1860 1832//1802 1833//1803 
f 1891//1861 1833//1803 1834//1804 
f 1892//1862 1834//1804 1835//1805 
f 1893//1863 1835//1805 1836//1806 
f 1894//1864 1836//1806 1837//1807 
f 1895//1865 1837//1807 1838//1808 
f 1896//1866 1838//1808 1839//1809 
f 1897//1867 1839//1809 1840//1810 
f 1898//1868 1840//1810 1841//1811 
f 1899//1869 1841//1811 1842//1812 
f 1900//1870 1842//1812 1843//1813 
f 1901//1871 1843//1813 1844//1814 
f 1902//1872 1844//1814 1845//1815 
f 1903//1873 1845//1815 1846//1816 
f 1904//1874 1846//1816 1847//1817 
f 1905//1875 1847//1817 1848//1818 
f 1906//1876 1848//1818 1849//1819 
f 1907//1877 1849//1819 1850//1820 
f 1908//1878 1850//1820 1851//1821 
f 1909//1879 1851//1821 1852//1822 
f 1910//1880 1852//1822 1853//1823 
f 1911//1881 1853//1823 1854//1824 
f 1912//1882 1854//1824 1855//1825 
f 1913//1883 1855//1825 1856//1826 
f 1914//1884 1856//1826 1799//1769 
f 989//1885 1857//1827 1858//1828 
f 990//1885 1858//1828 1859//1829 
f 991//1885 1859//1829 1860//1830 
f 992//1885 1860//1830 1861//1831 
f 993//1885 1861//1831 1862//1832 
f 997//1885 1862//1832 1863//1833 
f 998//1885 1863//1833 1864//1834 
f 999//1885 1864//1834 1865//1835 
f 1000//1885 1865//1835 1866//1836 
f 1001//1885 1866//1836 1867//1837 
f 994//1885 1867//1837 1868//1838 
f 995//1885 1868//1838 1869//1839 
f 1011//1885 1869//1839 1870//1840 
f 1012//1885 1870//1840 1871//1841 
f 1023//1885 1871//1841 1872//1842 
f 1024//1885 1872//1842 1873//1843 
f 1030//1885 1873//1843 1874//1844 
f 1031//1885 1874//1844 1875//1845 
f 1032//1885 1875//1845 1876//1846 
f 1033//1885 1876//1846 1877//1847 
f 1041//1885 1877//1847 1878//1848 
f 1034//1885 1878//1848 1879//1849 
f 1035//1885 1879//1849 1880//1850 
f 1042//1885 1880//1850 1881//1851 
f 1043//1885 1881//1851 1882//1852 
f 1044//1885 1882//1852 1883//1853 
f 1036//1885 1883//1853 1884//1854 
f 1037//1885 1884//1854 1885//1855 
f 1013//1885 1885//1855 1886//1856 
f 1014//1885 1886//1856 1887//1857 
f 1015//1885 1887//1857 1888//1858 
f 1016//1885 1888//1858 1889//1859 
f 1005//1885 1889//1859 1890//1860 
f 1006//1885 1890//1860 1891//1861 
f 1017//1885 1891//1861 1892//1862 
f 1018//1885 1892//1862 1893//1863 
f 1019//1885 1893//1863 1894//1864 
f 1038//1885 1894//1864 1895//1865 
f 1039//1885 1895//1865 1896//1866 
f 1025//1885 1896//1866 1897//1867 
f 1026//1885 1897//1867 1898//1868 
f 1027//1885 1898//1868 1899//1869 
f 1007//1885 1899//1869 1900//1870 
f 1008//1885 1900//1870 1901//1871 
f 1020//1885 1901//1871 1902//1872 
f 1028//1885 1902//1872 1903//1873 
f 1029//1885 1903//1873 1904//1874 
f 1002//1885 1904//1874 1905//1875 
f 1003//1885 1905//1875 1906//1876 
f 1004//1885 1906//1876 1907//1877 
f 987//1885 1907//1877 1908//1878 
f 988//1885 1908//1878 1909//1879 
f 996//1885 1909//1879 1910//1880 
f 1009//1885 1910//1880 1911//1881 
f 1010//1885 1911//1881 1912//1882 
f 1021//1885 1912//1882 1913//1883 
f 1022//1885 1913//1883 1914//1884 
f 1040//1885 1914//1884 1857//1827 
f 1857//1827 989//1885 1040//1885 
f 1914//1884 1040//1885 1022//1885 
f 1913//1883 1022//1885 1021//1885 
f 1912//1882 1021//1885 1010//1885 
f 1911//1881 1010//1885 1009//1885 
f 1910//1880 1009//1885 996//1885 
f 1909//1879 996//1885 988//1885 
f 1908//1878 988//1885 987//1885 
f 1907//1877 987//1885 1004//1885 
f 1906//1876 1004//1885 1003//1885 
f 1905//1875 1003//1885 1002//1885 
f 1904//1874 1002//1885 1029//1885 
f 1903//1873 1029//1885 1028//1885 
f 1902//1872 1028//1885 1020//1885 
f 1901//1871 1020//1885 1008//1885 
f 1900//1870 1008//1885 1007//1885 
f 1899//1869 1007//1885 1027//1885 
f 1898//1868 1027//1885 1026//1885 
f 1897//1867 1026//1885 1025//1885 
f 1896//1866 1025//1885 1039//1885 
f 1895//1865 1039//1885 1038//1885 
f 1894//1864 1038//1885 1019//1885 
f 1893//1863 1019//1885 1018//1885 
f 1892//1862 1018//1885 1017//1885 
f 1891//1861 1017//1885 1006//1885 
f 1890//1860 1006//1885 1005//1885 
f 1889//1859 1005//1885 1016//1885 
f 1888//1858 1016//1885 1015//1885 
f 1887//1857 1015//1885 1014//1885 
f 1886//1856 1014//1885 1013//1885 
f 1885//1855 1013//1885 1037//1885 
f 1884//1854 1037//1885 1036//1885 
f 1883//1853 1036//1885 1044//1885 
f 1882//1852 1044//1885 1043//1885 
f 1881//1851 1043//1885 1042//1885 
f 1880//1850 1042//1885 1035//1885 
f 1879//1849 1035//1885 1034//1885 
f 1878//1848 1034//1885 1041//1885 
f 1877//1847 1041//1885 1033//1885 
f 1876//1846 1033//1885 1032//1885 
f 1875//1845 1032//1885 1031//1885 
f 1874//1844 1031//1885 1030//1885 
f 1873//1843 1030//1885 1024//1885 
f 1872//1842 1024//1885 1023//1885 
f 1871//1841 1023//1885 1012//1885 
f 1870//1840 1012//1885 1011//1885 
f 1869//1839 1011//1885 995//1885 
f 1868//1838 995//1885 994//1885 
f 1867//1837 994//1885 1001//1885 
f 1866//1836 1001//1885 1000//1885 
f 1865//1835 1000//1885 999//1885 
f 1864//1834 999//1885 998//1885 
f 1863//1833 998//1885 997//1885 
f 1862//1832 997//1885 993//1885 
f 1861//1831 993//1885 992//1885 
f 1860//1830 992//1885 991//1885 
f 1859//1829 991//1885 990//1885 
f 1858//1828 990//1885 989//1885 
f 1799//1769 1857//1827 1914//1884 
f 1856//1826 1914//1884 1913//1883 
f 1855//1825 1913//1883 1912//1882 
f 1854//1824 1912//1882 1911//1881 
f 1853//1823 1911//1881 1910//1880 
f 1852//1822 1910//1880 1909//1879 
f 1851//1821 1909//1879 1908//1878 
f 1850//1820 1908//1878 1907//1877 
f 1849//1819 1907//1877 1906//1876 
f 1848//1818 1906//1876 1905//1875 
f 1847//1817 1905//1875 1904//1874 
f 1846//1816 1904//1874 1903//1873 
f 1845//1815 1903//1873 1902//1872 
f 1844//1814 1902//1872 1901//1871 
f 1843//1813 1901//1871 1900//1870 
f 1842//1812 1900//1870 1899//1869 
f 1841//1811 1899//1869 1898//1868 
f 1840//1810 1898//1868 1897//1867 
f 1839//1809 1897//1867 1896//1866 
f 1838//1808 1896//1866 1895//1865 
f 1837//1807 1895//1865 1894//1864 
f 1836//1806 1894//1864 1893//1863 
f 1835//1805 1893//1863 1892//1862 
f 1834//1804 1892//1862 1891//1861 
f 1833//1803 1891//1861 1890//1860 
f 1832//1802 1890//1860 1889//1859 
f 1831//1801 1889//1859 1888//1858 
f 1830//1800 1888//1858 1887//1857 
f 1829//1799 1887//1857 1886//1856 
f 1828//1798 1886//1856 1885//1855 
f 1827//1797 1885//1855 1884//1854 
f 1826//1796 1884//1854 1883//1853 
f 1825//1795 1883//1853 1882//1852 
f 1824//1794 1882//1852 1881//1851 
f 1823//1793 1881//1851 1880//1850 
f 1822//1792 1880//1850 1879//1849 
f 1821//1791 1879//1849 1878//1848 
f 1820//1790 1878//1848 1877//1847 
f 1819//1789 1877//1847 1876//1846 
f 1818//1788 1876//1846 1875//1845 
f 1817//1787 1875//1845 1874//1844 
f 1816//1786 1874//1844 1873//1843 
f 1815//1785 1873//1843 1872//1842 
f 1814//1784 1872//1842 1871//1841 
f 1813//1783 1871//1841 1870//1840 
f 1812//1782 1870//1840 1869//1839 
f 1811//1781 1869//1839 1868//1838 
f 1810//1780 1868//1838 1867//1837 
f 1809//1779 1867//1837 1866//1836 
f 1808//1778 1866//1836 1865//1835 
f 1807//1777 1865//1835 1864//1834 
f 1806//1776 1864//1834 1863//1833 
f 1805//1775 1863//1833 1862//1832 
f 1804//1774 1862//1832 1861//1831 
f 1803//1773 1861//1831 1860//1830 
f 1802//1772 1860//1830 1859//1829 
f 1801//1771 1859//1829 1858//1828 
f 1800//1770 1858//1828 1857//1827 
f 1741//1711 1799//1769 1856//1826 
f 1798//1768 1856//1826 1855//1825 
f 1797//1767 1855//1825 1854//1824 
f 1796//1766 1854//1824 1853//1823 
f 1795//1765 1853//1823 1852//1822 
f 1794//1764 1852//1822 1851//1821 
f 1793//1763 1851//1821 1850//1820 
f 1792//1762 1850//1820 1849//1819 
f 1791//1761 1849//1819 1848//1818 
f 1790//1760 1848//1818 1847//1817 
f 1789//1759 1847//1817 1846//1816 
f 1788//1758 1846//1816 1845//1815 
f 1787//1757 1845//1815 1844//1814 
f 1786//1756 1844//1814 1843//1813 
f 1785//1755 1843//1813 1842//1812 
f 1784//1754 1842//1812 1841//1811 
f 1783//1753 1841//1811 1840//1810 
f 1782//1752 1840//1810 1839//1809 
f 1781//1751 1839//1809 1838//1808 
f 1780//1750 1838//1808 1837//1807 
f 1779//1749 1837//1807 1836//1806 
f 1778//1748 1836//1806 1835//1805 
f 1777//1747 1835//1805 1834//1804 
f 1776//1746 1834//1804 1833//1803 
f 1775//1745 1833//1803 1832//1802 
f 1774//1744 1832//1802 1831//1801 
f 1773//1743 1831//1801 1830//1800 
f 1772//1742 1830//1800 1829//1799 
f 1771//1741 1829//1799 1828//1798 
f 1770//1740 1828//1798 1827//1797 
f 1769//1739 1827//1797 1826//1796 
f 1768//1738 1826//1796 1825//1795 
f 1767//1737 1825//1795 1824//1794 
f 1766//1736 1824//1794 1823//1793 
f 1765//1735 1823//1793 1822//1792 
f 1764//1734 1822//1792 1821//1791 
f 1763//1733 1821//1791 1820//1790 
f 1762//1732 1820//1790 1819//1789 
f 1761//1731 1819//1789 1818//1788 
f 1760//1730 1818//1788 1817//1787 
f 1759//1729 1817//1787 1816//1786 
f 1758//1728 1816//1786 1815//1785 
f 1757//1727 1815//1785 1814//1784 
f 1756//1726 1814//1784 1813//1783 
f 1755//1725 1813//1783 1812//1782 
f 1754//1724 1812//1782 1811//1781 
f 1753//1723 1811//1781 1810//1780 
f 1752//1722 1810//1780 1809//1779 
f 1751//1721 1809//1779 1808//1778 
f 1750//1720 1808//1778 1807//1777 
f 1749//1719 1807//1777 1806//1776 
f 1748//1718 1806//1776 1805//1775 
f 1747//1717 1805//1775 1804//1774 
f 1746//1716 1804//1774 1803//1773 
f 1745//1715 1803//1773 1802//1772 
f 1744//1714 1802//1772 1801//1771 
f 1743//1713 1801//1771 1800//1770 
f 1742//1712 1800//1770 1799//1769 
f 1683//1653 1741//1711 1798//1768 
f 1740//1710 1798//1768 1797//1767 
f 1739//1709 1797//1767 1796//1766 
f 1738//1708 1796//1766 1795//1765 
f 1737//1707 1795//1765 1794//1764 
f 1736//1706 1794//1764 1793//1763 
f 1735//1705 1793//1763 1792//1762 
f 1734//1704 1792//1762 1791//1761 
f 1733//1703 1791//1761 1790//1760 
f 1732//1702 1790//1760 1789//1759 
f 1731//1701 1789//1759 1788//1758 
f 1730//1700 1788//1758 1787//1757 
f 1729//1699 1787//1757 1786//1756 
f 1728//1698 1786//1756 1785//1755 
f 1727//1697 1785//1755 1784//1754 
f 1726//1696 1784//1754 1783//1753 
f 1725//1695 1783//1753 1782//1752 
f 1724//1694 1782//1752 1781//1751 
f 1723//1693 1781//1751 1780//1750 
f 1722//1692 1780//1750 1779//1749 
f 1721//1691 1779//1749 1778//1748 
f 1720//1690 1778//1748 1777//1747 
f 1719//1689 1777//1747 1776//1746 
f 1718//1688 1776//1746 1775//1745 
f 1717//1687 1775//1745 1774//1744 
f 1716//1686 1774//1744 1773//1743 
f 1715//1685 1773//1743 1772//1742 
f 1714//1684 1772//1742 1771//1741 
f 1713//1683 1771//1741 1770//1740 
f 1712//1682 1770//1740 1769//1739 
f 1711//1681 1769//1739 1768//1738 
f 1710//1680 1768//1738 1767//1737 
f 1709//1679 1767//1737 1766//1736 
f 1708//1678 1766//1736 1765//1735 
f 1707//1677 1765//1735 1764//1734 
f 1706//1676 1764//1734 1763//1733 
f 1705//1675 1763//1733 1762//1732 
f 1704//1674 1762//1732 1761//1731 
f 1703//1673 1761//1731 1760//1730 
f 1702//1672 1760//1730 1759//1729 
f 1701//1671 1759//1729 1758//1728 
f 1700//1670 1758//1728 1757//1727 
f 1699//1669 1757//1727 1756//1726 
f 1698//1668 1756//1726 1755//1725 
f 1697//1667 1755//1725 1754//1724 
f 1696//1666 1754//1724 1753//1723 
f 1695//1665 1753//1723 1752//1722 
f 1694//1664 1752//1722 1751//1721 
f 1693//1663 1751//1721 1750//1720 
f 1692//1662 1750//1720 1749//1719 
f 1691//1661 1749//1719 1748//1718 
f 1690//1660 1748//1718 1747//1717 
f 1689//1659 1747//1717 1746//1716 
f 1688//1658 1746//1716 1745//1715 
f 1687//1657 1745//1715 1744//1714 
f 1686//1656 1744//1714 1743//1713 
f 1685//1655 1743//1713 1742//1712 
f 1684//1654 1742//1712 1741//1711 
f 1625//1595 1683//1653 1740//1710 
f 1682//1652 1740//1710 1739//1709 
f 1681//1651 1739//1709 1738//1708 
f 1680//1650 1738//1708 1737//1707 
f 1679//1649 1737//1707 1736//1706 
f 1678//1648 1736//1706 1735//1705 
f 1677//1647 1735//1705 1734//1704 
f 1676//1646 1734//1704 1733//1703 
f 1675//1645 1733//1703 1732//1702 
f 1674//1644 1732//1702 1731//1701 
f 1673//1643 1731//1701 1730//1700 
f 1672//1642 1730//1700 1729//1699 
f 1671//1641 1729//1699 1728//1698 
f 1670//1640 1728//1698 1727//1697 
f 1669//1639 1727//1697 1726//1696 
f 1668//1638 1726//1696 1725//1695 
f 1667//1637 1725//1695 1724//1694 
f 1666//1636 1724//1694 1723//1693 
f 1665//1635 1723//1693 1722//1692 
f 1664//1634 1722//1692 1721//1691 
f 1663//1633 1721//1691 1720//1690 
f 1662//1632 1720//1690 1719//1689 
f 1661//1631 1719//1689 1718//1688 
f 1660//1630 1718//1688 1717//1687 
f 1659//1629 1717//1687 1716//1686 
f 1658//1628 1716//1686 1715//1685 
f 1657//1627 1715//1685 1714//1684 
f 1656//1626 1714//1684 1713//1683 
f 1655//1625 1713//1683 1712//1682 
f 1654//1624 1712//1682 1711//1681 
f 1653//1623 1711//1681 1710//1680 
f 1652//1622 1710//1680 1709//1679 
f 1651//1621 1709//1679 1708//1678 
f 1650//1620 1708//1678 1707//1677 
f 1649//1619 1707//1677 1706//1676 
f 1648//1618 1706//1676 1705//1675 
f 1647//1617 1705//1675 1704//1674 
f 1646//1616 1704//1674 1703//1673 
f 1645//1615 1703//1673 1702//1672 
f 1644//1614 1702//1672 1701//1671 
f 1643//1613 1701//1671 1700//1670 
f 1642//1612 1700//1670 1699//1669 
f 1641//1611 1699//1669 1698//1668 
f 1640//1610 1698//1668 1697//1667 
f 1639//1609 1697//1667 1696//1666 
f 1638//1608 1696//1666 1695//1665 
f 1637//1607 1695//1665 1694//1664 
f 1636//1606 1694//1664 1693//1663 
f 1635//1605 1693//1663 1692//1662 
f 1634//1604 1692//1662 1691//1661 
f 1633//1603 1691//1661 1690//1660 
f 1632//1602 1690//1660 1689//1659 
f 1631//1601 1689//1659 1688//1658 
f 1630//1600 1688//1658 1687//1657 
f 1629//1599 1687//1657 1686//1656 
f 1628//1598 1686//1656 1685//1655 
f 1627//1597 1685//1655 1684//1654 
f 1626//1596 1684//1654 1683//1653 
f 1567//1537 1625//1595 1682//1652 
f 1624//1594 1682//1652 1681//1651 
f 1623//1593 1681//1651 1680//1650 
f 1622//1592 1680//1650 1679//1649 
f 1621//1591 1679//1649 1678//1648 
f 1620//1590 1678//1648 1677//1647 
f 1619//1589 1677//1647 1676//1646 
f 1618//1588 1676//1646 1675//1645 
f 1617//1587 1675//1645 1674//1644 
f 1616//1586 1674//1644 1673//1643 
f 1615//1585 1673//1643 1672//1642 
f 1614//1584 1672//1642 1671//1641 
f 1613//1583 1671//1641 1670//1640 
f 1612//1582 1670//1640 1669//1639 
f 1611//1581 1669//1639 1668//1638 
f 1610//1580 1668//1638 1667//1637 
f 1609//1579 1667//1637 1666//1636 
f 1608//1578 1666//1636 1665//1635 
f 1607//1577 1665//1635 1664//1634 
f 1606//1576 1664//1634 1663//1633 
f 1605//1575 1663//1633 1662//1632 
f 1604//1574 1662//1632 1661//1631 
f 1603//1573 1661//1631 1660//1630 
f 1602//1572 1660//1630 1659//1629 
f 1601//1571 1659//1629 1658//1628 
f 1600//1570 1658//1628 1657//1627 
f 1599//1569 1657//1627 1656//1626 
f 1598//1568 1656//1626 1655//1625 
f 1597//1567 1655//1625 1654//1624 
f 1596//1566 1654//1624 1653//1623 
f 1595//1565 1653//1623 1652//1622 
f 1594//1564 1652//1622 1651//1621 
f 1593//1563 1651//1621 1650//1620 
f 1592//1562 1650//1620 1649//1619 
f 1591//1561 1649//1619 1648//1618 
f 1590//1560 1648//1618 1647//1617 
f 1589//1559 1647//1617 1646//1616 
f 1588//1558 1646//1616 1645//1615 
f 1587//1557 1645//1615 1644//1614 
f 1586//1556 1644//1614 1643//1613 
f 1585//1555 1643//1613 1642//1612 
f 1584//1554 1642//1612 1641//1611 
f 1583//1553 1641//1611 1640//1610 
f 1582//1552 1640//1610 1639//1609 
f 1581//1551 1639//1609 1638//1608 
f 1580//1550 1638//1608 1637//1607 
f 1579//1549 1637//1607 1636//1606 
f 1578//1548 1636//1606 1635//1605 
f 1577//1547 1635//1605 1634//1604 
f 1576//1546 1634//1604 1633//1603 
f 1575//1545 1633//1603 1632//1602 
f 1574//1544 1632//1602 1631//1601 
f 1573//1543 1631//1601 1630//1600 
f 1572//1542 1630//1600 1629//1599 
f 1571//1541 1629//1599 1628//1598 
f 1570//1540 1628//1598 1627//1597 
f 1569//1539 1627//1597 1626//1596 
f 1568//1538 1626//1596 1625//1595 
f 1509//1479 1567//1537 1624//1594 
f 1566//1536 1624//1594 1623//1593 
f 1565//1535 1623//1593 1622//1592 
f 1564//1534 1622//1592 1621//1591 
f 1563//1533 1621//1591 1620//1590 
f 1562//1532 1620//1590 1619//1589 
f 1561//1531 1619//1589 1618//1588 
f 1560//1530 1618//1588 1617//1587 
f 1559//1529 1617//1587 1616//1586 
f 1558//1528 1616//1586 1615//1585 
f 1557//1527 1615//1585 1614//1584 
f 1556//1526 1614//1584 1613//1583 
f 1555//1525 1613//1583 1612//1582 
f 1554//1524 1612//1582 1611//1581 
f 1553//1523 1611//1581 1610//1580 
f 1552//1522 1610//1580 1609//1579 
f 1551//1521 1609//1579 1608//1578 
f 1550//1520 1608//1578 1607//1577 
f 1549//1519 1607//1577 1606//1576 
f 1548//1518 1606//1576 1605//1575 
f 1547//1517 1605//1575 1604//1574 
f 1546//1516 1604//1574 1603//1573 
f 1545//1515 1603//1573 1602//1572 
f 1544//1514 1602//1572 1601//1571 
f 1543//1513 1601//1571 1600//1570 
f 1542//1512 1600//1570 1599//1569 
f 1541//1511 1599//1569 1598//1568 
f 1540//1510 1598//1568 1597//1567 
f 1539//1509 1597//1567 1596//1566 
f 1538//1508 1596//1566 1595//1565 
f 1537//1507 1595//1565 1594//1564 
f 1536//1506 1594//1564 1593//1563 
f 1535//1505 1593//1563 1592//1562 
f 1534//1504 1592//1562 1591//1561 
f 1533//1503 1591//1561 1590//1560 
f 1532//1502 1590//1560 1589//1559 
f 1531//1501 1589//1559 1588//1558 
f 1530//1500 1588//1558 1587//1557 
f 1529//1499 1587//1557 1586//1556 
f 1528//1498 1586//1556 1585//1555 
f 1527//1497 1585//1555 1584//1554 
f 1526//1496 1584//1554 1583//1553 
f 1525//1495 1583//1553 1582//1552 
f 1524//1494 1582//1552 1581//1551 
f 1523//1493 1581//1551 1580//1550 
f 1522//1492 1580//1550 1579//1549 
f 1521//1491 1579//1549 1578//1548 
f 1520//1490 1578//1548 1577//1547 
f 1519//1489 1577//1547 1576//1546 
f 1518//1488 1576//1546 1575//1545 
f 1517//1487 1575//1545 1574//1544 
f 1516//1486 1574//1544 1573//1543 
f 1515//1485 1573//1543 1572//1542 
f 1514//1484 1572//1542 1571//1541 
f 1513//1483 1571//1541 1570//1540 
f 1512//1482 1570//1540 1569//1539 
f 1511//1481 1569//1539 1568//1538 
f 1510//1480 1568//1538 1567//1537 
f 1451//1421 1509//1479 1566//1536 
f 1508//1478 1566//1536 1565//1535 
f 1507//1477 1565//1535 1564//1534 
f 1506//1476 1564//1534 1563//1533 
f 1505//1475 1563//1533 1562//1532 
f 1504//1474 1562//1532 1561//1531 
f 1503//1473 1561//1531 1560//1530 
f 1502//1472 1560//1530 1559//1529 
f 1501//1471 1559//1529 1558//1528 
f 1500//1470 1558//1528 1557//1527 
f 1499//1469 1557//1527 1556//1526 
f 1498//1468 1556//1526 1555//1525 
f 1497//1467 1555//1525 1554//1524 
f 1496//1466 1554//1524 1553//1523 
f 1495//1465 1553//1523 1552//1522 
f 1494//1464 1552//1522 1551//1521 
f 1493//1463 1551//1521 1550//1520 
f 1492//1462 1550//1520 1549//1519 
f 1491//1461 1549//1519 1548//1518 
f 1490//1460 1548//1518 1547//1517 
f 1489//1459 1547//1517 1546//1516 
f 1488//1458 1546//1516 1545//1515 
f 1487//1457 1545//1515 1544//1514 
f 1486//1456 1544//1514 1543//1513 
f 1485//1455 1543//1513 1542//1512 
f 1484//1454 1542//1512 1541//1511 
f 1483//1453 1541//1511 1540//1510 
f 1482//1452 1540//1510 1539//1509 
f 1481//1451 1539//1509 1538//1508 
f 1480//1450 1538//1508 1537//1507 
f 1479//1449 1537//1507 1536//1506 
f 1478//1448 1536//1506 1535//1505 
f 1477//1447 1535//1505 1534//1504 
f 1476//1446 1534//1504 1533//1503 
f 1475//1445 1533//1503 1532//1502 
f 1474//1444 1532//1502 1531//1501 
f 1473//1443 1531//1501 1530//1500 
f 1472//1442 1530//1500 1529//1499 
f 1471//1441 1529//1499 1528//1498 
f 1470//1440 1528//1498 1527//1497 
f 1469//1439 1527//1497 1526//1496 
f 1468//1438 1526//1496 1525//1495 
f 1467//1437 1525//1495 1524//1494 
f 1466//1436 1524//1494 1523//1493 
f 1465//1435 1523//1493 1522//1492 
f 1464//1434 1522//1492 1521//1491 
f 1463//1433 1521//1491 1520//1490 
f 1462//1432 1520//1490 1519//1489 
f 1461//1431 1519//1489 1518//1488 
f 1460//1430 1518//1488 1517//1487 
f 1459//1429 1517//1487 1516//1486 
f 1458//1428 1516//1486 1515//1485 
f 1457//1427 1515//1485 1514//1484 
f 1456//1426 1514//1484 1513//1483 
f 1455//1425 1513//1483 1512//1482 
f 1454//1424 1512//1482 1511//1481 
f 1453//1423 1511//1481 1510//1480 
f 1452//1422 1510//1480 1509//1479 
f 1393//1363 1451//1421 1508//1478 
f 1450//1420 1508//1478 1507//1477 
f 1449//1419 1507//1477 1506//1476 
f 1448//1418 1506//1476 1505//1475 
f 1447//1417 1505//1475 1504//1474 
f 1446//1416 1504//1474 1503//1473 
f 1445//1415 1503//1473 1502//1472 
f 1444//1414 1502//1472 1501//1471 
f 1443//1413 1501//1471 1500//1470 
f 1442//1412 1500//1470 1499//1469 
f 1441//1411 1499//1469 1498//1468 
f 1440//1410 1498//1468 1497//1467 
f 1439//1409 1497//1467 1496//1466 
f 1438//1408 1496//1466 1495//1465 
f 1437//1407 1495//1465 1494//1464 
f 1436//1406 1494//1464 1493//1463 
f 1435//1405 1493//1463 1492//1462 
f 1434//1404 1492//1462 1491//1461 
f 1433//1403 1491//1461 1490//1460 
f 1432//1402 1490//1460 1489//1459 
f 1431//1401 1489//1459 1488//1458 
f 1430//1400 1488//1458 1487//1457 
f 1429//1399 1487//1457 1486//1456 
f 1428//1398 1486//1456 1485//1455 
f 1427//1397 1485//1455 1484//1454 
f 1426//1396 1484//1454 1483//1453 
f 1425//1395 1483//1453 1482//1452 
f 1424//1394 1482//1452 1481//1451 
f 1423//1393 1481//1451 1480//1450 
f 1422//1392 1480//1450 1479//1449 
f 1421//1391 1479//1449 1478//1448 
f 1420//1390 1478//1448 1477//1447 
f 1419//1389 1477//1447 1476//1446 
f 1418//1388 1476//1446 1475//1445 
f 1417//1387 1475//1445 1474//1444 
f 1416//1386 1474//1444 1473//1443 
f 1415//1385 1473//1443 1472//1442 
f 1414//1384 1472//1442 1471//1441 
f 1413//1383 1471//1441 1470//1440 
f 1412//1382 1470//1440 1469//1439 
f 1411//1381 1469//1439 1468//1438 
f 1410//1380 1468//1438 1467//1437 
f 1409//1379 1467//1437 1466//1436 
f 1408//1378 1466//1436 1465//1435 
f 1407//1377 1465//1435 1464//1434 
f 1406//1376 1464//1434 1463//1433 
f 1405//1375 1463//1433 1462//1432 
f 1404//1374 1462//1432 1461//1431 
f 1403//1373 1461//1431 1460//1430 
f 1402//1372 1460//1430 1459//1429 
f 1401//1371 1459//1429 1458//1428 
f 1400//1370 1458//1428 1457//1427 
f 1399//1369 1457//1427 1456//1426 
f 1398//1368 1456//1426 1455//1425 
f 1397//1367 1455//1425 1454//1424 
f 1396//1366 1454//1424 1453//1423 
f 1395//1365 1453//1423 1452//1422 
f 1394//1364 1452//1422 1451//1421 
f 1335//1305 1393//1363 1450//1420 
f 1392//1362 1450//1420 1449//1419 
f 1391//1361 1449//1419 1448//1418 
f 1390//1360 1448//1418 1447//1417 
f 1389//1359 1447//1417 1446//1416 
f 1388//1358 1446//1416 1445//1415 
f 1387//1357 1445//1415 1444//1414 
f 1386//1356 1444//1414 1443//1413 
f 1385//1355 1443//1413 1442//1412 
f 1384//1354 1442//1412 1441//1411 
f 1383//1353 1441//1411 1440//1410 
f 1382//1352 1440//1410 1439//1409 
f 1381//1351 1439//1409 1438//1408 
f 1380//1350 1438//1408 1437//1407 
f 1379//1349 1437//1407 1436//1406 
f 1378//1348 1436//1406 1435//1405 
f 1377//1347 1435//1405 1434//1404 
f 1376//1346 1434//1404 1433//1403 
f 1375//1345 1433//1403 1432//1402 
f 1374//1344 1432//1402 1431//1401 
f 1373//1343 1431//1401 1430//1400 
f 1372//1342 1430//1400 1429//1399 
f 1371//1341 1429//1399 1428//1398 
f 1370//1340 1428//1398 1427//1397 
f 1369//1339 1427//1397 1426//1396 
f 1368//1338 1426//1396 1425//1395 
f 1367//1337 1425//1395 1424//1394 
f 1366//1336 1424//1394 1423//1393 
f 1365//1335 1423//1393 1422//1392 
f 1364//1334 1422//1392 1421//1391 
f 1363//1333 1421//1391 1420//1390 
f 1362//1332 1420//1390 1419//1389 
f 1361//1331 1419//1389 1418//1388 
f 1360//1330 1418//1388 1417//1387 
f 1359//1329 1417//1387 1416//1386 
f 1358//1328 1416//1386 1415//1385 
f 1357//1327 1415//1385 1414//1384 
f 1356//1326 1414//1384 1413//1383 
f 1355//1325 1413//1383 1412//1382 
f 1354//1324 1412//1382 1411//1381 
f 1353//1323 1411//1381 1410//1380 
f 1352//1322 1410//1380 1409//1379 
f 1351//1321 1409//1379 1408//1378 
f 1350//1320 1408//1378 1407//1377 
f 1349//1319 1407//1377 1406//1376 
f 1348//1318 1406//1376 1405//1375 
f 1347//1317 1405//1375 1404//1374 
f 1346//1316 1404//1374 1403//1373 
f 1345//1315 1403//1373 1402//1372 
f 1344//1314 1402//1372 1401//1371 
f 1343//1313 1401//1371 1400//1370 
f 1342//1312 1400//1370 1399//1369 
f 1341//1311 1399//1369 1398//1368 
f 1340//1310 1398//1368 1397//1367 
f 1339//1309 1397//1367 1396//1366 
f 1338//1308 1396//1366 1395//1365 
f 1337//1307 1395//1365 1394//1364 
f 1336//1306 1394//1364 1393//1363 
f 1277//1247 1335//1305 1392//1362 
f 1334//1304 1392//1362 1391//1361 
f 1333//1303 1391//1361 1390//1360 
f 1332//1302 1390//1360 1389//1359 
f 1331//1301 1389//1359 1388//1358 
f 1330//1300 1388//1358 1387//1357 
f 1329//1299 1387//1357 1386//1356 
f 1328//1298 1386//1356 1385//1355 
f 1327//1297 1385//1355 1384//1354 
f 1326//1296 1384//1354 1383//1353 
f 1325//1295 1383//1353 1382//1352 
f 1324//1294 1382//1352 1381//1351 
f 1323//1293 1381//1351 1380//1350 
f 1322//1292 1380//1350 1379//1349 
f 1321//1291 1379//1349 1378//1348 
f 1320//1290 1378//1348 1377//1347 
f 1319//1289 1377//1347 1376//1346 
f 1318//1288 1376//1346 1375//1345 
f 1317//1287 1375//1345 1374//1344 
f 1316//1286 1374//1344 1373//1343 
f 1315//1285 1373//1343 1372//1342 
f 1314//1284 1372//1342 1371//1341 
f 1313//1283 1371//1341 1370//1340 
f 1312//1282 1370//1340 1369//1339 
f 1311//1281 1369//1339 1368//1338 
f 1310//1280 1368//1338 1367//1337 
f 1309//1279 1367//1337 1366//1336 
f 1308//1278 1366//1336 1365//1335 
f 1307//1277 1365//1335 1364//1334 
f 1306//1276 1364//1334 1363//1333 
f 1305//1275 1363//1333 1362//1332 
f 1304//1274 1362//1332 1361//1331 
f 1303//1273 1361//1331 1360//1330 
f 1302//1272 1360//1330 1359//1329 
f 1301//1271 1359//1329 1358//1328 
f 1300//1270 1358//1328 1357//1327 
f 1299//1269 1357//1327 1356//1326 
f 1298//1268 1356//1326 1355//1325 
f 1297//1267 1355//1325 1354//1324 
f 1296//1266 1354//1324 1353//1323 
f 1295//1265 1353//1323 1352//1322 
f 1294//1264 1352//1322 1351//1321 
f 1293//1263 1351//1321 1350//1320 
f 1292//1262 1350//1320 1349//1319 
f 1291//1261 1349//1319 1348//1318 
f 1290//1260 1348//1318 1347//1317 
f 1289//1259 1347//1317 1346//1316 
f 1288//1258 1346//1316 1345//1315 
f 1287//1257 1345//1315 1344//1314 
f 1286//1256 1344//1314 1343//1313 
f 1285//1255 1343//1313 1342//1312 
f 1284//1254 1342//1312 1341//1311 
f 1283//1253 1341//1311 1340//1310 
f 1282//1252 1340//1310 1339//1309 
f 1281//1251 1339//1309 1338//1308 
f 1280//1250 1338//1308 1337//1307 
f 1279//1249 1337//1307 1336//1306 
f 1278//1248 1336//1306 1335//1305 
f 1219//1189 1277//1247 1334//1304 
f 1276//1246 1334//1304 1333//1303 
f 1275//1245 1333//1303 1332//1302 
f 1274//1244 1332//1302 1331//1301 
f 1273//1243 1331//1301 1330//1300 
f 1272//1242 1330//1300 1329//1299 
f 1271//1241 1329//1299 1328//1298 
f 1270//1240 1328//1298 1327//1297 
f 1269//1239 1327//1297 1326//1296 
f 1268//1238 1326//1296 1325//1295 
f 1267//1237 1325//1295 1324//1294 
f 1266//1236 1324//1294 1323//1293 
f 1265//1235 1323//1293 1322//1292 
f 1264//1234 1322//1292 1321//1291 
f 1263//1233 1321//1291 1320//1290 
f 1262//1232 1320//1290 1319//1289 
f 1261//1231 1319//1289 1318//1288 
f 1260//1230 1318//1288 1317//1287 
f 1259//1229 1317//1287 1316//1286 
f 1258//1228 1316//1286 1315//1285 
f 1257//1227 1315//1285 1314//1284 
f 1256//1226 1314//1284 1313//1283 
f 1255//1225 1313//1283 1312//1282 
f 1254//1224 1312//1282 1311//1281 
f 1253//1223 1311//1281 1310//1280 
f 1252//1222 1310//1280 1309//1279 
f 1251//1221 1309//1279 1308//1278 
f 1250//1220 1308//1278 1307//1277 
f 1249//1219 1307//1277 1306//1276 
f 1248//1218 1306//1276 1305//1275 
f 1247//1217 1305//1275 1304//1274 
f 1246//1216 1304//1274 1303//1273 
f 1245//1215 1303//1273 1302//1272 
f 1244//1214 1302//1272 1301//1271 
f 1243//1213 1301//1271 1300//1270 
f 1242//1212 1300//1270 1299//1269 
f 1241//1211 1299//1269 1298//1268 
f 1240//1210 1298//1268 1297//1267 
f 1239//1209 1297//1267 1296//1266 
f 1238//1208 1296//1266 1295//1265 
f 1237//1207 1295//1265 1294//1264 
f 1236//1206 1294//1264 1293//1263 
f 1235//1205 1293//1263 1292//1262 
f 1234//1204 1292//1262 1291//1261 
f 1233//1203 1291//1261 1290//1260 
f 1232//1202 1290//1260 1289//1259 
f 1231//1201 1289//1259 1288//1258 
f 1230//1200 1288//1258 1287//1257 
f 1229//1199 1287//1257 1286//1256 
f 1228//1198 1286//1256 1285//1255 
f 1227//1197 1285//1255 1284//1254 
f 1226//1196 1284//1254 1283//1253 
f 1225//1195 1283//1253 1282//1252 
f 1224//1194 1282//1252 1281//1251 
f 1223//1193 1281//1251 1280//1250 
f 1222//1192 1280//1250 1279//1249 
f 1221//1191 1279//1249 1278//1248 
f 1220//1190 1278//1248 1277//1247 
f 1161//1131 1219//1189 1276//1246 
f 1218//1188 1276//1246 1275//1245 
f 1217//1187 1275//1245 1274//1244 
f 1216//1186 1274//1244 1273//1243 
f 1215//1185 1273//1243 1272//1242 
f 1214//1184 1272//1242 1271//1241 
f 1213//1183 1271//1241 1270//1240 
f 1212//1182 1270//1240 1269//1239 
f 1211//1181 1269//1239 1268//1238 
f 1210//1180 1268//1238 1267//1237 
f 1209//1179 1267//1237 1266//1236 
f 1208//1178 1266//1236 1265//1235 
f 1207//1177 1265//1235 1264//1234 
f 1206//1176 1264//1234 1263//1233 
f 1205//1175 1263//1233 1262//1232 
f 1204//1174 1262//1232 1261//1231 
f 1203//1173 1261//1231 1260//1230 
f 1202//1172 1260//1230 1259//1229 
f 1201//1171 1259//1229 1258//1228 
f 1200//1170 1258//1228 1257//1227 
f 1199//1169 1257//1227 1256//1226 
f 1198//1168 1256//1226 1255//1225 
f 1197//1167 1255//1225 1254//1224 
f 1196//1166 1254//1224 1253//1223 
f 1195//1165 1253//1223 1252//1222 
f 1194//1164 1252//1222 1251//1221 
f 1193//1163 1251//1221 1250//1220 
f 1192//1162 1250//1220 1249//1219 
f 1191//1161 1249//1219 1248//1218 
f 1190//1160 1248//1218 1247//1217 
f 1189//1159 1247//1217 1246//1216 
f 1188//1158 1246//1216 1245//1215 
f 1187//1157 1245//1215 1244//1214 
f 1186//1156 1244//1214 1243//1213 
f 1185//1155 1243//1213 1242//1212 
f 1184//1154 1242//1212 1241//1211 
f 1183//1153 1241//1211 1240//1210 
f 1182//1152 1240//1210 1239//1209 
f 1181//1151 1239//1209 1238//1208 
f 1180//1150 1238//1208 1237//1207 
f 1179//1149 1237//1207 1236//1206 
f 1178//1148 1236//1206 1235//1205 
f 1177//1147 1235//1205 1234//1204 
f 1176//1146 1234//1204 1233//1203 
f 1175//1145 1233//1203 1232//1202 
f 1174//1144 1232//1202 1231//1201 
f 1173//1143 1231//1201 1230//1200 
f 1172//1142 1230//1200 1229//1199 
f 1171//1141 1229//1199 1228//1198 
f 1170//1140 1228//1198 1227//1197 
f 1169//1139 1227//1197 1226//1196 
f 1168//1138 1226//1196 1225//1195 
f 1167//1137 1225//1195 1224//1194 
f 1166//1136 1224//1194 1223//1193 
f 1165//1135 1223//1193 1222//1192 
f 1164//1134 1222//1192 1221//1191 
f 1163//1133 1221//1191 1220//1190 
f 1162//1132 1220//1190 1219//1189 
f 1103//1015 1161//1131 1218//1188 
f 1160//1130 1218//1188 1217//1187 
f 1159//1128 1217//1187 1216//1186 
f 1158//1126 1216//1186 1215//1185 
f 1157//1124 1215//1185 1214//1184 
f 1156//1122 1214//1184 1213//1183 
f 1155//1120 1213//1183 1212//1182 
f 1154//1118 1212//1182 1211//1181 
f 1153//1116 1211//1181 1210//1180 
f 1152//1114 1210//1180 1209//1179 
f 1151//1112 1209//1179 1208//1178 
f 1150//1110 1208//1178 1207//1177 
f 1149//1108 1207//1177 1206//1176 
f 1148//1106 1206//1176 1205//1175 
f 1147//1104 1205//1175 1204//1174 
f 1146//1102 1204//1174 1203//1173 
f 1145//1100 1203//1173 1202//1172 
f 1144//1098 1202//1172 1201//1171 
f 1143//1096 1201//1171 1200//1170 
f 1142//1094 1200//1170 1199//1169 
f 1141//1092 1199//1169 1198//1168 
f 1140//1090 1198//1168 1197//1167 
f 1139//1088 1197//1167 1196//1166 
f 1138//1086 1196//1166 1195//1165 
f 1137//1084 1195//1165 1194//1164 
f 1136//1082 1194//1164 1193//1163 
f 1135//1080 1193//1163 1192//1162 
f 1134//1078 1192//1162 1191//1161 
f 1133//1076 1191//1161 1190//1160 
f 1132//1074 1190//1160 1189//1159 
f 1131//1072 1189//1159 1188//1158 
f 1130//1070 1188//1158 1187//1157 
f 1129//1068 1187//1157 1186//1156 
f 1128//1066 1186//1156 1185//1155 
f 1127//1064 1185//1155 1184//1154 
f 1126//1062 1184//1154 1183//1153 
f 1125//1060 1183//1153 1182//1152 
f 1124//1058 1182//1152 1181//1151 
f 1123//1056 1181//1151 1180//1150 
f 1122//1054 1180//1150 1179//1149 
f 1121//1052 1179//1149 1178//1148 
f 1120//1050 1178//1148 1177//1147 
f 1119//1048 1177//1147 1176//1146 
f 1118//1046 1176//1146 1175//1145 
f 1117//1044 1175//1145 1174//1144 
f 1116//1042 1174//1144 1173//1143 
f 1115//1040 1173//1143 1172//1142 
f 1114//1038 1172//1142 1171//1141 
f 1113//1036 1171//1141 1170//1140 
f 1112//1034 1170//1140 1169//1139 
f 1111//1032 1169//1139 1168//1138 
f 1110//1030 1168//1138 1167//1137 
f 1109//1028 1167//1137 1166//1136 
f 1108//1026 1166//1136 1165//1135 
f 1107//1024 1165//1135 1164//1134 
f 1106//1022 1164//1134 1163//1133 
f 1105//1020 1163//1133 1162//1132 
f 1104//1018 1162//1132 1161//1131 
f 1045//1016 1103//1015 1160//1130 
f 1102//1129 1160//1130 1159//1128 
f 1101//1127 1159//1128 1158//1126 
f 1100//1125 1158//1126 1157//1124 
f 1099//1123 1157//1124 1156//1122 
f 1098//1121 1156//1122 1155//1120 
f 1097//1119 1155//1120 1154//1118 
f 1096//1117 1154//1118 1153//1116 
f 1095//1115 1153//1116 1152//1114 
f 1094//1113 1152//1114 1151//1112 
f 1093//1111 1151//1112 1150//1110 
f 1092//1109 1150//1110 1149//1108 
f 1091//1107 1149//1108 1148//1106 
f 1090//1105 1148//1106 1147//1104 
f 1089//1103 1147//1104 1146//1102 
f 1088//1101 1146//1102 1145//1100 
f 1087//1099 1145//1100 1144//1098 
f 1086//1097 1144//1098 1143//1096 
f 1085//1095 1143//1096 1142//1094 
f 1084//1093 1142//1094 1141//1092 
f 1083//1091 1141//1092 1140//1090 
f 1082//1089 1140//1090 1139//1088 
f 1081//1087 1139//1088 1138//1086 
f 1080//1085 1138//1086 1137//1084 
f 1079//1083 1137//1084 1136//1082 
f 1078//1081 1136//1082 1135//1080 
f 1077//1079 1135//1080 1134//1078 
f 1076//1077 1134//1078 1133//1076 
f 1075//1075 1133//1076 1132//1074 
f 1074//1073 1132//1074 1131//1072 
f 1073//1071 1131//1072 1130//1070 
f 1072//1069 1130//1070 1129//1068 
f 1071//1067 1129//1068 1128//1066 
f 1070//1065 1128//1066 1127//1064 
f 1069//1063 1127//1064 1126//1062 
f 1068//1061 1126//1062 1125//1060 
f 1067//1059 1125//1060 1124//1058 
f 1066//1057 1124//1058 1123//1056 
f 1065//1055 1123//1056 1122//1054 
f 1064//1053 1122//1054 1121//1052 
f 1063//1051 1121//1052 1120//1050 
f 1062//1049 1120//1050 1119//1048 
f 1061//1047 1119//1048 1118//1046 
f 1060//1045 1118//1046 1117//1044 
f 1059//1043 1117//1044 1116//1042 
f 1058//1041 1116//1042 1115//1040 
f 1057//1039 1115//1040 1114//1038 
f 1056//1037 1114//1038 1113//1036 
f 1055//1035 1113//1036 1112//1034 
f 1054//1033 1112//1034 1111//1032 
f 1053//1031 1111//1032 1110//1030 
f 1052//1029 1110//1030 1109//1028 
f 1051//1027 1109//1028 1108//1026 
f 1050//1025 1108//1026 1107//1024 
f 1049//1023 1107//1024 1106//1022 
f 1048//1021 1106//1022 1105//1020 
f 1047//1019 1105//1020 1104//1018 
f 1046//1017 1104//1018 1103//1015 
o mesh4
f 1045//1886 1915//1886 1916//1887 
f 1046//1887 1916//1887 1917//1888 
f 1047//1888 1917//1888 1918//1889 
f 1048//1889 1918//1889 1919//1890 
f 1049//1890 1919//1890 1920//1891 
f 1050//1891 1920//1891 1921//1892 
f 1051//1892 1921//1892 1922//1893 
f 1052//1893 1922//1893 1923//1894 
f 1053//1894 1923//1894 1924//1895 
f 1054//1895 1924//1895 1925//1896 
f 1055//1896 1925//1896 1926//1897 
f 1056//1897 1926//1897 1927//1898 
f 1057//1898 1927//1898 1928//1899 
f 1058//1899 1928//1899 1929//1900 
f 1059//1900 1929//1900 1930//1901 
f 1060//1901 1930//1901 1931//1902 
f 1061//1902 1931//1902 1932//1903 
f 1062//1903 1932//1903 1933//1904 
f 1063//1904 1933//1904 1934//1905 
f 1064//1905 1934//1905 1935//1906 
f 1065//1906 1935//1906 1936//1907 
f 1066//1907 1936//1907 1937//1908 
f 1067//1908 1937//1908 1938//1909 
f 1068//1909 1938//1909 1939//1910 
f 1069//1910 1939//1910 1940//1911 
f 1070//1911 1940//1911 1941//1912 
f 1071//1912 1941//1912 1942//1913 
f 1072//1913 1942//1913 1943//1914 
f 1073//1914 1943//1914 1944//1915 
f 1074//1915 1944//1915 1945//1916 
f 1075//1916 1945//1916 1946//1917 
f 1076//1917 1946//1917 1947//1918 
f 1077//1918 1947//1918 1948//1919 
f 1078//1919 1948//1919 1949//1920 
f 1079//1920 1949//1920 1950//1921 
f 1080//1921 1950//1921 1951//1922 
f 1081//1922 1951//1922 1952//1923 
f 1082//1923 1952//1923 1953//1924 
f 1083//1924 1953//1924 1954//1925 
f 1084//1925 1954//1925 1955//1926 
f 1085//1926 1955//1926 1956//1927 
f 1086//1927 1956//1927 1957//1928 
f 1087//1928 1957//1928 1958//1929 
f 1088//1929 1958//1929 1959//1930 
f 1089//1930 1959//1930 1960//1931 
f 1090//1931 1960//1931 1961//1932 
f 1091//1932 1961//1932 1962//1933 
f 1092//1933 1962//1933 1963//1934 
f 1093//1934 1963//1934 1964//1935 
f 1094//1935 1964//1935 1965//1936 
f 1095//1936 1965//1936 1966//1937 
f 1096//1937 1966//1937 1967//1938 
f 1097//1938 1967//1938 1968//1939 
f 1098//1939 1968//1939 1969//1940 
f 1099//1940 1969//1940 1970//1941 
f 1100//1941 1970//1941 1971//1942 
f 1101//1942 1971//1942 1972//1943 
f 1102//1943 1972//1943 1915//1886 
f 1915//1886 1045//1886 1102//1943 
f 1972//1943 1102//1943 1101//1942 
f 1971//1942 1101//1942 1100//1941 
f 1970//1941 1100//1941 1099//1940 
f 1969//1940 1099//1940 1098//1939 
f 1968//1939 1098//1939 1097//1938 
f 1967//1938 1097//1938 1096//1937 
f 1966//1937 1096//1937 1095//1936 
f 1965//1936 1095//1936 1094//1935 
f 1964//1935 1094//1935 1093//1934 
f 1963//1934 1093//1934 1092//1933 
f 1962//1933 1092//1933 1091//1932 
f 1961//1932 1091//1932 1090//1931 
f 1960//1931 1090//1931 1089//1930 
f 1959//1930 1089//1930 1088//1929 
f 1958//1929 1088//1929 1087//1928 
f 1957//1928 1087//1928 1086//1927 
f 1956//1927 1086//1927 1085//1926 
f 1955//1926 1085//1926 1084//1925 
f 1954//1925 1084//1925 1083//1924 
f 1953//1924 1083//1924 1082//1923 
f 1952//1923 1082//1923 1081//1922 
f 1951//1922 1081//1922 1080//1921 
f 1950//1921 1080//1921 1079//1920 
f 1949//1920 1079//1920 1078//1919 
f 1948//1919 1078//1919 1077//1918 
f 1947//1918 1077//1918 1076//1917 
f 1946//1917 1076//1917 1075//1916 
f 1945//1916 1075//1916 1074//1915 
f 1944//1915 1074//1915 1073//1914 
f 1943//1914 1073//1914 1072//1913 
f 1942//1913 1072//1913 1071//1912 
f 1941//1912 1071//1912 1070//1911 
f 1940//1911 1070//1911 1069//1910 
f 1939//1910 1069//1910 1068//1909 
f 1938//1909 1068//1909 1067//1908 
f 1937//1908 1067//1908 1066//1907 
f 1936//1907 1066//1907 1065//1906 
f 1935//1906 1065//1906 1064//1905 
f 1934//1905 1064//1905 1063//1904 
f 1933//1904 1063//1904 1062//1903 
f 1932//1903 1062//1903 1061//1902 
f 1931//1902 1061//1902 1060//1901 
f 1930//1901 1060//1901 1059//1900 
f 1929//1900 1059//1900 1058//1899 
f 1928//1899 1058//1899 1057//1898 
f 1927//1898 1057//1898 1056//1897 
f 1926//1897 1056//1897 1055//1896 
f 1925//1896 1055//1896 1054//1895 
f 1924//1895 1054//1895 1053//1894 
f 1923//1894 1053//1894 1052//1893 
f 1922//1893 1052//1893 1051//1892 
f 1921//1892 1051//1892 1050//1891 
f 1920//1891 1050//1891 1049//1890 
f 1919//1890 1049//1890 1048//1889 
f 1918//1889 1048//1889 1047//1888 
f 1917//1888 1047//1888 1046//1887 
f 1916//1887 1046//1887 1045//1886 
o mesh5
f 2031//1944 1973//1945 1974//1946 
f 2032//1947 1974//1946 1975//1948 
f 2033//1949 1975//1948 1976//1950 
f 2034//1951 1976//1950 1977//1952 
f 2035//1953 1977//1952 1978//1954 
f 2036//1955 1978//1954 1979//1956 
f 2037//1957 1979//1956 1980//1958 
f 2038//1959 1980//1958 1981//1960 
f 2039//1961 1981//1960 1982//1962 
f 2040//1963 1982//1962 1983//1964 
f 2041//1965 1983//1964 1984//1966 
f 2042//1967 1984//1966 1985//1968 
f 2043//1969 1985//1968 1986//1970 
f 2044//1971 1986//1970 1987//1972 
f 2045//1973 1987//1972 1988//1974 
f 2046//1975 1988//1974 1989//1976 
f 2047//1977 1989//1976 1990//1978 
f 2048//1979 1990//1978 1991//1980 
f 2049//1981 1991//1980 1992//1982 
f 2050//1983 1992//1982 1993//1984 
f 2051//1985 1993//1984 1994//1986 
f 2052//1987 1994//1986 1995//1988 
f 2053//1989 1995//1988 1996//1990 
f 2054//1991 1996//1990 1997//1992 
f 2055//1993 1997//1992 1998//1994 
f 2056//1995 1998//1994 1999//1996 
f 2057//1997 1999//1996 2000//1998 
f 2058//1999 2000//1998 2001//2000 
f 2059//2001 2001//2000 2002//2002 
f 2060//2003 2002//2002 2003//2004 
f 2061//2005 2003//2004 2004//2006 
f 2062//2007 2004//2006 2005//2008 
f 2063//2009 2005//2008 2006//2010 
f 2064//2011 2006//2010 2007//2012 
f 2065//2013 2007//2012 2008//2014 
f 2066//2015 2008//2014 2009//2016 
f 2067//2017 2009//2016 2010//2018 
f 2068//2019 2010//2018 2011//2020 
f 2069//2021 2011//2020 2012//2022 
f 2070//2023 2012//2022 2013//2024 
f 2071//2025 2013//2024 2014//2026 
f 2072//2027 2014//2026 2015//2028 
f 2073//2029 2015//2028 2016//2030 
f 2074//2031 2016//2030 2017//2032 
f 2075//2033 2017//2032 2018//2034 
f 2076//2035 2018//2034 2019//2036 
f 2077//2037 2019//2036 2020//2038 
f 2078//2039 2020//2038 2021//2040 
f 2079//2041 2021//2040 2022//2042 
f 2080//2043 2022//2042 2023//2044 
f 2081//2045 2023//2044 2024//2046 
f 2082//2047 2024//2046 2025//2048 
f 2083//2049 2025//2048 2026//2050 
f 2084//2051 2026//2050 2027//2052 
f 2085//2053 2027//2052 2028//2054 
f 2086//2055 2028//2054 2029//2056 
f 2087//2057 2029//2056 2030//2058 
f 2088//2059 2030//2058 1973//1945 
f 2089//2060 2031//1944 2032//1947 
f 2090//2061 2032//1947 2033//1949 
f 2091//2062 2033//1949 2034//1951 
f 2092//2063 2034//1951 2035//1953 
f 2093//2064 2035//1953 2036//1955 
f 2094//2065 2036//1955 2037//1957 
f 2095//2066 2037//1957 2038//1959 
f 2096//2067 2038//1959 2039//1961 
f 2097//2068 2039//1961 2040//1963 
f 2098//2069 2040//1963 2041//1965 
f 2099//2070 2041//1965 2042//1967 
f 2100//2071 2042//1967 2043//1969 
f 2101//2072 2043//1969 2044//1971 
f 2102//2073 2044//1971 2045//1973 
f 2103//2074 2045//1973 2046//1975 
f 2104//2075 2046//1975 2047//1977 
f 2105//2076 2047//1977 2048//1979 
f 2106//2077 2048//1979 2049//1981 
f 2107//2078 2049//1981 2050//1983 
f 2108//2079 2050//1983 2051//1985 
f 2109//2080 2051//1985 2052//1987 
f 2110//2081 2052//1987 2053//1989 
f 2111//2082 2053//1989 2054//1991 
f 2112//2083 2054//1991 2055//1993 
f 2113//2084 2055//1993 2056//1995 
f 2114//2085 2056//1995 2057//1997 
f 2115//2086 2057//1997 2058//1999 
f 2116//2087 2058//1999 2059//2001 
f 2117//2088 2059//2001 2060//2003 
f 2118//2089 2060//2003 2061//2005 
f 2119//2090 2061//2005 2062//2007 
f 2120//2091 2062//2007 2063//2009 
f 2121//2092 2063//2009 2064//2011 
f 2122//2093 2064//2011 2065//2013 
f 2123//2094 2065//2013 2066//2015 
f 2124//2095 2066//2015 2067//2017 
f 2125//2096 2067//2017 2068//2019 
f 2126//2097 2068//2019 2069//2021 
f 2127//2098 2069//2021 2070//2023 
f 2128//2099 2070//2023 2071//2025 
f 2129//2100 2071//2025 2072//2027 
f 2130//2101 2072//2027 2073//2029 
f 2131//2102 2073//2029 2074//2031 
f 2132//2103 2074//2031 2075//2033 
f 2133//2104 2075//2033 2076//2035 
f 2134//2105 2076//2035 2077//2037 
f 2135//2106 2077//2037 2078//2039 
f 2136//2107 2078//2039 2079//2041 
f 2137//2108 2079//2041 2080//2043 
f 2138//2109 2080//2043 2081//2045 
f 2139//2110 2081//2045 2082//2047 
f 2140//2111 2082//2047 2083//2049 
f 2141//2112 2083//2049 2084//2051 
f 2142//2113 2084//2051 2085//2053 
f 2143//2114 2085//2053 2086//2055 
f 2144//2115 2086//2055 2087//2057 
f 2145//2116 2087//2057 2088//2059 
f 2146//2117 2088//2059 2031//1944 
f 2147//2118 2089//2060 2090//2061 
f 2148//2119 2090//2061 2091//2062 
f 2149//2120 2091//2062 2092//2063 
f 2150//2121 2092//2063 2093//2064 
f 2151//2122 2093//2064 2094//2065 
f 2152//2123 2094//2065 2095//2066 
f 2153//2124 2095//2066 2096//2067 
f 2154//2125 2096//2067 2097//2068 
f 2155//2126 2097//2068 2098//2069 
f 2156//2127 2098//2069 2099//2070 
f 2157//2128 2099//2070 2100//2071 
f 2158//2129 2100//2071 2101//2072 
f 2159//2130 2101//2072 2102//2073 
f 2160//2131 2102//2073 2103//2074 
f 2161//2132 2103//2074 2104//2075 
f 2162//2133 2104//2075 2105//2076 
f 2163//2134 2105//2076 2106//2077 
f 2164//2135 2106//2077 2107//2078 
f 2165//2136 2107//2078 2108//2079 
f 2166//2137 2108//2079 2109//2080 
f 2167//2138 2109//2080 2110//2081 
f 2168//2139 2110//2081 2111//2082 
f 2169//2140 2111//2082 2112//2083 
f 2170//2141 2112//2083 2113//2084 
f 2171//2142 2113//2084 2114//2085 
f 2172//2143 2114//2085 2115//2086 
f 2173//2144 2115//2086 2116//2087 
f 2174//2145 2116//2087 2117//2088 
f 2175//2146 2117//2088 2118//2089 
f 2176//2147 2118//2089 2119//2090 
f 2177//2148 2119//2090 2120//2091 
f 2178//2149 2120//2091 2121//2092 
f 2179//2150 2121//2092 2122//2093 
f 2180//2151 2122//2093 2123//2094 
f 2181//2152 2123//2094 2124//2095 
f 2182//2153 2124//2095 2125//2096 
f 2183//2154 2125//2096 2126//2097 
f 2184//2155 2126//2097 2127//2098 
f 2185//2156 2127//2098 2128//2099 
f 2186//2157 2128//2099 2129//2100 
f 2187//2158 2129//2100 2130//2101 
f 2188//2159 2130//2101 2131//2102 
f 2189//2160 2131//2102 2132//2103 
f 2190//2161 2132//2103 2133//2104 
f 2191//2162 2133//2104 2134//2105 
f 2192//2163 2134//2105 2135//2106 
f 2193//2164 2135//2106 2136//2107 
f 2194//2165 2136//2107 2137//2108 
f 2195//2166 2137//2108 2138//2109 
f 2196//2167 2138//2109 2139//2110 
f 2197//2168 2139//2110 2140//2111 
f 2198//2169 2140//2111 2141//2112 
f 2199//2170 2141//2112 2142//2113 
f 2200//2171 2142//2113 2143//2114 
f 2201//2172 2143//2114 2144//2115 
f 2202//2173 2144//2115 2145//2116 
f 2203//2174 2145//2116 2146//2117 
f 2204//2175 2146//2117 2089//2060 
f 2205//2176 2147//2118 2148//2119 
f 2206//2177 2148//2119 2149//2120 
f 2207//2178 2149//2120 2150//2121 
f 2208//2179 2150//2121 2151//2122 
f 2209//2180 2151//2122 2152//2123 
f 2210//2181 2152//2123 2153//2124 
f 2211//2182 2153//2124 2154//2125 
f 2212//2183 2154//2125 2155//2126 
f 2213//2184 2155//2126 2156//2127 
f 2214//2185 2156//2127 2157//2128 
f 2215//2186 2157//2128 2158//2129 
f 2216//2187 2158//2129 2159//2130 
f 2217//2188 2159//2130 2160//2131 
f 2218//2189 2160//2131 2161//2132 
f 2219//2190 2161//2132 2162//2133 
f 2220//2191 2162//2133 2163//2134 
f 2221//2192 2163//2134 2164//2135 
f 2222//2193 2164//2135 2165//2136 
f 2223//2194 2165//2136 2166//2137 
f 2224//2195 2166//2137 2167//2138 
f 2225//2196 2167//2138 2168//2139 
f 2226//2197 2168//2139 2169//2140 
f 2227//2198 2169//2140 2170//2141 
f 2228//2199 2170//2141 2171//2142 
f 2229//2200 2171//2142 2172//2143 
f 2230//2201 2172//2143 2173//2144 
f 2231//2202 2173//2144 2174//2145 
f 2232//2203 2174//2145 2175//2146 
f 2233//2204 2175//2146 2176//2147 
f 2234//2205 2176//2147 2177//2148 
f 2235//2206 2177//2148 2178//2149 
f 2236//2207 2178//2149 2179//2150 
f 2237//2208 2179//2150 2180//2151 
f 2238//2209 2180//2151 2181//2152 
f 2239//2210 2181//2152 2182//2153 
f 2240//2211 2182//2153 2183//2154 
f 2241//2212 2183//2154 2184//2155 
f 2242//2213 2184//2155 2185//2156 
f 2243//2214 2185//2156 2186//2157 
f 2244//2215 2186//2157 2187//2158 
f 2245//2216 2187//2158 2188//2159 
f 2246//2217 2188//2159 2189//2160 
f 2247//2218 2189//2160 2190//2161 
f 2248//2219 2190//2161 2191//2162 
f 2249//2220 2191//2162 2192//2163 
f 2250//2221 2192//2163 2193//2164 
f 2251//2222 2193//2164 2194//2165 
f 2252//2223 2194//2165 2195//2166 
f 2253//2224 2195//2166 2196//2167 
f 2254//2225 2196//2167 2197//2168 
f 2255//2226 2197//2168 2198//2169 
f 2256//2227 2198//2169 2199//2170 
f 2257//2228 2199//2170 2200//2171 
f 2258//2229 2200//2171 2201//2172 
f 2259//2230 2201//2172 2202//2173 
f 2260//2231 2202//2173 2203//2174 
f 2261//2232 2203//2174 2204//2175 
f 2262//2233 2204//2175 2147//2118 
f 2263//2234 2205//2176 2206//2177 
f 2264//2235 2206//2177 2207//2178 
f 2265//2236 2207//2178 2208//2179 
f 2266//2237 2208//2179 2209//2180 
f 2267//2238 2209//2180 2210//2181 
f 2268//2239 2210//2181 2211//2182 
f 2269//2240 2211//2182 2212//2183 
f 2270//2241 2212//2183 2213//2184 
f 2271//2242 2213//2184 2214//2185 
f 2272//2243 2214//2185 2215//2186 
f 2273//2244 2215//2186 2216//2187 
f 2274//2245 2216//2187 2217//2188 
f 2275//2246 2217//2188 2218//2189 
f 2276//2247 2218//2189 2219//2190 
f 2277//2248 2219//2190 2220//2191 
f 2278//2249 2220//2191 2221//2192 
f 2279//2250 2221//2192 2222//2193 
f 2280//2251 2222//2193 2223//2194 
f 2281//2252 2223//2194 2224//2195 
f 2282//2253 2224//2195 2225//2196 
f 2283//2254 2225//2196 2226//2197 
f 2284//2255 2226//2197 2227//2198 
f 2285//2256 2227//2198 2228//2199 
f 2286//2257 2228//2199 2229//2200 
f 2287//2258 2229//2200 2230//2201 
f 2288//2259 2230//2201 2231//2202 
f 2289//2260 2231//2202 2232//2203 
f 2290//2261 2232//2203 2233//2204 
f 2291//2262 2233//2204 2234//2205 
f 2292//2263 2234//2205 2235//2206 
f 2293//2264 2235//2206 2236//2207 
f 2294//2265 2236//2207 2237//2208 
f 2295//2266 2237//2208 2238//2209 
f 2296//2267 2238//2209 2239//2210 
f 2297//2268 2239//2210 2240//2211 
f 2298//2269 2240//2211 2241//2212 
f 2299//2270 2241//2212 2242//2213 
f 2300//2271 2242//2213 2243//2214 
f 2301//2272 2243//2214 2244//2215 
f 2302//2273 2244//2215 2245//2216 
f 2303//2274 2245//2216 2246//2217 
f 2304//2275 2246//2217 2247//2218 
f 2305//2276 2247//2218 2248//2219 
f 2306//2277 2248//2219 2249//2220 
f 2307//2278 2249//2220 2250//2221 
f 2308//2279 2250//2221 2251//2222 
f 2309//2280 2251//2222 2252//2223 
f 2310//2281 2252//2223 2253//2224 
f 2311//2282 2253//2224 2254//2225 
f 2312//2283 2254//2225 2255//2226 
f 2313//2284 2255//2226 2256//2227 
f 2314//2285 2256//2227 2257//2228 
f 2315//2286 2257//2228 2258//2229 
f 2316//2287 2258//2229 2259//2230 
f 2317//2288 2259//2230 2260//2231 
f 2318//2289 2260//2231 2261//2232 
f 2319//2290 2261//2232 2262//2233 
f 2320//2291 2262//2233 2205//2176 
f 2321//2292 2263//2234 2264//2235 
f 2322//2293 2264//2235 2265//2236 
f 2323//2294 2265//2236 2266//2237 
f 2324//2295 2266//2237 2267//2238 
f 2325//2296 2267//2238 2268//2239 
f 2326//2297 2268//2239 2269//2240 
f 2327//2298 2269//2240 2270//2241 
f 2328//2299 2270//2241 2271//2242 
f 2329//2300 2271//2242 2272//2243 
f 2330//2301 2272//2243 2273//2244 
f 2331//2302 2273//2244 2274//2245 
f 2332//2303 2274//2245 2275//2246 
f 2333//2304 2275//2246 2276//2247 
f 2334//2305 2276//2247 2277//2248 
f 2335//2306 2277//2248 2278//2249 
f 2336//2307 2278//2249 2279//2250 
f 2337//2308 2279//2250 2280//2251 
f 2338//2309 2280//2251 2281//2252 
f 2339//2310 2281//2252 2282//2253 
f 2340//2311 2282//2253 2283//2254 
f 2341//2312 2283//2254 2284//2255 
f 2342//2313 2284//2255 2285//2256 
f 2343//2314 2285//2256 2286//2257 
f 2344//2315 2286//2257 2287//2258 
f 2345//2316 2287//2258 2288//2259 
f 2346//2317 2288//2259 2289//2260 
f 2347//2318 2289//2260 2290//2261 
f 2348//2319 2290//2261 2291//2262 
f 2349//2320 2291//2262 2292//2263 
f 2350//2321 2292//2263 2293//2264 
f 2351//2322 2293//2264 2294//2265 
f 2352//2323 2294//2265 2295//2266 
f 2353//2324 2295//2266 2296//2267 
f 2354//2325 2296//2267 2297//2268 
f 2355//2326 2297//2268 2298//2269 
f 2356//2327 2298//2269 2299//2270 
f 2357//2328 2299//2270 2300//2271 
f 2358//2329 2300//2271 2301//2272 
f 2359//2330 2301//2272 2302//2273 
f 2360//2331 2302//2273 2303//2274 
f 2361//2332 2303//2274 2304//2275 
f 2362//2333 2304//2275 2305//2276 
f 2363//2334 2305//2276 2306//2277 
f 2364//2335 2306//2277 2307//2278 
f 2365//2336 2307//2278 2308//2279 
f 2366//2337 2308//2279 2309//2280 
f 2367//2338 2309//2280 2310//2281 
f 2368//2339 2310//2281 2311//2282 
f 2369//2340 2311//2282 2312//2283 
f 2370//2341 2312//2283 2313//2284 
f 2371//2342 2313//2284 2314//2285 
f 2372//2343 2314//2285 2315//2286 
f 2373//2344 2315//2286 2316//2287 
f 2374//2345 2316//2287 2317//2288 
f 2375//2346 2317//2288 2318//2289 
f 2376//2347 2318//2289 2319//2290 
f 2377//2348 2319//2290 2320//2291 
f 2378//2349 2320//2291 2263//2234 
f 2379//2350 2321//2292 2322//2293 
f 2380//2351 2322//2293 2323//2294 
f 2381//2352 2323//2294 2324//2295 
f 2382//2353 2324//2295 2325//2296 
f 2383//2354 2325//2296 2326//2297 
f 2384//2355 2326//2297 2327//2298 
f 2385//2356 2327//2298 2328//2299 
f 2386//2357 2328//2299 2329//2300 
f 2387//2358 2329//2300 2330//2301 
f 2388//2359 2330//2301 2331//2302 
f 2389//2360 2331//2302 2332//2303 
f 2390//2361 2332//2303 2333//2304 
f 2391//2362 2333//2304 2334//2305 
f 2392//2363 2334//2305 2335//2306 
f 2393//2364 2335//2306 2336//2307 
f 2394//2365 2336//2307 2337//2308 
f 2395//2366 2337//2308 2338//2309 
f 2396//2367 2338//2309 2339//2310 
f 2397//2368 2339//2310 2340//2311 
f 2398//2369 2340//2311 2341//2312 
f 2399//2370 2341//2312 2342//2313 
f 2400//2371 2342//2313 2343//2314 
f 2401//2372 2343//2314 2344//2315 
f 2402//2373 2344//2315 2345//2316 
f 2403//2374 2345//2316 2346//2317 
f 2404//2375 2346//2317 2347//2318 
f 2405//2376 2347//2318 2348//2319 
f 2406//2377 2348//2319 2349//2320 
f 2407//2378 2349//2320 2350//2321 
f 2408//2379 2350//2321 2351//2322 
f 2409//2380 2351//2322 2352//2323 
f 2410//2381 2352//2323 2353//2324 
f 2411//2382 2353//2324 2354//2325 
f 2412//2383 2354//2325 2355//2326 
f 2413//2384 2355//2326 2356//2327 
f 2414//2385 2356//2327 2357//2328 
f 2415//2386 2357//2328 2358//2329 
f 2416//2387 2358//2329 2359//2330 
f 2417//2388 2359//2330 2360//2331 
f 2418//2389 2360//2331 2361//2332 
f 2419//2390 2361//2332 2362//2333 
f 2420//2391 2362//2333 2363//2334 
f 2421//2392 2363//2334 2364//2335 
f 2422//2393 2364//2335 2365//2336 
f 2423//2394 2365//2336 2366//2337 
f 2424//2395 2366//2337 2367//2338 
f 2425//2396 2367//2338 2368//2339 
f 2426//2397 2368//2339 2369//2340 
f 2427//2398 2369//2340 2370//2341 
f 2428//2399 2370//2341 2371//2342 
f 2429//2400 2371//2342 2372//2343 
f 2430//2401 2372//2343 2373//2344 
f 2431//2402 2373//2344 2374//2345 
f 2432//2403 2374//2345 2375//2346 
f 2433//2404 2375//2346 2376//2347 
f 2434//2405 2376//2347 2377//2348 
f 2435//2406 2377//2348 2378//2349 
f 2436//2407 2378//2349 2321//2292 
f 61//2408 2379//2350 2380//2351 
f 63//2409 2380//2351 2381//2352 
f 65//2410 2381//2352 2382//2353 
f 67//2411 2382//2353 2383//2354 
f 69//2412 2383//2354 2384//2355 
f 71//2413 2384//2355 2385//2356 
f 73//2414 2385//2356 2386//2357 
f 75//2415 2386//2357 2387//2358 
f 77//2416 2387//2358 2388//2359 
f 79//2417 2388//2359 2389//2360 
f 81//2418 2389//2360 2390//2361 
f 83//2419 2390//2361 2391//2362 
f 85//2420 2391//2362 2392//2363 
f 87//2421 2392//2363 2393//2364 
f 89//2422 2393//2364 2394//2365 
f 91//2423 2394//2365 2395//2366 
f 93//2424 2395//2366 2396//2367 
f 95//2425 2396//2367 2397//2368 
f 97//2426 2397//2368 2398//2369 
f 99//2427 2398//2369 2399//2370 
f 101//2428 2399//2370 2400//2371 
f 103//2429 2400//2371 2401//2372 
f 105//2430 2401//2372 2402//2373 
f 107//2431 2402//2373 2403//2374 
f 109//2432 2403//2374 2404//2375 
f 111//2433 2404//2375 2405//2376 
f 113//2434 2405//2376 2406//2377 
f 115//2435 2406//2377 2407//2378 
f 116//2436 2407//2378 2408//2379 
f 3//2437 2408//2379 2409//2380 
f 5//2438 2409//2380 2410//2381 
f 7//2439 2410//2381 2411//2382 
f 9//2440 2411//2382 2412//2383 
f 11//2441 2412//2383 2413//2384 
f 13//2442 2413//2384 2414//2385 
f 15//2443 2414//2385 2415//2386 
f 17//2444 2415//2386 2416//2387 
f 19//2445 2416//2387 2417//2388 
f 21//2446 2417//2388 2418//2389 
f 23//2447 2418//2389 2419//2390 
f 25//2448 2419//2390 2420//2391 
f 27//2449 2420//2391 2421//2392 
f 29//2450 2421//2392 2422//2393 
f 31//2451 2422//2393 2423//2394 
f 33//2452 2423//2394 2424//2395 
f 35//2453 2424//2395 2425//2396 
f 37//2454 2425//2396 2426//2397 
f 39//2455 2426//2397 2427//2398 
f 41//2456 2427//2398 2428//2399 
f 43//2457 2428//2399 2429//2400 
f 45//2458 2429//2400 2430//2401 
f 47//2459 2430//2401 2431//2402 
f 49//2460 2431//2402 2432//2403 
f 51//2461 2432//2403 2433//2404 
f 53//2462 2433//2404 2434//2405 
f 55//2463 2434//2405 2435//2406 
f 57//2464 2435//2406 2436//2407 
f 59//2465 2436//2407 2379//2350 
f 2379//2350 61//2408 59//2465 
f 2436//2407 59//2465 57//2464 
f 2435//2406 57//2464 55//2463 
f 2434//2405 55//2463 53//2462 
f 2433//2404 53//2462 51//2461 
f 2432//2403 51//2461 49//2460 
f 2431//2402 49//2460 47//2459 
f 2430//2401 47//2459 45//2458 
f 2429//2400 45//2458 43//2457 
f 2428//2399 43//2457 41//2456 
f 2427//2398 41//2456 39//2455 
f 2426//2397 39//2455 37//2454 
f 2425//2396 37//2454 35//2453 
f 2424//2395 35//2453 33//2452 
f 2423//2394 33//2452 31//2451 
f 2422//2393 31//2451 29//2450 
f 2421//2392 29//2450 27//2449 
f 2420//2391 27//2449 25//2448 
f 2419//2390 25//2448 23//2447 
f 2418//2389 23//2447 21//2446 
f 2417//2388 21//2446 19//2445 
f 2416//2387 19//2445 17//2444 
f 2415//2386 17//2444 15//2443 
f 2414//2385 15//2443 13//2442 
f 2413//2384 13//2442 11//2441 
f 2412//2383 11//2441 9//2440 
f 2411//2382 9//2440 7//2439 
f 2410//2381 7//2439 5//2438 
f 2409//2380 5//2438 3//2437 
f 2408//2379 3//2437 116//2436 
f 2407//2378 116//2436 115//2435 
f 2406//2377 115//2435 113//2434 
f 2405//2376 113//2434 111//2433 
f 2404//2375 111//2433 109//2432 
f 2403//2374 109//2432 107//2431 
f 2402//2373 107//2431 105//2430 
f 2401//2372 105//2430 103//2429 
f 2400//2371 103//2429 101//2428 
f 2399//2370 101//2428 99//2427 
f 2398//2369 99//2427 97//2426 
f 2397//2368 97//2426 95//2425 
f 2396//2367 95//2425 93//2424 
f 2395//2366 93//2424 91//2423 
f 2394//2365 91//2423 89//2422 
f 2393//2364 89//2422 87//2421 
f 2392//2363 87//2421 85//2420 
f 2391//2362 85//2420 83//2419 
f 2390//2361 83//2419 81//2418 
f 2389//2360 81//2418 79//2417 
f 2388//2359 79//2417 77//2416 
f 2387//2358 77//2416 75//2415 
f 2386//2357 75//2415 73//2414 
f 2385//2356 73//2414 71//2413 
f 2384//2355 71//2413 69//2412 
f 2383//2354 69//2412 67//2411 
f 2382//2353 67//2411 65//2410 
f 2381//2352 65//2410 63//2409 
f 2380//2351 63//2409 61//2408 
f 2321//2292 2379//2350 2436//2407 
f 2378//2349 2436//2407 2435//2406 
f 2377//2348 2435//2406 2434//2405 
f 2376//2347 2434//2405 2433//2404 
f 2375//2346 2433//2404 2432//2403 
f 2374//2345 2432//2403 2431//2402 
f 2373//2344 2431//2402 2430//2401 
f 2372//2343 2430//2401 2429//2400 
f 2371//2342 2429//2400 2428//2399 
f 2370//2341 2428//2399 2427//2398 
f 2369//2340 2427//2398 2426//2397 
f 2368//2339 2426//2397 2425//2396 
f 2367//2338 2425//2396 2424//2395 
f 2366//2337 2424//2395 2423//2394 
f 2365//2336 2423//2394 2422//2393 
f 2364//2335 2422//2393 2421//2392 
f 2363//2334 2421//2392 2420//2391 
f 2362//2333 2420//2391 2419//2390 
f 2361//2332 2419//2390 2418//2389 
f 2360//2331 2418//2389 2417//2388 
f 2359//2330 2417//2388 2416//2387 
f 2358//2329 2416//2387 2415//2386 
f 2357//2328 2415//2386 2414//2385 
f 2356//2327 2414//2385 2413//2384 
f 2355//2326 2413//2384 2412//2383 
f 2354//2325 2412//2383 2411//2382 
f 2353//2324 2411//2382 2410//2381 
f 2352//2323 2410//2381 2409//2380 
f 2351//2322 2409//2380 2408//2379 
f 2350//2321 2408//2379 2407//2378 
f 2349//2320 2407//2378 2406//2377 
f 2348//2319 2406//2377 2405//2376 
f 2347//2318 2405//2376 2404//2375 
f 2346//2317 2404//2375 2403//2374 
f 2345//2316 2403//2374 2402//2373 
f 2344//2315 2402//2373 2401//2372 
f 2343//2314 2401//2372 2400//2371 
f 2342//2313 2400//2371 2399//2370 
f 2341//2312 2399//2370 2398//2369 
f 2340//2311 2398//2369 2397//2368 
f 2339//2310 2397//2368 2396//2367 
f 2338//2309 2396//2367 2395//2366 
f 2337//2308 2395//2366 2394//2365 
f 2336//2307 2394//2365 2393//2364 
f 2335//2306 2393//2364 2392//2363 
f 2334//2305 2392//2363 2391//2362 
f 2333//2304 2391//2362 2390//2361 
f 2332//2303 2390//2361 2389//2360 
f 2331//2302 2389//2360 2388//2359 
f 2330//2301 2388//2359 2387//2358 
f 2329//2300 2387//2358 2386//2357 
f 2328//2299 2386//2357 2385//2356 
f 2327//2298 2385//2356 2384//2355 
f 2326//2297 2384//2355 2383//2354 
f 2325//2296 2383//2354 2382//2353 
f 2324//2295 2382//2353 2381//2352 
f 2323//2294 2381//2352 2380//2351 
f 2322//2293 2380//2351 2379//2350 
f 2263//2234 2321//2292 2378//2349 
f 2320//2291 2378//2349 2377//2348 
f 2319//2290 2377//2348 2376//2347 
f 2318//2289 2376//2347 2375//2346 
f 2317//2288 2375//2346 2374//2345 
f 2316//2287 2374//2345 2373//2344 
f 2315//2286 2373//2344 2372//2343 
f 2314//2285 2372//2343 2371//2342 
f 2313//2284 2371//2342 2370//2341 
f 2312//2283 2370//2341 2369//2340 
f 2311//2282 2369//2340 2368//2339 
f 2310//2281 2368//2339 2367//2338 
f 2309//2280 2367//2338 2366//2337 
f 2308//2279 2366//2337 2365//2336 
f 2307//2278 2365//2336 2364//2335 
f 2306//2277 2364//2335 2363//2334 
f 2305//2276 2363//2334 2362//2333 
f 2304//2275 2362//2333 2361//2332 
f 2303//2274 2361//2332 2360//2331 
f 2302//2273 2360//2331 2359//2330 
f 2301//2272 2359//2330 2358//2329 
f 2300//2271 2358//2329 2357//2328 
f 2299//2270 2357//2328 2356//2327 
f 2298//2269 2356//2327 2355//2326 
f 2297//2268 2355//2326 2354//2325 
f 2296//2267 2354//2325 2353//2324 
f 2295//2266 2353//2324 2352//2323 
f 2294//2265 2352//2323 2351//2322 
f 2293//2264 2351//2322 2350//2321 
f 2292//2263 2350//2321 2349//2320 
f 2291//2262 2349//2320 2348//2319 
f 2290//2261 2348//2319 2347//2318 
f 2289//2260 2347//2318 2346//2317 
f 2288//2259 2346//2317 2345//2316 
f 2287//2258 2345//2316 2344//2315 
f 2286//2257 2344//2315 2343//2314 
f 2285//2256 2343//2314 2342//2313 
f 2284//2255 2342//2313 2341//2312 
f 2283//2254 2341//2312 2340//2311 
f 2282//2253 2340//2311 2339//2310 
f 2281//2252 2339//2310 2338//2309 
f 2280//2251 2338//2309 2337//2308 
f 2279//2250 2337//2308 2336//2307 
f 2278//2249 2336//2307 2335//2306 
f 2277//2248 2335//2306 2334//2305 
f 2276//2247 2334//2305 2333//2304 
f 2275//2246 2333//2304 2332//2303 
f 2274//2245 2332//2303 2331//2302 
f 2273//2244 2331//2302 2330//2301 
f 2272//2243 2330//2301 2329//2300 
f 2271//2242 2329//2300 2328//2299 
f 2270//2241 2328//2299 2327//2298 
f 2269//2240 2327//2298 2326//2297 
f 2268//2239 2326//2297 2325//2296 
f 2267//2238 2325//2296 2324//2295 
f 2266//2237 2324//2295 2323//2294 
f 2265//2236 2323//2294 2322//2293 
f 2264//2235 2322//2293 2321//2292 
f 2205//2176 2263//2234 2320//2291 
f 2262//2233 2320//2291 2319//2290 
f 2261//2232 2319//2290 2318//2289 
f 2260//2231 2318//2289 2317//2288 
f 2259//2230 2317//2288 2316//2287 
f 2258//2229 2316//2287 2315//2286 
f 2257//2228 2315//2286 2314//2285 
f 2256//2227 2314//2285 2313//2284 
f 2255//2226 2313//2284 2312//2283 
f 2254//2225 2312//2283 2311//2282 
f 2253//2224 2311//2282 2310//2281 
f 2252//2223 2310//2281 2309//2280 
f 2251//2222 2309//2280 2308//2279 
f 2250//2221 2308//2279 2307//2278 
f 2249//2220 2307//2278 2306//2277 
f 2248//2219 2306//2277 2305//2276 
f 2247//2218 2305//2276 2304//2275 
f 2246//2217 2304//2275 2303//2274 
f 2245//2216 2303//2274 2302//2273 
f 2244//2215 2302//2273 2301//2272 
f 2243//2214 2301//2272 2300//2271 
f 2242//2213 2300//2271 2299//2270 
f 2241//2212 2299//2270 2298//2269 
f 2240//2211 2298//2269 2297//2268 
f 2239//2210 2297//2268 2296//2267 
f 2238//2209 2296//2267 2295//2266 
f 2237//2208 2295//2266 2294//2265 
f 2236//2207 2294//2265 2293//2264 
f 2235//2206 2293//2264 2292//2263 
f 2234//2205 2292//2263 2291//2262 
f 2233//2204 2291//2262 2290//2261 
f 2232//2203 2290//2261 2289//2260 
f 2231//2202 2289//2260 2288//2259 
f 2230//2201 2288//2259 2287//2258 
f 2229//2200 2287//2258 2286//2257 
f 2228//2199 2286//2257 2285//2256 
f 2227//2198 2285//2256 2284//2255 
f 2226//2197 2284//2255 2283//2254 
f 2225//2196 2283//2254 2282//2253 
f 2224//2195 2282//2253 2281//2252 
f 2223//2194 2281//2252 2280//2251 
f 2222//2193 2280//2251 2279//2250 
f 2221//2192 2279//2250 2278//2249 
f 2220//2191 2278//2249 2277//2248 
f 2219//2190 2277//2248 2276//2247 
f 2218//2189 2276//2247 2275//2246 
f 2217//2188 2275//2246 2274//2245 
f 2216//2187 2274//2245 2273//2244 
f 2215//2186 2273//2244 2272//2243 
f 2214//2185 2272//2243 2271//2242 
f 2213//2184 2271//2242 2270//2241 
f 2212//2183 2270//2241 2269//2240 
f 2211//2182 2269//2240 2268//2239 
f 2210//2181 2268//2239 2267//2238 
f 2209//2180 2267//2238 2266//2237 
f 2208//2179 2266//2237 2265//2236 
f 2207//2178 2265//2236 2264//2235 
f 2206//2177 2264//2235 2263//2234 
f 2147//2118 2205//2176 2262//2233 
f 2204//2175 2262//2233 2261//2232 
f 2203//2174 2261//2232 2260//2231 
f 2202//2173 2260//2231 2259//2230 
f 2201//2172 2259//2230 2258//2229 
f 2200//2171 2258//2229 2257//2228 
f 2199//2170 2257//2228 2256//2227 
f 2198//2169 2256//2227 2255//2226 
f 2197//2168 2255//2226 2254//2225 
f 2196//2167 2254//2225 2253//2224 
f 2195//2166 2253//2224 2252//2223 
f 2194//2165 2252//2223 2251//2222 
f 2193//2164 2251//2222 2250//2221 
f 2192//2163 2250//2221 2249//2220 
f 2191//2162 2249//2220 2248//2219 
f 2190//2161 2248//2219 2247//2218 
f 2189//2160 2247//2218 2246//2217 
f 2188//2159 2246//2217 2245//2216 
f 2187//2158 2245//2216 2244//2215 
f 2186//2157 2244//2215 2243//2214 
f 2185//2156 2243//2214 2242//2213 
f 2184//2155 2242//2213 2241//2212 
f 2183//2154 2241//2212 2240//2211 
f 2182//2153 2240//2211 2239//2210 
f 2181//2152 2239//2210 2238//2209 
f 2180//2151 2238//2209 2237//2208 
f 2179//2150 2237//2208 2236//2207 
f 2178//2149 2236//2207 2235//2206 
f 2177//2148 2235//2206 2234//2205 
f 2176//2147 2234//2205 2233//2204 
f 2175//2146 2233//2204 2232//2203 
f 2174//2145 2232//2203 2231//2202 
f 2173//2144 2231//2202 2230//2201 
f 2172//2143 2230//2201 2229//2200 
f 2171//2142 2229//2200 2228//2199 
f 2170//2141 2228//2199 2227//2198 
f 2169//2140 2227//2198 2226//2197 
f 2168//2139 2226//2197 2225//2196 
f 2167//2138 2225//2196 2224//2195 
f 2166//2137 2224//2195 2223//2194 
f 2165//2136 2223//2194 2222//2193 
f 2164//2135 2222//2193 2221//2192 
f 2163//2134 2221//2192 2220//2191 
f 2162//2133 2220//2191 2219//2190 
f 2161//2132 2219//2190 2218//2189 
f 2160//2131 2218//2189 2217//2188 
f 2159//2130 2217//2188 2216//2187 
f 2158//2129 2216//2187 2215//2186 
f 2157//2128 2215//2186 2214//2185 
f 2156//2127 2214//2185 2213//2184 
f 2155//2126 2213//2184 2212//2183 
f 2154//2125 2212//2183 2211//2182 
f 2153//2124 2211//2182 2210//2181 
f 2152//2123 2210//2181 2209//2180 
f 2151//2122 2209//2180 2208//2179 
f 2150//2121 2208//2179 2207//2178 
f 2149//2120 2207//2178 2206//2177 
f 2148//2119 2206//2177 2205//2176 
f 2089//2060 2147//2118 2204//2175 
f 2146//2117 2204//2175 2203//2174 
f 2145//2116 2203//2174 2202//2173 
f 2144//2115 2202//2173 2201//2172 
f 2143//2114 2201//2172 2200//2171 
f 2142//2113 2200//2171 2199//2170 
f 2141//2112 2199//2170 2198//2169 
f 2140//2111 2198//2169 2197//2168 
f 2139//2110 2197//2168 2196//2167 
f 2138//2109 2196//2167 2195//2166 
f 2137//2108 2195//2166 2194//2165 
f 2136//2107 2194//2165 2193//2164 
f 2135//2106 2193//2164 2192//2163 
f 2134//2105 2192//2163 2191//2162 
f 2133//2104 2191//2162 2190//2161 
f 2132//2103 2190//2161 2189//2160 
f 2131//2102 2189//2160 2188//2159 
f 2130//2101 2188//2159 2187//2158 
f 2129//2100 2187//2158 2186//2157 
f 2128//2099 2186//2157 2185//2156 
f 2127//2098 2185//2156 2184//2155 
f 2126//2097 2184//2155 2183//2154 
f 2125//2096 2183//2154 2182//2153 
f 2124//2095 2182//2153 2181//2152 
f 2123//2094 2181//2152 2180//2151 
f 2122//2093 2180//2151 2179//2150 
f 2121//2092 2179//2150 2178//2149 
f 2120//2091 2178//2149 2177//2148 
f 2119//2090 2177//2148 2176//2147 
f 2118//2089 2176//2147 2175//2146 
f 2117//2088 2175//2146 2174//2145 
f 2116//2087 2174//2145 2173//2144 
f 2115//2086 2173//2144 2172//2143 
f 2114//2085 2172//2143 2171//2142 
f 2113//2084 2171//2142 2170//2141 
f 2112//2083 2170//2141 2169//2140 
f 2111//2082 2169//2140 2168//2139 
f 2110//2081 2168//2139 2167//2138 
f 2109//2080 2167//2138 2166//2137 
f 2108//2079 2166//2137 2165//2136 
f 2107//2078 2165//2136 2164//2135 
f 2106//2077 2164//2135 2163//2134 
f 2105//2076 2163//2134 2162//2133 
f 2104//2075 2162//2133 2161//2132 
f 2103//2074 2161//2132 2160//2131 
f 2102//2073 2160//2131 2159//2130 
f 2101//2072 2159//2130 2158//2129 
f 2100//2071 2158//2129 2157//2128 
f 2099//2070 2157//2128 2156//2127 
f 2098//2069 2156//2127 2155//2126 
f 2097//2068 2155//2126 2154//2125 
f 2096//2067 2154//2125 2153//2124 
f 2095//2066 2153//2124 2152//2123 
f 2094//2065 2152//2123 2151//2122 
f 2093//2064 2151//2122 2150//2121 
f 2092//2063 2150//2121 2149//2120 
f 2091//2062 2149//2120 2148//2119 
f 2090//2061 2148//2119 2147//2118 
f 2031//1944 2089//2060 2146//2117 
f 2088//2059 2146//2117 2145//2116 
f 2087//2057 2145//2116 2144//2115 
f 2086//2055 2144//2115 2143//2114 
f 2085//2053 2143//2114 2142//2113 
f 2084//2051 2142//2113 2141//2112 
f 2083//2049 2141//2112 2140//2111 
f 2082//2047 2140//2111 2139//2110 
f 2081//2045 2139//2110 2138//2109 
f 2080//2043 2138//2109 2137//2108 
f 2079//2041 2137//2108 2136//2107 
f 2078//2039 2136//2107 2135//2106 
f 2077//2037 2135//2106 2134//2105 
f 2076//2035 2134//2105 2133//2104 
f 2075//2033 2133//2104 2132//2103 
f 2074//2031 2132//2103 2131//2102 
f 2073//2029 2131//2102 2130//2101 
f 2072//2027 2130//2101 2129//2100 
f 2071//2025 2129//2100 2128//2099 
f 2070//2023 2128//2099 2127//2098 
f 2069//2021 2127//2098 2126//2097 
f 2068//2019 2126//2097 2125//2096 
f 2067//2017 2125//2096 2124//2095 
f 2066//2015 2124//2095 2123//2094 
f 2065//2013 2123//2094 2122//2093 
f 2064//2011 2122//2093 2121//2092 
f 2063//2009 2121//2092 2120//2091 
f 2062//2007 2120//2091 2119//2090 
f 2061//2005 2119//2090 2118//2089 
f 2060//2003 2118//2089 2117//2088 
f 2059//2001 2117//2088 2116//2087 
f 2058//1999 2116//2087 2115//2086 
f 2057//1997 2115//2086 2114//2085 
f 2056//1995 2114//2085 2113//2084 
f 2055//1993 2113//2084 2112//2083 
f 2054//1991 2112//2083 2111//2082 
f 2053//1989 2111//2082 2110//2081 
f 2052//1987 2110//2081 2109//2080 
f 2051//1985 2109//2080 2108//2079 
f 2050//1983 2108//2079 2107//2078 
f 2049//1981 2107//2078 2106//2077 
f 2048//1979 2106//2077 2105//2076 
f 2047//1977 2105//2076 2104//2075 
f 2046//1975 2104//2075 2103//2074 
f 2045//1973 2103//2074 2102//2073 
f 2044//1971 2102//2073 2101//2072 
f 2043//1969 2101//2072 2100//2071 
f 2042//1967 2100//2071 2099//2070 
f 2041//1965 2099//2070 2098//2069 
f 2040//1963 2098//2069 2097//2068 
f 2039//1961 2097//2068 2096//2067 
f 2038//1959 2096//2067 2095//2066 
f 2037//1957 2095//2066 2094//2065 
f 2036//1955 2094//2065 2093//2064 
f 2035//1953 2093//2064 2092//2063 
f 2034//1951 2092//2063 2091//2062 
f 2033//1949 2091//2062 2090//2061 
f 2032//1947 2090//2061 2089//2060 
f 1973//1945 2031//1944 2088//2059 
f 2030//2058 2088//2059 2087//2057 
f 2029//2056 2087//2057 2086//2055 
f 2028//2054 2086//2055 2085//2053 
f 2027//2052 2085//2053 2084//2051 
f 2026//2050 2084//2051 2083//2049 
f 2025//2048 2083//2049 2082//2047 
f 2024//2046 2082//2047 2081//2045 
f 2023//2044 2081//2045 2080//2043 
f 2022//2042 2080//2043 2079//2041 
f 2021//2040 2079//2041 2078//2039 
f 2020//2038 2078//2039 2077//2037 
f 2019//2036 2077//2037 2076//2035 
f 2018//2034 2076//2035 2075//2033 
f 2017//2032 2075//2033 2074//2031 
f 2016//2030 2074//2031 2073//2029 
f 2015//2028 2073//2029 2072//2027 
f 2014//2026 2072//2027 2071//2025 
f 2013//2024 2071//2025 2070//2023 
f 2012//2022 2070//2023 2069//2021 
f 2011//2020 2069//2021 2068//2019 
f 2010//2018 2068//2019 2067//2017 
f 2009//2016 2067//2017 2066//2015 
f 2008//2014 2066//2015 2065//2013 
f 2007//2012 2065//2013 2064//2011 
f 2006//2010 2064//2011 2063//2009 
f 2005//2008 2063//2009 2062//2007 
f 2004//2006 2062//2007 2061//2005 
f 2003//2004 2061//2005 2060//2003 
f 2002//2002 2060//2003 2059//2001 
f 2001//2000 2059//2001 2058//1999 
f 2000//1998 2058//1999 2057//1997 
f 1999//1996 2057//1997 2056//1995 
f 1998//1994 2056//1995 2055//1993 
f 1997//1992 2055//1993 2054//1991 
f 1996//1990 2054//1991 2053//1989 
f 1995//1988 2053//1989 2052//1987 
f 1994//1986 2052//1987 2051//1985 
f 1993//1984 2051//1985 2050//1983 
f 1992//1982 2050//1983 2049//1981 
f 1991//1980 2049//1981 2048//1979 
f 1990//1978 2048//1979 2047//1977 
f 1989//1976 2047//1977 2046//1975 
f 1988//1974 2046//1975 2045//1973 
f 1987//1972 2045//1973 2044//1971 
f 1986//1970 2044//1971 2043//1969 
f 1985//1968 2043//1969 2042//1967 
f 1984//1966 2042//1967 2041//1965 
f 1983//1964 2041//1965 2040//1963 
f 1982//1962 2040//1963 2039//1961 
f 1981//1960 2039//1961 2038//1959 
f 1980//1958 2038//1959 2037//1957 
f 1979//1956 2037//1957 2036//1955 
f 1978//1954 2036//1955 2035//1953 
f 1977//1952 2035//1953 2034//1951 
f 1976//1950 2034//1951 2033//1949 
f 1975//1948 2033//1949 2032//1947 
f 1974//1946 2032//1947 2031//1944 
o mesh6
f 2437//2466 1974//2467 1973//2468 
f 1973//2468 2438//2468 2437//2466 
f 2439//2469 1975//2470 1974//2467 
f 1974//2467 2440//2471 2439//2469 
f 2441//2472 2442//2473 1976//2474 
f 1975//2470 2443//2475 2441//2472 
f 2444//2476 2445//2477 1977//2478 
f 1976//2474 2442//2473 2444//2476 
f 2446//2479 1978//2480 1977//2478 
f 1977//2478 2445//2477 2447//2481 
f 1977//2478 2447//2481 2446//2479 
f 2448//2482 1979//2483 1978//2480 
f 1978//2480 2449//2484 2448//2482 
f 2450//2485 1980//2486 1979//2483 
f 1979//2483 2451//2487 2450//2485 
f 2452//2488 2453//2489 1981//2490 
f 1980//2486 2454//2491 2452//2488 
f 2455//2492 2456//2493 1982//2494 
f 1982//2494 1981//2490 2455//2492 
f 1981//2490 2453//2489 2455//2492 
f 2457//2495 1983//2496 1982//2494 
f 1982//2494 2458//2497 2457//2495 
f 2459//2498 1984//2499 1983//2496 
f 1983//2496 2460//2500 2459//2498 
f 2461//2501 2462//2502 1985//2503 
f 1984//2499 2463//2504 2461//2501 
f 2464//2505 2465//2506 1986//2507 
f 1985//2503 2462//2502 2464//2505 
f 2466//2508 1987//2509 1986//2507 
f 1986//2507 2465//2506 2467//2510 
f 1986//2507 2467//2510 2466//2508 
f 2468//2511 1988//2512 1987//2509 
f 1987//2509 2469//2513 2468//2511 
f 2470//2514 1989//2515 1988//2512 
f 1988//2512 2471//2516 2470//2514 
f 2472//2517 2473//2518 1990//2519 
f 1989//2515 2474//2520 2472//2517 
f 2475//2521 2476//2522 1991//2523 
f 1991//2523 1990//2519 2475//2521 
f 1990//2519 2473//2518 2475//2521 
f 2477//2524 1992//2525 1991//2523 
f 1991//2523 2478//2526 2477//2524 
f 2479//2527 1993//2528 1992//2525 
f 1992//2525 2480//2529 2479//2527 
f 2481//2530 2482//2531 1994//2532 
f 1993//2528 2483//2533 2481//2530 
f 2484//2534 2485//2535 1995//2536 
f 1994//2532 2482//2531 2484//2534 
f 2486//2537 1996//2538 1995//2536 
f 1995//2536 2485//2535 2487//2539 
f 1995//2536 2487//2539 2486//2537 
f 2488//2540 1997//2541 1996//2538 
f 1996//2538 2489//2542 2488//2540 
f 2490//2543 1998//2544 1997//2541 
f 1997//2541 2491//2545 2490//2543 
f 2492//2546 2493//2547 1999//2548 
f 1998//2544 2494//2549 2492//2546 
f 2495//2550 2496//2551 2000//2552 
f 2000//2552 1999//2548 2495//2550 
f 1999//2548 2493//2547 2495//2550 
f 2497//2553 2001//2554 2000//2552 
f 2000//2552 2498//2555 2497//2553 
f 2499//2556 2002//2557 2001//2554 
f 2001//2554 2500//2558 2499//2556 
f 2501//2559 2502//2560 2003//2561 
f 2002//2557 2503//2562 2501//2559 
f 2504//2563 2505//2564 2004//2565 
f 2003//2561 2502//2560 2504//2563 
f 2506//2566 2005//2567 2004//2565 
f 2004//2565 2505//2564 2507//2568 
f 2004//2565 2507//2568 2506//2566 
f 2508//2569 2006//2570 2005//2567 
f 2005//2567 2509//2571 2508//2569 
f 2510//2572 2511//2573 2007//2574 
f 2006//2570 2512//2575 2510//2572 
f 2513//2576 2514//2577 2008//2578 
f 2007//2574 2511//2573 2513//2576 
f 2515//2579 2516//2580 2009//2581 
f 2009//2581 2008//2578 2515//2579 
f 2008//2578 2514//2577 2515//2579 
f 2517//2582 2010//2583 2009//2581 
f 2009//2581 2518//2584 2517//2582 
f 2519//2585 2011//2586 2010//2583 
f 2010//2583 2520//2587 2519//2585 
f 2521//2588 2522//2589 2012//2590 
f 2011//2586 2523//2591 2521//2588 
f 2524//2592 2525//2593 2013//2594 
f 2012//2590 2522//2589 2524//2592 
f 2526//2595 2014//2596 2013//2594 
f 2013//2594 2525//2593 2527//2597 
f 2013//2594 2527//2597 2526//2595 
f 2528//2598 2015//2599 2014//2596 
f 2014//2596 2529//2600 2528//2598 
f 2530//2601 2531//2602 2016//2603 
f 2015//2599 2532//2604 2530//2601 
f 2533//2605 2534//2606 2017//2607 
f 2016//2603 2531//2602 2533//2605 
f 2535//2608 2536//2609 2018//2610 
f 2018//2610 2017//2607 2535//2608 
f 2017//2607 2534//2606 2535//2608 
f 2537//2611 2019//2612 2018//2610 
f 2018//2610 2538//2613 2537//2611 
f 2539//2614 2020//2615 2019//2612 
f 2019//2612 2540//2616 2539//2614 
f 2541//2617 2542//2618 2021//2619 
f 2020//2615 2543//2620 2541//2617 
f 2544//2621 2545//2622 2022//2623 
f 2021//2619 2542//2618 2544//2621 
f 2546//2624 2023//2625 2022//2623 
f 2022//2623 2545//2622 2547//2626 
f 2022//2623 2547//2626 2546//2624 
f 2548//2627 2024//2628 2023//2625 
f 2023//2625 2549//2629 2548//2627 
f 2550//2630 2551//2631 2025//2632 
f 2024//2628 2552//2633 2550//2630 
f 2553//2634 2554//2635 2026//2636 
f 2025//2632 2551//2631 2553//2634 
f 2555//2637 2556//2638 2027//2639 
f 2027//2639 2026//2636 2555//2637 
f 2026//2636 2554//2635 2555//2637 
f 2557//2640 2028//2641 2027//2639 
f 2027//2639 2558//2642 2557//2640 
f 2559//2643 2029//2644 2028//2641 
f 2028//2641 2560//2645 2559//2643 
f 2561//2646 2562//2647 2030//2648 
f 2029//2644 2563//2649 2561//2646 
f 2564//2650 2438//2468 1973//2468 
f 2030//2648 2562//2647 2564//2650 
f 1973//2468 2030//2648 2564//2650 
f 2030//2648 2029//2644 2561//2646 
f 2559//2643 2563//2649 2029//2644 
f 2557//2640 2560//2645 2028//2641 
f 2556//2638 2558//2642 2027//2639 
f 2026//2636 2025//2632 2553//2634 
f 2025//2632 2024//2628 2550//2630 
f 2548//2627 2552//2633 2024//2628 
f 2546//2624 2549//2629 2023//2625 
f 2022//2623 2021//2619 2544//2621 
f 2021//2619 2020//2615 2541//2617 
f 2539//2614 2543//2620 2020//2615 
f 2537//2611 2540//2616 2019//2612 
f 2536//2609 2538//2613 2018//2610 
f 2017//2607 2016//2603 2533//2605 
f 2016//2603 2015//2599 2530//2601 
f 2528//2598 2532//2604 2015//2599 
f 2526//2595 2529//2600 2014//2596 
f 2013//2594 2012//2590 2524//2592 
f 2012//2590 2011//2586 2521//2588 
f 2519//2585 2523//2591 2011//2586 
f 2517//2582 2520//2587 2010//2583 
f 2516//2580 2518//2584 2009//2581 
f 2008//2578 2007//2574 2513//2576 
f 2007//2574 2006//2570 2510//2572 
f 2508//2569 2512//2575 2006//2570 
f 2506//2566 2509//2571 2005//2567 
f 2004//2565 2003//2561 2504//2563 
f 2003//2561 2002//2557 2501//2559 
f 2499//2556 2503//2562 2002//2557 
f 2497//2553 2500//2558 2001//2554 
f 2496//2551 2498//2555 2000//2552 
f 1999//2548 1998//2544 2492//2546 
f 2490//2543 2494//2549 1998//2544 
f 2488//2540 2491//2545 1997//2541 
f 2486//2537 2489//2542 1996//2538 
f 1995//2536 1994//2532 2484//2534 
f 1994//2532 1993//2528 2481//2530 
f 2479//2527 2483//2533 1993//2528 
f 2477//2524 2480//2529 1992//2525 
f 2476//2522 2478//2526 1991//2523 
f 1990//2519 1989//2515 2472//2517 
f 2470//2514 2474//2520 1989//2515 
f 2468//2511 2471//2516 1988//2512 
f 2466//2508 2469//2513 1987//2509 
f 1986//2507 1985//2503 2464//2505 
f 1985//2503 1984//2499 2461//2501 
f 2459//2498 2463//2504 1984//2499 
f 2457//2495 2460//2500 1983//2496 
f 2456//2493 2458//2497 1982//2494 
f 1981//2490 1980//2486 2452//2488 
f 2450//2485 2454//2491 1980//2486 
f 2448//2482 2451//2487 1979//2483 
f 2446//2479 2449//2484 1978//2480 
f 1977//2478 1976//2474 2444//2476 
f 1976//2474 1975//2470 2441//2472 
f 2439//2469 2443//2475 1975//2470 
f 2437//2466 2440//2471 1974//2467 
o mesh7
f 2565//2651 2566//2652 2623//2653 
f 2566//2652 2567//2654 2624//2655 
f 2567//2654 2568//2656 2625//2657 
f 2568//2656 2569//2658 2626//2659 
f 2569//2658 2570//2660 2627//2661 
f 2570//2660 2571//2662 2628//2663 
f 2571//2662 2572//2664 2629//2665 
f 2572//2664 2573//2666 2630//2667 
f 2573//2666 2574//2668 2631//2669 
f 2574//2668 2575//2670 2632//2671 
f 2575//2670 2576//2672 2633//2673 
f 2576//2672 2577//2674 2634//2675 
f 2577//2674 2578//2676 2635//2677 
f 2578//2676 2579//2678 2636//2679 
f 2579//2678 2580//2680 2637//2681 
f 2580//2680 2581//2682 2638//2683 
f 2581//2682 2582//2684 2639//2685 
f 2582//2684 2583//2686 2640//2687 
f 2583//2686 2584//2688 2641//2689 
f 2584//2688 2585//2690 2642//2691 
f 2585//2690 2586//2692 2643//2693 
f 2586//2692 2587//2694 2644//2695 
f 2587//2694 2588//2696 2645//2697 
f 2588//2696 2589//2698 2646//2699 
f 2589//2698 2590//2700 2647//2701 
f 2590//2700 2591//2702 2648//2703 
f 2591//2702 2592//2704 2649//2705 
f 2592//2704 2593//2706 2650//2707 
f 2593//2706 2594//2708 2651//2709 
f 2594//2708 2595//2710 2652//2711 
f 2595//2710 2596//2712 2653//2713 
f 2596//2712 2597//2714 2654//2715 
f 2597//2714 2598//2716 2655//2717 
f 2598//2716 2599//2718 2656//2719 
f 2599//2718 2600//2720 2657//2721 
f 2600//2720 2601//2722 2658//2723 
f 2601//2722 2602//2724 2659//2725 
f 2602//2724 2603//2726 2660//2727 
f 2603//2726 2604//2728 2661//2729 
f 2604//2728 2605//2730 2662//2731 
f 2605//2730 2606//2732 2663//2733 
f 2606//2732 2607//2734 2664//2735 
f 2607//2734 2608//2736 2665//2737 
f 2608//2736 2609//2738 2666//2739 
f 2609//2738 2610//2740 2667//2741 
f 2610//2740 2611//2742 2668//2743 
f 2611//2742 2612//2744 2669//2745 
f 2612//2744 2613//2746 2670//2747 
f 2613//2746 2614//2748 2671//2749 
f 2614//2748 2615//2750 2672//2751 
f 2615//2750 2616//2752 2673//2753 
f 2616//2752 2617//2754 2674//2755 
f 2617//2754 2618//2756 2675//2757 
f 2618//2756 2619//2758 2676//2759 
f 2619//2758 2620//2760 2677//2761 
f 2620//2760 2621//2762 2678//2763 
f 2621//2762 2622//2764 2679//2765 
f 2622//2764 2565//2651 2680//2766 
f 2680//2766 2623//2653 2681//2767 
f 2623//2653 2624//2655 2682//2768 
f 2624//2655 2625//2657 2683//2769 
f 2625//2657 2626//2659 2684//2770 
f 2626//2659 2627//2661 2685//2771 
f 2627//2661 2628//2663 2686//2772 
f 2628//2663 2629//2665 2687//2773 
f 2629//2665 2630//2667 2688//2774 
f 2630//2667 2631//2669 2689//2775 
f 2631//2669 2632//2671 2690//2776 
f 2632//2671 2633//2673 2691//2777 
f 2633//2673 2634//2675 2692//2778 
f 2634//2675 2635//2677 2693//2779 
f 2635//2677 2636//2679 2694//2780 
f 2636//2679 2637//2681 2695//2781 
f 2637//2681 2638//2683 2696//2782 
f 2638//2683 2639//2685 2697//2783 
f 2639//2685 2640//2687 2698//2784 
f 2640//2687 2641//2689 2699//2785 
f 2641//2689 2642//2691 2700//2786 
f 2642//2691 2643//2693 2701//2787 
f 2643//2693 2644//2695 2702//2788 
f 2644//2695 2645//2697 2703//2789 
f 2645//2697 2646//2699 2704//2790 
f 2646//2699 2647//2701 2705//2791 
f 2647//2701 2648//2703 2706//2792 
f 2648//2703 2649//2705 2707//2793 
f 2649//2705 2650//2707 2708//2794 
f 2650//2707 2651//2709 2709//2795 
f 2651//2709 2652//2711 2710//2796 
f 2652//2711 2653//2713 2711//2797 
f 2653//2713 2654//2715 2712//2798 
f 2654//2715 2655//2717 2713//2799 
f 2655//2717 2656//2719 2714//2800 
f 2656//2719 2657//2721 2715//2801 
f 2657//2721 2658//2723 2716//2802 
f 2658//2723 2659//2725 2717//2803 
f 2659//2725 2660//2727 2718//2804 
f 2660//2727 2661//2729 2719//2805 
f 2661//2729 2662//2731 2720//2806 
f 2662//2731 2663//2733 2721//2807 
f 2663//2733 2664//2735 2722//2808 
f 2664//2735 2665//2737 2723//2809 
f 2665//2737 2666//2739 2724//2810 
f 2666//2739 2667//2741 2725//2811 
f 2667//2741 2668//2743 2726//2812 
f 2668//2743 2669//2745 2727//2813 
f 2669//2745 2670//2747 2728//2814 
f 2670//2747 2671//2749 2729//2815 
f 2671//2749 2672//2751 2730//2816 
f 2672//2751 2673//2753 2731//2817 
f 2673//2753 2674//2755 2732//2818 
f 2674//2755 2675//2757 2733//2819 
f 2675//2757 2676//2759 2734//2820 
f 2676//2759 2677//2761 2735//2821 
f 2677//2761 2678//2763 2736//2822 
f 2678//2763 2679//2765 2737//2823 
f 2679//2765 2680//2766 2738//2824 
f 2738//2824 2681//2767 2739//2825 
f 2681//2767 2682//2768 2740//2826 
f 2682//2768 2683//2769 2741//2827 
f 2683//2769 2684//2770 2742//2828 
f 2684//2770 2685//2771 2743//2829 
f 2685//2771 2686//2772 2744//2830 
f 2686//2772 2687//2773 2745//2831 
f 2687//2773 2688//2774 2746//2832 
f 2688//2774 2689//2775 2747//2833 
f 2689//2775 2690//2776 2748//2834 
f 2690//2776 2691//2777 2749//2835 
f 2691//2777 2692//2778 2750//2836 
f 2692//2778 2693//2779 2751//2837 
f 2693//2779 2694//2780 2752//2838 
f 2694//2780 2695//2781 2753//2839 
f 2695//2781 2696//2782 2754//2840 
f 2696//2782 2697//2783 2755//2841 
f 2697//2783 2698//2784 2756//2842 
f 2698//2784 2699//2785 2757//2843 
f 2699//2785 2700//2786 2758//2844 
f 2700//2786 2701//2787 2759//2845 
f 2701//2787 2702//2788 2760//2846 
f 2702//2788 2703//2789 2761//2847 
f 2703//2789 2704//2790 2762//2848 
f 2704//2790 2705//2791 2763//2849 
f 2705//2791 2706//2792 2764//2850 
f 2706//2792 2707//2793 2765//2851 
f 2707//2793 2708//2794 2766//2852 
f 2708//2794 2709//2795 2767//2853 
f 2709//2795 2710//2796 2768//2854 
f 2710//2796 2711//2797 2769//2855 
f 2711//2797 2712//2798 2770//2856 
f 2712//2798 2713//2799 2771//2857 
f 2713//2799 2714//2800 2772//2858 
f 2714//2800 2715//2801 2773//2859 
f 2715//2801 2716//2802 2774//2860 
f 2716//2802 2717//2803 2775//2861 
f 2717//2803 2718//2804 2776//2862 
f 2718//2804 2719//2805 2777//2863 
f 2719//2805 2720//2806 2778//2864 
f 2720//2806 2721//2807 2779//2865 
f 2721//2807 2722//2808 2780//2866 
f 2722//2808 2723//2809 2781//2867 
f 2723//2809 2724//2810 2782//2868 
f 2724//2810 2725//2811 2783//2869 
f 2725//2811 2726//2812 2784//2870 
f 2726//2812 2727//2813 2785//2871 
f 2727//2813 2728//2814 2786//2872 
f 2728//2814 2729//2815 2787//2873 
f 2729//2815 2730//2816 2788//2874 
f 2730//2816 2731//2817 2789//2875 
f 2731//2817 2732//2818 2790//2876 
f 2732//2818 2733//2819 2791//2877 
f 2733//2819 2734//2820 2792//2878 
f 2734//2820 2735//2821 2793//2879 
f 2735//2821 2736//2822 2794//2880 
f 2736//2822 2737//2823 2795//2881 
f 2737//2823 2738//2824 2796//2882 
f 2796//2882 2739//2825 2797//2883 
f 2739//2825 2740//2826 2798//2884 
f 2740//2826 2741//2827 2799//2885 
f 2741//2827 2742//2828 2800//2886 
f 2742//2828 2743//2829 2801//2887 
f 2743//2829 2744//2830 2802//2888 
f 2744//2830 2745//2831 2803//2889 
f 2745//2831 2746//2832 2804//2890 
f 2746//2832 2747//2833 2805//2891 
f 2747//2833 2748//2834 2806//2892 
f 2748//2834 2749//2835 2807//2893 
f 2749//2835 2750//2836 2808//2894 
f 2750//2836 2751//2837 2809//2895 
f 2751//2837 2752//2838 2810//2896 
f 2752//2838 2753//2839 2811//2897 
f 2753//2839 2754//2840 2812//2898 
f 2754//2840 2755//2841 2813//2899 
f 2755//2841 2756//2842 2814//2900 
f 2756//2842 2757//2843 2815//2901 
f 2757//2843 2758//2844 2816//2902 
f 2758//2844 2759//2845 2817//2903 
f 2759//2845 2760//2846 2818//2904 
f 2760//2846 2761//2847 2819//2905 
f 2761//2847 2762//2848 2820//2906 
f 2762//2848 2763//2849 2821//2907 
f 2763//2849 2764//2850 2822//2908 
f 2764//2850 2765//2851 2823//2909 
f 2765//2851 2766//2852 2824//2910 
f 2766//2852 2767//2853 2825//2911 
f 2767//2853 2768//2854 2826//2912 
f 2768//2854 2769//2855 2827//2913 
f 2769//2855 2770//2856 2828//2914 
f 2770//2856 2771//2857 2829//2915 
f 2771//2857 2772//2858 2830//2916 
f 2772//2858 2773//2859 2831//2917 
f 2773//2859 2774//2860 2832//2918 
f 2774//2860 2775//2861 2833//2919 
f 2775//2861 2776//2862 2834//2920 
f 2776//2862 2777//2863 2835//2921 
f 2777//2863 2778//2864 2836//2922 
f 2778//2864 2779//2865 2837//2923 
f 2779//2865 2780//2866 2838//2924 
f 2780//2866 2781//2867 2839//2925 
f 2781//2867 2782//2868 2840//2926 
f 2782//2868 2783//2869 2841//2927 
f 2783//2869 2784//2870 2842//2928 
f 2784//2870 2785//2871 2843//2929 
f 2785//2871 2786//2872 2844//2930 
f 2786//2872 2787//2873 2845//2931 
f 2787//2873 2788//2874 2846//2932 
f 2788//2874 2789//2875 2847//2933 
f 2789//2875 2790//2876 2848//2934 
f 2790//2876 2791//2877 2849//2935 
f 2791//2877 2792//2878 2850//2936 
f 2792//2878 2793//2879 2851//2937 
f 2793//2879 2794//2880 2852//2938 
f 2794//2880 2795//2881 2853//2939 
f 2795//2881 2796//2882 2854//2940 
f 2854//2940 2797//2883 2855//2941 
f 2797//2883 2798//2884 2856//2942 
f 2798//2884 2799//2885 2857//2943 
f 2799//2885 2800//2886 2858//2944 
f 2800//2886 2801//2887 2859//2945 
f 2801//2887 2802//2888 2860//2946 
f 2802//2888 2803//2889 2861//2947 
f 2803//2889 2804//2890 2862//2948 
f 2804//2890 2805//2891 2863//2949 
f 2805//2891 2806//2892 2864//2950 
f 2806//2892 2807//2893 2865//2951 
f 2807//2893 2808//2894 2866//2952 
f 2808//2894 2809//2895 2867//2953 
f 2809//2895 2810//2896 2868//2954 
f 2810//2896 2811//2897 2869//2955 
f 2811//2897 2812//2898 2870//2956 
f 2812//2898 2813//2899 2871//2957 
f 2813//2899 2814//2900 2872//2958 
f 2814//2900 2815//2901 2873//2959 
f 2815//2901 2816//2902 2874//2960 
f 2816//2902 2817//2903 2875//2961 
f 2817//2903 2818//2904 2876//2962 
f 2818//2904 2819//2905 2877//2963 
f 2819//2905 2820//2906 2878//2964 
f 2820//2906 2821//2907 2879//2965 
f 2821//2907 2822//2908 2880//2966 
f 2822//2908 2823//2909 2881//2967 
f 2823//2909 2824//2910 2882//2968 
f 2824//2910 2825//2911 2883//2969 
f 2825//2911 2826//2912 2884//2970 
f 2826//2912 2827//2913 2885//2971 
f 2827//2913 2828//2914 2886//2972 
f 2828//2914 2829//2915 2887//2973 
f 2829//2915 2830//2916 2888//2974 
f 2830//2916 2831//2917 2889//2975 
f 2831//2917 2832//2918 2890//2976 
f 2832//2918 2833//2919 2891//2977 
f 2833//2919 2834//2920 2892//2978 
f 2834//2920 2835//2921 2893//2979 
f 2835//2921 2836//2922 2894//2980 
f 2836//2922 2837//2923 2895//2981 
f 2837//2923 2838//2924 2896//2982 
f 2838//2924 2839//2925 2897//2983 
f 2839//2925 2840//2926 2898//2984 
f 2840//2926 2841//2927 2899//2985 
f 2841//2927 2842//2928 2900//2986 
f 2842//2928 2843//2929 2901//2987 
f 2843//2929 2844//2930 2902//2988 
f 2844//2930 2845//2931 2903//2989 
f 2845//2931 2846//2932 2904//2990 
f 2846//2932 2847//2933 2905//2991 
f 2847//2933 2848//2934 2906//2992 
f 2848//2934 2849//2935 2907//2993 
f 2849//2935 2850//2936 2908//2994 
f 2850//2936 2851//2937 2909//2995 
f 2851//2937 2852//2938 2910//2996 
f 2852//2938 2853//2939 2911//2997 
f 2853//2939 2854//2940 2912//2998 
f 2912//2998 2855//2941 2913//2999 
f 2855//2941 2856//2942 2914//3000 
f 2856//2942 2857//2943 2915//3001 
f 2857//2943 2858//2944 2916//3002 
f 2858//2944 2859//2945 2917//3003 
f 2859//2945 2860//2946 2918//3004 
f 2860//2946 2861//2947 2919//3005 
f 2861//2947 2862//2948 2920//3006 
f 2862//2948 2863//2949 2921//3007 
f 2863//2949 2864//2950 2922//3008 
f 2864//2950 2865//2951 2923//3009 
f 2865//2951 2866//2952 2924//3010 
f 2866//2952 2867//2953 2925//3011 
f 2867//2953 2868//2954 2926//3012 
f 2868//2954 2869//2955 2927//3013 
f 2869//2955 2870//2956 2928//3014 
f 2870//2956 2871//2957 2929//3015 
f 2871//2957 2872//2958 2930//3016 
f 2872//2958 2873//2959 2931//3017 
f 2873//2959 2874//2960 2932//3018 
f 2874//2960 2875//2961 2933//3019 
f 2875//2961 2876//2962 2934//3020 
f 2876//2962 2877//2963 2935//3021 
f 2877//2963 2878//2964 2936//3022 
f 2878//2964 2879//2965 2937//3023 
f 2879//2965 2880//2966 2938//3024 
f 2880//2966 2881//2967 2939//3025 
f 2881//2967 2882//2968 2940//3026 
f 2882//2968 2883//2969 2941//3027 
f 2883//2969 2884//2970 2942//3028 
f 2884//2970 2885//2971 2943//3029 
f 2885//2971 2886//2972 2944//3030 
f 2886//2972 2887//2973 2945//3031 
f 2887//2973 2888//2974 2946//3032 
f 2888//2974 2889//2975 2947//3033 
f 2889//2975 2890//2976 2948//3034 
f 2890//2976 2891//2977 2949//3035 
f 2891//2977 2892//2978 2950//3036 
f 2892//2978 2893//2979 2951//3037 
f 2893//2979 2894//2980 2952//3038 
f 2894//2980 2895//2981 2953//3039 
f 2895//2981 2896//2982 2954//3040 
f 2896//2982 2897//2983 2955//3041 
f 2897//2983 2898//2984 2956//3042 
f 2898//2984 2899//2985 2957//3043 
f 2899//2985 2900//2986 2958//3044 
f 2900//2986 2901//2987 2959//3045 
f 2901//2987 2902//2988 2960//3046 
f 2902//2988 2903//2989 2961//3047 
f 2903//2989 2904//2990 2962//3048 
f 2904//2990 2905//2991 2963//3049 
f 2905//2991 2906//2992 2964//3050 
f 2906//2992 2907//2993 2965//3051 
f 2907//2993 2908//2994 2966//3052 
f 2908//2994 2909//2995 2967//3053 
f 2909//2995 2910//2996 2968//3054 
f 2910//2996 2911//2997 2969//3055 
f 2911//2997 2912//2998 2970//3056 
f 2970//3056 2913//2999 2971//3057 
f 2913//2999 2914//3000 2972//3058 
f 2914//3000 2915//3001 2973//3059 
f 2915//3001 2916//3002 2974//3060 
f 2916//3002 2917//3003 2975//3061 
f 2917//3003 2918//3004 2976//3062 
f 2918//3004 2919//3005 2977//3063 
f 2919//3005 2920//3006 2978//3064 
f 2920//3006 2921//3007 2979//3065 
f 2921//3007 2922//3008 2980//3066 
f 2922//3008 2923//3009 2981//3067 
f 2923//3009 2924//3010 2982//3068 
f 2924//3010 2925//3011 2983//3069 
f 2925//3011 2926//3012 2984//3070 
f 2926//3012 2927//3013 2985//3071 
f 2927//3013 2928//3014 2986//3072 
f 2928//3014 2929//3015 2987//3073 
f 2929//3015 2930//3016 2988//3074 
f 2930//3016 2931//3017 2989//3075 
f 2931//3017 2932//3018 2990//3076 
f 2932//3018 2933//3019 2991//3077 
f 2933//3019 2934//3020 2992//3078 
f 2934//3020 2935//3021 2993//3079 
f 2935//3021 2936//3022 2994//3080 
f 2936//3022 2937//3023 2995//3081 
f 2937//3023 2938//3024 2996//3082 
f 2938//3024 2939//3025 2997//3083 
f 2939//3025 2940//3026 2998//3084 
f 2940//3026 2941//3027 2999//3085 
f 2941//3027 2942//3028 3000//3086 
f 2942//3028 2943//3029 3001//3087 
f 2943//3029 2944//3030 3002//3088 
f 2944//3030 2945//3031 3003//3089 
f 2945//3031 2946//3032 3004//3090 
f 2946//3032 2947//3033 3005//3091 
f 2947//3033 2948//3034 3006//3092 
f 2948//3034 2949//3035 3007//3093 
f 2949//3035 2950//3036 3008//3094 
f 2950//3036 2951//3037 3009//3095 
f 2951//3037 2952//3038 3010//3096 
f 2952//3038 2953//3039 3011//3097 
f 2953//3039 2954//3040 3012//3098 
f 2954//3040 2955//3041 3013//3099 
f 2955//3041 2956//3042 3014//3100 
f 2956//3042 2957//3043 3015//3101 
f 2957//3043 2958//3044 3016//3102 
f 2958//3044 2959//3045 3017//3103 
f 2959//3045 2960//3046 3018//3104 
f 2960//3046 2961//3047 3019//3105 
f 2961//3047 2962//3048 3020//3106 
f 2962//3048 2963//3049 3021//3107 
f 2963//3049 2964//3050 3022//3108 
f 2964//3050 2965//3051 3023//3109 
f 2965//3051 2966//3052 3024//3110 
f 2966//3052 2967//3053 3025//3111 
f 2967//3053 2968//3054 3026//3112 
f 2968//3054 2969//3055 3027//3113 
f 2969//3055 2970//3056 3028//3114 
f 3028//3114 2971//3057 1916//3115 
f 2971//3057 2972//3058 1917//3116 
f 2972//3058 2973//3059 1918//3117 
f 2973//3059 2974//3060 1919//3118 
f 2974//3060 2975//3061 1920//3119 
f 2975//3061 2976//3062 1921//3120 
f 2976//3062 2977//3063 1922//3121 
f 2977//3063 2978//3064 1923//3122 
f 2978//3064 2979//3065 1924//3123 
f 2979//3065 2980//3066 1925//3124 
f 2980//3066 2981//3067 1926//3125 
f 2981//3067 2982//3068 1927//3126 
f 2982//3068 2983//3069 1928//3127 
f 2983//3069 2984//3070 1929//3128 
f 2984//3070 2985//3071 1930//3129 
f 2985//3071 2986//3072 1931//3130 
f 2986//3072 2987//3073 1932//3131 
f 2987//3073 2988//3074 1933//3132 
f 2988//3074 2989//3075 1934//3133 
f 2989//3075 2990//3076 1935//3134 
f 2990//3076 2991//3077 1936//3135 
f 2991//3077 2992//3078 1937//3136 
f 2992//3078 2993//3079 1938//3137 
f 2993//3079 2994//3080 1939//3138 
f 2994//3080 2995//3081 1940//3139 
f 2995//3081 2996//3082 1941//3140 
f 2996//3082 2997//3083 1942//3141 
f 2997//3083 2998//3084 1943//3142 
f 2998//3084 2999//3085 1944//3143 
f 2999//3085 3000//3086 1945//3144 
f 3000//3086 3001//3087 1946//3145 
f 3001//3087 3002//3088 1947//3146 
f 3002//3088 3003//3089 1948//3147 
f 3003//3089 3004//3090 1949//3148 
f 3004//3090 3005//3091 1950//3149 
f 3005//3091 3006//3092 1951//3150 
f 3006//3092 3007//3093 1952//3151 
f 3007//3093 3008//3094 1953//3152 
f 3008//3094 3009//3095 1954//3153 
f 3009//3095 3010//3096 1955//3154 
f 3010//3096 3011//3097 1956//3155 
f 3011//3097 3012//3098 1957//3156 
f 3012//3098 3013//3099 1958//3157 
f 3013//3099 3014//3100 1959//3158 
f 3014//3100 3015//3101 1960//3159 
f 3015//3101 3016//3102 1961//3160 
f 3016//3102 3017//3103 1962//3161 
f 3017//3103 3018//3104 1963//3162 
f 3018//3104 3019//3105 1964//3163 
f 3019//3105 3020//3106 1965//3164 
f 3020//3106 3021//3107 1966//3165 
f 3021//3107 3022//3108 1967//3166 
f 3022//3108 3023//3109 1968//3167 
f 3023//3109 3024//3110 1969//3168 
f 3024//3110 3025//3111 1970//3169 
f 3025//3111 3026//3112 1971//3170 
f 3026//3112 3027//3113 1972//3171 
f 3027//3113 3028//3114 1915//3172 
f 1915//3172 1972//3171 3027//3113 
f 1972//3171 1971//3170 3026//3112 
f 1971//3170 1970//3169 3025//3111 
f 1970//3169 1969//3168 3024//3110 
f 1969//3168 1968//3167 3023//3109 
f 1968//3167 1967//3166 3022//3108 
f 1967//3166 1966//3165 3021//3107 
f 1966//3165 1965//3164 3020//3106 
f 1965//3164 1964//3163 3019//3105 
f 1964//3163 1963//3162 3018//3104 
f 1963//3162 1962//3161 3017//3103 
f 1962//3161 1961//3160 3016//3102 
f 1961//3160 1960//3159 3015//3101 
f 1960//3159 1959//3158 3014//3100 
f 1959//3158 1958//3157 3013//3099 
f 1958//3157 1957//3156 3012//3098 
f 1957//3156 1956//3155 3011//3097 
f 1956//3155 1955//3154 3010//3096 
f 1955//3154 1954//3153 3009//3095 
f 1954//3153 1953//3152 3008//3094 
f 1953//3152 1952//3151 3007//3093 
f 1952//3151 1951//3150 3006//3092 
f 1951//3150 1950//3149 3005//3091 
f 1950//3149 1949//3148 3004//3090 
f 1949//3148 1948//3147 3003//3089 
f 1948//3147 1947//3146 3002//3088 
f 1947//3146 1946//3145 3001//3087 
f 1946//3145 1945//3144 3000//3086 
f 1945//3144 1944//3143 2999//3085 
f 1944//3143 1943//3142 2998//3084 
f 1943//3142 1942//3141 2997//3083 
f 1942//3141 1941//3140 2996//3082 
f 1941//3140 1940//3139 2995//3081 
f 1940//3139 1939//3138 2994//3080 
f 1939//3138 1938//3137 2993//3079 
f 1938//3137 1937//3136 2992//3078 
f 1937//3136 1936//3135 2991//3077 
f 1936//3135 1935//3134 2990//3076 
f 1935//3134 1934//3133 2989//3075 
f 1934//3133 1933//3132 2988//3074 
f 1933//3132 1932//3131 2987//3073 
f 1932//3131 1931//3130 2986//3072 
f 1931//3130 1930//3129 2985//3071 
f 1930//3129 1929//3128 2984//3070 
f 1929//3128 1928//3127 2983//3069 
f 1928//3127 1927//3126 2982//3068 
f 1927//3126 1926//3125 2981//3067 
f 1926//3125 1925//3124 2980//3066 
f 1925//3124 1924//3123 2979//3065 
f 1924//3123 1923//3122 2978//3064 
f 1923//3122 1922//3121 2977//3063 
f 1922//3121 1921//3120 2976//3062 
f 1921//3120 1920//3119 2975//3061 
f 1920//3119 1919//3118 2974//3060 
f 1919//3118 1918//3117 2973//3059 
f 1918//3117 1917//3116 2972//3058 
f 1917//3116 1916//3115 2971//3057 
f 1916//3115 1915//3172 3028//3114 
f 3028//3114 3027//3113 2969//3055 
f 3027//3113 3026//3112 2968//3054 
f 3026//3112 3025//3111 2967//3053 
f 3025//3111 3024//3110 2966//3052 
f 3024//3110 3023//3109 2965//3051 
f 3023//3109 3022//3108 2964//3050 
f 3022//3108 3021//3107 2963//3049 
f 3021//3107 3020//3106 2962//3048 
f 3020//3106 3019//3105 2961//3047 
f 3019//3105 3018//3104 2960//3046 
f 3018//3104 3017//3103 2959//3045 
f 3017//3103 3016//3102 2958//3044 
f 3016//3102 3015//3101 2957//3043 
f 3015//3101 3014//3100 2956//3042 
f 3014//3100 3013//3099 2955//3041 
f 3013//3099 3012//3098 2954//3040 
f 3012//3098 3011//3097 2953//3039 
f 3011//3097 3010//3096 2952//3038 
f 3010//3096 3009//3095 2951//3037 
f 3009//3095 3008//3094 2950//3036 
f 3008//3094 3007//3093 2949//3035 
f 3007//3093 3006//3092 2948//3034 
f 3006//3092 3005//3091 2947//3033 
f 3005//3091 3004//3090 2946//3032 
f 3004//3090 3003//3089 2945//3031 
f 3003//3089 3002//3088 2944//3030 
f 3002//3088 3001//3087 2943//3029 
f 3001//3087 3000//3086 2942//3028 
f 3000//3086 2999//3085 2941//3027 
f 2999//3085 2998//3084 2940//3026 
f 2998//3084 2997//3083 2939//3025 
f 2997//3083 2996//3082 2938//3024 
f 2996//3082 2995//3081 2937//3023 
f 2995//3081 2994//3080 2936//3022 
f 2994//3080 2993//3079 2935//3021 
f 2993//3079 2992//3078 2934//3020 
f 2992//3078 2991//3077 2933//3019 
f 2991//3077 2990//3076 2932//3018 
f 2990//3076 2989//3075 2931//3017 
f 2989//3075 2988//3074 2930//3016 
f 2988//3074 2987//3073 2929//3015 
f 2987//3073 2986//3072 2928//3014 
f 2986//3072 2985//3071 2927//3013 
f 2985//3071 2984//3070 2926//3012 
f 2984//3070 2983//3069 2925//3011 
f 2983//3069 2982//3068 2924//3010 
f 2982//3068 2981//3067 2923//3009 
f 2981//3067 2980//3066 2922//3008 
f 2980//3066 2979//3065 2921//3007 
f 2979//3065 2978//3064 2920//3006 
f 2978//3064 2977//3063 2919//3005 
f 2977//3063 2976//3062 2918//3004 
f 2976//3062 2975//3061 2917//3003 
f 2975//3061 2974//3060 2916//3002 
f 2974//3060 2973//3059 2915//3001 
f 2973//3059 2972//3058 2914//3000 
f 2972//3058 2971//3057 2913//2999 
f 2971//3057 3028//3114 2970//3056 
f 2970//3056 2969//3055 2911//2997 
f 2969//3055 2968//3054 2910//2996 
f 2968//3054 2967//3053 2909//2995 
f 2967//3053 2966//3052 2908//2994 
f 2966//3052 2965//3051 2907//2993 
f 2965//3051 2964//3050 2906//2992 
f 2964//3050 2963//3049 2905//2991 
f 2963//3049 2962//3048 2904//2990 
f 2962//3048 2961//3047 2903//2989 
f 2961//3047 2960//3046 2902//2988 
f 2960//3046 2959//3045 2901//2987 
f 2959//3045 2958//3044 2900//2986 
f 2958//3044 2957//3043 2899//2985 
f 2957//3043 2956//3042 2898//2984 
f 2956//3042 2955//3041 2897//2983 
f 2955//3041 2954//3040 2896//2982 
f 2954//3040 2953//3039 2895//2981 
f 2953//3039 2952//3038 2894//2980 
f 2952//3038 2951//3037 2893//2979 
f 2951//3037 2950//3036 2892//2978 
f 2950//3036 2949//3035 2891//2977 
f 2949//3035 2948//3034 2890//2976 
f 2948//3034 2947//3033 2889//2975 
f 2947//3033 2946//3032 2888//2974 
f 2946//3032 2945//3031 2887//2973 
f 2945//3031 2944//3030 2886//2972 
f 2944//3030 2943//3029 2885//2971 
f 2943//3029 2942//3028 2884//2970 
f 2942//3028 2941//3027 2883//2969 
f 2941//3027 2940//3026 2882//2968 
f 2940//3026 2939//3025 2881//2967 
f 2939//3025 2938//3024 2880//2966 
f 2938//3024 2937//3023 2879//2965 
f 2937//3023 2936//3022 2878//2964 
f 2936//3022 2935//3021 2877//2963 
f 2935//3021 2934//3020 2876//2962 
f 2934//3020 2933//3019 2875//2961 
f 2933//3019 2932//3018 2874//2960 
f 2932//3018 2931//3017 2873//2959 
f 2931//3017 2930//3016 2872//2958 
f 2930//3016 2929//3015 2871//2957 
f 2929//3015 2928//3014 2870//2956 
f 2928//3014 2927//3013 2869//2955 
f 2927//3013 2926//3012 2868//2954 
f 2926//3012 2925//3011 2867//2953 
f 2925//3011 2924//3010 2866//2952 
f 2924//3010 2923//3009 2865//2951 
f 2923//3009 2922//3008 2864//2950 
f 2922//3008 2921//3007 2863//2949 
f 2921//3007 2920//3006 2862//2948 
f 2920//3006 2919//3005 2861//2947 
f 2919//3005 2918//3004 2860//2946 
f 2918//3004 2917//3003 2859//2945 
f 2917//3003 2916//3002 2858//2944 
f 2916//3002 2915//3001 2857//2943 
f 2915//3001 2914//3000 2856//2942 
f 2914//3000 2913//2999 2855//2941 
f 2913//2999 2970//3056 2912//2998 
f 2912//2998 2911//2997 2853//2939 
f 2911//2997 2910//2996 2852//2938 
f 2910//2996 2909//2995 2851//2937 
f 2909//2995 2908//2994 2850//2936 
f 2908//2994 2907//2993 2849//2935 
f 2907//2993 2906//2992 2848//2934 
f 2906//2992 2905//2991 2847//2933 
f 2905//2991 2904//2990 2846//2932 
f 2904//2990 2903//2989 2845//2931 
f 2903//2989 2902//2988 2844//2930 
f 2902//2988 2901//2987 2843//2929 
f 2901//2987 2900//2986 2842//2928 
f 2900//2986 2899//2985 2841//2927 
f 2899//2985 2898//2984 2840//2926 
f 2898//2984 2897//2983 2839//2925 
f 2897//2983 2896//2982 2838//2924 
f 2896//2982 2895//2981 2837//2923 
f 2895//2981 2894//2980 2836//2922 
f 2894//2980 2893//2979 2835//2921 
f 2893//2979 2892//2978 2834//2920 
f 2892//2978 2891//2977 2833//2919 
f 2891//2977 2890//2976 2832//2918 
f 2890//2976 2889//2975 2831//2917 
f 2889//2975 2888//2974 2830//2916 
f 2888//2974 2887//2973 2829//2915 
f 2887//2973 2886//2972 2828//2914 
f 2886//2972 2885//2971 2827//2913 
f 2885//2971 2884//2970 2826//2912 
f 2884//2970 2883//2969 2825//2911 
f 2883//2969 2882//2968 2824//2910 
f 2882//2968 2881//2967 2823//2909 
f 2881//2967 2880//2966 2822//2908 
f 2880//2966 2879//2965 2821//2907 
f 2879//2965 2878//2964 2820//2906 
f 2878//2964 2877//2963 2819//2905 
f 2877//2963 2876//2962 2818//2904 
f 2876//2962 2875//2961 2817//2903 
f 2875//2961 2874//2960 2816//2902 
f 2874//2960 2873//2959 2815//2901 
f 2873//2959 2872//2958 2814//2900 
f 2872//2958 2871//2957 2813//2899 
f 2871//2957 2870//2956 2812//2898 
f 2870//2956 2869//2955 2811//2897 
f 2869//2955 2868//2954 2810//2896 
f 2868//2954 2867//2953 2809//2895 
f 2867//2953 2866//2952 2808//2894 
f 2866//2952 2865//2951 2807//2893 
f 2865//2951 2864//2950 2806//2892 
f 2864//2950 2863//2949 2805//2891 
f 2863//2949 2862//2948 2804//2890 
f 2862//2948 2861//2947 2803//2889 
f 2861//2947 2860//2946 2802//2888 
f 2860//2946 2859//2945 2801//2887 
f 2859//2945 2858//2944 2800//2886 
f 2858//2944 2857//2943 2799//2885 
f 2857//2943 2856//2942 2798//2884 
f 2856//2942 2855//2941 2797//2883 
f 2855//2941 2912//2998 2854//2940 
f 2854//2940 2853//2939 2795//2881 
f 2853//2939 2852//2938 2794//2880 
f 2852//2938 2851//2937 2793//2879 
f 2851//2937 2850//2936 2792//2878 
f 2850//2936 2849//2935 2791//2877 
f 2849//2935 2848//2934 2790//2876 
f 2848//2934 2847//2933 2789//2875 
f 2847//2933 2846//2932 2788//2874 
f 2846//2932 2845//2931 2787//2873 
f 2845//2931 2844//2930 2786//2872 
f 2844//2930 2843//2929 2785//2871 
f 2843//2929 2842//2928 2784//2870 
f 2842//2928 2841//2927 2783//2869 
f 2841//2927 2840//2926 2782//2868 
f 2840//2926 2839//2925 2781//2867 
f 2839//2925 2838//2924 2780//2866 
f 2838//2924 2837//2923 2779//2865 
f 2837//2923 2836//2922 2778//2864 
f 2836//2922 2835//2921 2777//2863 
f 2835//2921 2834//2920 2776//2862 
f 2834//2920 2833//2919 2775//2861 
f 2833//2919 2832//2918 2774//2860 
f 2832//2918 2831//2917 2773//2859 
f 2831//2917 2830//2916 2772//2858 
f 2830//2916 2829//2915 2771//2857 
f 2829//2915 2828//2914 2770//2856 
f 2828//2914 2827//2913 2769//2855 
f 2827//2913 2826//2912 2768//2854 
f 2826//2912 2825//2911 2767//2853 
f 2825//2911 2824//2910 2766//2852 
f 2824//2910 2823//2909 2765//2851 
f 2823//2909 2822//2908 2764//2850 
f 2822//2908 2821//2907 2763//2849 
f 2821//2907 2820//2906 2762//2848 
f 2820//2906 2819//2905 2761//2847 
f 2819//2905 2818//2904 2760//2846 
f 2818//2904 2817//2903 2759//2845 
f 2817//2903 2816//2902 2758//2844 
f 2816//2902 2815//2901 2757//2843 
f 2815//2901 2814//2900 2756//2842 
f 2814//2900 2813//2899 2755//2841 
f 2813//2899 2812//2898 2754//2840 
f 2812//2898 2811//2897 2753//2839 
f 2811//2897 2810//2896 2752//2838 
f 2810//2896 2809//2895 2751//2837 
f 2809//2895 2808//2894 2750//2836 
f 2808//2894 2807//2893 2749//2835 
f 2807//2893 2806//2892 2748//2834 
f 2806//2892 2805//2891 2747//2833 
f 2805//2891 2804//2890 2746//2832 
f 2804//2890 2803//2889 2745//2831 
f 2803//2889 2802//2888 2744//2830 
f 2802//2888 2801//2887 2743//2829 
f 2801//2887 2800//2886 2742//2828 
f 2800//2886 2799//2885 2741//2827 
f 2799//2885 2798//2884 2740//2826 
f 2798//2884 2797//2883 2739//2825 
f 2797//2883 2854//2940 2796//2882 
f 2796//2882 2795//2881 2737//2823 
f 2795//2881 2794//2880 2736//2822 
f 2794//2880 2793//2879 2735//2821 
f 2793//2879 2792//2878 2734//2820 
f 2792//2878 2791//2877 2733//2819 
f 2791//2877 2790//2876 2732//2818 
f 2790//2876 2789//2875 2731//2817 
f 2789//2875 2788//2874 2730//2816 
f 2788//2874 2787//2873 2729//2815 
f 2787//2873 2786//2872 2728//2814 
f 2786//2872 2785//2871 2727//2813 
f 2785//2871 2784//2870 2726//2812 
f 2784//2870 2783//2869 2725//2811 
f 2783//2869 2782//2868 2724//2810 
f 2782//2868 2781//2867 2723//2809 
f 2781//2867 2780//2866 2722//2808 
f 2780//2866 2779//2865 2721//2807 
f 2779//2865 2778//2864 2720//2806 
f 2778//2864 2777//2863 2719//2805 
f 2777//2863 2776//2862 2718//2804 
f 2776//2862 2775//2861 2717//2803 
f 2775//2861 2774//2860 2716//2802 
f 2774//2860 2773//2859 2715//2801 
f 2773//2859 2772//2858 2714//2800 
f 2772//2858 2771//2857 2713//2799 
f 2771//2857 2770//2856 2712//2798 
f 2770//2856 2769//2855 2711//2797 
f 2769//2855 2768//2854 2710//2796 
f 2768//2854 2767//2853 2709//2795 
f 2767//2853 2766//2852 2708//2794 
f 2766//2852 2765//2851 2707//2793 
f 2765//2851 2764//2850 2706//2792 
f 2764//2850 2763//2849 2705//2791 
f 2763//2849 2762//2848 2704//2790 
f 2762//2848 2761//2847 2703//2789 
f 2761//2847 2760//2846 2702//2788 
f 2760//2846 2759//2845 2701//2787 
f 2759//2845 2758//2844 2700//2786 
f 2758//2844 2757//2843 2699//2785 
f 2757//2843 2756//2842 2698//2784 
f 2756//2842 2755//2841 2697//2783 
f 2755//2841 2754//2840 2696//2782 
f 2754//2840 2753//2839 2695//2781 
f 2753//2839 2752//2838 2694//2780 
f 2752//2838 2751//2837 2693//2779 
f 2751//2837 2750//2836 2692//2778 
f 2750//2836 2749//2835 2691//2777 
f 2749//2835 2748//2834 2690//2776 
f 2748//2834 2747//2833 2689//2775 
f 2747//2833 2746//2832 2688//2774 
f 2746//2832 2745//2831 2687//2773 
f 2745//2831 2744//2830 2686//2772 
f 2744//2830 2743//2829 2685//2771 
f 2743//2829 2742//2828 2684//2770 
f 2742//2828 2741//2827 2683//2769 
f 2741//2827 2740//2826 2682//2768 
f 2740//2826 2739//2825 2681//2767 
f 2739//2825 2796//2882 2738//2824 
f 2738//2824 2737//2823 2679//2765 
f 2737//2823 2736//2822 2678//2763 
f 2736//2822 2735//2821 2677//2761 
f 2735//2821 2734//2820 2676//2759 
f 2734//2820 2733//2819 2675//2757 
f 2733//2819 2732//2818 2674//2755 
f 2732//2818 2731//2817 2673//2753 
f 2731//2817 2730//2816 2672//2751 
f 2730//2816 2729//2815 2671//2749 
f 2729//2815 2728//2814 2670//2747 
f 2728//2814 2727//2813 2669//2745 
f 2727//2813 2726//2812 2668//2743 
f 2726//2812 2725//2811 2667//2741 
f 2725//2811 2724//2810 2666//2739 
f 2724//2810 2723//2809 2665//2737 
f 2723//2809 2722//2808 2664//2735 
f 2722//2808 2721//2807 2663//2733 
f 2721//2807 2720//2806 2662//2731 
f 2720//2806 2719//2805 2661//2729 
f 2719//2805 2718//2804 2660//2727 
f 2718//2804 2717//2803 2659//2725 
f 2717//2803 2716//2802 2658//2723 
f 2716//2802 2715//2801 2657//2721 
f 2715//2801 2714//2800 2656//2719 
f 2714//2800 2713//2799 2655//2717 
f 2713//2799 2712//2798 2654//2715 
f 2712//2798 2711//2797 2653//2713 
f 2711//2797 2710//2796 2652//2711 
f 2710//2796 2709//2795 2651//2709 
f 2709//2795 2708//2794 2650//2707 
f 2708//2794 2707//2793 2649//2705 
f 2707//2793 2706//2792 2648//2703 
f 2706//2792 2705//2791 2647//2701 
f 2705//2791 2704//2790 2646//2699 
f 2704//2790 2703//2789 2645//2697 
f 2703//2789 2702//2788 2644//2695 
f 2702//2788 2701//2787 2643//2693 
f 2701//2787 2700//2786 2642//2691 
f 2700//2786 2699//2785 2641//2689 
f 2699//2785 2698//2784 2640//2687 
f 2698//2784 2697//2783 2639//2685 
f 2697//2783 2696//2782 2638//2683 
f 2696//2782 2695//2781 2637//2681 
f 2695//2781 2694//2780 2636//2679 
f 2694//2780 2693//2779 2635//2677 
f 2693//2779 2692//2778 2634//2675 
f 2692//2778 2691//2777 2633//2673 
f 2691//2777 2690//2776 2632//2671 
f 2690//2776 2689//2775 2631//2669 
f 2689//2775 2688//2774 2630//2667 
f 2688//2774 2687//2773 2629//2665 
f 2687//2773 2686//2772 2628//2663 
f 2686//2772 2685//2771 2627//2661 
f 2685//2771 2684//2770 2626//2659 
f 2684//2770 2683//2769 2625//2657 
f 2683//2769 2682//2768 2624//2655 
f 2682//2768 2681//2767 2623//2653 
f 2681//2767 2738//2824 2680//2766 
f 2680//2766 2679//2765 2622//2764 
f 2679//2765 2678//2763 2621//2762 
f 2678//2763 2677//2761 2620//2760 
f 2677//2761 2676//2759 2619//2758 
f 2676//2759 2675//2757 2618//2756 
f 2675//2757 2674//2755 2617//2754 
f 2674//2755 2673//2753 2616//2752 
f 2673//2753 2672//2751 2615//2750 
f 2672//2751 2671//2749 2614//2748 
f 2671//2749 2670//2747 2613//2746 
f 2670//2747 2669//2745 2612//2744 
f 2669//2745 2668//2743 2611//2742 
f 2668//2743 2667//2741 2610//2740 
f 2667//2741 2666//2739 2609//2738 
f 2666//2739 2665//2737 2608//2736 
f 2665//2737 2664//2735 2607//2734 
f 2664//2735 2663//2733 2606//2732 
f 2663//2733 2662//2731 2605//2730 
f 2662//2731 2661//2729 2604//2728 
f 2661//2729 2660//2727 2603//2726 
f 2660//2727 2659//2725 2602//2724 
f 2659//2725 2658//2723 2601//2722 
f 2658//2723 2657//2721 2600//2720 
f 2657//2721 2656//2719 2599//2718 
f 2656//2719 2655//2717 2598//2716 
f 2655//2717 2654//2715 2597//2714 
f 2654//2715 2653//2713 2596//2712 
f 2653//2713 2652//2711 2595//2710 
f 2652//2711 2651//2709 2594//2708 
f 2651//2709 2650//2707 2593//2706 
f 2650//2707 2649//2705 2592//2704 
f 2649//2705 2648//2703 2591//2702 
f 2648//2703 2647//2701 2590//2700 
f 2647//2701 2646//2699 2589//2698 
f 2646//2699 2645//2697 2588//2696 
f 2645//2697 2644//2695 2587//2694 
f 2644//2695 2643//2693 2586//2692 
f 2643//2693 2642//2691 2585//2690 
f 2642//2691 2641//2689 2584//2688 
f 2641//2689 2640//2687 2583//2686 
f 2640//2687 2639//2685 2582//2684 
f 2639//2685 2638//2683 2581//2682 
f 2638//2683 2637//2681 2580//2680 
f 2637//2681 2636//2679 2579//2678 
f 2636//2679 2635//2677 2578//2676 
f 2635//2677 2634//2675 2577//2674 
f 2634//2675 2633//2673 2576//2672 
f 2633//2673 2632//2671 2575//2670 
f 2632//2671 2631//2669 2574//2668 
f 2631//2669 2630//2667 2573//2666 
f 2630//2667 2629//2665 2572//2664 
f 2629//2665 2628//2663 2571//2662 
f 2628//2663 2627//2661 2570//2660 
f 2627//2661 2626//2659 2569//2658 
f 2626//2659 2625//2657 2568//2656 
f 2625//2657 2624//2655 2567//2654 
f 2624//2655 2623//2653 2566//2652 
f 2623//2653 2680//2766 2565//2651 
o mesh8
f 3029//3173 3030//3174 2594//3174 
f 2593//3175 3031//3176 3029//3173 
f 3032//3177 3031//3176 2593//3175 
f 2592//3178 3033//3179 3032//3177 
f 3034//3180 2592//3178 2591//3181 
f 2591//3181 3035//3182 3034//3180 
f 3036//3183 3037//3184 2591//3181 
f 2591//3181 2590//3185 3036//3183 
f 2590//3185 3038//3186 3036//3183 
f 3039//3187 3038//3186 2590//3185 
f 2589//3188 3040//3189 3039//3187 
f 3041//3190 2589//3188 2588//3191 
f 2588//3191 3042//3192 3041//3190 
f 3043//3193 3044//3194 2588//3191 
f 2588//3191 2587//3195 3043//3193 
f 2587//3195 3045//3196 3043//3193 
f 3046//3197 3045//3196 2587//3195 
f 2586//3198 3047//3199 3046//3197 
f 3048//3200 2586//3198 2585//3201 
f 2585//3201 3049//3202 3048//3200 
f 3050//3203 2585//3201 2584//3204 
f 2584//3204 3051//3205 3052//3206 
f 2584//3204 3052//3206 3050//3203 
f 3053//3207 3051//3205 2584//3204 
f 2583//3208 3054//3209 3053//3207 
f 3055//3210 2583//3208 2582//3211 
f 2582//3211 3056//3212 3055//3210 
f 3057//3213 2582//3211 2581//3214 
f 2581//3214 3058//3215 3059//3216 
f 2581//3214 3059//3216 3057//3213 
f 3060//3217 3058//3215 2581//3214 
f 2580//3218 3061//3219 3060//3217 
f 3062//3220 2580//3218 2579//3221 
f 2579//3221 3063//3222 3062//3220 
f 3064//3223 2579//3221 2578//3224 
f 2578//3224 3065//3225 3064//3223 
f 3066//3226 3067//3227 2578//3224 
f 2578//3224 2577//3228 3066//3226 
f 2577//3228 3068//3229 3066//3226 
f 3069//3230 3068//3229 2577//3228 
f 2576//3231 3070//3232 3069//3230 
f 3071//3233 2576//3231 2575//3234 
f 2575//3234 3072//3235 3071//3233 
f 3073//3236 3074//3237 2575//3234 
f 2575//3234 2574//3238 3073//3236 
f 2574//3238 3075//3239 3073//3236 
f 3076//3240 3075//3239 2574//3238 
f 2573//3241 3077//3242 3076//3240 
f 3078//3243 2573//3241 2572//3244 
f 2572//3244 3079//3245 3078//3243 
f 3080//3246 2572//3244 2571//3247 
f 2571//3247 3081//3248 3082//3249 
f 2571//3247 3082//3249 3080//3246 
f 3083//3250 3081//3248 2571//3247 
f 2570//3251 3084//3252 3083//3250 
f 3085//3253 2570//3251 2569//3254 
f 2569//3254 3086//3255 3085//3253 
f 3087//3256 2569//3254 2568//3257 
f 2568//3257 3088//3258 3089//3259 
f 2568//3257 3089//3259 3087//3256 
f 3090//3260 3088//3258 2568//3257 
f 2567//3261 3091//3262 3090//3260 
f 3092//3263 2567//3261 2566//3264 
f 2566//3264 3093//3265 3092//3263 
f 3094//3266 2566//3264 2565//3267 
f 2565//3267 3095//3267 3094//3266 
f 3096//3268 3095//3267 2565//3267 
f 2622//3269 3097//3270 3096//3268 
f 3098//3271 3097//3270 2622//3269 
f 2621//3272 3099//3273 3098//3271 
f 3100//3274 2621//3272 2620//3275 
f 2620//3275 3101//3276 3100//3274 
f 3102//3277 3103//3278 2620//3275 
f 2620//3275 2619//3279 3102//3277 
f 2619//3279 3104//3280 3102//3277 
f 3105//3281 3104//3280 2619//3279 
f 2618//3282 3106//3283 3105//3281 
f 3107//3284 2618//3282 2617//3285 
f 2617//3285 3108//3286 3107//3284 
f 3109//3287 3110//3288 2617//3285 
f 2617//3285 2616//3289 3109//3287 
f 2616//3289 3111//3290 3109//3287 
f 3112//3291 3111//3290 2616//3289 
f 2615//3292 3113//3293 3112//3291 
f 3114//3294 2615//3292 2614//3295 
f 2614//3295 3115//3296 3114//3294 
f 3116//3297 2614//3295 2613//3298 
f 2613//3298 3117//3299 3118//3300 
f 2613//3298 3118//3300 3116//3297 
f 3119//3301 3117//3299 2613//3298 
f 2612//3302 3120//3303 3119//3301 
f 3121//3304 2612//3302 2611//3305 
f 2611//3305 3122//3306 3121//3304 
f 3123//3307 2611//3305 2610//3308 
f 2610//3308 3124//3309 3125//3310 
f 2610//3308 3125//3310 3123//3307 
f 3126//3311 3124//3309 2610//3308 
f 2609//3312 3127//3313 3126//3311 
f 3128//3314 2609//3312 2608//3315 
f 2608//3315 3129//3316 3128//3314 
f 3130//3317 2608//3315 2607//3318 
f 2607//3318 3131//3319 3130//3317 
f 3132//3320 3133//3321 2607//3318 
f 2607//3318 2606//3322 3132//3320 
f 2606//3322 3134//3323 3132//3320 
f 3135//3324 3134//3323 2606//3322 
f 2605//3325 3136//3326 3135//3324 
f 3137//3327 2605//3325 2604//3328 
f 2604//3328 3138//3329 3137//3327 
f 3139//3330 3140//3331 2604//3328 
f 2604//3328 2603//3332 3139//3330 
f 2603//3332 3141//3333 3139//3330 
f 3142//3334 3141//3333 2603//3332 
f 2602//3335 3143//3336 3142//3334 
f 3144//3337 2602//3335 2601//3338 
f 2601//3338 3145//3339 3144//3337 
f 3146//3340 2601//3338 2600//3341 
f 2600//3341 3147//3342 3148//3343 
f 2600//3341 3148//3343 3146//3340 
f 3149//3344 3147//3342 2600//3341 
f 2599//3345 3150//3346 3149//3344 
f 3151//3347 2599//3345 2598//3348 
f 2598//3348 3152//3349 3151//3347 
f 3153//3350 2598//3348 2597//3351 
f 2597//3351 3154//3352 3155//3353 
f 2597//3351 3155//3353 3153//3350 
f 3156//3354 3154//3352 2597//3351 
f 2596//3355 3157//3356 3156//3354 
f 3158//3357 2596//3355 2595//3358 
f 2595//3358 3159//3359 3158//3357 
f 3160//3360 2595//3358 2594//3174 
f 2594//3174 3030//3174 3160//3360 
f 3160//3360 3159//3359 2595//3358 
f 3158//3357 3157//3356 2596//3355 
f 2597//3351 2596//3355 3156//3354 
f 3153//3350 3152//3349 2598//3348 
f 3151//3347 3150//3346 2599//3345 
f 2600//3341 2599//3345 3149//3344 
f 3146//3340 3145//3339 2601//3338 
f 3144//3337 3143//3336 2602//3335 
f 2603//3332 2602//3335 3142//3334 
f 3140//3331 3138//3329 2604//3328 
f 3137//3327 3136//3326 2605//3325 
f 2606//3322 2605//3325 3135//3324 
f 3133//3321 3131//3319 2607//3318 
f 3130//3317 3129//3316 2608//3315 
f 3128//3314 3127//3313 2609//3312 
f 2610//3308 2609//3312 3126//3311 
f 3123//3307 3122//3306 2611//3305 
f 3121//3304 3120//3303 2612//3302 
f 2613//3298 2612//3302 3119//3301 
f 3116//3297 3115//3296 2614//3295 
f 3114//3294 3113//3293 2615//3292 
f 2616//3289 2615//3292 3112//3291 
f 3110//3288 3108//3286 2617//3285 
f 3107//3284 3106//3283 2618//3282 
f 2619//3279 2618//3282 3105//3281 
f 3103//3278 3101//3276 2620//3275 
f 3100//3274 3099//3273 2621//3272 
f 2622//3269 2621//3272 3098//3271 
f 2565//3267 2622//3269 3096//3268 
f 3094//3266 3093//3265 2566//3264 
f 3092//3263 3091//3262 2567//3261 
f 2568//3257 2567//3261 3090//3260 
f 3087//3256 3086//3255 2569//3254 
f 3085//3253 3084//3252 2570//3251 
f 2571//3247 2570//3251 3083//3250 
f 3080//3246 3079//3245 2572//3244 
f 3078//3243 3077//3242 2573//3241 
f 2574//3238 2573//3241 3076//3240 
f 3074//3237 3072//3235 2575//3234 
f 3071//3233 3070//3232 2576//3231 
f 2577//3228 2576//3231 3069//3230 
f 3067//3227 3065//3225 2578//3224 
f 3064//3223 3063//3222 2579//3221 
f 3062//3220 3061//3219 2580//3218 
f 2581//3214 2580//3218 3060//3217 
f 3057//3213 3056//3212 2582//3211 
f 3055//3210 3054//3209 2583//3208 
f 2584//3204 2583//3208 3053//3207 
f 3050//3203 3049//3202 2585//3201 
f 3048//3200 3047//3199 2586//3198 
f 2587//3195 2586//3198 3046//3197 
f 3044//3194 3042//3192 2588//3191 
f 3041//3190 3040//3189 2589//3188 
f 2590//3185 2589//3188 3039//3187 
f 3037//3184 3035//3182 2591//3181 
f 3034//3180 3033//3179 2592//3178 
f 2593//3175 2592//3178 3032//3177 
f 2594//3174 2593//3175 3029//3173 
o mesh9
f 3237//3361 3030//3362 3029//3363 
f 3238//3364 3239//3365 3031//3366 
f 3239//3365 3029//3363 3031//3366 
f 3238//3364 3032//3367 3033//3368 
f 3033//3368 3240//3369 3238//3364 
f 3240//3369 3034//3370 3035//3371 
f 3035//3371 3241//3372 3240//3369 
f 3241//3372 3037//3373 3036//3374 
f 3242//3375 3243//3376 3038//3377 
f 3243//3376 3036//3374 3038//3377 
f 3242//3375 3039//3378 3040//3379 
f 3040//3379 3244//3380 3242//3375 
f 3244//3380 3041//3381 3042//3382 
f 3042//3382 3245//3383 3244//3380 
f 3245//3383 3044//3384 3043//3385 
f 3246//3386 3247//3387 3045//3388 
f 3247//3387 3043//3385 3045//3388 
f 3248//3389 3246//3386 3047//3390 
f 3246//3386 3046//3391 3047//3390 
f 3248//3389 3048//3392 3049//3393 
f 3049//3393 3249//3394 3248//3389 
f 3249//3394 3050//3395 3052//3396 
f 3250//3397 3251//3398 3051//3399 
f 3251//3398 3052//3396 3051//3399 
f 3252//3400 3250//3397 3054//3401 
f 3250//3397 3053//3402 3054//3401 
f 3252//3400 3055//3403 3056//3404 
f 3056//3404 3253//3405 3252//3400 
f 3253//3405 3057//3406 3059//3407 
f 3254//3408 3255//3409 3058//3410 
f 3255//3409 3059//3407 3058//3410 
f 3256//3411 3254//3408 3061//3412 
f 3254//3408 3060//3413 3061//3412 
f 3256//3411 3062//3414 3063//3415 
f 3063//3415 3257//3416 3256//3411 
f 3257//3416 3064//3417 3065//3418 
f 3065//3418 3258//3419 3257//3416 
f 3258//3419 3067//3420 3066//3421 
f 3259//3422 3260//3423 3068//3424 
f 3260//3423 3066//3421 3068//3424 
f 3259//3422 3069//3425 3070//3426 
f 3070//3426 3261//3427 3259//3422 
f 3261//3427 3071//3428 3072//3429 
f 3072//3429 3262//3430 3261//3427 
f 3262//3430 3074//3431 3073//3432 
f 3263//3433 3264//3434 3075//3435 
f 3264//3434 3073//3432 3075//3435 
f 3263//3433 3076//3436 3077//3437 
f 3077//3437 3265//3438 3263//3433 
f 3265//3438 3078//3439 3079//3440 
f 3079//3440 3266//3441 3265//3438 
f 3266//3441 3080//3442 3082//3443 
f 3267//3444 3268//3445 3081//3446 
f 3268//3445 3082//3443 3081//3446 
f 3269//3447 3267//3444 3084//3448 
f 3267//3444 3083//3449 3084//3448 
f 3269//3447 3085//3450 3086//3451 
f 3086//3451 3270//3452 3269//3447 
f 3270//3452 3087//3453 3089//3454 
f 3271//3455 3272//3456 3088//3457 
f 3272//3456 3089//3454 3088//3457 
f 3273//3458 3271//3455 3091//3459 
f 3271//3455 3090//3460 3091//3459 
f 3273//3458 3092//3461 3093//3462 
f 3093//3462 3274//3463 3273//3458 
f 3274//3463 3094//3464 3095//3465 
f 3275//3466 3095//3465 3096//3467 
f 3276//3468 3277//3469 3097//3470 
f 3277//3469 3096//3467 3097//3470 
f 3276//3468 3098//3471 3099//3472 
f 3099//3472 3278//3473 3276//3468 
f 3278//3473 3100//3474 3101//3475 
f 3101//3475 3279//3476 3278//3473 
f 3279//3476 3103//3477 3102//3478 
f 3280//3479 3281//3480 3104//3481 
f 3281//3480 3102//3478 3104//3481 
f 3280//3479 3105//3482 3106//3483 
f 3106//3483 3282//3484 3280//3479 
f 3282//3484 3107//3485 3108//3486 
f 3108//3486 3283//3487 3282//3484 
f 3283//3487 3110//3488 3109//3489 
f 3284//3490 3285//3491 3111//3492 
f 3285//3491 3109//3489 3111//3492 
f 3286//3493 3284//3490 3113//3494 
f 3284//3490 3112//3495 3113//3494 
f 3286//3493 3114//3496 3115//3497 
f 3115//3497 3287//3498 3286//3493 
f 3287//3498 3116//3499 3118//3500 
f 3288//3501 3289//3502 3117//3503 
f 3289//3502 3118//3500 3117//3503 
f 3290//3504 3288//3501 3120//3505 
f 3288//3501 3119//3506 3120//3505 
f 3290//3504 3121//3507 3122//3508 
f 3122//3508 3291//3509 3290//3504 
f 3291//3509 3123//3510 3125//3511 
f 3292//3512 3293//3513 3124//3514 
f 3293//3513 3125//3511 3124//3514 
f 3294//3515 3292//3512 3127//3516 
f 3292//3512 3126//3517 3127//3516 
f 3294//3515 3128//3518 3129//3519 
f 3129//3519 3295//3520 3294//3515 
f 3295//3520 3130//3521 3131//3522 
f 3131//3522 3296//3523 3295//3520 
f 3296//3523 3133//3524 3132//3525 
f 3297//3526 3298//3527 3134//3528 
f 3298//3527 3132//3525 3134//3528 
f 3297//3526 3135//3529 3136//3530 
f 3136//3530 3299//3531 3297//3526 
f 3299//3531 3137//3532 3138//3533 
f 3138//3533 3300//3534 3299//3531 
f 3300//3534 3140//3535 3139//3536 
f 3301//3537 3302//3538 3141//3539 
f 3302//3538 3139//3536 3141//3539 
f 3301//3537 3142//3540 3143//3541 
f 3143//3541 3303//3542 3301//3537 
f 3303//3542 3144//3543 3145//3544 
f 3145//3544 3304//3545 3303//3542 
f 3304//3545 3146//3546 3148//3547 
f 3305//3548 3306//3549 3147//3550 
f 3306//3549 3148//3547 3147//3550 
f 3307//3551 3305//3548 3150//3552 
f 3305//3548 3149//3553 3150//3552 
f 3307//3551 3151//3554 3152//3555 
f 3152//3555 3308//3556 3307//3551 
f 3308//3556 3153//3557 3155//3558 
f 3309//3559 3310//3560 3154//3561 
f 3310//3560 3155//3558 3154//3561 
f 3311//3562 3309//3559 3157//3563 
f 3309//3559 3156//3564 3157//3563 
f 3311//3562 3158//3565 3159//3566 
f 3159//3566 3312//3567 3311//3562 
f 3312//3567 3160//3568 3030//3362 
f 3313//3569 3237//3361 3239//3365 
f 3314//3570 3239//3365 3238//3364 
f 3315//3571 3238//3364 3240//3369 
f 3316//3572 3240//3369 3241//3372 
f 3317//3573 3241//3372 3243//3376 
f 3318//3574 3243//3376 3242//3375 
f 3319//3575 3242//3375 3244//3380 
f 3320//3576 3244//3380 3245//3383 
f 3321//3577 3245//3383 3247//3387 
f 3322//3578 3247//3387 3246//3386 
f 3323//3579 3246//3386 3248//3389 
f 3324//3580 3248//3389 3249//3394 
f 3325//3581 3249//3394 3251//3398 
f 3326//3582 3251//3398 3250//3397 
f 3327//3583 3250//3397 3252//3400 
f 3328//3584 3252//3400 3253//3405 
f 3329//3585 3253//3405 3255//3409 
f 3330//3586 3255//3409 3254//3408 
f 3331//3587 3254//3408 3256//3411 
f 3332//3588 3256//3411 3257//3416 
f 3333//3589 3257//3416 3258//3419 
f 3334//3590 3258//3419 3260//3423 
f 3335//3591 3260//3423 3259//3422 
f 3336//3592 3259//3422 3261//3427 
f 3337//3593 3261//3427 3262//3430 
f 3338//3594 3262//3430 3264//3434 
f 3339//3595 3264//3434 3263//3433 
f 3340//3596 3263//3433 3265//3438 
f 3341//3597 3265//3438 3266//3441 
f 3342//3598 3266//3441 3268//3445 
f 3343//3599 3268//3445 3267//3444 
f 3344//3600 3267//3444 3269//3447 
f 3345//3601 3269//3447 3270//3452 
f 3346//3602 3270//3452 3272//3456 
f 3347//3603 3272//3456 3271//3455 
f 3348//3604 3271//3455 3273//3458 
f 3349//3605 3273//3458 3274//3463 
f 3350//3606 3274//3463 3275//3466 
f 3351//3607 3275//3466 3277//3469 
f 3352//3608 3277//3469 3276//3468 
f 3353//3609 3276//3468 3278//3473 
f 3354//3610 3278//3473 3279//3476 
f 3355//3611 3279//3476 3281//3480 
f 3356//3612 3281//3480 3280//3479 
f 3357//3613 3280//3479 3282//3484 
f 3358//3614 3282//3484 3283//3487 
f 3359//3615 3283//3487 3285//3491 
f 3360//3616 3285//3491 3284//3490 
f 3361//3617 3284//3490 3286//3493 
f 3362//3618 3286//3493 3287//3498 
f 3363//3619 3287//3498 3289//3502 
f 3364//3620 3289//3502 3288//3501 
f 3365//3621 3288//3501 3290//3504 
f 3366//3622 3290//3504 3291//3509 
f 3367//3623 3291//3509 3293//3513 
f 3368//3624 3293//3513 3292//3512 
f 3369//3625 3292//3512 3294//3515 
f 3370//3626 3294//3515 3295//3520 
f 3371//3627 3295//3520 3296//3523 
f 3372//3628 3296//3523 3298//3527 
f 3373//3629 3298//3527 3297//3526 
f 3374//3630 3297//3526 3299//3531 
f 3375//3631 3299//3531 3300//3534 
f 3376//3632 3300//3534 3302//3538 
f 3377//3633 3302//3538 3301//3537 
f 3378//3634 3301//3537 3303//3542 
f 3379//3635 3303//3542 3304//3545 
f 3380//3636 3304//3545 3306//3549 
f 3381//3637 3306//3549 3305//3548 
f 3382//3638 3305//3548 3307//3551 
f 3383//3639 3307//3551 3308//3556 
f 3384//3640 3308//3556 3310//3560 
f 3385//3641 3310//3560 3309//3559 
f 3386//3642 3309//3559 3311//3562 
f 3387//3643 3311//3562 3312//3567 
f 3388//3644 3312//3567 3237//3361 
f 3389//3645 3313//3569 3314//3570 
f 3390//3646 3314//3570 3315//3571 
f 3391//3647 3315//3571 3316//3572 
f 3392//3648 3316//3572 3317//3573 
f 3393//3649 3317//3573 3318//3574 
f 3394//3650 3318//3574 3319//3575 
f 3395//3651 3319//3575 3320//3576 
f 3396//3652 3320//3576 3321//3577 
f 3397//3653 3321//3577 3322//3578 
f 3398//3654 3322//3578 3323//3579 
f 3399//3655 3323//3579 3324//3580 
f 3400//3656 3324//3580 3325//3581 
f 3401//3657 3325//3581 3326//3582 
f 3402//3658 3326//3582 3327//3583 
f 3403//3659 3327//3583 3328//3584 
f 3404//3660 3328//3584 3329//3585 
f 3405//3661 3329//3585 3330//3586 
f 3406//3662 3330//3586 3331//3587 
f 3407//3663 3331//3587 3332//3588 
f 3408//3664 3332//3588 3333//3589 
f 3409//3665 3333//3589 3334//3590 
f 3410//3666 3334//3590 3335//3591 
f 3411//3667 3335//3591 3336//3592 
f 3412//3668 3336//3592 3337//3593 
f 3413//3669 3337//3593 3338//3594 
f 3414//3670 3338//3594 3339//3595 
f 3415//3671 3339//3595 3340//3596 
f 3416//3672 3340//3596 3341//3597 
f 3417//3673 3341//3597 3342//3598 
f 3418//3674 3342//3598 3343//3599 
f 3419//3675 3343//3599 3344//3600 
f 3420//3676 3344//3600 3345//3601 
f 3421//3677 3345//3601 3346//3602 
f 3422//3678 3346//3602 3347//3603 
f 3423//3679 3347//3603 3348//3604 
f 3424//3680 3348//3604 3349//3605 
f 3425//3681 3349//3605 3350//3606 
f 3426//3682 3350//3606 3351//3607 
f 3427//3683 3351//3607 3352//3608 
f 3428//3684 3352//3608 3353//3609 
f 3429//3685 3353//3609 3354//3610 
f 3430//3686 3354//3610 3355//3611 
f 3431//3687 3355//3611 3356//3612 
f 3432//3688 3356//3612 3357//3613 
f 3433//3689 3357//3613 3358//3614 
f 3434//3690 3358//3614 3359//3615 
f 3435//3691 3359//3615 3360//3616 
f 3436//3692 3360//3616 3361//3617 
f 3437//3693 3361//3617 3362//3618 
f 3438//3694 3362//3618 3363//3619 
f 3439//3695 3363//3619 3364//3620 
f 3440//3696 3364//3620 3365//3621 
f 3441//3697 3365//3621 3366//3622 
f 3442//3698 3366//3622 3367//3623 
f 3443//3699 3367//3623 3368//3624 
f 3444//3700 3368//3624 3369//3625 
f 3445//3701 3369//3625 3370//3626 
f 3446//3702 3370//3626 3371//3627 
f 3447//3703 3371//3627 3372//3628 
f 3448//3704 3372//3628 3373//3629 
f 3449//3705 3373//3629 3374//3630 
f 3450//3706 3374//3630 3375//3631 
f 3451//3707 3375//3631 3376//3632 
f 3452//3708 3376//3632 3377//3633 
f 3453//3709 3377//3633 3378//3634 
f 3454//3710 3378//3634 3379//3635 
f 3455//3711 3379//3635 3380//3636 
f 3456//3712 3380//3636 3381//3637 
f 3457//3713 3381//3637 3382//3638 
f 3458//3714 3382//3638 3383//3639 
f 3459//3715 3383//3639 3384//3640 
f 3460//3716 3384//3640 3385//3641 
f 3461//3717 3385//3641 3386//3642 
f 3462//3718 3386//3642 3387//3643 
f 3463//3719 3387//3643 3388//3644 
f 3464//3720 3388//3644 3313//3569 
f 3465//3721 3389//3645 3390//3646 
f 3466//3722 3390//3646 3391//3647 
f 3467//3723 3391//3647 3392//3648 
f 3468//3724 3392//3648 3393//3649 
f 3469//3725 3393//3649 3394//3650 
f 3470//3726 3394//3650 3395//3651 
f 3471//3727 3395//3651 3396//3652 
f 3472//3728 3396//3652 3397//3653 
f 3473//3729 3397//3653 3398//3654 
f 3474//3730 3398//3654 3399//3655 
f 3475//3731 3399//3655 3400//3656 
f 3476//3732 3400//3656 3401//3657 
f 3477//3733 3401//3657 3402//3658 
f 3478//3734 3402//3658 3403//3659 
f 3479//3735 3403//3659 3404//3660 
f 3480//3736 3404//3660 3405//3661 
f 3481//3737 3405//3661 3406//3662 
f 3482//3738 3406//3662 3407//3663 
f 3483//3739 3407//3663 3408//3664 
f 3484//3740 3408//3664 3409//3665 
f 3485//3741 3409//3665 3410//3666 
f 3486//3742 3410//3666 3411//3667 
f 3487//3743 3411//3667 3412//3668 
f 3488//3744 3412//3668 3413//3669 
f 3489//3745 3413//3669 3414//3670 
f 3490//3746 3414//3670 3415//3671 
f 3491//3747 3415//3671 3416//3672 
f 3492//3748 3416//3672 3417//3673 
f 3493//3749 3417//3673 3418//3674 
f 3494//3750 3418//3674 3419//3675 
f 3495//3751 3419//3675 3420//3676 
f 3496//3752 3420//3676 3421//3677 
f 3497//3753 3421//3677 3422//3678 
f 3498//3754 3422//3678 3423//3679 
f 3499//3755 3423//3679 3424//3680 
f 3500//3756 3424//3680 3425//3681 
f 3501//3757 3425//3681 3426//3682 
f 3502//3758 3426//3682 3427//3683 
f 3503//3759 3427//3683 3428//3684 
f 3504//3760 3428//3684 3429//3685 
f 3505//3761 3429//3685 3430//3686 
f 3506//3762 3430//3686 3431//3687 
f 3507//3763 3431//3687 3432//3688 
f 3508//3764 3432//3688 3433//3689 
f 3509//3765 3433//3689 3434//3690 
f 3510//3766 3434//3690 3435//3691 
f 3511//3767 3435//3691 3436//3692 
f 3512//3768 3436//3692 3437//3693 
f 3513//3769 3437//3693 3438//3694 
f 3514//3770 3438//3694 3439//3695 
f 3515//3771 3439//3695 3440//3696 
f 3516//3772 3440//3696 3441//3697 
f 3517//3773 3441//3697 3442//3698 
f 3518//3774 3442//3698 3443//3699 
f 3519//3775 3443//3699 3444//3700 
f 3520//3776 3444//3700 3445//3701 
f 3521//3777 3445//3701 3446//3702 
f 3522//3778 3446//3702 3447//3703 
f 3523//3779 3447//3703 3448//3704 
f 3524//3780 3448//3704 3449//3705 
f 3525//3781 3449//3705 3450//3706 
f 3526//3782 3450//3706 3451//3707 
f 3527//3783 3451//3707 3452//3708 
f 3528//3784 3452//3708 3453//3709 
f 3529//3785 3453//3709 3454//3710 
f 3530//3786 3454//3710 3455//3711 
f 3531//3787 3455//3711 3456//3712 
f 3532//3788 3456//3712 3457//3713 
f 3533//3789 3457//3713 3458//3714 
f 3534//3790 3458//3714 3459//3715 
f 3535//3791 3459//3715 3460//3716 
f 3536//3792 3460//3716 3461//3717 
f 3537//3793 3461//3717 3462//3718 
f 3538//3794 3462//3718 3463//3719 
f 3539//3795 3463//3719 3464//3720 
f 3540//3796 3464//3720 3389//3645 
f 3541//3797 3465//3721 3466//3722 
f 3542//3798 3466//3722 3467//3723 
f 3543//3799 3467//3723 3468//3724 
f 3544//3800 3468//3724 3469//3725 
f 3545//3801 3469//3725 3470//3726 
f 3546//3802 3470//3726 3471//3727 
f 3547//3803 3471//3727 3472//3728 
f 3548//3804 3472//3728 3473//3729 
f 3549//3805 3473//3729 3474//3730 
f 3550//3806 3474//3730 3475//3731 
f 3551//3807 3475//3731 3476//3732 
f 3552//3808 3476//3732 3477//3733 
f 3553//3809 3477//3733 3478//3734 
f 3554//3810 3478//3734 3479//3735 
f 3555//3811 3479//3735 3480//3736 
f 3556//3812 3480//3736 3481//3737 
f 3557//3813 3481//3737 3482//3738 
f 3558//3814 3482//3738 3483//3739 
f 3559//3815 3483//3739 3484//3740 
f 3560//3816 3484//3740 3485//3741 
f 3561//3817 3485//3741 3486//3742 
f 3562//3818 3486//3742 3487//3743 
f 3563//3819 3487//3743 3488//3744 
f 3564//3820 3488//3744 3489//3745 
f 3565//3821 3489//3745 3490//3746 
f 3566//3822 3490//3746 3491//3747 
f 3567//3823 3491//3747 3492//3748 
f 3568//3824 3492//3748 3493//3749 
f 3569//3825 3493//3749 3494//3750 
f 3570//3826 3494//3750 3495//3751 
f 3571//3827 3495//3751 3496//3752 
f 3572//3828 3496//3752 3497//3753 
f 3573//3829 3497//3753 3498//3754 
f 3574//3830 3498//3754 3499//3755 
f 3575//3831 3499//3755 3500//3756 
f 3576//3832 3500//3756 3501//3757 
f 3577//3833 3501//3757 3502//3758 
f 3578//3834 3502//3758 3503//3759 
f 3579//3835 3503//3759 3504//3760 
f 3580//3836 3504//3760 3505//3761 
f 3581//3837 3505//3761 3506//3762 
f 3582//3838 3506//3762 3507//3763 
f 3583//3839 3507//3763 3508//3764 
f 3584//3840 3508//3764 3509//3765 
f 3585//3841 3509//3765 3510//3766 
f 3586//3842 3510//3766 3511//3767 
f 3587//3843 3511//3767 3512//3768 
f 3588//3844 3512//3768 3513//3769 
f 3589//3845 3513//3769 3514//3770 
f 3590//3846 3514//3770 3515//3771 
f 3591//3847 3515//3771 3516//3772 
f 3592//3848 3516//3772 3517//3773 
f 3593//3849 3517//3773 3518//3774 
f 3594//3850 3518//3774 3519//3775 
f 3595//3851 3519//3775 3520//3776 
f 3596//3852 3520//3776 3521//3777 
f 3597//3853 3521//3777 3522//3778 
f 3598//3854 3522//3778 3523//3779 
f 3599//3855 3523//3779 3524//3780 
f 3600//3856 3524//3780 3525//3781 
f 3601//3857 3525//3781 3526//3782 
f 3602//3858 3526//3782 3527//3783 
f 3603//3859 3527//3783 3528//3784 
f 3604//3860 3528//3784 3529//3785 
f 3605//3861 3529//3785 3530//3786 
f 3606//3862 3530//3786 3531//3787 
f 3607//3863 3531//3787 3532//3788 
f 3608//3864 3532//3788 3533//3789 
f 3609//3865 3533//3789 3534//3790 
f 3610//3866 3534//3790 3535//3791 
f 3611//3867 3535//3791 3536//3792 
f 3612//3868 3536//3792 3537//3793 
f 3613//3869 3537//3793 3538//3794 
f 3614//3870 3538//3794 3539//3795 
f 3615//3871 3539//3795 3540//3796 
f 3616//3872 3540//3796 3465//3721 
f 3617//3873 3541//3797 3542//3798 
f 3618//3874 3542//3798 3543//3799 
f 3619//3875 3543//3799 3544//3800 
f 3620//3876 3544//3800 3545//3801 
f 3621//3877 3545//3801 3546//3802 
f 3622//3878 3546//3802 3547//3803 
f 3623//3879 3547//3803 3548//3804 
f 3624//3880 3548//3804 3549//3805 
f 3625//3881 3549//3805 3550//3806 
f 3626//3882 3550//3806 3551//3807 
f 3627//3883 3551//3807 3552//3808 
f 3628//3884 3552//3808 3553//3809 
f 3629//3885 3553//3809 3554//3810 
f 3630//3886 3554//3810 3555//3811 
f 3631//3887 3555//3811 3556//3812 
f 3632//3888 3556//3812 3557//3813 
f 3633//3889 3557//3813 3558//3814 
f 3634//3890 3558//3814 3559//3815 
f 3635//3891 3559//3815 3560//3816 
f 3636//3892 3560//3816 3561//3817 
f 3637//3893 3561//3817 3562//3818 
f 3638//3894 3562//3818 3563//3819 
f 3639//3895 3563//3819 3564//3820 
f 3640//3896 3564//3820 3565//3821 
f 3641//3897 3565//3821 3566//3822 
f 3642//3898 3566//3822 3567//3823 
f 3643//3899 3567//3823 3568//3824 
f 3644//3900 3568//3824 3569//3825 
f 3645//3901 3569//3825 3570//3826 
f 3646//3902 3570//3826 3571//3827 
f 3647//3903 3571//3827 3572//3828 
f 3648//3904 3572//3828 3573//3829 
f 3649//3905 3573//3829 3574//3830 
f 3650//3906 3574//3830 3575//3831 
f 3651//3907 3575//3831 3576//3832 
f 3652//3908 3576//3832 3577//3833 
f 3653//3909 3577//3833 3578//3834 
f 3654//3910 3578//3834 3579//3835 
f 3655//3911 3579//3835 3580//3836 
f 3656//3912 3580//3836 3581//3837 
f 3657//3913 3581//3837 3582//3838 
f 3658//3914 3582//3838 3583//3839 
f 3659//3915 3583//3839 3584//3840 
f 3660//3916 3584//3840 3585//3841 
f 3661//3917 3585//3841 3586//3842 
f 3662//3918 3586//3842 3587//3843 
f 3663//3919 3587//3843 3588//3844 
f 3664//3920 3588//3844 3589//3845 
f 3665//3921 3589//3845 3590//3846 
f 3666//3922 3590//3846 3591//3847 
f 3667//3923 3591//3847 3592//3848 
f 3668//3924 3592//3848 3593//3849 
f 3669//3925 3593//3849 3594//3850 
f 3670//3926 3594//3850 3595//3851 
f 3671//3927 3595//3851 3596//3852 
f 3672//3928 3596//3852 3597//3853 
f 3673//3929 3597//3853 3598//3854 
f 3674//3930 3598//3854 3599//3855 
f 3675//3931 3599//3855 3600//3856 
f 3676//3932 3600//3856 3601//3857 
f 3677//3933 3601//3857 3602//3858 
f 3678//3934 3602//3858 3603//3859 
f 3679//3935 3603//3859 3604//3860 
f 3680//3936 3604//3860 3605//3861 
f 3681//3937 3605//3861 3606//3862 
f 3682//3938 3606//3862 3607//3863 
f 3683//3939 3607//3863 3608//3864 
f 3684//3940 3608//3864 3609//3865 
f 3685//3941 3609//3865 3610//3866 
f 3686//3942 3610//3866 3611//3867 
f 3687//3943 3611//3867 3612//3868 
f 3688//3944 3612//3868 3613//3869 
f 3689//3945 3613//3869 3614//3870 
f 3690//3946 3614//3870 3615//3871 
f 3691//3947 3615//3871 3616//3872 
f 3692//3948 3616//3872 3541//3797 
f 3693//3949 3617//3873 3618//3874 
f 3694//3950 3618//3874 3619//3875 
f 3695//3951 3619//3875 3620//3876 
f 3696//3952 3620//3876 3621//3877 
f 3697//3953 3621//3877 3622//3878 
f 3698//3954 3622//3878 3623//3879 
f 3699//3955 3623//3879 3624//3880 
f 3700//3956 3624//3880 3625//3881 
f 3701//3957 3625//3881 3626//3882 
f 3702//3958 3626//3882 3627//3883 
f 3703//3959 3627//3883 3628//3884 
f 3704//3960 3628//3884 3629//3885 
f 3705//3961 3629//3885 3630//3886 
f 3706//3962 3630//3886 3631//3887 
f 3707//3963 3631//3887 3632//3888 
f 3708//3964 3632//3888 3633//3889 
f 3709//3965 3633//3889 3634//3890 
f 3710//3966 3634//3890 3635//3891 
f 3711//3967 3635//3891 3636//3892 
f 3712//3968 3636//3892 3637//3893 
f 3713//3969 3637//3893 3638//3894 
f 3714//3970 3638//3894 3639//3895 
f 3715//3971 3639//3895 3640//3896 
f 3716//3972 3640//3896 3641//3897 
f 3717//3973 3641//3897 3642//3898 
f 3718//3974 3642//3898 3643//3899 
f 3719//3975 3643//3899 3644//3900 
f 3720//3976 3644//3900 3645//3901 
f 3721//3977 3645//3901 3646//3902 
f 3722//3978 3646//3902 3647//3903 
f 3723//3979 3647//3903 3648//3904 
f 3724//3980 3648//3904 3649//3905 
f 3725//3981 3649//3905 3650//3906 
f 3726//3982 3650//3906 3651//3907 
f 3727//3983 3651//3907 3652//3908 
f 3728//3984 3652//3908 3653//3909 
f 3729//3985 3653//3909 3654//3910 
f 3730//3986 3654//3910 3655//3911 
f 3731//3987 3655//3911 3656//3912 
f 3732//3988 3656//3912 3657//3913 
f 3733//3989 3657//3913 3658//3914 
f 3734//3990 3658//3914 3659//3915 
f 3735//3991 3659//3915 3660//3916 
f 3736//3992 3660//3916 3661//3917 
f 3737//3993 3661//3917 3662//3918 
f 3738//3994 3662//3918 3663//3919 
f 3739//3995 3663//3919 3664//3920 
f 3740//3996 3664//3920 3665//3921 
f 3741//3997 3665//3921 3666//3922 
f 3742//3998 3666//3922 3667//3923 
f 3743//3999 3667//3923 3668//3924 
f 3744//4000 3668//3924 3669//3925 
f 3745//4001 3669//3925 3670//3926 
f 3746//4002 3670//3926 3671//3927 
f 3747//4003 3671//3927 3672//3928 
f 3748//4004 3672//3928 3673//3929 
f 3749//4005 3673//3929 3674//3930 
f 3750//4006 3674//3930 3675//3931 
f 3751//4007 3675//3931 3676//3932 
f 3752//4008 3676//3932 3677//3933 
f 3753//4009 3677//3933 3678//3934 
f 3754//4010 3678//3934 3679//3935 
f 3755//4011 3679//3935 3680//3936 
f 3756//4012 3680//3936 3681//3937 
f 3757//4013 3681//3937 3682//3938 
f 3758//4014 3682//3938 3683//3939 
f 3759//4015 3683//3939 3684//3940 
f 3760//4016 3684//3940 3685//3941 
f 3761//4017 3685//3941 3686//3942 
f 3762//4018 3686//3942 3687//3943 
f 3763//4019 3687//3943 3688//3944 
f 3764//4020 3688//3944 3689//3945 
f 3765//4021 3689//3945 3690//3946 
f 3766//4022 3690//3946 3691//3947 
f 3767//4023 3691//3947 3692//3948 
f 3768//4024 3692//3948 3617//3873 
f 3769//4025 3693//3949 3694//3950 
f 3770//4026 3694//3950 3695//3951 
f 3771//4027 3695//3951 3696//3952 
f 3772//4028 3696//3952 3697//3953 
f 3773//4029 3697//3953 3698//3954 
f 3774//4030 3698//3954 3699//3955 
f 3775//4031 3699//3955 3700//3956 
f 3776//4032 3700//3956 3701//3957 
f 3777//4033 3701//3957 3702//3958 
f 3778//4034 3702//3958 3703//3959 
f 3779//4035 3703//3959 3704//3960 
f 3780//4036 3704//3960 3705//3961 
f 3781//4037 3705//3961 3706//3962 
f 3782//4038 3706//3962 3707//3963 
f 3783//4039 3707//3963 3708//3964 
f 3784//4040 3708//3964 3709//3965 
f 3785//4041 3709//3965 3710//3966 
f 3786//4042 3710//3966 3711//3967 
f 3787//4043 3711//3967 3712//3968 
f 3788//4044 3712//3968 3713//3969 
f 3789//4045 3713//3969 3714//3970 
f 3790//4046 3714//3970 3715//3971 
f 3791//4047 3715//3971 3716//3972 
f 3792//4048 3716//3972 3717//3973 
f 3793//4049 3717//3973 3718//3974 
f 3794//4050 3718//3974 3719//3975 
f 3795//4051 3719//3975 3720//3976 
f 3796//4052 3720//3976 3721//3977 
f 3797//4053 3721//3977 3722//3978 
f 3798//4054 3722//3978 3723//3979 
f 3799//4055 3723//3979 3724//3980 
f 3800//4056 3724//3980 3725//3981 
f 3801//4057 3725//3981 3726//3982 
f 3802//4058 3726//3982 3727//3983 
f 3803//4059 3727//3983 3728//3984 
f 3804//4060 3728//3984 3729//3985 
f 3805//4061 3729//3985 3730//3986 
f 3806//4062 3730//3986 3731//3987 
f 3807//4063 3731//3987 3732//3988 
f 3808//4064 3732//3988 3733//3989 
f 3809//4065 3733//3989 3734//3990 
f 3810//4066 3734//3990 3735//3991 
f 3811//4067 3735//3991 3736//3992 
f 3812//4068 3736//3992 3737//3993 
f 3813//4069 3737//3993 3738//3994 
f 3814//4070 3738//3994 3739//3995 
f 3815//4071 3739//3995 3740//3996 
f 3816//4072 3740//3996 3741//3997 
f 3817//4073 3741//3997 3742//3998 
f 3818//4074 3742//3998 3743//3999 
f 3819//4075 3743//3999 3744//4000 
f 3820//4076 3744//4000 3745//4001 
f 3821//4077 3745//4001 3746//4002 
f 3822//4078 3746//4002 3747//4003 
f 3823//4079 3747//4003 3748//4004 
f 3824//4080 3748//4004 3749//4005 
f 3825//4081 3749//4005 3750//4006 
f 3826//4082 3750//4006 3751//4007 
f 3827//4083 3751//4007 3752//4008 
f 3828//4084 3752//4008 3753//4009 
f 3829//4085 3753//4009 3754//4010 
f 3830//4086 3754//4010 3755//4011 
f 3831//4087 3755//4011 3756//4012 
f 3832//4088 3756//4012 3757//4013 
f 3833//4089 3757//4013 3758//4014 
f 3834//4090 3758//4014 3759//4015 
f 3835//4091 3759//4015 3760//4016 
f 3836//4092 3760//4016 3761//4017 
f 3837//4093 3761//4017 3762//4018 
f 3838//4094 3762//4018 3763//4019 
f 3839//4095 3763//4019 3764//4020 
f 3840//4096 3764//4020 3765//4021 
f 3841//4097 3765//4021 3766//4022 
f 3842//4098 3766//4022 3767//4023 
f 3843//4099 3767//4023 3768//4024 
f 3844//4100 3768//4024 3693//3949 
f 3845//4101 3769//4025 3770//4026 
f 3846//4102 3770//4026 3771//4027 
f 3847//4103 3771//4027 3772//4028 
f 3848//4104 3772//4028 3773//4029 
f 3849//4105 3773//4029 3774//4030 
f 3850//4106 3774//4030 3775//4031 
f 3851//4107 3775//4031 3776//4032 
f 3852//4108 3776//4032 3777//4033 
f 3853//4109 3777//4033 3778//4034 
f 3854//4110 3778//4034 3779//4035 
f 3855//4111 3779//4035 3780//4036 
f 3856//4112 3780//4036 3781//4037 
f 3857//4113 3781//4037 3782//4038 
f 3858//4114 3782//4038 3783//4039 
f 3859//4115 3783//4039 3784//4040 
f 3860//4116 3784//4040 3785//4041 
f 3861//4117 3785//4041 3786//4042 
f 3862//4118 3786//4042 3787//4043 
f 3863//4119 3787//4043 3788//4044 
f 3864//4120 3788//4044 3789//4045 
f 3865//4121 3789//4045 3790//4046 
f 3866//4122 3790//4046 3791//4047 
f 3867//4123 3791//4047 3792//4048 
f 3868//4124 3792//4048 3793//4049 
f 3869//4125 3793//4049 3794//4050 
f 3870//4126 3794//4050 3795//4051 
f 3871//4127 3795//4051 3796//4052 
f 3872//4128 3796//4052 3797//4053 
f 3873//4129 3797//4053 3798//4054 
f 3874//4130 3798//4054 3799//4055 
f 3875//4131 3799//4055 3800//4056 
f 3876//4132 3800//4056 3801//4057 
f 3877//4133 3801//4057 3802//4058 
f 3878//4134 3802//4058 3803//4059 
f 3879//4135 3803//4059 3804//4060 
f 3880//4136 3804//4060 3805//4061 
f 3881//4137 3805//4061 3806//4062 
f 3882//4138 3806//4062 3807//4063 
f 3883//4139 3807//4063 3808//4064 
f 3884//4140 3808//4064 3809//4065 
f 3885//4141 3809//4065 3810//4066 
f 3886//4142 3810//4066 3811//4067 
f 3887//4143 3811//4067 3812//4068 
f 3888//4144 3812//4068 3813//4069 
f 3889//4145 3813//4069 3814//4070 
f 3890//4146 3814//4070 3815//4071 
f 3891//4147 3815//4071 3816//4072 
f 3892//4148 3816//4072 3817//4073 
f 3893//4149 3817//4073 3818//4074 
f 3894//4150 3818//4074 3819//4075 
f 3895//4151 3819//4075 3820//4076 
f 3896//4152 3820//4076 3821//4077 
f 3897//4153 3821//4077 3822//4078 
f 3898//4154 3822//4078 3823//4079 
f 3899//4155 3823//4079 3824//4080 
f 3900//4156 3824//4080 3825//4081 
f 3901//4157 3825//4081 3826//4082 
f 3902//4158 3826//4082 3827//4083 
f 3903//4159 3827//4083 3828//4084 
f 3904//4160 3828//4084 3829//4085 
f 3905//4161 3829//4085 3830//4086 
f 3906//4162 3830//4086 3831//4087 
f 3907//4163 3831//4087 3832//4088 
f 3908//4164 3832//4088 3833//4089 
f 3909//4165 3833//4089 3834//4090 
f 3910//4166 3834//4090 3835//4091 
f 3911//4167 3835//4091 3836//4092 
f 3912//4168 3836//4092 3837//4093 
f 3913//4169 3837//4093 3838//4094 
f 3914//4170 3838//4094 3839//4095 
f 3915//4171 3839//4095 3840//4096 
f 3916//4172 3840//4096 3841//4097 
f 3917//4173 3841//4097 3842//4098 
f 3918//4174 3842//4098 3843//4099 
f 3919//4175 3843//4099 3844//4100 
f 3920//4176 3844//4100 3769//4025 
f 3921//4177 3845//4101 3846//4102 
f 3922//4178 3846//4102 3847//4103 
f 3923//4179 3847//4103 3848//4104 
f 3924//4180 3848//4104 3849//4105 
f 3925//4181 3849//4105 3850//4106 
f 3926//4182 3850//4106 3851//4107 
f 3927//4183 3851//4107 3852//4108 
f 3928//4184 3852//4108 3853//4109 
f 3929//4185 3853//4109 3854//4110 
f 3930//4186 3854//4110 3855//4111 
f 3931//4187 3855//4111 3856//4112 
f 3932//4188 3856//4112 3857//4113 
f 3933//4189 3857//4113 3858//4114 
f 3934//4190 3858//4114 3859//4115 
f 3935//4191 3859//4115 3860//4116 
f 3936//4192 3860//4116 3861//4117 
f 3937//4193 3861//4117 3862//4118 
f 3938//4194 3862//4118 3863//4119 
f 3939//4195 3863//4119 3864//4120 
f 3940//4196 3864//4120 3865//4121 
f 3941//4197 3865//4121 3866//4122 
f 3942//4198 3866//4122 3867//4123 
f 3943//4199 3867//4123 3868//4124 
f 3944//4200 3868//4124 3869//4125 
f 3945//4201 3869//4125 3870//4126 
f 3946//4202 3870//4126 3871//4127 
f 3947//4203 3871//4127 3872//4128 
f 3948//4204 3872//4128 3873//4129 
f 3949//4205 3873//4129 3874//4130 
f 3950//4206 3874//4130 3875//4131 
f 3951//4207 3875//4131 3876//4132 
f 3952//4208 3876//4132 3877//4133 
f 3953//4209 3877//4133 3878//4134 
f 3954//4210 3878//4134 3879//4135 
f 3955//4211 3879//4135 3880//4136 
f 3956//4212 3880//4136 3881//4137 
f 3957//4213 3881//4137 3882//4138 
f 3958//4214 3882//4138 3883//4139 
f 3959//4215 3883//4139 3884//4140 
f 3960//4216 3884//4140 3885//4141 
f 3961//4217 3885//4141 3886//4142 
f 3962//4218 3886//4142 3887//4143 
f 3963//4219 3887//4143 3888//4144 
f 3964//4220 3888//4144 3889//4145 
f 3965//4221 3889//4145 3890//4146 
f 3966//4222 3890//4146 3891//4147 
f 3967//4223 3891//4147 3892//4148 
f 3968//4224 3892//4148 3893//4149 
f 3969//4225 3893//4149 3894//4150 
f 3970//4226 3894//4150 3895//4151 
f 3971//4227 3895//4151 3896//4152 
f 3972//4228 3896//4152 3897//4153 
f 3973//4229 3897//4153 3898//4154 
f 3974//4230 3898//4154 3899//4155 
f 3975//4231 3899//4155 3900//4156 
f 3976//4232 3900//4156 3901//4157 
f 3977//4233 3901//4157 3902//4158 
f 3978//4234 3902//4158 3903//4159 
f 3979//4235 3903//4159 3904//4160 
f 3980//4236 3904//4160 3905//4161 
f 3981//4237 3905//4161 3906//4162 
f 3982//4238 3906//4162 3907//4163 
f 3983//4239 3907//4163 3908//4164 
f 3984//4240 3908//4164 3909//4165 
f 3985//4241 3909//4165 3910//4166 
f 3986//4242 3910//4166 3911//4167 
f 3987//4243 3911//4167 3912//4168 
f 3988//4244 3912//4168 3913//4169 
f 3989//4245 3913//4169 3914//4170 
f 3990//4246 3914//4170 3915//4171 
f 3991//4247 3915//4171 3916//4172 
f 3992//4248 3916//4172 3917//4173 
f 3993//4249 3917//4173 3918//4174 
f 3994//4250 3918//4174 3919//4175 
f 3995//4251 3919//4175 3920//4176 
f 3996//4252 3920//4176 3845//4101 
f 3997//4253 3921//4177 3922//4178 
f 3998//4254 3922//4178 3923//4179 
f 3999//4255 3923//4179 3924//4180 
f 4000//4256 3924//4180 3925//4181 
f 4001//4257 3925//4181 3926//4182 
f 4002//4258 3926//4182 3927//4183 
f 4003//4259 3927//4183 3928//4184 
f 4004//4260 3928//4184 3929//4185 
f 4005//4261 3929//4185 3930//4186 
f 4006//4262 3930//4186 3931//4187 
f 4007//4263 3931//4187 3932//4188 
f 4008//4264 3932//4188 3933//4189 
f 4009//4265 3933//4189 3934//4190 
f 4010//4266 3934//4190 3935//4191 
f 4011//4267 3935//4191 3936//4192 
f 4012//4268 3936//4192 3937//4193 
f 4013//4269 3937//4193 3938//4194 
f 4014//4270 3938//4194 3939//4195 
f 4015//4271 3939//4195 3940//4196 
f 4016//4272 3940//4196 3941//4197 
f 4017//4273 3941//4197 3942//4198 
f 4018//4274 3942//4198 3943//4199 
f 4019//4275 3943//4199 3944//4200 
f 4020//4276 3944//4200 3945//4201 
f 4021//4277 3945//4201 3946//4202 
f 4022//4278 3946//4202 3947//4203 
f 4023//4279 3947//4203 3948//4204 
f 4024//4280 3948//4204 3949//4205 
f 4025//4281 3949//4205 3950//4206 
f 4026//4282 3950//4206 3951//4207 
f 4027//4283 3951//4207 3952//4208 
f 4028//4284 3952//4208 3953//4209 
f 4029//4285 3953//4209 3954//4210 
f 4030//4286 3954//4210 3955//4211 
f 4031//4287 3955//4211 3956//4212 
f 4032//4288 3956//4212 3957//4213 
f 4033//4289 3957//4213 3958//4214 
f 4034//4290 3958//4214 3959//4215 
f 4035//4291 3959//4215 3960//4216 
f 4036//4292 3960//4216 3961//4217 
f 4037//4293 3961//4217 3962//4218 
f 4038//4294 3962//4218 3963//4219 
f 4039//4295 3963//4219 3964//4220 
f 4040//4296 3964//4220 3965//4221 
f 4041//4297 3965//4221 3966//4222 
f 4042//4298 3966//4222 3967//4223 
f 4043//4299 3967//4223 3968//4224 
f 4044//4300 3968//4224 3969//4225 
f 4045//4301 3969//4225 3970//4226 
f 4046//4302 3970//4226 3971//4227 
f 4047//4303 3971//4227 3972//4228 
f 4048//4304 3972//4228 3973//4229 
f 4049//4305 3973//4229 3974//4230 
f 4050//4306 3974//4230 3975//4231 
f 4051//4307 3975//4231 3976//4232 
f 4052//4308 3976//4232 3977//4233 
f 4053//4309 3977//4233 3978//4234 
f 4054//4310 3978//4234 3979//4235 
f 4055//4311 3979//4235 3980//4236 
f 4056//4312 3980//4236 3981//4237 
f 4057//4313 3981//4237 3982//4238 
f 4058//4314 3982//4238 3983//4239 
f 4059//4315 3983//4239 3984//4240 
f 4060//4316 3984//4240 3985//4241 
f 4061//4317 3985//4241 3986//4242 
f 4062//4318 3986//4242 3987//4243 
f 4063//4319 3987//4243 3988//4244 
f 4064//4320 3988//4244 3989//4245 
f 4065//4321 3989//4245 3990//4246 
f 4066//4322 3990//4246 3991//4247 
f 4067//4323 3991//4247 3992//4248 
f 4068//4324 3992//4248 3993//4249 
f 4069//4325 3993//4249 3994//4250 
f 4070//4326 3994//4250 3995//4251 
f 4071//4327 3995//4251 3996//4252 
f 4072//4328 3996//4252 3921//4177 
f 4073//4329 3997//4253 3998//4254 
f 4074//4330 3998//4254 3999//4255 
f 4075//4331 3999//4255 4000//4256 
f 4076//4332 4000//4256 4001//4257 
f 4077//4333 4001//4257 4002//4258 
f 4078//4334 4002//4258 4003//4259 
f 4079//4335 4003//4259 4004//4260 
f 4080//4336 4004//4260 4005//4261 
f 4081//4337 4005//4261 4006//4262 
f 4082//4338 4006//4262 4007//4263 
f 4083//4339 4007//4263 4008//4264 
f 4084//4340 4008//4264 4009//4265 
f 4085//4341 4009//4265 4010//4266 
f 4086//4342 4010//4266 4011//4267 
f 4087//4343 4011//4267 4012//4268 
f 4088//4344 4012//4268 4013//4269 
f 4089//4345 4013//4269 4014//4270 
f 4090//4346 4014//4270 4015//4271 
f 4091//4347 4015//4271 4016//4272 
f 4092//4348 4016//4272 4017//4273 
f 4093//4349 4017//4273 4018//4274 
f 4094//4350 4018//4274 4019//4275 
f 4095//4351 4019//4275 4020//4276 
f 4096//4352 4020//4276 4021//4277 
f 4097//4353 4021//4277 4022//4278 
f 4098//4354 4022//4278 4023//4279 
f 4099//4355 4023//4279 4024//4280 
f 4100//4356 4024//4280 4025//4281 
f 4101//4357 4025//4281 4026//4282 
f 4102//4358 4026//4282 4027//4283 
f 4103//4359 4027//4283 4028//4284 
f 4104//4360 4028//4284 4029//4285 
f 4105//4361 4029//4285 4030//4286 
f 4106//4362 4030//4286 4031//4287 
f 4107//4363 4031//4287 4032//4288 
f 4108//4364 4032//4288 4033//4289 
f 4109//4365 4033//4289 4034//4290 
f 4110//4366 4034//4290 4035//4291 
f 4111//4367 4035//4291 4036//4292 
f 4112//4368 4036//4292 4037//4293 
f 4113//4369 4037//4293 4038//4294 
f 4114//4370 4038//4294 4039//4295 
f 4115//4371 4039//4295 4040//4296 
f 4116//4372 4040//4296 4041//4297 
f 4117//4373 4041//4297 4042//4298 
f 4118//4374 4042//4298 4043//4299 
f 4119//4375 4043//4299 4044//4300 
f 4120//4376 4044//4300 4045//4301 
f 4121//4377 4045//4301 4046//4302 
f 4122//4378 4046//4302 4047//4303 
f 4123//4379 4047//4303 4048//4304 
f 4124//4380 4048//4304 4049//4305 
f 4125//4381 4049//4305 4050//4306 
f 4126//4382 4050//4306 4051//4307 
f 4127//4383 4051//4307 4052//4308 
f 4128//4384 4052//4308 4053//4309 
f 4129//4385 4053//4309 4054//4310 
f 4130//4386 4054//4310 4055//4311 
f 4131//4387 4055//4311 4056//4312 
f 4132//4388 4056//4312 4057//4313 
f 4133//4389 4057//4313 4058//4314 
f 4134//4390 4058//4314 4059//4315 
f 4135//4391 4059//4315 4060//4316 
f 4136//4392 4060//4316 4061//4317 
f 4137//4393 4061//4317 4062//4318 
f 4138//4394 4062//4318 4063//4319 
f 4139//4395 4063//4319 4064//4320 
f 4140//4396 4064//4320 4065//4321 
f 4141//4397 4065//4321 4066//4322 
f 4142//4398 4066//4322 4067//4323 
f 4143//4399 4067//4323 4068//4324 
f 4144//4400 4068//4324 4069//4325 
f 4145//4401 4069//4325 4070//4326 
f 4146//4402 4070//4326 4071//4327 
f 4147//4403 4071//4327 4072//4328 
f 4148//4404 4072//4328 3997//4253 
f 4149//4405 4073//4329 4074//4330 
f 4150//4406 4074//4330 4075//4331 
f 4151//4407 4075//4331 4076//4332 
f 4152//4408 4076//4332 4077//4333 
f 4153//4409 4077//4333 4078//4334 
f 4154//4410 4078//4334 4079//4335 
f 4155//4411 4079//4335 4080//4336 
f 4156//4412 4080//4336 4081//4337 
f 4157//4413 4081//4337 4082//4338 
f 4158//4414 4082//4338 4083//4339 
f 4159//4415 4083//4339 4084//4340 
f 4160//4416 4084//4340 4085//4341 
f 4161//4417 4085//4341 4086//4342 
f 4162//4418 4086//4342 4087//4343 
f 4163//4419 4087//4343 4088//4344 
f 4164//4420 4088//4344 4089//4345 
f 4165//4421 4089//4345 4090//4346 
f 4166//4422 4090//4346 4091//4347 
f 4167//4423 4091//4347 4092//4348 
f 4168//4424 4092//4348 4093//4349 
f 4169//4425 4093//4349 4094//4350 
f 4170//4426 4094//4350 4095//4351 
f 4171//4427 4095//4351 4096//4352 
f 4172//4428 4096//4352 4097//4353 
f 4173//4429 4097//4353 4098//4354 
f 4174//4430 4098//4354 4099//4355 
f 4175//4431 4099//4355 4100//4356 
f 4176//4432 4100//4356 4101//4357 
f 4177//4433 4101//4357 4102//4358 
f 4178//4434 4102//4358 4103//4359 
f 4179//4435 4103//4359 4104//4360 
f 4180//4436 4104//4360 4105//4361 
f 4181//4437 4105//4361 4106//4362 
f 4182//4438 4106//4362 4107//4363 
f 4183//4439 4107//4363 4108//4364 
f 4184//4440 4108//4364 4109//4365 
f 4185//4441 4109//4365 4110//4366 
f 4186//4442 4110//4366 4111//4367 
f 4187//4443 4111//4367 4112//4368 
f 4188//4444 4112//4368 4113//4369 
f 4189//4445 4113//4369 4114//4370 
f 4190//4446 4114//4370 4115//4371 
f 4191//4447 4115//4371 4116//4372 
f 4192//4448 4116//4372 4117//4373 
f 4193//4449 4117//4373 4118//4374 
f 4194//4450 4118//4374 4119//4375 
f 4195//4451 4119//4375 4120//4376 
f 4196//4452 4120//4376 4121//4377 
f 4197//4453 4121//4377 4122//4378 
f 4198//4454 4122//4378 4123//4379 
f 4199//4455 4123//4379 4124//4380 
f 4200//4456 4124//4380 4125//4381 
f 4201//4457 4125//4381 4126//4382 
f 4202//4458 4126//4382 4127//4383 
f 4203//4459 4127//4383 4128//4384 
f 4204//4460 4128//4384 4129//4385 
f 4205//4461 4129//4385 4130//4386 
f 4206//4462 4130//4386 4131//4387 
f 4207//4463 4131//4387 4132//4388 
f 4208//4464 4132//4388 4133//4389 
f 4209//4465 4133//4389 4134//4390 
f 4210//4466 4134//4390 4135//4391 
f 4211//4467 4135//4391 4136//4392 
f 4212//4468 4136//4392 4137//4393 
f 4213//4469 4137//4393 4138//4394 
f 4214//4470 4138//4394 4139//4395 
f 4215//4471 4139//4395 4140//4396 
f 4216//4472 4140//4396 4141//4397 
f 4217//4473 4141//4397 4142//4398 
f 4218//4474 4142//4398 4143//4399 
f 4219//4475 4143//4399 4144//4400 
f 4220//4476 4144//4400 4145//4401 
f 4221//4477 4145//4401 4146//4402 
f 4222//4478 4146//4402 4147//4403 
f 4223//4479 4147//4403 4148//4404 
f 4224//4480 4148//4404 4073//4329 
f 4225//4481 4149//4405 4150//4406 
f 4226//4482 4150//4406 4151//4407 
f 4227//4483 4151//4407 4152//4408 
f 4228//4484 4152//4408 4153//4409 
f 4229//4485 4153//4409 4154//4410 
f 4230//4486 4154//4410 4155//4411 
f 4231//4487 4155//4411 4156//4412 
f 4232//4488 4156//4412 4157//4413 
f 4233//4489 4157//4413 4158//4414 
f 4234//4490 4158//4414 4159//4415 
f 4235//4491 4159//4415 4160//4416 
f 4236//4492 4160//4416 4161//4417 
f 4237//4493 4161//4417 4162//4418 
f 4238//4494 4162//4418 4163//4419 
f 4239//4495 4163//4419 4164//4420 
f 4240//4496 4164//4420 4165//4421 
f 4241//4497 4165//4421 4166//4422 
f 4242//4498 4166//4422 4167//4423 
f 4243//4499 4167//4423 4168//4424 
f 4244//4500 4168//4424 4169//4425 
f 4245//4501 4169//4425 4170//4426 
f 4246//4502 4170//4426 4171//4427 
f 4247//4503 4171//4427 4172//4428 
f 4248//4504 4172//4428 4173//4429 
f 4249//4505 4173//4429 4174//4430 
f 4250//4506 4174//4430 4175//4431 
f 4251//4507 4175//4431 4176//4432 
f 4252//4508 4176//4432 4177//4433 
f 4253//4509 4177//4433 4178//4434 
f 4254//4510 4178//4434 4179//4435 
f 4255//4511 4179//4435 4180//4436 
f 4256//4512 4180//4436 4181//4437 
f 4257//4513 4181//4437 4182//4438 
f 4258//4514 4182//4438 4183//4439 
f 4259//4515 4183//4439 4184//4440 
f 4260//4516 4184//4440 4185//4441 
f 4261//4517 4185//4441 4186//4442 
f 4262//4518 4186//4442 4187//4443 
f 4263//4519 4187//4443 4188//4444 
f 4264//4520 4188//4444 4189//4445 
f 4265//4521 4189//4445 4190//4446 
f 4266//4522 4190//4446 4191//4447 
f 4267//4523 4191//4447 4192//4448 
f 4268//4524 4192//4448 4193//4449 
f 4269//4525 4193//4449 4194//4450 
f 4270//4526 4194//4450 4195//4451 
f 4271//4527 4195//4451 4196//4452 
f 4272//4528 4196//4452 4197//4453 
f 4273//4529 4197//4453 4198//4454 
f 4274//4530 4198//4454 4199//4455 
f 4275//4531 4199//4455 4200//4456 
f 4276//4532 4200//4456 4201//4457 
f 4277//4533 4201//4457 4202//4458 
f 4278//4534 4202//4458 4203//4459 
f 4279//4535 4203//4459 4204//4460 
f 4280//4536 4204//4460 4205//4461 
f 4281//4537 4205//4461 4206//4462 
f 4282//4538 4206//4462 4207//4463 
f 4283//4539 4207//4463 4208//4464 
f 4284//4540 4208//4464 4209//4465 
f 4285//4541 4209//4465 4210//4466 
f 4286//4542 4210//4466 4211//4467 
f 4287//4543 4211//4467 4212//4468 
f 4288//4544 4212//4468 4213//4469 
f 4289//4545 4213//4469 4214//4470 
f 4290//4546 4214//4470 4215//4471 
f 4291//4547 4215//4471 4216//4472 
f 4292//4548 4216//4472 4217//4473 
f 4293//4549 4217//4473 4218//4474 
f 4294//4550 4218//4474 4219//4475 
f 4295//4551 4219//4475 4220//4476 
f 4296//4552 4220//4476 4221//4477 
f 4297//4553 4221//4477 4222//4478 
f 4298//4554 4222//4478 4223//4479 
f 4299//4555 4223//4479 4224//4480 
f 4300//4556 4224//4480 4149//4405 
f 4301//4557 4225//4481 4226//4482 
f 4302//4558 4226//4482 4227//4483 
f 4303//4559 4227//4483 4228//4484 
f 4304//4560 4228//4484 4229//4485 
f 4305//4561 4229//4485 4230//4486 
f 4306//4562 4230//4486 4231//4487 
f 4307//4563 4231//4487 4232//4488 
f 4308//4564 4232//4488 4233//4489 
f 4309//4565 4233//4489 4234//4490 
f 4310//4566 4234//4490 4235//4491 
f 4311//4567 4235//4491 4236//4492 
f 4312//4568 4236//4492 4237//4493 
f 4313//4569 4237//4493 4238//4494 
f 4314//4570 4238//4494 4239//4495 
f 4315//4571 4239//4495 4240//4496 
f 4316//4572 4240//4496 4241//4497 
f 4317//4573 4241//4497 4242//4498 
f 4318//4574 4242//4498 4243//4499 
f 4319//4575 4243//4499 4244//4500 
f 4320//4576 4244//4500 4245//4501 
f 4321//4577 4245//4501 4246//4502 
f 4322//4578 4246//4502 4247//4503 
f 4323//4579 4247//4503 4248//4504 
f 4324//4580 4248//4504 4249//4505 
f 4325//4581 4249//4505 4250//4506 
f 4326//4582 4250//4506 4251//4507 
f 4327//4583 4251//4507 4252//4508 
f 4328//4584 4252//4508 4253//4509 
f 4329//4585 4253//4509 4254//4510 
f 4330//4586 4254//4510 4255//4511 
f 4331//4587 4255//4511 4256//4512 
f 4332//4588 4256//4512 4257//4513 
f 4333//4589 4257//4513 4258//4514 
f 4334//4590 4258//4514 4259//4515 
f 4335//4591 4259//4515 4260//4516 
f 4336//4592 4260//4516 4261//4517 
f 4337//4593 4261//4517 4262//4518 
f 4338//4594 4262//4518 4263//4519 
f 4339//4595 4263//4519 4264//4520 
f 4340//4596 4264//4520 4265//4521 
f 4341//4597 4265//4521 4266//4522 
f 4342//4598 4266//4522 4267//4523 
f 4343//4599 4267//4523 4268//4524 
f 4344//4600 4268//4524 4269//4525 
f 4345//4601 4269//4525 4270//4526 
f 4346//4602 4270//4526 4271//4527 
f 4347//4603 4271//4527 4272//4528 
f 4348//4604 4272//4528 4273//4529 
f 4349//4605 4273//4529 4274//4530 
f 4350//4606 4274//4530 4275//4531 
f 4351//4607 4275//4531 4276//4532 
f 4352//4608 4276//4532 4277//4533 
f 4353//4609 4277//4533 4278//4534 
f 4354//4610 4278//4534 4279//4535 
f 4355//4611 4279//4535 4280//4536 
f 4356//4612 4280//4536 4281//4537 
f 4357//4613 4281//4537 4282//4538 
f 4358//4614 4282//4538 4283//4539 
f 4359//4615 4283//4539 4284//4540 
f 4360//4616 4284//4540 4285//4541 
f 4361//4617 4285//4541 4286//4542 
f 4362//4618 4286//4542 4287//4543 
f 4363//4619 4287//4543 4288//4544 
f 4364//4620 4288//4544 4289//4545 
f 4365//4621 4289//4545 4290//4546 
f 4366//4622 4290//4546 4291//4547 
f 4367//4623 4291//4547 4292//4548 
f 4368//4624 4292//4548 4293//4549 
f 4369//4625 4293//4549 4294//4550 
f 4370//4626 4294//4550 4295//4551 
f 4371//4627 4295//4551 4296//4552 
f 4372//4628 4296//4552 4297//4553 
f 4373//4629 4297//4553 4298//4554 
f 4374//4630 4298//4554 4299//4555 
f 4375//4631 4299//4555 4300//4556 
f 4376//4632 4300//4556 4225//4481 
f 4377//4633 4301//4557 4302//4558 
f 4378//4634 4302//4558 4303//4559 
f 4379//4635 4303//4559 4304//4560 
f 4380//4636 4304//4560 4305//4561 
f 4381//4637 4305//4561 4306//4562 
f 4382//4638 4306//4562 4307//4563 
f 4383//4639 4307//4563 4308//4564 
f 4384//4640 4308//4564 4309//4565 
f 4385//4641 4309//4565 4310//4566 
f 4386//4642 4310//4566 4311//4567 
f 4387//4643 4311//4567 4312//4568 
f 4388//4644 4312//4568 4313//4569 
f 4389//4645 4313//4569 4314//4570 
f 4390//4646 4314//4570 4315//4571 
f 4391//4647 4315//4571 4316//4572 
f 4392//4648 4316//4572 4317//4573 
f 4393//4649 4317//4573 4318//4574 
f 4394//4650 4318//4574 4319//4575 
f 4395//4651 4319//4575 4320//4576 
f 4396//4652 4320//4576 4321//4577 
f 4397//4653 4321//4577 4322//4578 
f 4398//4654 4322//4578 4323//4579 
f 4399//4655 4323//4579 4324//4580 
f 4400//4656 4324//4580 4325//4581 
f 4401//4657 4325//4581 4326//4582 
f 4402//4658 4326//4582 4327//4583 
f 4403//4659 4327//4583 4328//4584 
f 4404//4660 4328//4584 4329//4585 
f 4405//4661 4329//4585 4330//4586 
f 4406//4662 4330//4586 4331//4587 
f 4407//4663 4331//4587 4332//4588 
f 4408//4664 4332//4588 4333//4589 
f 4409//4665 4333//4589 4334//4590 
f 4410//4666 4334//4590 4335//4591 
f 4411//4667 4335//4591 4336//4592 
f 4412//4668 4336//4592 4337//4593 
f 4413//4669 4337//4593 4338//4594 
f 4414//4670 4338//4594 4339//4595 
f 4415//4671 4339//4595 4340//4596 
f 4416//4672 4340//4596 4341//4597 
f 4417//4673 4341//4597 4342//4598 
f 4418//4674 4342//4598 4343//4599 
f 4419//4675 4343//4599 4344//4600 
f 4420//4676 4344//4600 4345//4601 
f 4421//4677 4345//4601 4346//4602 
f 4422//4678 4346//4602 4347//4603 
f 4423//4679 4347//4603 4348//4604 
f 4424//4680 4348//4604 4349//4605 
f 4425//4681 4349//4605 4350//4606 
f 4426//4682 4350//4606 4351//4607 
f 4427//4683 4351//4607 4352//4608 
f 4428//4684 4352//4608 4353//4609 
f 4429//4685 4353//4609 4354//4610 
f 4430//4686 4354//4610 4355//4611 
f 4431//4687 4355//4611 4356//4612 
f 4432//4688 4356//4612 4357//4613 
f 4433//4689 4357//4613 4358//4614 
f 4434//4690 4358//4614 4359//4615 
f 4435//4691 4359//4615 4360//4616 
f 4436//4692 4360//4616 4361//4617 
f 4437//4693 4361//4617 4362//4618 
f 4438//4694 4362//4618 4363//4619 
f 4439//4695 4363//4619 4364//4620 
f 4440//4696 4364//4620 4365//4621 
f 4441//4697 4365//4621 4366//4622 
f 4442//4698 4366//4622 4367//4623 
f 4443//4699 4367//4623 4368//4624 
f 4444//4700 4368//4624 4369//4625 
f 4445//4701 4369//4625 4370//4626 
f 4446//4702 4370//4626 4371//4627 
f 4447//4703 4371//4627 4372//4628 
f 4448//4704 4372//4628 4373//4629 
f 4449//4705 4373//4629 4374//4630 
f 4450//4706 4374//4630 4375//4631 
f 4451//4707 4375//4631 4376//4632 
f 4452//4708 4376//4632 4301//4557 
f 4453//4709 4377//4633 4378//4634 
f 4454//4710 4378//4634 4379//4635 
f 4455//4711 4379//4635 4380//4636 
f 4456//4712 4380//4636 4381//4637 
f 4457//4713 4381//4637 4382//4638 
f 4458//4714 4382//4638 4383//4639 
f 4459//4715 4383//4639 4384//4640 
f 4460//4716 4384//4640 4385//4641 
f 4461//4717 4385//4641 4386//4642 
f 4462//4718 4386//4642 4387//4643 
f 4463//4719 4387//4643 4388//4644 
f 4464//4720 4388//4644 4389//4645 
f 4465//4721 4389//4645 4390//4646 
f 4466//4722 4390//4646 4391//4647 
f 4467//4723 4391//4647 4392//4648 
f 4468//4724 4392//4648 4393//4649 
f 4469//4725 4393//4649 4394//4650 
f 4470//4726 4394//4650 4395//4651 
f 4471//4727 4395//4651 4396//4652 
f 4472//4728 4396//4652 4397//4653 
f 4473//4729 4397//4653 4398//4654 
f 4474//4730 4398//4654 4399//4655 
f 4475//4731 4399//4655 4400//4656 
f 4476//4732 4400//4656 4401//4657 
f 4477//4733 4401//4657 4402//4658 
f 4478//4734 4402//4658 4403//4659 
f 4479//4735 4403//4659 4404//4660 
f 4480//4736 4404//4660 4405//4661 
f 4481//4737 4405//4661 4406//4662 
f 4482//4738 4406//4662 4407//4663 
f 4483//4739 4407//4663 4408//4664 
f 4484//4740 4408//4664 4409//4665 
f 4485//4741 4409//4665 4410//4666 
f 4486//4742 4410//4666 4411//4667 
f 4487//4743 4411//4667 4412//4668 
f 4488//4744 4412//4668 4413//4669 
f 4489//4745 4413//4669 4414//4670 
f 4490//4746 4414//4670 4415//4671 
f 4491//4747 4415//4671 4416//4672 
f 4492//4748 4416//4672 4417//4673 
f 4493//4749 4417//4673 4418//4674 
f 4494//4750 4418//4674 4419//4675 
f 4495//4751 4419//4675 4420//4676 
f 4496//4752 4420//4676 4421//4677 
f 4497//4753 4421//4677 4422//4678 
f 4498//4754 4422//4678 4423//4679 
f 4499//4755 4423//4679 4424//4680 
f 4500//4756 4424//4680 4425//4681 
f 4501//4757 4425//4681 4426//4682 
f 4502//4758 4426//4682 4427//4683 
f 4503//4759 4427//4683 4428//4684 
f 4504//4760 4428//4684 4429//4685 
f 4505//4761 4429//4685 4430//4686 
f 4506//4762 4430//4686 4431//4687 
f 4507//4763 4431//4687 4432//4688 
f 4508//4764 4432//4688 4433//4689 
f 4509//4765 4433//4689 4434//4690 
f 4510//4766 4434//4690 4435//4691 
f 4511//4767 4435//4691 4436//4692 
f 4512//4768 4436//4692 4437//4693 
f 4513//4769 4437//4693 4438//4694 
f 4514//4770 4438//4694 4439//4695 
f 4515//4771 4439//4695 4440//4696 
f 4516//4772 4440//4696 4441//4697 
f 4517//4773 4441//4697 4442//4698 
f 4518//4774 4442//4698 4443//4699 
f 4519//4775 4443//4699 4444//4700 
f 4520//4776 4444//4700 4445//4701 
f 4521//4777 4445//4701 4446//4702 
f 4522//4778 4446//4702 4447//4703 
f 4523//4779 4447//4703 4448//4704 
f 4524//4780 4448//4704 4449//4705 
f 4525//4781 4449//4705 4450//4706 
f 4526//4782 4450//4706 4451//4707 
f 4527//4783 4451//4707 4452//4708 
f 4528//4784 4452//4708 4377//4633 
f 4529//4785 4453//4709 4454//4710 
f 4530//4786 4454//4710 4455//4711 
f 4531//4787 4455//4711 4456//4712 
f 4532//4788 4456//4712 4457//4713 
f 4533//4789 4457//4713 4458//4714 
f 4534//4790 4458//4714 4459//4715 
f 4535//4791 4459//4715 4460//4716 
f 4536//4792 4460//4716 4461//4717 
f 4537//4793 4461//4717 4462//4718 
f 4538//4794 4462//4718 4463//4719 
f 4539//4795 4463//4719 4464//4720 
f 4540//4796 4464//4720 4465//4721 
f 4541//4797 4465//4721 4466//4722 
f 4542//4798 4466//4722 4467//4723 
f 4543//4799 4467//4723 4468//4724 
f 4544//4800 4468//4724 4469//4725 
f 4545//4801 4469//4725 4470//4726 
f 4546//4802 4470//4726 4471//4727 
f 4547//4803 4471//4727 4472//4728 
f 4548//4804 4472//4728 4473//4729 
f 4549//4805 4473//4729 4474//4730 
f 4550//4806 4474//4730 4475//4731 
f 4551//4807 4475//4731 4476//4732 
f 4552//4808 4476//4732 4477//4733 
f 4553//4809 4477//4733 4478//4734 
f 4554//4810 4478//4734 4479//4735 
f 4555//4811 4479//4735 4480//4736 
f 4556//4812 4480//4736 4481//4737 
f 4557//4813 4481//4737 4482//4738 
f 4558//4814 4482//4738 4483//4739 
f 4559//4815 4483//4739 4484//4740 
f 4560//4816 4484//4740 4485//4741 
f 4561//4817 4485//4741 4486//4742 
f 4562//4818 4486//4742 4487//4743 
f 4563//4819 4487//4743 4488//4744 
f 4564//4820 4488//4744 4489//4745 
f 4565//4821 4489//4745 4490//4746 
f 4566//4822 4490//4746 4491//4747 
f 4567//4823 4491//4747 4492//4748 
f 4568//4824 4492//4748 4493//4749 
f 4569//4825 4493//4749 4494//4750 
f 4570//4826 4494//4750 4495//4751 
f 4571//4827 4495//4751 4496//4752 
f 4572//4828 4496//4752 4497//4753 
f 4573//4829 4497//4753 4498//4754 
f 4574//4830 4498//4754 4499//4755 
f 4575//4831 4499//4755 4500//4756 
f 4576//4832 4500//4756 4501//4757 
f 4577//4833 4501//4757 4502//4758 
f 4578//4834 4502//4758 4503//4759 
f 4579//4835 4503//4759 4504//4760 
f 4580//4836 4504//4760 4505//4761 
f 4581//4837 4505//4761 4506//4762 
f 4582//4838 4506//4762 4507//4763 
f 4583//4839 4507//4763 4508//4764 
f 4584//4840 4508//4764 4509//4765 
f 4585//4841 4509//4765 4510//4766 
f 4586//4842 4510//4766 4511//4767 
f 4587//4843 4511//4767 4512//4768 
f 4588//4844 4512//4768 4513//4769 
f 4589//4845 4513//4769 4514//4770 
f 4590//4846 4514//4770 4515//4771 
f 4591//4847 4515//4771 4516//4772 
f 4592//4848 4516//4772 4517//4773 
f 4593//4849 4517//4773 4518//4774 
f 4594//4850 4518//4774 4519//4775 
f 4595//4851 4519//4775 4520//4776 
f 4596//4852 4520//4776 4521//4777 
f 4597//4853 4521//4777 4522//4778 
f 4598//4854 4522//4778 4523//4779 
f 4599//4855 4523//4779 4524//4780 
f 4600//4856 4524//4780 4525//4781 
f 4601//4857 4525//4781 4526//4782 
f 4602//4858 4526//4782 4527//4783 
f 4603//4859 4527//4783 4528//4784 
f 4604//4860 4528//4784 4453//4709 
f 4605//4861 4529//4785 4530//4786 
f 4606//4862 4530//4786 4531//4787 
f 4607//4863 4531//4787 4532//4788 
f 4608//4864 4532//4788 4533//4789 
f 4609//4865 4533//4789 4534//4790 
f 4610//4866 4534//4790 4535//4791 
f 4611//4867 4535//4791 4536//4792 
f 4612//4868 4536//4792 4537//4793 
f 4613//4869 4537//4793 4538//4794 
f 4614//4870 4538//4794 4539//4795 
f 4615//4871 4539//4795 4540//4796 
f 4616//4872 4540//4796 4541//4797 
f 4617//4873 4541//4797 4542//4798 
f 4618//4874 4542//4798 4543//4799 
f 4619//4875 4543//4799 4544//4800 
f 4620//4876 4544//4800 4545//4801 
f 4621//4877 4545//4801 4546//4802 
f 4622//4878 4546//4802 4547//4803 
f 4623//4879 4547//4803 4548//4804 
f 4624//4880 4548//4804 4549//4805 
f 4625//4881 4549//4805 4550//4806 
f 4626//4882 4550//4806 4551//4807 
f 4627//4883 4551//4807 4552//4808 
f 4628//4884 4552//4808 4553//4809 
f 4629//4885 4553//4809 4554//4810 
f 4630//4886 4554//4810 4555//4811 
f 4631//4887 4555//4811 4556//4812 
f 4632//4888 4556//4812 4557//4813 
f 4633//4889 4557//4813 4558//4814 
f 4634//4890 4558//4814 4559//4815 
f 4635//4891 4559//4815 4560//4816 
f 4636//4892 4560//4816 4561//4817 
f 4637//4893 4561//4817 4562//4818 
f 4638//4894 4562//4818 4563//4819 
f 4639//4895 4563//4819 4564//4820 
f 4640//4896 4564//4820 4565//4821 
f 4641//4897 4565//4821 4566//4822 
f 4642//4898 4566//4822 4567//4823 
f 4643//4899 4567//4823 4568//4824 
f 4644//4900 4568//4824 4569//4825 
f 4645//4901 4569//4825 4570//4826 
f 4646//4902 4570//4826 4571//4827 
f 4647//4903 4571//4827 4572//4828 
f 4648//4904 4572//4828 4573//4829 
f 4649//4905 4573//4829 4574//4830 
f 4650//4906 4574//4830 4575//4831 
f 4651//4907 4575//4831 4576//4832 
f 4652//4908 4576//4832 4577//4833 
f 4653//4909 4577//4833 4578//4834 
f 4654//4910 4578//4834 4579//4835 
f 4655//4911 4579//4835 4580//4836 
f 4656//4912 4580//4836 4581//4837 
f 4657//4913 4581//4837 4582//4838 
f 4658//4914 4582//4838 4583//4839 
f 4659//4915 4583//4839 4584//4840 
f 4660//4916 4584//4840 4585//4841 
f 4661//4917 4585//4841 4586//4842 
f 4662//4918 4586//4842 4587//4843 
f 4663//4919 4587//4843 4588//4844 
f 4664//4920 4588//4844 4589//4845 
f 4665//4921 4589//4845 4590//4846 
f 4666//4922 4590//4846 4591//4847 
f 4667//4923 4591//4847 4592//4848 
f 4668//4924 4592//4848 4593//4849 
f 4669//4925 4593//4849 4594//4850 
f 4670//4926 4594//4850 4595//4851 
f 4671//4927 4595//4851 4596//4852 
f 4672//4928 4596//4852 4597//4853 
f 4673//4929 4597//4853 4598//4854 
f 4674//4930 4598//4854 4599//4855 
f 4675//4931 4599//4855 4600//4856 
f 4676//4932 4600//4856 4601//4857 
f 4677//4933 4601//4857 4602//4858 
f 4678//4934 4602//4858 4603//4859 
f 4679//4935 4603//4859 4604//4860 
f 4680//4936 4604//4860 4529//4785 
f 4681//4937 4605//4861 4606//4862 
f 4682//4938 4606//4862 4607//4863 
f 4683//4939 4607//4863 4608//4864 
f 4684//4940 4608//4864 4609//4865 
f 4685//4941 4609//4865 4610//4866 
f 4686//4942 4610//4866 4611//4867 
f 4687//4943 4611//4867 4612//4868 
f 4688//4944 4612//4868 4613//4869 
f 4689//4945 4613//4869 4614//4870 
f 4690//4946 4614//4870 4615//4871 
f 4691//4947 4615//4871 4616//4872 
f 4692//4948 4616//4872 4617//4873 
f 4693//4949 4617//4873 4618//4874 
f 4694//4950 4618//4874 4619//4875 
f 4695//4951 4619//4875 4620//4876 
f 4696//4952 4620//4876 4621//4877 
f 4697//4953 4621//4877 4622//4878 
f 4698//4954 4622//4878 4623//4879 
f 4699//4955 4623//4879 4624//4880 
f 4700//4956 4624//4880 4625//4881 
f 4701//4957 4625//4881 4626//4882 
f 4702//4958 4626//4882 4627//4883 
f 4703//4959 4627//4883 4628//4884 
f 4704//4960 4628//4884 4629//4885 
f 4705//4961 4629//4885 4630//4886 
f 4706//4962 4630//4886 4631//4887 
f 4707//4963 4631//4887 4632//4888 
f 4708//4964 4632//4888 4633//4889 
f 4709//4965 4633//4889 4634//4890 
f 4710//4966 4634//4890 4635//4891 
f 4711//4967 4635//4891 4636//4892 
f 4712//4968 4636//4892 4637//4893 
f 4713//4969 4637//4893 4638//4894 
f 4714//4970 4638//4894 4639//4895 
f 4715//4971 4639//4895 4640//4896 
f 4716//4972 4640//4896 4641//4897 
f 4717//4973 4641//4897 4642//4898 
f 4718//4974 4642//4898 4643//4899 
f 4719//4975 4643//4899 4644//4900 
f 4720//4976 4644//4900 4645//4901 
f 4721//4977 4645//4901 4646//4902 
f 4722//4978 4646//4902 4647//4903 
f 4723//4979 4647//4903 4648//4904 
f 4724//4980 4648//4904 4649//4905 
f 4725//4981 4649//4905 4650//4906 
f 4726//4982 4650//4906 4651//4907 
f 4727//4983 4651//4907 4652//4908 
f 4728//4984 4652//4908 4653//4909 
f 4729//4985 4653//4909 4654//4910 
f 4730//4986 4654//4910 4655//4911 
f 4731//4987 4655//4911 4656//4912 
f 4732//4988 4656//4912 4657//4913 
f 4733//4989 4657//4913 4658//4914 
f 4734//4990 4658//4914 4659//4915 
f 4735//4991 4659//4915 4660//4916 
f 4736//4992 4660//4916 4661//4917 
f 4737//4993 4661//4917 4662//4918 
f 4738//4994 4662//4918 4663//4919 
f 4739//4995 4663//4919 4664//4920 
f 4740//4996 4664//4920 4665//4921 
f 4741//4997 4665//4921 4666//4922 
f 4742//4998 4666//4922 4667//4923 
f 4743//4999 4667//4923 4668//4924 
f 4744//5000 4668//4924 4669//4925 
f 4745//5001 4669//4925 4670//4926 
f 4746//5002 4670//4926 4671//4927 
f 4747//5003 4671//4927 4672//4928 
f 4748//5004 4672//4928 4673//4929 
f 4749//5005 4673//4929 4674//4930 
f 4750//5006 4674//4930 4675//4931 
f 4751//5007 4675//4931 4676//4932 
f 4752//5008 4676//4932 4677//4933 
f 4753//5009 4677//4933 4678//4934 
f 4754//5010 4678//4934 4679//4935 
f 4755//5011 4679//4935 4680//4936 
f 4756//5012 4680//4936 4605//4861 
f 4757//5013 4681//4937 4682//4938 
f 4758//5014 4682//4938 4683//4939 
f 4759//5015 4683//4939 4684//4940 
f 4760//5016 4684//4940 4685//4941 
f 4761//5017 4685//4941 4686//4942 
f 4762//5018 4686//4942 4687//4943 
f 4763//5019 4687//4943 4688//4944 
f 4764//5020 4688//4944 4689//4945 
f 4765//5021 4689//4945 4690//4946 
f 4766//5022 4690//4946 4691//4947 
f 4767//5023 4691//4947 4692//4948 
f 4768//5024 4692//4948 4693//4949 
f 4769//5025 4693//4949 4694//4950 
f 4770//5026 4694//4950 4695//4951 
f 4771//5027 4695//4951 4696//4952 
f 4772//5028 4696//4952 4697//4953 
f 4773//5029 4697//4953 4698//4954 
f 4774//5030 4698//4954 4699//4955 
f 4775//5031 4699//4955 4700//4956 
f 4776//5032 4700//4956 4701//4957 
f 4777//5033 4701//4957 4702//4958 
f 4778//5034 4702//4958 4703//4959 
f 4779//5035 4703//4959 4704//4960 
f 4780//5036 4704//4960 4705//4961 
f 4781//5037 4705//4961 4706//4962 
f 4782//5038 4706//4962 4707//4963 
f 4783//5039 4707//4963 4708//4964 
f 4784//5040 4708//4964 4709//4965 
f 4785//5041 4709//4965 4710//4966 
f 4786//5042 4710//4966 4711//4967 
f 4787//5043 4711//4967 4712//4968 
f 4788//5044 4712//4968 4713//4969 
f 4789//5045 4713//4969 4714//4970 
f 4790//5046 4714//4970 4715//4971 
f 4791//5047 4715//4971 4716//4972 
f 4792//5048 4716//4972 4717//4973 
f 4793//5049 4717//4973 4718//4974 
f 4794//5050 4718//4974 4719//4975 
f 4795//5051 4719//4975 4720//4976 
f 4796//5052 4720//4976 4721//4977 
f 4797//5053 4721//4977 4722//4978 
f 4798//5054 4722//4978 4723//4979 
f 4799//5055 4723//4979 4724//4980 
f 4800//5056 4724//4980 4725//4981 
f 4801//5057 4725//4981 4726//4982 
f 4802//5058 4726//4982 4727//4983 
f 4803//5059 4727//4983 4728//4984 
f 4804//5060 4728//4984 4729//4985 
f 4805//5061 4729//4985 4730//4986 
f 4806//5062 4730//4986 4731//4987 
f 4807//5063 4731//4987 4732//4988 
f 4808//5064 4732//4988 4733//4989 
f 4809//5065 4733//4989 4734//4990 
f 4810//5066 4734//4990 4735//4991 
f 4811//5067 4735//4991 4736//4992 
f 4812//5068 4736//4992 4737//4993 
f 4813//5069 4737//4993 4738//4994 
f 4814//5070 4738//4994 4739//4995 
f 4815//5071 4739//4995 4740//4996 
f 4816//5072 4740//4996 4741//4997 
f 4817//5073 4741//4997 4742//4998 
f 4818//5074 4742//4998 4743//4999 
f 4819//5075 4743//4999 4744//5000 
f 4820//5076 4744//5000 4745//5001 
f 4821//5077 4745//5001 4746//5002 
f 4822//5078 4746//5002 4747//5003 
f 4823//5079 4747//5003 4748//5004 
f 4824//5080 4748//5004 4749//5005 
f 4825//5081 4749//5005 4750//5006 
f 4826//5082 4750//5006 4751//5007 
f 4827//5083 4751//5007 4752//5008 
f 4828//5084 4752//5008 4753//5009 
f 4829//5085 4753//5009 4754//5010 
f 4830//5086 4754//5010 4755//5011 
f 4831//5087 4755//5011 4756//5012 
f 4832//5088 4756//5012 4681//4937 
f 3161//5089 4757//5013 4758//5014 
f 3162//5089 4758//5014 4759//5015 
f 3163//5089 4759//5015 4760//5016 
f 3164//5089 4760//5016 4761//5017 
f 3165//5089 4761//5017 4762//5018 
f 3166//5089 4762//5018 4763//5019 
f 3167//5089 4763//5019 4764//5020 
f 3168//5089 4764//5020 4765//5021 
f 3169//5089 4765//5021 4766//5022 
f 3170//5089 4766//5022 4767//5023 
f 3171//5089 4767//5023 4768//5024 
f 3172//5089 4768//5024 4769//5025 
f 3173//5089 4769//5025 4770//5026 
f 3174//5089 4770//5026 4771//5027 
f 3175//5089 4771//5027 4772//5028 
f 3176//5089 4772//5028 4773//5029 
f 3177//5089 4773//5029 4774//5030 
f 3178//5089 4774//5030 4775//5031 
f 3179//5089 4775//5031 4776//5032 
f 3180//5089 4776//5032 4777//5033 
f 3181//5089 4777//5033 4778//5034 
f 3182//5089 4778//5034 4779//5035 
f 3183//5089 4779//5035 4780//5036 
f 3184//5089 4780//5036 4781//5037 
f 3185//5089 4781//5037 4782//5038 
f 3186//5089 4782//5038 4783//5039 
f 3187//5089 4783//5039 4784//5040 
f 3188//5089 4784//5040 4785//5041 
f 3189//5089 4785//5041 4786//5042 
f 3190//5089 4786//5042 4787//5043 
f 3191//5089 4787//5043 4788//5044 
f 3192//5089 4788//5044 4789//5045 
f 3193//5089 4789//5045 4790//5046 
f 3194//5089 4790//5046 4791//5047 
f 3195//5089 4791//5047 4792//5048 
f 3196//5089 4792//5048 4793//5049 
f 3197//5089 4793//5049 4794//5050 
f 3198//5089 4794//5050 4795//5051 
f 3199//5089 4795//5051 4796//5052 
f 3200//5089 4796//5052 4797//5053 
f 3201//5089 4797//5053 4798//5054 
f 3202//5089 4798//5054 4799//5055 
f 3203//5089 4799//5055 4800//5056 
f 3204//5089 4800//5056 4801//5057 
f 3205//5089 4801//5057 4802//5058 
f 3206//5089 4802//5058 4803//5059 
f 3207//5089 4803//5059 4804//5060 
f 3208//5089 4804//5060 4805//5061 
f 3209//5089 4805//5061 4806//5062 
f 3210//5089 4806//5062 4807//5063 
f 3211//5089 4807//5063 4808//5064 
f 3212//5089 4808//5064 4809//5065 
f 3213//5089 4809//5065 4810//5066 
f 3214//5089 4810//5066 4811//5067 
f 3215//5089 4811//5067 4812//5068 
f 3216//5089 4812//5068 4813//5069 
f 3217//5089 4813//5069 4814//5070 
f 3218//5089 4814//5070 4815//5071 
f 3219//5089 4815//5071 4816//5072 
f 3220//5089 4816//5072 4817//5073 
f 3221//5089 4817//5073 4818//5074 
f 3222//5089 4818//5074 4819//5075 
f 3223//5089 4819//5075 4820//5076 
f 3224//5089 4820//5076 4821//5077 
f 3225//5089 4821//5077 4822//5078 
f 3226//5089 4822//5078 4823//5079 
f 3227//5089 4823//5079 4824//5080 
f 3228//5089 4824//5080 4825//5081 
f 3229//5089 4825//5081 4826//5082 
f 3230//5089 4826//5082 4827//5083 
f 3231//5089 4827//5083 4828//5084 
f 3232//5089 4828//5084 4829//5085 
f 3233//5089 4829//5085 4830//5086 
f 3234//5089 4830//5086 4831//5087 
f 3235//5089 4831//5087 4832//5088 
f 3236//5089 4832//5088 4757//5013 
f 4757//5013 3161//5089 3236//5089 
f 4832//5088 3236//5089 3235//5089 
f 4831//5087 3235//5089 3234//5089 
f 4830//5086 3234//5089 3233//5089 
f 4829//5085 3233//5089 3232//5089 
f 4828//5084 3232//5089 3231//5089 
f 4827//5083 3231//5089 3230//5089 
f 4826//5082 3230//5089 3229//5089 
f 4825//5081 3229//5089 3228//5089 
f 4824//5080 3228//5089 3227//5089 
f 4823//5079 3227//5089 3226//5089 
f 4822//5078 3226//5089 3225//5089 
f 4821//5077 3225//5089 3224//5089 
f 4820//5076 3224//5089 3223//5089 
f 4819//5075 3223//5089 3222//5089 
f 4818//5074 3222//5089 3221//5089 
f 4817//5073 3221//5089 3220//5089 
f 4816//5072 3220//5089 3219//5089 
f 4815//5071 3219//5089 3218//5089 
f 4814//5070 3218//5089 3217//5089 
f 4813//5069 3217//5089 3216//5089 
f 4812//5068 3216//5089 3215//5089 
f 4811//5067 3215//5089 3214//5089 
f 4810//5066 3214//5089 3213//5089 
f 4809//5065 3213//5089 3212//5089 
f 4808//5064 3212//5089 3211//5089 
f 4807//5063 3211//5089 3210//5089 
f 4806//5062 3210//5089 3209//5089 
f 4805//5061 3209//5089 3208//5089 
f 4804//5060 3208//5089 3207//5089 
f 4803//5059 3207//5089 3206//5089 
f 4802//5058 3206//5089 3205//5089 
f 4801//5057 3205//5089 3204//5089 
f 4800//5056 3204//5089 3203//5089 
f 4799//5055 3203//5089 3202//5089 
f 4798//5054 3202//5089 3201//5089 
f 4797//5053 3201//5089 3200//5089 
f 4796//5052 3200//5089 3199//5089 
f 4795//5051 3199//5089 3198//5089 
f 4794//5050 3198//5089 3197//5089 
f 4793//5049 3197//5089 3196//5089 
f 4792//5048 3196//5089 3195//5089 
f 4791//5047 3195//5089 3194//5089 
f 4790//5046 3194//5089 3193//5089 
f 4789//5045 3193//5089 3192//5089 
f 4788//5044 3192//5089 3191//5089 
f 4787//5043 3191//5089 3190//5089 
f 4786//5042 3190//5089 3189//5089 
f 4785//5041 3189//5089 3188//5089 
f 4784//5040 3188//5089 3187//5089 
f 4783//5039 3187//5089 3186//5089 
f 4782//5038 3186//5089 3185//5089 
f 4781//5037 3185//5089 3184//5089 
f 4780//5036 3184//5089 3183//5089 
f 4779//5035 3183//5089 3182//5089 
f 4778//5034 3182//5089 3181//5089 
f 4777//5033 3181//5089 3180//5089 
f 4776//5032 3180//5089 3179//5089 
f 4775//5031 3179//5089 3178//5089 
f 4774//5030 3178//5089 3177//5089 
f 4773//5029 3177//5089 3176//5089 
f 4772//5028 3176//5089 3175//5089 
f 4771//5027 3175//5089 3174//5089 
f 4770//5026 3174//5089 3173//5089 
f 4769//5025 3173//5089 3172//5089 
f 4768//5024 3172//5089 3171//5089 
f 4767//5023 3171//5089 3170//5089 
f 4766//5022 3170//5089 3169//5089 
f 4765//5021 3169//5089 3168//5089 
f 4764//5020 3168//5089 3167//5089 
f 4763//5019 3167//5089 3166//5089 
f 4762//5018 3166//5089 3165//5089 
f 4761//5017 3165//5089 3164//5089 
f 4760//5016 3164//5089 3163//5089 
f 4759//5015 3163//5089 3162//5089 
f 4758//5014 3162//5089 3161//5089 
f 4681//4937 4757//5013 4832//5088 
f 4756//5012 4832//5088 4831//5087 
f 4755//5011 4831//5087 4830//5086 
f 4754//5010 4830//5086 4829//5085 
f 4753//5009 4829//5085 4828//5084 
f 4752//5008 4828//5084 4827//5083 
f 4751//5007 4827//5083 4826//5082 
f 4750//5006 4826//5082 4825//5081 
f 4749//5005 4825//5081 4824//5080 
f 4748//5004 4824//5080 4823//5079 
f 4747//5003 4823//5079 4822//5078 
f 4746//5002 4822//5078 4821//5077 
f 4745//5001 4821//5077 4820//5076 
f 4744//5000 4820//5076 4819//5075 
f 4743//4999 4819//5075 4818//5074 
f 4742//4998 4818//5074 4817//5073 
f 4741//4997 4817//5073 4816//5072 
f 4740//4996 4816//5072 4815//5071 
f 4739//4995 4815//5071 4814//5070 
f 4738//4994 4814//5070 4813//5069 
f 4737//4993 4813//5069 4812//5068 
f 4736//4992 4812//5068 4811//5067 
f 4735//4991 4811//5067 4810//5066 
f 4734//4990 4810//5066 4809//5065 
f 4733//4989 4809//5065 4808//5064 
f 4732//4988 4808//5064 4807//5063 
f 4731//4987 4807//5063 4806//5062 
f 4730//4986 4806//5062 4805//5061 
f 4729//4985 4805//5061 4804//5060 
f 4728//4984 4804//5060 4803//5059 
f 4727//4983 4803//5059 4802//5058 
f 4726//4982 4802//5058 4801//5057 
f 4725//4981 4801//5057 4800//5056 
f 4724//4980 4800//5056 4799//5055 
f 4723//4979 4799//5055 4798//5054 
f 4722//4978 4798//5054 4797//5053 
f 4721//4977 4797//5053 4796//5052 
f 4720//4976 4796//5052 4795//5051 
f 4719//4975 4795//5051 4794//5050 
f 4718//4974 4794//5050 4793//5049 
f 4717//4973 4793//5049 4792//5048 
f 4716//4972 4792//5048 4791//5047 
f 4715//4971 4791//5047 4790//5046 
f 4714//4970 4790//5046 4789//5045 
f 4713//4969 4789//5045 4788//5044 
f 4712//4968 4788//5044 4787//5043 
f 4711//4967 4787//5043 4786//5042 
f 4710//4966 4786//5042 4785//5041 
f 4709//4965 4785//5041 4784//5040 
f 4708//4964 4784//5040 4783//5039 
f 4707//4963 4783//5039 4782//5038 
f 4706//4962 4782//5038 4781//5037 
f 4705//4961 4781//5037 4780//5036 
f 4704//4960 4780//5036 4779//5035 
f 4703//4959 4779//5035 4778//5034 
f 4702//4958 4778//5034 4777//5033 
f 4701//4957 4777//5033 4776//5032 
f 4700//4956 4776//5032 4775//5031 
f 4699//4955 4775//5031 4774//5030 
f 4698//4954 4774//5030 4773//5029 
f 4697//4953 4773//5029 4772//5028 
f 4696//4952 4772//5028 4771//5027 
f 4695//4951 4771//5027 4770//5026 
f 4694//4950 4770//5026 4769//5025 
f 4693//4949 4769//5025 4768//5024 
f 4692//4948 4768//5024 4767//5023 
f 4691//4947 4767//5023 4766//5022 
f 4690//4946 4766//5022 4765//5021 
f 4689//4945 4765//5021 4764//5020 
f 4688//4944 4764//5020 4763//5019 
f 4687//4943 4763//5019 4762//5018 
f 4686//4942 4762//5018 4761//5017 
f 4685//4941 4761//5017 4760//5016 
f 4684//4940 4760//5016 4759//5015 
f 4683//4939 4759//5015 4758//5014 
f 4682//4938 4758//5014 4757//5013 
f 4605//4861 4681//4937 4756//5012 
f 4680//4936 4756//5012 4755//5011 
f 4679//4935 4755//5011 4754//5010 
f 4678//4934 4754//5010 4753//5009 
f 4677//4933 4753//5009 4752//5008 
f 4676//4932 4752//5008 4751//5007 
f 4675//4931 4751//5007 4750//5006 
f 4674//4930 4750//5006 4749//5005 
f 4673//4929 4749//5005 4748//5004 
f 4672//4928 4748//5004 4747//5003 
f 4671//4927 4747//5003 4746//5002 
f 4670//4926 4746//5002 4745//5001 
f 4669//4925 4745//5001 4744//5000 
f 4668//4924 4744//5000 4743//4999 
f 4667//4923 4743//4999 4742//4998 
f 4666//4922 4742//4998 4741//4997 
f 4665//4921 4741//4997 4740//4996 
f 4664//4920 4740//4996 4739//4995 
f 4663//4919 4739//4995 4738//4994 
f 4662//4918 4738//4994 4737//4993 
f 4661//4917 4737//4993 4736//4992 
f 4660//4916 4736//4992 4735//4991 
f 4659//4915 4735//4991 4734//4990 
f 4658//4914 4734//4990 4733//4989 
f 4657//4913 4733//4989 4732//4988 
f 4656//4912 4732//4988 4731//4987 
f 4655//4911 4731//4987 4730//4986 
f 4654//4910 4730//4986 4729//4985 
f 4653//4909 4729//4985 4728//4984 
f 4652//4908 4728//4984 4727//4983 
f 4651//4907 4727//4983 4726//4982 
f 4650//4906 4726//4982 4725//4981 
f 4649//4905 4725//4981 4724//4980 
f 4648//4904 4724//4980 4723//4979 
f 4647//4903 4723//4979 4722//4978 
f 4646//4902 4722//4978 4721//4977 
f 4645//4901 4721//4977 4720//4976 
f 4644//4900 4720//4976 4719//4975 
f 4643//4899 4719//4975 4718//4974 
f 4642//4898 4718//4974 4717//4973 
f 4641//4897 4717//4973 4716//4972 
f 4640//4896 4716//4972 4715//4971 
f 4639//4895 4715//4971 4714//4970 
f 4638//4894 4714//4970 4713//4969 
f 4637//4893 4713//4969 4712//4968 
f 4636//4892 4712//4968 4711//4967 
f 4635//4891 4711//4967 4710//4966 
f 4634//4890 4710//4966 4709//4965 
f 4633//4889 4709//4965 4708//4964 
f 4632//4888 4708//4964 4707//4963 
f 4631//4887 4707//4963 4706//4962 
f 4630//4886 4706//4962 4705//4961 
f 4629//4885 4705//4961 4704//4960 
f 4628//4884 4704//4960 4703//4959 
f 4627//4883 4703//4959 4702//4958 
f 4626//4882 4702//4958 4701//4957 
f 4625//4881 4701//4957 4700//4956 
f 4624//4880 4700//4956 4699//4955 
f 4623//4879 4699//4955 4698//4954 
f 4622//4878 4698//4954 4697//4953 
f 4621//4877 4697//4953 4696//4952 
f 4620//4876 4696//4952 4695//4951 
f 4619//4875 4695//4951 4694//4950 
f 4618//4874 4694//4950 4693//4949 
f 4617//4873 4693//4949 4692//4948 
f 4616//4872 4692//4948 4691//4947 
f 4615//4871 4691//4947 4690//4946 
f 4614//4870 4690//4946 4689//4945 
f 4613//4869 4689//4945 4688//4944 
f 4612//4868 4688//4944 4687//4943 
f 4611//4867 4687//4943 4686//4942 
f 4610//4866 4686//4942 4685//4941 
f 4609//4865 4685//4941 4684//4940 
f 4608//4864 4684//4940 4683//4939 
f 4607//4863 4683//4939 4682//4938 
f 4606//4862 4682//4938 4681//4937 
f 4529//4785 4605//4861 4680//4936 
f 4604//4860 4680//4936 4679//4935 
f 4603//4859 4679//4935 4678//4934 
f 4602//4858 4678//4934 4677//4933 
f 4601//4857 4677//4933 4676//4932 
f 4600//4856 4676//4932 4675//4931 
f 4599//4855 4675//4931 4674//4930 
f 4598//4854 4674//4930 4673//4929 
f 4597//4853 4673//4929 4672//4928 
f 4596//4852 4672//4928 4671//4927 
f 4595//4851 4671//4927 4670//4926 
f 4594//4850 4670//4926 4669//4925 
f 4593//4849 4669//4925 4668//4924 
f 4592//4848 4668//4924 4667//4923 
f 4591//4847 4667//4923 4666//4922 
f 4590//4846 4666//4922 4665//4921 
f 4589//4845 4665//4921 4664//4920 
f 4588//4844 4664//4920 4663//4919 
f 4587//4843 4663//4919 4662//4918 
f 4586//4842 4662//4918 4661//4917 
f 4585//4841 4661//4917 4660//4916 
f 4584//4840 4660//4916 4659//4915 
f 4583//4839 4659//4915 4658//4914 
f 4582//4838 4658//4914 4657//4913 
f 4581//4837 4657//4913 4656//4912 
f 4580//4836 4656//4912 4655//4911 
f 4579//4835 4655//4911 4654//4910 
f 4578//4834 4654//4910 4653//4909 
f 4577//4833 4653//4909 4652//4908 
f 4576//4832 4652//4908 4651//4907 
f 4575//4831 4651//4907 4650//4906 
f 4574//4830 4650//4906 4649//4905 
f 4573//4829 4649//4905 4648//4904 
f 4572//4828 4648//4904 4647//4903 
f 4571//4827 4647//4903 4646//4902 
f 4570//4826 4646//4902 4645//4901 
f 4569//4825 4645//4901 4644//4900 
f 4568//4824 4644//4900 4643//4899 
f 4567//4823 4643//4899 4642//4898 
f 4566//4822 4642//4898 4641//4897 
f 4565//4821 4641//4897 4640//4896 
f 4564//4820 4640//4896 4639//4895 
f 4563//4819 4639//4895 4638//4894 
f 4562//4818 4638//4894 4637//4893 
f 4561//4817 4637//4893 4636//4892 
f 4560//4816 4636//4892 4635//4891 
f 4559//4815 4635//4891 4634//4890 
f 4558//4814 4634//4890 4633//4889 
f 4557//4813 4633//4889 4632//4888 
f 4556//4812 4632//4888 4631//4887 
f 4555//4811 4631//4887 4630//4886 
f 4554//4810 4630//4886 4629//4885 
f 4553//4809 4629//4885 4628//4884 
f 4552//4808 4628//4884 4627//4883 
f 4551//4807 4627//4883 4626//4882 
f 4550//4806 4626//4882 4625//4881 
f 4549//4805 4625//4881 4624//4880 
f 4548//4804 4624//4880 4623//4879 
f 4547//4803 4623//4879 4622//4878 
f 4546//4802 4622//4878 4621//4877 
f 4545//4801 4621//4877 4620//4876 
f 4544//4800 4620//4876 4619//4875 
f 4543//4799 4619//4875 4618//4874 
f 4542//4798 4618//4874 4617//4873 
f 4541//4797 4617//4873 4616//4872 
f 4540//4796 4616//4872 4615//4871 
f 4539//4795 4615//4871 4614//4870 
f 4538//4794 4614//4870 4613//4869 
f 4537//4793 4613//4869 4612//4868 
f 4536//4792 4612//4868 4611//4867 
f 4535//4791 4611//4867 4610//4866 
f 4534//4790 4610//4866 4609//4865 
f 4533//4789 4609//4865 4608//4864 
f 4532//4788 4608//4864 4607//4863 
f 4531//4787 4607//4863 4606//4862 
f 4530//4786 4606//4862 4605//4861 
f 4453//4709 4529//4785 4604//4860 
f 4528//4784 4604//4860 4603//4859 
f 4527//4783 4603//4859 4602//4858 
f 4526//4782 4602//4858 4601//4857 
f 4525//4781 4601//4857 4600//4856 
f 4524//4780 4600//4856 4599//4855 
f 4523//4779 4599//4855 4598//4854 
f 4522//4778 4598//4854 4597//4853 
f 4521//4777 4597//4853 4596//4852 
f 4520//4776 4596//4852 4595//4851 
f 4519//4775 4595//4851 4594//4850 
f 4518//4774 4594//4850 4593//4849 
f 4517//4773 4593//4849 4592//4848 
f 4516//4772 4592//4848 4591//4847 
f 4515//4771 4591//4847 4590//4846 
f 4514//4770 4590//4846 4589//4845 
f 4513//4769 4589//4845 4588//4844 
f 4512//4768 4588//4844 4587//4843 
f 4511//4767 4587//4843 4586//4842 
f 4510//4766 4586//4842 4585//4841 
f 4509//4765 4585//4841 4584//4840 
f 4508//4764 4584//4840 4583//4839 
f 4507//4763 4583//4839 4582//4838 
f 4506//4762 4582//4838 4581//4837 
f 4505//4761 4581//4837 4580//4836 
f 4504//4760 4580//4836 4579//4835 
f 4503//4759 4579//4835 4578//4834 
f 4502//4758 4578//4834 4577//4833 
f 4501//4757 4577//4833 4576//4832 
f 4500//4756 4576//4832 4575//4831 
f 4499//4755 4575//4831 4574//4830 
f 4498//4754 4574//4830 4573//4829 
f 4497//4753 4573//4829 4572//4828 
f 4496//4752 4572//4828 4571//4827 
f 4495//4751 4571//4827 4570//4826 
f 4494//4750 4570//4826 4569//4825 
f 4493//4749 4569//4825 4568//4824 
f 4492//4748 4568//4824 4567//4823 
f 4491//4747 4567//4823 4566//4822 
f 4490//4746 4566//4822 4565//4821 
f 4489//4745 4565//4821 4564//4820 
f 4488//4744 4564//4820 4563//4819 
f 4487//4743 4563//4819 4562//4818 
f 4486//4742 4562//4818 4561//4817 
f 4485//4741 4561//4817 4560//4816 
f 4484//4740 4560//4816 4559//4815 
f 4483//4739 4559//4815 4558//4814 
f 4482//4738 4558//4814 4557//4813 
f 4481//4737 4557//4813 4556//4812 
f 4480//4736 4556//4812 4555//4811 
f 4479//4735 4555//4811 4554//4810 
f 4478//4734 4554//4810 4553//4809 
f 4477//4733 4553//4809 4552//4808 
f 4476//4732 4552//4808 4551//4807 
f 4475//4731 4551//4807 4550//4806 
f 4474//4730 4550//4806 4549//4805 
f 4473//4729 4549//4805 4548//4804 
f 4472//4728 4548//4804 4547//4803 
f 4471//4727 4547//4803 4546//4802 
f 4470//4726 4546//4802 4545//4801 
f 4469//4725 4545//4801 4544//4800 
f 4468//4724 4544//4800 4543//4799 
f 4467//4723 4543//4799 4542//4798 
f 4466//4722 4542//4798 4541//4797 
f 4465//4721 4541//4797 4540//4796 
f 4464//4720 4540//4796 4539//4795 
f 4463//4719 4539//4795 4538//4794 
f 4462//4718 4538//4794 4537//4793 
f 4461//4717 4537//4793 4536//4792 
f 4460//4716 4536//4792 4535//4791 
f 4459//4715 4535//4791 4534//4790 
f 4458//4714 4534//4790 4533//4789 
f 4457//4713 4533//4789 4532//4788 
f 4456//4712 4532//4788 4531//4787 
f 4455//4711 4531//4787 4530//4786 
f 4454//4710 4530//4786 4529//4785 
f 4377//4633 4453//4709 4528//4784 
f 4452//4708 4528//4784 4527//4783 
f 4451//4707 4527//4783 4526//4782 
f 4450//4706 4526//4782 4525//4781 
f 4449//4705 4525//4781 4524//4780 
f 4448//4704 4524//4780 4523//4779 
f 4447//4703 4523//4779 4522//4778 
f 4446//4702 4522//4778 4521//4777 
f 4445//4701 4521//4777 4520//4776 
f 4444//4700 4520//4776 4519//4775 
f 4443//4699 4519//4775 4518//4774 
f 4442//4698 4518//4774 4517//4773 
f 4441//4697 4517//4773 4516//4772 
f 4440//4696 4516//4772 4515//4771 
f 4439//4695 4515//4771 4514//4770 
f 4438//4694 4514//4770 4513//4769 
f 4437//4693 4513//4769 4512//4768 
f 4436//4692 4512//4768 4511//4767 
f 4435//4691 4511//4767 4510//4766 
f 4434//4690 4510//4766 4509//4765 
f 4433//4689 4509//4765 4508//4764 
f 4432//4688 4508//4764 4507//4763 
f 4431//4687 4507//4763 4506//4762 
f 4430//4686 4506//4762 4505//4761 
f 4429//4685 4505//4761 4504//4760 
f 4428//4684 4504//4760 4503//4759 
f 4427//4683 4503//4759 4502//4758 
f 4426//4682 4502//4758 4501//4757 
f 4425//4681 4501//4757 4500//4756 
f 4424//4680 4500//4756 4499//4755 
f 4423//4679 4499//4755 4498//4754 
f 4422//4678 4498//4754 4497//4753 
f 4421//4677 4497//4753 4496//4752 
f 4420//4676 4496//4752 4495//4751 
f 4419//4675 4495//4751 4494//4750 
f 4418//4674 4494//4750 4493//4749 
f 4417//4673 4493//4749 4492//4748 
f 4416//4672 4492//4748 4491//4747 
f 4415//4671 4491//4747 4490//4746 
f 4414//4670 4490//4746 4489//4745 
f 4413//4669 4489//4745 4488//4744 
f 4412//4668 4488//4744 4487//4743 
f 4411//4667 4487//4743 4486//4742 
f 4410//4666 4486//4742 4485//4741 
f 4409//4665 4485//4741 4484//4740 
f 4408//4664 4484//4740 4483//4739 
f 4407//4663 4483//4739 4482//4738 
f 4406//4662 4482//4738 4481//4737 
f 4405//4661 4481//4737 4480//4736 
f 4404//4660 4480//4736 4479//4735 
f 4403//4659 4479//4735 4478//4734 
f 4402//4658 4478//4734 4477//4733 
f 4401//4657 4477//4733 4476//4732 
f 4400//4656 4476//4732 4475//4731 
f 4399//4655 4475//4731 4474//4730 
f 4398//4654 4474//4730 4473//4729 
f 4397//4653 4473//4729 4472//4728 
f 4396//4652 4472//4728 4471//4727 
f 4395//4651 4471//4727 4470//4726 
f 4394//4650 4470//4726 4469//4725 
f 4393//4649 4469//4725 4468//4724 
f 4392//4648 4468//4724 4467//4723 
f 4391//4647 4467//4723 4466//4722 
f 4390//4646 4466//4722 4465//4721 
f 4389//4645 4465//4721 4464//4720 
f 4388//4644 4464//4720 4463//4719 
f 4387//4643 4463//4719 4462//4718 
f 4386//4642 4462//4718 4461//4717 
f 4385//4641 4461//4717 4460//4716 
f 4384//4640 4460//4716 4459//4715 
f 4383//4639 4459//4715 4458//4714 
f 4382//4638 4458//4714 4457//4713 
f 4381//4637 4457//4713 4456//4712 
f 4380//4636 4456//4712 4455//4711 
f 4379//4635 4455//4711 4454//4710 
f 4378//4634 4454//4710 4453//4709 
f 4301//4557 4377//4633 4452//4708 
f 4376//4632 4452//4708 4451//4707 
f 4375//4631 4451//4707 4450//4706 
f 4374//4630 4450//4706 4449//4705 
f 4373//4629 4449//4705 4448//4704 
f 4372//4628 4448//4704 4447//4703 
f 4371//4627 4447//4703 4446//4702 
f 4370//4626 4446//4702 4445//4701 
f 4369//4625 4445//4701 4444//4700 
f 4368//4624 4444//4700 4443//4699 
f 4367//4623 4443//4699 4442//4698 
f 4366//4622 4442//4698 4441//4697 
f 4365//4621 4441//4697 4440//4696 
f 4364//4620 4440//4696 4439//4695 
f 4363//4619 4439//4695 4438//4694 
f 4362//4618 4438//4694 4437//4693 
f 4361//4617 4437//4693 4436//4692 
f 4360//4616 4436//4692 4435//4691 
f 4359//4615 4435//4691 4434//4690 
f 4358//4614 4434//4690 4433//4689 
f 4357//4613 4433//4689 4432//4688 
f 4356//4612 4432//4688 4431//4687 
f 4355//4611 4431//4687 4430//4686 
f 4354//4610 4430//4686 4429//4685 
f 4353//4609 4429//4685 4428//4684 
f 4352//4608 4428//4684 4427//4683 
f 4351//4607 4427//4683 4426//4682 
f 4350//4606 4426//4682 4425//4681 
f 4349//4605 4425//4681 4424//4680 
f 4348//4604 4424//4680 4423//4679 
f 4347//4603 4423//4679 4422//4678 
f 4346//4602 4422//4678 4421//4677 
f 4345//4601 4421//4677 4420//4676 
f 4344//4600 4420//4676 4419//4675 
f 4343//4599 4419//4675 4418//4674 
f 4342//4598 4418//4674 4417//4673 
f 4341//4597 4417//4673 4416//4672 
f 4340//4596 4416//4672 4415//4671 
f 4339//4595 4415//4671 4414//4670 
f 4338//4594 4414//4670 4413//4669 
f 4337//4593 4413//4669 4412//4668 
f 4336//4592 4412//4668 4411//4667 
f 4335//4591 4411//4667 4410//4666 
f 4334//4590 4410//4666 4409//4665 
f 4333//4589 4409//4665 4408//4664 
f 4332//4588 4408//4664 4407//4663 
f 4331//4587 4407//4663 4406//4662 
f 4330//4586 4406//4662 4405//4661 
f 4329//4585 4405//4661 4404//4660 
f 4328//4584 4404//4660 4403//4659 
f 4327//4583 4403//4659 4402//4658 
f 4326//4582 4402//4658 4401//4657 
f 4325//4581 4401//4657 4400//4656 
f 4324//4580 4400//4656 4399//4655 
f 4323//4579 4399//4655 4398//4654 
f 4322//4578 4398//4654 4397//4653 
f 4321//4577 4397//4653 4396//4652 
f 4320//4576 4396//4652 4395//4651 
f 4319//4575 4395//4651 4394//4650 
f 4318//4574 4394//4650 4393//4649 
f 4317//4573 4393//4649 4392//4648 
f 4316//4572 4392//4648 4391//4647 
f 4315//4571 4391//4647 4390//4646 
f 4314//4570 4390//4646 4389//4645 
f 4313//4569 4389//4645 4388//4644 
f 4312//4568 4388//4644 4387//4643 
f 4311//4567 4387//4643 4386//4642 
f 4310//4566 4386//4642 4385//4641 
f 4309//4565 4385//4641 4384//4640 
f 4308//4564 4384//4640 4383//4639 
f 4307//4563 4383//4639 4382//4638 
f 4306//4562 4382//4638 4381//4637 
f 4305//4561 4381//4637 4380//4636 
f 4304//4560 4380//4636 4379//4635 
f 4303//4559 4379//4635 4378//4634 
f 4302//4558 4378//4634 4377//4633 
f 4225//4481 4301//4557 4376//4632 
f 4300//4556 4376//4632 4375//4631 
f 4299//4555 4375//4631 4374//4630 
f 4298//4554 4374//4630 4373//4629 
f 4297//4553 4373//4629 4372//4628 
f 4296//4552 4372//4628 4371//4627 
f 4295//4551 4371//4627 4370//4626 
f 4294//4550 4370//4626 4369//4625 
f 4293//4549 4369//4625 4368//4624 
f 4292//4548 4368//4624 4367//4623 
f 4291//4547 4367//4623 4366//4622 
f 4290//4546 4366//4622 4365//4621 
f 4289//4545 4365//4621 4364//4620 
f 4288//4544 4364//4620 4363//4619 
f 4287//4543 4363//4619 4362//4618 
f 4286//4542 4362//4618 4361//4617 
f 4285//4541 4361//4617 4360//4616 
f 4284//4540 4360//4616 4359//4615 
f 4283//4539 4359//4615 4358//4614 
f 4282//4538 4358//4614 4357//4613 
f 4281//4537 4357//4613 4356//4612 
f 4280//4536 4356//4612 4355//4611 
f 4279//4535 4355//4611 4354//4610 
f 4278//4534 4354//4610 4353//4609 
f 4277//4533 4353//4609 4352//4608 
f 4276//4532 4352//4608 4351//4607 
f 4275//4531 4351//4607 4350//4606 
f 4274//4530 4350//4606 4349//4605 
f 4273//4529 4349//4605 4348//4604 
f 4272//4528 4348//4604 4347//4603 
f 4271//4527 4347//4603 4346//4602 
f 4270//4526 4346//4602 4345//4601 
f 4269//4525 4345//4601 4344//4600 
f 4268//4524 4344//4600 4343//4599 
f 4267//4523 4343//4599 4342//4598 
f 4266//4522 4342//4598 4341//4597 
f 4265//4521 4341//4597 4340//4596 
f 4264//4520 4340//4596 4339//4595 
f 4263//4519 4339//4595 4338//4594 
f 4262//4518 4338//4594 4337//4593 
f 4261//4517 4337//4593 4336//4592 
f 4260//4516 4336//4592 4335//4591 
f 4259//4515 4335//4591 4334//4590 
f 4258//4514 4334//4590 4333//4589 
f 4257//4513 4333//4589 4332//4588 
f 4256//4512 4332//4588 4331//4587 
f 4255//4511 4331//4587 4330//4586 
f 4254//4510 4330//4586 4329//4585 
f 4253//4509 4329//4585 4328//4584 
f 4252//4508 4328//4584 4327//4583 
f 4251//4507 4327//4583 4326//4582 
f 4250//4506 4326//4582 4325//4581 
f 4249//4505 4325//4581 4324//4580 
f 4248//4504 4324//4580 4323//4579 
f 4247//4503 4323//4579 4322//4578 
f 4246//4502 4322//4578 4321//4577 
f 4245//4501 4321//4577 4320//4576 
f 4244//4500 4320//4576 4319//4575 
f 4243//4499 4319//4575 4318//4574 
f 4242//4498 4318//4574 4317//4573 
f 4241//4497 4317//4573 4316//4572 
f 4240//4496 4316//4572 4315//4571 
f 4239//4495 4315//4571 4314//4570 
f 4238//4494 4314//4570 4313//4569 
f 4237//4493 4313//4569 4312//4568 
f 4236//4492 4312//4568 4311//4567 
f 4235//4491 4311//4567 4310//4566 
f 4234//4490 4310//4566 4309//4565 
f 4233//4489 4309//4565 4308//4564 
f 4232//4488 4308//4564 4307//4563 
f 4231//4487 4307//4563 4306//4562 
f 4230//4486 4306//4562 4305//4561 
f 4229//4485 4305//4561 4304//4560 
f 4228//4484 4304//4560 4303//4559 
f 4227//4483 4303//4559 4302//4558 
f 4226//4482 4302//4558 4301//4557 
f 4149//4405 4225//4481 4300//4556 
f 4224//4480 4300//4556 4299//4555 
f 4223//4479 4299//4555 4298//4554 
f 4222//4478 4298//4554 4297//4553 
f 4221//4477 4297//4553 4296//4552 
f 4220//4476 4296//4552 4295//4551 
f 4219//4475 4295//4551 4294//4550 
f 4218//4474 4294//4550 4293//4549 
f 4217//4473 4293//4549 4292//4548 
f 4216//4472 4292//4548 4291//4547 
f 4215//4471 4291//4547 4290//4546 
f 4214//4470 4290//4546 4289//4545 
f 4213//4469 4289//4545 4288//4544 
f 4212//4468 4288//4544 4287//4543 
f 4211//4467 4287//4543 4286//4542 
f 4210//4466 4286//4542 4285//4541 
f 4209//4465 4285//4541 4284//4540 
f 4208//4464 4284//4540 4283//4539 
f 4207//4463 4283//4539 4282//4538 
f 4206//4462 4282//4538 4281//4537 
f 4205//4461 4281//4537 4280//4536 
f 4204//4460 4280//4536 4279//4535 
f 4203//4459 4279//4535 4278//4534 
f 4202//4458 4278//4534 4277//4533 
f 4201//4457 4277//4533 4276//4532 
f 4200//4456 4276//4532 4275//4531 
f 4199//4455 4275//4531 4274//4530 
f 4198//4454 4274//4530 4273//4529 
f 4197//4453 4273//4529 4272//4528 
f 4196//4452 4272//4528 4271//4527 
f 4195//4451 4271//4527 4270//4526 
f 4194//4450 4270//4526 4269//4525 
f 4193//4449 4269//4525 4268//4524 
f 4192//4448 4268//4524 4267//4523 
f 4191//4447 4267//4523 4266//4522 
f 4190//4446 4266//4522 4265//4521 
f 4189//4445 4265//4521 4264//4520 
f 4188//4444 4264//4520 4263//4519 
f 4187//4443 4263//4519 4262//4518 
f 4186//4442 4262//4518 4261//4517 
f 4185//4441 4261//4517 4260//4516 
f 4184//4440 4260//4516 4259//4515 
f 4183//4439 4259//4515 4258//4514 
f 4182//4438 4258//4514 4257//4513 
f 4181//4437 4257//4513 4256//4512 
f 4180//4436 4256//4512 4255//4511 
f 4179//4435 4255//4511 4254//4510 
f 4178//4434 4254//4510 4253//4509 
f 4177//4433 4253//4509 4252//4508 
f 4176//4432 4252//4508 4251//4507 
f 4175//4431 4251//4507 4250//4506 
f 4174//4430 4250//4506 4249//4505 
f 4173//4429 4249//4505 4248//4504 
f 4172//4428 4248//4504 4247//4503 
f 4171//4427 4247//4503 4246//4502 
f 4170//4426 4246//4502 4245//4501 
f 4169//4425 4245//4501 4244//4500 
f 4168//4424 4244//4500 4243//4499 
f 4167//4423 4243//4499 4242//4498 
f 4166//4422 4242//4498 4241//4497 
f 4165//4421 4241//4497 4240//4496 
f 4164//4420 4240//4496 4239//4495 
f 4163//4419 4239//4495 4238//4494 
f 4162//4418 4238//4494 4237//4493 
f 4161//4417 4237//4493 4236//4492 
f 4160//4416 4236//4492 4235//4491 
f 4159//4415 4235//4491 4234//4490 
f 4158//4414 4234//4490 4233//4489 
f 4157//4413 4233//4489 4232//4488 
f 4156//4412 4232//4488 4231//4487 
f 4155//4411 4231//4487 4230//4486 
f 4154//4410 4230//4486 4229//4485 
f 4153//4409 4229//4485 4228//4484 
f 4152//4408 4228//4484 4227//4483 
f 4151//4407 4227//4483 4226//4482 
f 4150//4406 4226//4482 4225//4481 
f 4073//4329 4149//4405 4224//4480 
f 4148//4404 4224//4480 4223//4479 
f 4147//4403 4223//4479 4222//4478 
f 4146//4402 4222//4478 4221//4477 
f 4145//4401 4221//4477 4220//4476 
f 4144//4400 4220//4476 4219//4475 
f 4143//4399 4219//4475 4218//4474 
f 4142//4398 4218//4474 4217//4473 
f 4141//4397 4217//4473 4216//4472 
f 4140//4396 4216//4472 4215//4471 
f 4139//4395 4215//4471 4214//4470 
f 4138//4394 4214//4470 4213//4469 
f 4137//4393 4213//4469 4212//4468 
f 4136//4392 4212//4468 4211//4467 
f 4135//4391 4211//4467 4210//4466 
f 4134//4390 4210//4466 4209//4465 
f 4133//4389 4209//4465 4208//4464 
f 4132//4388 4208//4464 4207//4463 
f 4131//4387 4207//4463 4206//4462 
f 4130//4386 4206//4462 4205//4461 
f 4129//4385 4205//4461 4204//4460 
f 4128//4384 4204//4460 4203//4459 
f 4127//4383 4203//4459 4202//4458 
f 4126//4382 4202//4458 4201//4457 
f 4125//4381 4201//4457 4200//4456 
f 4124//4380 4200//4456 4199//4455 
f 4123//4379 4199//4455 4198//4454 
f 4122//4378 4198//4454 4197//4453 
f 4121//4377 4197//4453 4196//4452 
f 4120//4376 4196//4452 4195//4451 
f 4119//4375 4195//4451 4194//4450 
f 4118//4374 4194//4450 4193//4449 
f 4117//4373 4193//4449 4192//4448 
f 4116//4372 4192//4448 4191//4447 
f 4115//4371 4191//4447 4190//4446 
f 4114//4370 4190//4446 4189//4445 
f 4113//4369 4189//4445 4188//4444 
f 4112//4368 4188//4444 4187//4443 
f 4111//4367 4187//4443 4186//4442 
f 4110//4366 4186//4442 4185//4441 
f 4109//4365 4185//4441 4184//4440 
f 4108//4364 4184//4440 4183//4439 
f 4107//4363 4183//4439 4182//4438 
f 4106//4362 4182//4438 4181//4437 
f 4105//4361 4181//4437 4180//4436 
f 4104//4360 4180//4436 4179//4435 
f 4103//4359 4179//4435 4178//4434 
f 4102//4358 4178//4434 4177//4433 
f 4101//4357 4177//4433 4176//4432 
f 4100//4356 4176//4432 4175//4431 
f 4099//4355 4175//4431 4174//4430 
f 4098//4354 4174//4430 4173//4429 
f 4097//4353 4173//4429 4172//4428 
f 4096//4352 4172//4428 4171//4427 
f 4095//4351 4171//4427 4170//4426 
f 4094//4350 4170//4426 4169//4425 
f 4093//4349 4169//4425 4168//4424 
f 4092//4348 4168//4424 4167//4423 
f 4091//4347 4167//4423 4166//4422 
f 4090//4346 4166//4422 4165//4421 
f 4089//4345 4165//4421 4164//4420 
f 4088//4344 4164//4420 4163//4419 
f 4087//4343 4163//4419 4162//4418 
f 4086//4342 4162//4418 4161//4417 
f 4085//4341 4161//4417 4160//4416 
f 4084//4340 4160//4416 4159//4415 
f 4083//4339 4159//4415 4158//4414 
f 4082//4338 4158//4414 4157//4413 
f 4081//4337 4157//4413 4156//4412 
f 4080//4336 4156//4412 4155//4411 
f 4079//4335 4155//4411 4154//4410 
f 4078//4334 4154//4410 4153//4409 
f 4077//4333 4153//4409 4152//4408 
f 4076//4332 4152//4408 4151//4407 
f 4075//4331 4151//4407 4150//4406 
f 4074//4330 4150//4406 4149//4405 
f 3997//4253 4073//4329 4148//4404 
f 4072//4328 4148//4404 4147//4403 
f 4071//4327 4147//4403 4146//4402 
f 4070//4326 4146//4402 4145//4401 
f 4069//4325 4145//4401 4144//4400 
f 4068//4324 4144//4400 4143//4399 
f 4067//4323 4143//4399 4142//4398 
f 4066//4322 4142//4398 4141//4397 
f 4065//4321 4141//4397 4140//4396 
f 4064//4320 4140//4396 4139//4395 
f 4063//4319 4139//4395 4138//4394 
f 4062//4318 4138//4394 4137//4393 
f 4061//4317 4137//4393 4136//4392 
f 4060//4316 4136//4392 4135//4391 
f 4059//4315 4135//4391 4134//4390 
f 4058//4314 4134//4390 4133//4389 
f 4057//4313 4133//4389 4132//4388 
f 4056//4312 4132//4388 4131//4387 
f 4055//4311 4131//4387 4130//4386 
f 4054//4310 4130//4386 4129//4385 
f 4053//4309 4129//4385 4128//4384 
f 4052//4308 4128//4384 4127//4383 
f 4051//4307 4127//4383 4126//4382 
f 4050//4306 4126//4382 4125//4381 
f 4049//4305 4125//4381 4124//4380 
f 4048//4304 4124//4380 4123//4379 
f 4047//4303 4123//4379 4122//4378 
f 4046//4302 4122//4378 4121//4377 
f 4045//4301 4121//4377 4120//4376 
f 4044//4300 4120//4376 4119//4375 
f 4043//4299 4119//4375 4118//4374 
f 4042//4298 4118//4374 4117//4373 
f 4041//4297 4117//4373 4116//4372 
f 4040//4296 4116//4372 4115//4371 
f 4039//4295 4115//4371 4114//4370 
f 4038//4294 4114//4370 4113//4369 
f 4037//4293 4113//4369 4112//4368 
f 4036//4292 4112//4368 4111//4367 
f 4035//4291 4111//4367 4110//4366 
f 4034//4290 4110//4366 4109//4365 
f 4033//4289 4109//4365 4108//4364 
f 4032//4288 4108//4364 4107//4363 
f 4031//4287 4107//4363 4106//4362 
f 4030//4286 4106//4362 4105//4361 
f 4029//4285 4105//4361 4104//4360 
f 4028//4284 4104//4360 4103//4359 
f 4027//4283 4103//4359 4102//4358 
f 4026//4282 4102//4358 4101//4357 
f 4025//4281 4101//4357 4100//4356 
f 4024//4280 4100//4356 4099//4355 
f 4023//4279 4099//4355 4098//4354 
f 4022//4278 4098//4354 4097//4353 
f 4021//4277 4097//4353 4096//4352 
f 4020//4276 4096//4352 4095//4351 
f 4019//4275 4095//4351 4094//4350 
f 4018//4274 4094//4350 4093//4349 
f 4017//4273 4093//4349 4092//4348 
f 4016//4272 4092//4348 4091//4347 
f 4015//4271 4091//4347 4090//4346 
f 4014//4270 4090//4346 4089//4345 
f 4013//4269 4089//4345 4088//4344 
f 4012//4268 4088//4344 4087//4343 
f 4011//4267 4087//4343 4086//4342 
f 4010//4266 4086//4342 4085//4341 
f 4009//4265 4085//4341 4084//4340 
f 4008//4264 4084//4340 4083//4339 
f 4007//4263 4083//4339 4082//4338 
f 4006//4262 4082//4338 4081//4337 
f 4005//4261 4081//4337 4080//4336 
f 4004//4260 4080//4336 4079//4335 
f 4003//4259 4079//4335 4078//4334 
f 4002//4258 4078//4334 4077//4333 
f 4001//4257 4077//4333 4076//4332 
f 4000//4256 4076//4332 4075//4331 
f 3999//4255 4075//4331 4074//4330 
f 3998//4254 4074//4330 4073//4329 
f 3921//4177 3997//4253 4072//4328 
f 3996//4252 4072//4328 4071//4327 
f 3995//4251 4071//4327 4070//4326 
f 3994//4250 4070//4326 4069//4325 
f 3993//4249 4069//4325 4068//4324 
f 3992//4248 4068//4324 4067//4323 
f 3991//4247 4067//4323 4066//4322 
f 3990//4246 4066//4322 4065//4321 
f 3989//4245 4065//4321 4064//4320 
f 3988//4244 4064//4320 4063//4319 
f 3987//4243 4063//4319 4062//4318 
f 3986//4242 4062//4318 4061//4317 
f 3985//4241 4061//4317 4060//4316 
f 3984//4240 4060//4316 4059//4315 
f 3983//4239 4059//4315 4058//4314 
f 3982//4238 4058//4314 4057//4313 
f 3981//4237 4057//4313 4056//4312 
f 3980//4236 4056//4312 4055//4311 
f 3979//4235 4055//4311 4054//4310 
f 3978//4234 4054//4310 4053//4309 
f 3977//4233 4053//4309 4052//4308 
f 3976//4232 4052//4308 4051//4307 
f 3975//4231 4051//4307 4050//4306 
f 3974//4230 4050//4306 4049//4305 
f 3973//4229 4049//4305 4048//4304 
f 3972//4228 4048//4304 4047//4303 
f 3971//4227 4047//4303 4046//4302 
f 3970//4226 4046//4302 4045//4301 
f 3969//4225 4045//4301 4044//4300 
f 3968//4224 4044//4300 4043//4299 
f 3967//4223 4043//4299 4042//4298 
f 3966//4222 4042//4298 4041//4297 
f 3965//4221 4041//4297 4040//4296 
f 3964//4220 4040//4296 4039//4295 
f 3963//4219 4039//4295 4038//4294 
f 3962//4218 4038//4294 4037//4293 
f 3961//4217 4037//4293 4036//4292 
f 3960//4216 4036//4292 4035//4291 
f 3959//4215 4035//4291 4034//4290 
f 3958//4214 4034//4290 4033//4289 
f 3957//4213 4033//4289 4032//4288 
f 3956//4212 4032//4288 4031//4287 
f 3955//4211 4031//4287 4030//4286 
f 3954//4210 4030//4286 4029//4285 
f 3953//4209 4029//4285 4028//4284 
f 3952//4208 4028//4284 4027//4283 
f 3951//4207 4027//4283 4026//4282 
f 3950//4206 4026//4282 4025//4281 
f 3949//4205 4025//4281 4024//4280 
f 3948//4204 4024//4280 4023//4279 
f 3947//4203 4023//4279 4022//4278 
f 3946//4202 4022//4278 4021//4277 
f 3945//4201 4021//4277 4020//4276 
f 3944//4200 4020//4276 4019//4275 
f 3943//4199 4019//4275 4018//4274 
f 3942//4198 4018//4274 4017//4273 
f 3941//4197 4017//4273 4016//4272 
f 3940//4196 4016//4272 4015//4271 
f 3939//4195 4015//4271 4014//4270 
f 3938//4194 4014//4270 4013//4269 
f 3937//4193 4013//4269 4012//4268 
f 3936//4192 4012//4268 4011//4267 
f 3935//4191 4011//4267 4010//4266 
f 3934//4190 4010//4266 4009//4265 
f 3933//4189 4009//4265 4008//4264 
f 3932//4188 4008//4264 4007//4263 
f 3931//4187 4007//4263 4006//4262 
f 3930//4186 4006//4262 4005//4261 
f 3929//4185 4005//4261 4004//4260 
f 3928//4184 4004//4260 4003//4259 
f 3927//4183 4003//4259 4002//4258 
f 3926//4182 4002//4258 4001//4257 
f 3925//4181 4001//4257 4000//4256 
f 3924//4180 4000//4256 3999//4255 
f 3923//4179 3999//4255 3998//4254 
f 3922//4178 3998//4254 3997//4253 
f 3845//4101 3921//4177 3996//4252 
f 3920//4176 3996//4252 3995//4251 
f 3919//4175 3995//4251 3994//4250 
f 3918//4174 3994//4250 3993//4249 
f 3917//4173 3993//4249 3992//4248 
f 3916//4172 3992//4248 3991//4247 
f 3915//4171 3991//4247 3990//4246 
f 3914//4170 3990//4246 3989//4245 
f 3913//4169 3989//4245 3988//4244 
f 3912//4168 3988//4244 3987//4243 
f 3911//4167 3987//4243 3986//4242 
f 3910//4166 3986//4242 3985//4241 
f 3909//4165 3985//4241 3984//4240 
f 3908//4164 3984//4240 3983//4239 
f 3907//4163 3983//4239 3982//4238 
f 3906//4162 3982//4238 3981//4237 
f 3905//4161 3981//4237 3980//4236 
f 3904//4160 3980//4236 3979//4235 
f 3903//4159 3979//4235 3978//4234 
f 3902//4158 3978//4234 3977//4233 
f 3901//4157 3977//4233 3976//4232 
f 3900//4156 3976//4232 3975//4231 
f 3899//4155 3975//4231 3974//4230 
f 3898//4154 3974//4230 3973//4229 
f 3897//4153 3973//4229 3972//4228 
f 3896//4152 3972//4228 3971//4227 
f 3895//4151 3971//4227 3970//4226 
f 3894//4150 3970//4226 3969//4225 
f 3893//4149 3969//4225 3968//4224 
f 3892//4148 3968//4224 3967//4223 
f 3891//4147 3967//4223 3966//4222 
f 3890//4146 3966//4222 3965//4221 
f 3889//4145 3965//4221 3964//4220 
f 3888//4144 3964//4220 3963//4219 
f 3887//4143 3963//4219 3962//4218 
f 3886//4142 3962//4218 3961//4217 
f 3885//4141 3961//4217 3960//4216 
f 3884//4140 3960//4216 3959//4215 
f 3883//4139 3959//4215 3958//4214 
f 3882//4138 3958//4214 3957//4213 
f 3881//4137 3957//4213 3956//4212 
f 3880//4136 3956//4212 3955//4211 
f 3879//4135 3955//4211 3954//4210 
f 3878//4134 3954//4210 3953//4209 
f 3877//4133 3953//4209 3952//4208 
f 3876//4132 3952//4208 3951//4207 
f 3875//4131 3951//4207 3950//4206 
f 3874//4130 3950//4206 3949//4205 
f 3873//4129 3949//4205 3948//4204 
f 3872//4128 3948//4204 3947//4203 
f 3871//4127 3947//4203 3946//4202 
f 3870//4126 3946//4202 3945//4201 
f 3869//4125 3945//4201 3944//4200 
f 3868//4124 3944//4200 3943//4199 
f 3867//4123 3943//4199 3942//4198 
f 3866//4122 3942//4198 3941//4197 
f 3865//4121 3941//4197 3940//4196 
f 3864//4120 3940//4196 3939//4195 
f 3863//4119 3939//4195 3938//4194 
f 3862//4118 3938//4194 3937//4193 
f 3861//4117 3937//4193 3936//4192 
f 3860//4116 3936//4192 3935//4191 
f 3859//4115 3935//4191 3934//4190 
f 3858//4114 3934//4190 3933//4189 
f 3857//4113 3933//4189 3932//4188 
f 3856//4112 3932//4188 3931//4187 
f 3855//4111 3931//4187 3930//4186 
f 3854//4110 3930//4186 3929//4185 
f 3853//4109 3929//4185 3928//4184 
f 3852//4108 3928//4184 3927//4183 
f 3851//4107 3927//4183 3926//4182 
f 3850//4106 3926//4182 3925//4181 
f 3849//4105 3925//4181 3924//4180 
f 3848//4104 3924//4180 3923//4179 
f 3847//4103 3923//4179 3922//4178 
f 3846//4102 3922//4178 3921//4177 
f 3769//4025 3845//4101 3920//4176 
f 3844//4100 3920//4176 3919//4175 
f 3843//4099 3919//4175 3918//4174 
f 3842//4098 3918//4174 3917//4173 
f 3841//4097 3917//4173 3916//4172 
f 3840//4096 3916//4172 3915//4171 
f 3839//4095 3915//4171 3914//4170 
f 3838//4094 3914//4170 3913//4169 
f 3837//4093 3913//4169 3912//4168 
f 3836//4092 3912//4168 3911//4167 
f 3835//4091 3911//4167 3910//4166 
f 3834//4090 3910//4166 3909//4165 
f 3833//4089 3909//4165 3908//4164 
f 3832//4088 3908//4164 3907//4163 
f 3831//4087 3907//4163 3906//4162 
f 3830//4086 3906//4162 3905//4161 
f 3829//4085 3905//4161 3904//4160 
f 3828//4084 3904//4160 3903//4159 
f 3827//4083 3903//4159 3902//4158 
f 3826//4082 3902//4158 3901//4157 
f 3825//4081 3901//4157 3900//4156 
f 3824//4080 3900//4156 3899//4155 
f 3823//4079 3899//4155 3898//4154 
f 3822//4078 3898//4154 3897//4153 
f 3821//4077 3897//4153 3896//4152 
f 3820//4076 3896//4152 3895//4151 
f 3819//4075 3895//4151 3894//4150 
f 3818//4074 3894//4150 3893//4149 
f 3817//4073 3893//4149 3892//4148 
f 3816//4072 3892//4148 3891//4147 
f 3815//4071 3891//4147 3890//4146 
f 3814//4070 3890//4146 3889//4145 
f 3813//4069 3889//4145 3888//4144 
f 3812//4068 3888//4144 3887//4143 
f 3811//4067 3887//4143 3886//4142 
f 3810//4066 3886//4142 3885//4141 
f 3809//4065 3885//4141 3884//4140 
f 3808//4064 3884//4140 3883//4139 
f 3807//4063 3883//4139 3882//4138 
f 3806//4062 3882//4138 3881//4137 
f 3805//4061 3881//4137 3880//4136 
f 3804//4060 3880//4136 3879//4135 
f 3803//4059 3879//4135 3878//4134 
f 3802//4058 3878//4134 3877//4133 
f 3801//4057 3877//4133 3876//4132 
f 3800//4056 3876//4132 3875//4131 
f 3799//4055 3875//4131 3874//4130 
f 3798//4054 3874//4130 3873//4129 
f 3797//4053 3873//4129 3872//4128 
f 3796//4052 3872//4128 3871//4127 
f 3795//4051 3871//4127 3870//4126 
f 3794//4050 3870//4126 3869//4125 
f 3793//4049 3869//4125 3868//4124 
f 3792//4048 3868//4124 3867//4123 
f 3791//4047 3867//4123 3866//4122 
f 3790//4046 3866//4122 3865//4121 
f 3789//4045 3865//4121 3864//4120 
f 3788//4044 3864//4120 3863//4119 
f 3787//4043 3863//4119 3862//4118 
f 3786//4042 3862//4118 3861//4117 
f 3785//4041 3861//4117 3860//4116 
f 3784//4040 3860//4116 3859//4115 
f 3783//4039 3859//4115 3858//4114 
f 3782//4038 3858//4114 3857//4113 
f 3781//4037 3857//4113 3856//4112 
f 3780//4036 3856//4112 3855//4111 
f 3779//4035 3855//4111 3854//4110 
f 3778//4034 3854//4110 3853//4109 
f 3777//4033 3853//4109 3852//4108 
f 3776//4032 3852//4108 3851//4107 
f 3775//4031 3851//4107 3850//4106 
f 3774//4030 3850//4106 3849//4105 
f 3773//4029 3849//4105 3848//4104 
f 3772//4028 3848//4104 3847//4103 
f 3771//4027 3847//4103 3846//4102 
f 3770//4026 3846//4102 3845//4101 
f 3693//3949 3769//4025 3844//4100 
f 3768//4024 3844//4100 3843//4099 
f 3767//4023 3843//4099 3842//4098 
f 3766//4022 3842//4098 3841//4097 
f 3765//4021 3841//4097 3840//4096 
f 3764//4020 3840//4096 3839//4095 
f 3763//4019 3839//4095 3838//4094 
f 3762//4018 3838//4094 3837//4093 
f 3761//4017 3837//4093 3836//4092 
f 3760//4016 3836//4092 3835//4091 
f 3759//4015 3835//4091 3834//4090 
f 3758//4014 3834//4090 3833//4089 
f 3757//4013 3833//4089 3832//4088 
f 3756//4012 3832//4088 3831//4087 
f 3755//4011 3831//4087 3830//4086 
f 3754//4010 3830//4086 3829//4085 
f 3753//4009 3829//4085 3828//4084 
f 3752//4008 3828//4084 3827//4083 
f 3751//4007 3827//4083 3826//4082 
f 3750//4006 3826//4082 3825//4081 
f 3749//4005 3825//4081 3824//4080 
f 3748//4004 3824//4080 3823//4079 
f 3747//4003 3823//4079 3822//4078 
f 3746//4002 3822//4078 3821//4077 
f 3745//4001 3821//4077 3820//4076 
f 3744//4000 3820//4076 3819//4075 
f 3743//3999 3819//4075 3818//4074 
f 3742//3998 3818//4074 3817//4073 
f 3741//3997 3817//4073 3816//4072 
f 3740//3996 3816//4072 3815//4071 
f 3739//3995 3815//4071 3814//4070 
f 3738//3994 3814//4070 3813//4069 
f 3737//3993 3813//4069 3812//4068 
f 3736//3992 3812//4068 3811//4067 
f 3735//3991 3811//4067 3810//4066 
f 3734//3990 3810//4066 3809//4065 
f 3733//3989 3809//4065 3808//4064 
f 3732//3988 3808//4064 3807//4063 
f 3731//3987 3807//4063 3806//4062 
f 3730//3986 3806//4062 3805//4061 
f 3729//3985 3805//4061 3804//4060 
f 3728//3984 3804//4060 3803//4059 
f 3727//3983 3803//4059 3802//4058 
f 3726//3982 3802//4058 3801//4057 
f 3725//3981 3801//4057 3800//4056 
f 3724//3980 3800//4056 3799//4055 
f 3723//3979 3799//4055 3798//4054 
f 3722//3978 3798//4054 3797//4053 
f 3721//3977 3797//4053 3796//4052 
f 3720//3976 3796//4052 3795//4051 
f 3719//3975 3795//4051 3794//4050 
f 3718//3974 3794//4050 3793//4049 
f 3717//3973 3793//4049 3792//4048 
f 3716//3972 3792//4048 3791//4047 
f 3715//3971 3791//4047 3790//4046 
f 3714//3970 3790//4046 3789//4045 
f 3713//3969 3789//4045 3788//4044 
f 3712//3968 3788//4044 3787//4043 
f 3711//3967 3787//4043 3786//4042 
f 3710//3966 3786//4042 3785//4041 
f 3709//3965 3785//4041 3784//4040 
f 3708//3964 3784//4040 3783//4039 
f 3707//3963 3783//4039 3782//4038 
f 3706//3962 3782//4038 3781//4037 
f 3705//3961 3781//4037 3780//4036 
f 3704//3960 3780//4036 3779//4035 
f 3703//3959 3779//4035 3778//4034 
f 3702//3958 3778//4034 3777//4033 
f 3701//3957 3777//4033 3776//4032 
f 3700//3956 3776//4032 3775//4031 
f 3699//3955 3775//4031 3774//4030 
f 3698//3954 3774//4030 3773//4029 
f 3697//3953 3773//4029 3772//4028 
f 3696//3952 3772//4028 3771//4027 
f 3695//3951 3771//4027 3770//4026 
f 3694//3950 3770//4026 3769//4025 
f 3617//3873 3693//3949 3768//4024 
f 3692//3948 3768//4024 3767//4023 
f 3691//3947 3767//4023 3766//4022 
f 3690//3946 3766//4022 3765//4021 
f 3689//3945 3765//4021 3764//4020 
f 3688//3944 3764//4020 3763//4019 
f 3687//3943 3763//4019 3762//4018 
f 3686//3942 3762//4018 3761//4017 
f 3685//3941 3761//4017 3760//4016 
f 3684//3940 3760//4016 3759//4015 
f 3683//3939 3759//4015 3758//4014 
f 3682//3938 3758//4014 3757//4013 
f 3681//3937 3757//4013 3756//4012 
f 3680//3936 3756//4012 3755//4011 
f 3679//3935 3755//4011 3754//4010 
f 3678//3934 3754//4010 3753//4009 
f 3677//3933 3753//4009 3752//4008 
f 3676//3932 3752//4008 3751//4007 
f 3675//3931 3751//4007 3750//4006 
f 3674//3930 3750//4006 3749//4005 
f 3673//3929 3749//4005 3748//4004 
f 3672//3928 3748//4004 3747//4003 
f 3671//3927 3747//4003 3746//4002 
f 3670//3926 3746//4002 3745//4001 
f 3669//3925 3745//4001 3744//4000 
f 3668//3924 3744//4000 3743//3999 
f 3667//3923 3743//3999 3742//3998 
f 3666//3922 3742//3998 3741//3997 
f 3665//3921 3741//3997 3740//3996 
f 3664//3920 3740//3996 3739//3995 
f 3663//3919 3739//3995 3738//3994 
f 3662//3918 3738//3994 3737//3993 
f 3661//3917 3737//3993 3736//3992 
f 3660//3916 3736//3992 3735//3991 
f 3659//3915 3735//3991 3734//3990 
f 3658//3914 3734//3990 3733//3989 
f 3657//3913 3733//3989 3732//3988 
f 3656//3912 3732//3988 3731//3987 
f 3655//3911 3731//3987 3730//3986 
f 3654//3910 3730//3986 3729//3985 
f 3653//3909 3729//3985 3728//3984 
f 3652//3908 3728//3984 3727//3983 
f 3651//3907 3727//3983 3726//3982 
f 3650//3906 3726//3982 3725//3981 
f 3649//3905 3725//3981 3724//3980 
f 3648//3904 3724//3980 3723//3979 
f 3647//3903 3723//3979 3722//3978 
f 3646//3902 3722//3978 3721//3977 
f 3645//3901 3721//3977 3720//3976 
f 3644//3900 3720//3976 3719//3975 
f 3643//3899 3719//3975 3718//3974 
f 3642//3898 3718//3974 3717//3973 
f 3641//3897 3717//3973 3716//3972 
f 3640//3896 3716//3972 3715//3971 
f 3639//3895 3715//3971 3714//3970 
f 3638//3894 3714//3970 3713//3969 
f 3637//3893 3713//3969 3712//3968 
f 3636//3892 3712//3968 3711//3967 
f 3635//3891 3711//3967 3710//3966 
f 3634//3890 3710//3966 3709//3965 
f 3633//3889 3709//3965 3708//3964 
f 3632//3888 3708//3964 3707//3963 
f 3631//3887 3707//3963 3706//3962 
f 3630//3886 3706//3962 3705//3961 
f 3629//3885 3705//3961 3704//3960 
f 3628//3884 3704//3960 3703//3959 
f 3627//3883 3703//3959 3702//3958 
f 3626//3882 3702//3958 3701//3957 
f 3625//3881 3701//3957 3700//3956 
f 3624//3880 3700//3956 3699//3955 
f 3623//3879 3699//3955 3698//3954 
f 3622//3878 3698//3954 3697//3953 
f 3621//3877 3697//3953 3696//3952 
f 3620//3876 3696//3952 3695//3951 
f 3619//3875 3695//3951 3694//3950 
f 3618//3874 3694//3950 3693//3949 
f 3541//3797 3617//3873 3692//3948 
f 3616//3872 3692//3948 3691//3947 
f 3615//3871 3691//3947 3690//3946 
f 3614//3870 3690//3946 3689//3945 
f 3613//3869 3689//3945 3688//3944 
f 3612//3868 3688//3944 3687//3943 
f 3611//3867 3687//3943 3686//3942 
f 3610//3866 3686//3942 3685//3941 
f 3609//3865 3685//3941 3684//3940 
f 3608//3864 3684//3940 3683//3939 
f 3607//3863 3683//3939 3682//3938 
f 3606//3862 3682//3938 3681//3937 
f 3605//3861 3681//3937 3680//3936 
f 3604//3860 3680//3936 3679//3935 
f 3603//3859 3679//3935 3678//3934 
f 3602//3858 3678//3934 3677//3933 
f 3601//3857 3677//3933 3676//3932 
f 3600//3856 3676//3932 3675//3931 
f 3599//3855 3675//3931 3674//3930 
f 3598//3854 3674//3930 3673//3929 
f 3597//3853 3673//3929 3672//3928 
f 3596//3852 3672//3928 3671//3927 
f 3595//3851 3671//3927 3670//3926 
f 3594//3850 3670//3926 3669//3925 
f 3593//3849 3669//3925 3668//3924 
f 3592//3848 3668//3924 3667//3923 
f 3591//3847 3667//3923 3666//3922 
f 3590//3846 3666//3922 3665//3921 
f 3589//3845 3665//3921 3664//3920 
f 3588//3844 3664//3920 3663//3919 
f 3587//3843 3663//3919 3662//3918 
f 3586//3842 3662//3918 3661//3917 
f 3585//3841 3661//3917 3660//3916 
f 3584//3840 3660//3916 3659//3915 
f 3583//3839 3659//3915 3658//3914 
f 3582//3838 3658//3914 3657//3913 
f 3581//3837 3657//3913 3656//3912 
f 3580//3836 3656//3912 3655//3911 
f 3579//3835 3655//3911 3654//3910 
f 3578//3834 3654//3910 3653//3909 
f 3577//3833 3653//3909 3652//3908 
f 3576//3832 3652//3908 3651//3907 
f 3575//3831 3651//3907 3650//3906 
f 3574//3830 3650//3906 3649//3905 
f 3573//3829 3649//3905 3648//3904 
f 3572//3828 3648//3904 3647//3903 
f 3571//3827 3647//3903 3646//3902 
f 3570//3826 3646//3902 3645//3901 
f 3569//3825 3645//3901 3644//3900 
f 3568//3824 3644//3900 3643//3899 
f 3567//3823 3643//3899 3642//3898 
f 3566//3822 3642//3898 3641//3897 
f 3565//3821 3641//3897 3640//3896 
f 3564//3820 3640//3896 3639//3895 
f 3563//3819 3639//3895 3638//3894 
f 3562//3818 3638//3894 3637//3893 
f 3561//3817 3637//3893 3636//3892 
f 3560//3816 3636//3892 3635//3891 
f 3559//3815 3635//3891 3634//3890 
f 3558//3814 3634//3890 3633//3889 
f 3557//3813 3633//3889 3632//3888 
f 3556//3812 3632//3888 3631//3887 
f 3555//3811 3631//3887 3630//3886 
f 3554//3810 3630//3886 3629//3885 
f 3553//3809 3629//3885 3628//3884 
f 3552//3808 3628//3884 3627//3883 
f 3551//3807 3627//3883 3626//3882 
f 3550//3806 3626//3882 3625//3881 
f 3549//3805 3625//3881 3624//3880 
f 3548//3804 3624//3880 3623//3879 
f 3547//3803 3623//3879 3622//3878 
f 3546//3802 3622//3878 3621//3877 
f 3545//3801 3621//3877 3620//3876 
f 3544//3800 3620//3876 3619//3875 
f 3543//3799 3619//3875 3618//3874 
f 3542//3798 3618//3874 3617//3873 
f 3465//3721 3541//3797 3616//3872 
f 3540//3796 3616//3872 3615//3871 
f 3539//3795 3615//3871 3614//3870 
f 3538//3794 3614//3870 3613//3869 
f 3537//3793 3613//3869 3612//3868 
f 3536//3792 3612//3868 3611//3867 
f 3535//3791 3611//3867 3610//3866 
f 3534//3790 3610//3866 3609//3865 
f 3533//3789 3609//3865 3608//3864 
f 3532//3788 3608//3864 3607//3863 
f 3531//3787 3607//3863 3606//3862 
f 3530//3786 3606//3862 3605//3861 
f 3529//3785 3605//3861 3604//3860 
f 3528//3784 3604//3860 3603//3859 
f 3527//3783 3603//3859 3602//3858 
f 3526//3782 3602//3858 3601//3857 
f 3525//3781 3601//3857 3600//3856 
f 3524//3780 3600//3856 3599//3855 
f 3523//3779 3599//3855 3598//3854 
f 3522//3778 3598//3854 3597//3853 
f 3521//3777 3597//3853 3596//3852 
f 3520//3776 3596//3852 3595//3851 
f 3519//3775 3595//3851 3594//3850 
f 3518//3774 3594//3850 3593//3849 
f 3517//3773 3593//3849 3592//3848 
f 3516//3772 3592//3848 3591//3847 
f 3515//3771 3591//3847 3590//3846 
f 3514//3770 3590//3846 3589//3845 
f 3513//3769 3589//3845 3588//3844 
f 3512//3768 3588//3844 3587//3843 
f 3511//3767 3587//3843 3586//3842 
f 3510//3766 3586//3842 3585//3841 
f 3509//3765 3585//3841 3584//3840 
f 3508//3764 3584//3840 3583//3839 
f 3507//3763 3583//3839 3582//3838 
f 3506//3762 3582//3838 3581//3837 
f 3505//3761 3581//3837 3580//3836 
f 3504//3760 3580//3836 3579//3835 
f 3503//3759 3579//3835 3578//3834 
f 3502//3758 3578//3834 3577//3833 
f 3501//3757 3577//3833 3576//3832 
f 3500//3756 3576//3832 3575//3831 
f 3499//3755 3575//3831 3574//3830 
f 3498//3754 3574//3830 3573//3829 
f 3497//3753 3573//3829 3572//3828 
f 3496//3752 3572//3828 3571//3827 
f 3495//3751 3571//3827 3570//3826 
f 3494//3750 3570//3826 3569//3825 
f 3493//3749 3569//3825 3568//3824 
f 3492//3748 3568//3824 3567//3823 
f 3491//3747 3567//3823 3566//3822 
f 3490//3746 3566//3822 3565//3821 
f 3489//3745 3565//3821 3564//3820 
f 3488//3744 3564//3820 3563//3819 
f 3487//3743 3563//3819 3562//3818 
f 3486//3742 3562//3818 3561//3817 
f 3485//3741 3561//3817 3560//3816 
f 3484//3740 3560//3816 3559//3815 
f 3483//3739 3559//3815 3558//3814 
f 3482//3738 3558//3814 3557//3813 
f 3481//3737 3557//3813 3556//3812 
f 3480//3736 3556//3812 3555//3811 
f 3479//3735 3555//3811 3554//3810 
f 3478//3734 3554//3810 3553//3809 
f 3477//3733 3553//3809 3552//3808 
f 3476//3732 3552//3808 3551//3807 
f 3475//3731 3551//3807 3550//3806 
f 3474//3730 3550//3806 3549//3805 
f 3473//3729 3549//3805 3548//3804 
f 3472//3728 3548//3804 3547//3803 
f 3471//3727 3547//3803 3546//3802 
f 3470//3726 3546//3802 3545//3801 
f 3469//3725 3545//3801 3544//3800 
f 3468//3724 3544//3800 3543//3799 
f 3467//3723 3543//3799 3542//3798 
f 3466//3722 3542//3798 3541//3797 
f 3389//3645 3465//3721 3540//3796 
f 3464//3720 3540//3796 3539//3795 
f 3463//3719 3539//3795 3538//3794 
f 3462//3718 3538//3794 3537//3793 
f 3461//3717 3537//3793 3536//3792 
f 3460//3716 3536//3792 3535//3791 
f 3459//3715 3535//3791 3534//3790 
f 3458//3714 3534//3790 3533//3789 
f 3457//3713 3533//3789 3532//3788 
f 3456//3712 3532//3788 3531//3787 
f 3455//3711 3531//3787 3530//3786 
f 3454//3710 3530//3786 3529//3785 
f 3453//3709 3529//3785 3528//3784 
f 3452//3708 3528//3784 3527//3783 
f 3451//3707 3527//3783 3526//3782 
f 3450//3706 3526//3782 3525//3781 
f 3449//3705 3525//3781 3524//3780 
f 3448//3704 3524//3780 3523//3779 
f 3447//3703 3523//3779 3522//3778 
f 3446//3702 3522//3778 3521//3777 
f 3445//3701 3521//3777 3520//3776 
f 3444//3700 3520//3776 3519//3775 
f 3443//3699 3519//3775 3518//3774 
f 3442//3698 3518//3774 3517//3773 
f 3441//3697 3517//3773 3516//3772 
f 3440//3696 3516//3772 3515//3771 
f 3439//3695 3515//3771 3514//3770 
f 3438//3694 3514//3770 3513//3769 
f 3437//3693 3513//3769 3512//3768 
f 3436//3692 3512//3768 3511//3767 
f 3435//3691 3511//3767 3510//3766 
f 3434//3690 3510//3766 3509//3765 
f 3433//3689 3509//3765 3508//3764 
f 3432//3688 3508//3764 3507//3763 
f 3431//3687 3507//3763 3506//3762 
f 3430//3686 3506//3762 3505//3761 
f 3429//3685 3505//3761 3504//3760 
f 3428//3684 3504//3760 3503//3759 
f 3427//3683 3503//3759 3502//3758 
f 3426//3682 3502//3758 3501//3757 
f 3425//3681 3501//3757 3500//3756 
f 3424//3680 3500//3756 3499//3755 
f 3423//3679 3499//3755 3498//3754 
f 3422//3678 3498//3754 3497//3753 
f 3421//3677 3497//3753 3496//3752 
f 3420//3676 3496//3752 3495//3751 
f 3419//3675 3495//3751 3494//3750 
f 3418//3674 3494//3750 3493//3749 
f 3417//3673 3493//3749 3492//3748 
f 3416//3672 3492//3748 3491//3747 
f 3415//3671 3491//3747 3490//3746 
f 3414//3670 3490//3746 3489//3745 
f 3413//3669 3489//3745 3488//3744 
f 3412//3668 3488//3744 3487//3743 
f 3411//3667 3487//3743 3486//3742 
f 3410//3666 3486//3742 3485//3741 
f 3409//3665 3485//3741 3484//3740 
f 3408//3664 3484//3740 3483//3739 
f 3407//3663 3483//3739 3482//3738 
f 3406//3662 3482//3738 3481//3737 
f 3405//3661 3481//3737 3480//3736 
f 3404//3660 3480//3736 3479//3735 
f 3403//3659 3479//3735 3478//3734 
f 3402//3658 3478//3734 3477//3733 
f 3401//3657 3477//3733 3476//3732 
f 3400//3656 3476//3732 3475//3731 
f 3399//3655 3475//3731 3474//3730 
f 3398//3654 3474//3730 3473//3729 
f 3397//3653 3473//3729 3472//3728 
f 3396//3652 3472//3728 3471//3727 
f 3395//3651 3471//3727 3470//3726 
f 3394//3650 3470//3726 3469//3725 
f 3393//3649 3469//3725 3468//3724 
f 3392//3648 3468//3724 3467//3723 
f 3391//3647 3467//3723 3466//3722 
f 3390//3646 3466//3722 3465//3721 
f 3313//3569 3389//3645 3464//3720 
f 3388//3644 3464//3720 3463//3719 
f 3387//3643 3463//3719 3462//3718 
f 3386//3642 3462//3718 3461//3717 
f 3385//3641 3461//3717 3460//3716 
f 3384//3640 3460//3716 3459//3715 
f 3383//3639 3459//3715 3458//3714 
f 3382//3638 3458//3714 3457//3713 
f 3381//3637 3457//3713 3456//3712 
f 3380//3636 3456//3712 3455//3711 
f 3379//3635 3455//3711 3454//3710 
f 3378//3634 3454//3710 3453//3709 
f 3377//3633 3453//3709 3452//3708 
f 3376//3632 3452//3708 3451//3707 
f 3375//3631 3451//3707 3450//3706 
f 3374//3630 3450//3706 3449//3705 
f 3373//3629 3449//3705 3448//3704 
f 3372//3628 3448//3704 3447//3703 
f 3371//3627 3447//3703 3446//3702 
f 3370//3626 3446//3702 3445//3701 
f 3369//3625 3445//3701 3444//3700 
f 3368//3624 3444//3700 3443//3699 
f 3367//3623 3443//3699 3442//3698 
f 3366//3622 3442//3698 3441//3697 
f 3365//3621 3441//3697 3440//3696 
f 3364//3620 3440//3696 3439//3695 
f 3363//3619 3439//3695 3438//3694 
f 3362//3618 3438//3694 3437//3693 
f 3361//3617 3437//3693 3436//3692 
f 3360//3616 3436//3692 3435//3691 
f 3359//3615 3435//3691 3434//3690 
f 3358//3614 3434//3690 3433//3689 
f 3357//3613 3433//3689 3432//3688 
f 3356//3612 3432//3688 3431//3687 
f 3355//3611 3431//3687 3430//3686 
f 3354//3610 3430//3686 3429//3685 
f 3353//3609 3429//3685 3428//3684 
f 3352//3608 3428//3684 3427//3683 
f 3351//3607 3427//3683 3426//3682 
f 3350//3606 3426//3682 3425//3681 
f 3349//3605 3425//3681 3424//3680 
f 3348//3604 3424//3680 3423//3679 
f 3347//3603 3423//3679 3422//3678 
f 3346//3602 3422//3678 3421//3677 
f 3345//3601 3421//3677 3420//3676 
f 3344//3600 3420//3676 3419//3675 
f 3343//3599 3419//3675 3418//3674 
f 3342//3598 3418//3674 3417//3673 
f 3341//3597 3417//3673 3416//3672 
f 3340//3596 3416//3672 3415//3671 
f 3339//3595 3415//3671 3414//3670 
f 3338//3594 3414//3670 3413//3669 
f 3337//3593 3413//3669 3412//3668 
f 3336//3592 3412//3668 3411//3667 
f 3335//3591 3411//3667 3410//3666 
f 3334//3590 3410//3666 3409//3665 
f 3333//3589 3409//3665 3408//3664 
f 3332//3588 3408//3664 3407//3663 
f 3331//3587 3407//3663 3406//3662 
f 3330//3586 3406//3662 3405//3661 
f 3329//3585 3405//3661 3404//3660 
f 3328//3584 3404//3660 3403//3659 
f 3327//3583 3403//3659 3402//3658 
f 3326//3582 3402//3658 3401//3657 
f 3325//3581 3401//3657 3400//3656 
f 3324//3580 3400//3656 3399//3655 
f 3323//3579 3399//3655 3398//3654 
f 3322//3578 3398//3654 3397//3653 
f 3321//3577 3397//3653 3396//3652 
f 3320//3576 3396//3652 3395//3651 
f 3319//3575 3395//3651 3394//3650 
f 3318//3574 3394//3650 3393//3649 
f 3317//3573 3393//3649 3392//3648 
f 3316//3572 3392//3648 3391//3647 
f 3315//3571 3391//3647 3390//3646 
f 3314//3570 3390//3646 3389//3645 
f 3237//3361 3313//3569 3388//3644 
f 3312//3567 3388//3644 3387//3643 
f 3311//3562 3387//3643 3386//3642 
f 3309//3559 3386//3642 3385//3641 
f 3310//3560 3385//3641 3384//3640 
f 3308//3556 3384//3640 3383//3639 
f 3307//3551 3383//3639 3382//3638 
f 3305//3548 3382//3638 3381//3637 
f 3306//3549 3381//3637 3380//3636 
f 3304//3545 3380//3636 3379//3635 
f 3303//3542 3379//3635 3378//3634 
f 3301//3537 3378//3634 3377//3633 
f 3302//3538 3377//3633 3376//3632 
f 3300//3534 3376//3632 3375//3631 
f 3299//3531 3375//3631 3374//3630 
f 3297//3526 3374//3630 3373//3629 
f 3298//3527 3373//3629 3372//3628 
f 3296//3523 3372//3628 3371//3627 
f 3295//3520 3371//3627 3370//3626 
f 3294//3515 3370//3626 3369//3625 
f 3292//3512 3369//3625 3368//3624 
f 3293//3513 3368//3624 3367//3623 
f 3291//3509 3367//3623 3366//3622 
f 3290//3504 3366//3622 3365//3621 
f 3288//3501 3365//3621 3364//3620 
f 3289//3502 3364//3620 3363//3619 
f 3287//3498 3363//3619 3362//3618 
f 3286//3493 3362//3618 3361//3617 
f 3284//3490 3361//3617 3360//3616 
f 3285//3491 3360//3616 3359//3615 
f 3283//3487 3359//3615 3358//3614 
f 3282//3484 3358//3614 3357//3613 
f 3280//3479 3357//3613 3356//3612 
f 3281//3480 3356//3612 3355//3611 
f 3279//3476 3355//3611 3354//3610 
f 3278//3473 3354//3610 3353//3609 
f 3276//3468 3353//3609 3352//3608 
f 3277//3469 3352//3608 3351//3607 
f 3275//3466 3351//3607 3350//3606 
f 3274//3463 3350//3606 3349//3605 
f 3273//3458 3349//3605 3348//3604 
f 3271//3455 3348//3604 3347//3603 
f 3272//3456 3347//3603 3346//3602 
f 3270//3452 3346//3602 3345//3601 
f 3269//3447 3345//3601 3344//3600 
f 3267//3444 3344//3600 3343//3599 
f 3268//3445 3343//3599 3342//3598 
f 3266//3441 3342//3598 3341//3597 
f 3265//3438 3341//3597 3340//3596 
f 3263//3433 3340//3596 3339//3595 
f 3264//3434 3339//3595 3338//3594 
f 3262//3430 3338//3594 3337//3593 
f 3261//3427 3337//3593 3336//3592 
f 3259//3422 3336//3592 3335//3591 
f 3260//3423 3335//3591 3334//3590 
f 3258//3419 3334//3590 3333//3589 
f 3257//3416 3333//3589 3332//3588 
f 3256//3411 3332//3588 3331//3587 
f 3254//3408 3331//3587 3330//3586 
f 3255//3409 3330//3586 3329//3585 
f 3253//3405 3329//3585 3328//3584 
f 3252//3400 3328//3584 3327//3583 
f 3250//3397 3327//3583 3326//3582 
f 3251//3398 3326//3582 3325//3581 
f 3249//3394 3325//3581 3324//3580 
f 3248//3389 3324//3580 3323//3579 
f 3246//3386 3323//3579 3322//3578 
f 3247//3387 3322//3578 3321//3577 
f 3245//3383 3321//3577 3320//3576 
f 3244//3380 3320//3576 3319//3575 
f 3242//3375 3319//3575 3318//3574 
f 3243//3376 3318//3574 3317//3573 
f 3241//3372 3317//3573 3316//3572 
f 3240//3369 3316//3572 3315//3571 
f 3238//3364 3315//3571 3314//3570 
f 3239//3365 3314//3570 3313//3569 
f 3030//3362 3237//3361 3312//3567 
f 3159//3566 3160//3568 3312//3567 
f 3157//3563 3158//3565 3311//3562 
f 3154//3561 3156//3564 3309//3559 
f 3155//3558 3310//3560 3308//3556 
f 3152//3555 3153//3557 3308//3556 
f 3150//3552 3151//3554 3307//3551 
f 3147//3550 3149//3553 3305//3548 
f 3148//3547 3306//3549 3304//3545 
f 3145//3544 3146//3546 3304//3545 
f 3143//3541 3144//3543 3303//3542 
f 3141//3539 3142//3540 3301//3537 
f 3139//3536 3302//3538 3300//3534 
f 3138//3533 3140//3535 3300//3534 
f 3136//3530 3137//3532 3299//3531 
f 3134//3528 3135//3529 3297//3526 
f 3132//3525 3298//3527 3296//3523 
f 3131//3522 3133//3524 3296//3523 
f 3129//3519 3130//3521 3295//3520 
f 3127//3516 3128//3518 3294//3515 
f 3124//3514 3126//3517 3292//3512 
f 3125//3511 3293//3513 3291//3509 
f 3122//3508 3123//3510 3291//3509 
f 3120//3505 3121//3507 3290//3504 
f 3117//3503 3119//3506 3288//3501 
f 3118//3500 3289//3502 3287//3498 
f 3115//3497 3116//3499 3287//3498 
f 3113//3494 3114//3496 3286//3493 
f 3111//3492 3112//3495 3284//3490 
f 3109//3489 3285//3491 3283//3487 
f 3108//3486 3110//3488 3283//3487 
f 3106//3483 3107//3485 3282//3484 
f 3104//3481 3105//3482 3280//3479 
f 3102//3478 3281//3480 3279//3476 
f 3101//3475 3103//3477 3279//3476 
f 3099//3472 3100//3474 3278//3473 
f 3097//3470 3098//3471 3276//3468 
f 3096//3467 3277//3469 3275//3466 
f 3095//3465 3275//3466 3274//3463 
f 3093//3462 3094//3464 3274//3463 
f 3091//3459 3092//3461 3273//3458 
f 3088//3457 3090//3460 3271//3455 
f 3089//3454 3272//3456 3270//3452 
f 3086//3451 3087//3453 3270//3452 
f 3084//3448 3085//3450 3269//3447 
f 3081//3446 3083//3449 3267//3444 
f 3082//3443 3268//3445 3266//3441 
f 3079//3440 3080//3442 3266//3441 
f 3077//3437 3078//3439 3265//3438 
f 3075//3435 3076//3436 3263//3433 
f 3073//3432 3264//3434 3262//3430 
f 3072//3429 3074//3431 3262//3430 
f 3070//3426 3071//3428 3261//3427 
f 3068//3424 3069//3425 3259//3422 
f 3066//3421 3260//3423 3258//3419 
f 3065//3418 3067//3420 3258//3419 
f 3063//3415 3064//3417 3257//3416 
f 3061//3412 3062//3414 3256//3411 
f 3058//3410 3060//3413 3254//3408 
f 3059//3407 3255//3409 3253//3405 
f 3056//3404 3057//3406 3253//3405 
f 3054//3401 3055//3403 3252//3400 
f 3051//3399 3053//3402 3250//3397 
f 3052//3396 3251//3398 3249//3394 
f 3049//3393 3050//3395 3249//3394 
f 3047//3390 3048//3392 3248//3389 
f 3045//3388 3046//3391 3246//3386 
f 3043//3385 3247//3387 3245//3383 
f 3042//3382 3044//3384 3245//3383 
f 3040//3379 3041//3381 3244//3380 
f 3038//3377 3039//3378 3242//3375 
f 3036//3374 3243//3376 3241//3372 
f 3035//3371 3037//3373 3241//3372 
f 3033//3368 3034//3370 3240//3369 
f 3031//3366 3032//3367 3238//3364 
f 3029//3363 3239//3365 3237//3361 
o mesh10
f 3214//5089 4833//5089 4834//5089 
f 4834//5089 3213//5089 3214//5089 
f 3215//5089 3216//5089 4835//5089 
f 3211//5089 4836//5089 4837//5089 
f 3212//5089 4838//5089 4836//5089 
f 3213//5089 4834//5089 4838//5089 
f 4835//5089 4833//5089 3215//5089 
f 3224//5089 4839//5089 4840//5089 
f 3225//5089 4841//5089 4839//5089 
f 4836//5089 3211//5089 3212//5089 
f 3214//5089 3215//5089 4833//5089 
f 3217//5089 3218//5089 4842//5089 
f 3218//5089 3219//5089 4843//5089 
f 4839//5089 3224//5089 3225//5089 
f 3226//5089 4844//5089 4841//5089 
f 3210//5089 4837//5089 4845//5089 
f 4838//5089 3212//5089 3213//5089 
f 3216//5089 3217//5089 4846//5089 
f 4843//5089 4842//5089 3218//5089 
f 3219//5089 3220//5089 4847//5089 
f 3220//5089 3221//5089 4848//5089 
f 3221//5089 3222//5089 4849//5089 
f 3223//5089 4840//5089 4849//5089 
f 4841//5089 3225//5089 3226//5089 
f 3227//5089 4850//5089 4844//5089 
f 3232//5089 3233//5089 4851//5089 
f 3233//5089 3234//5089 4852//5089 
f 3234//5089 3235//5089 4853//5089 
f 3235//5089 3236//5089 4854//5089 
f 3187//5089 3188//5089 4855//5089 
f 3188//5089 3189//5089 4856//5089 
f 3199//5089 3200//5089 4857//5089 
f 3201//5089 3202//5089 4858//5089 
f 3202//5089 3203//5089 4859//5089 
f 3203//5089 3204//5089 4860//5089 
f 3204//5089 3205//5089 4861//5089 
f 4837//5089 3210//5089 3211//5089 
f 4842//5089 4846//5089 3217//5089 
f 4848//5089 4847//5089 3220//5089 
f 4849//5089 3222//5089 3223//5089 
f 4844//5089 3226//5089 3227//5089 
f 3228//5089 4862//5089 4850//5089 
f 3229//5089 4863//5089 4862//5089 
f 4852//5089 4851//5089 3233//5089 
f 4854//5089 4853//5089 3235//5089 
f 3162//5089 4864//5089 4865//5089 
f 3163//5089 4866//5089 4864//5089 
f 4856//5089 4855//5089 3188//5089 
f 3189//5089 3190//5089 4867//5089 
f 3192//5089 4868//5089 4869//5089 
f 3193//5089 4870//5089 4868//5089 
f 3195//5089 4871//5089 4872//5089 
f 3196//5089 4873//5089 4871//5089 
f 3197//5089 4874//5089 4873//5089 
f 3198//5089 4875//5089 4874//5089 
f 4875//5089 3198//5089 3199//5089 
f 3200//5089 3201//5089 4876//5089 
f 4859//5089 4858//5089 3202//5089 
f 4861//5089 4860//5089 3204//5089 
f 4846//5089 4835//5089 3216//5089 
f 4849//5089 4848//5089 3221//5089 
f 4850//5089 3227//5089 3228//5089 
f 4862//5089 3228//5089 3229//5089 
f 4853//5089 4852//5089 3234//5089 
f 3236//5089 3161//5089 4865//5089 
f 4864//5089 3162//5089 3163//5089 
f 3164//5089 4877//5089 4866//5089 
f 4867//5089 4856//5089 3189//5089 
f 3190//5089 3191//5089 4869//5089 
f 4868//5089 3192//5089 3193//5089 
f 3194//5089 4872//5089 4870//5089 
f 4871//5089 3195//5089 3196//5089 
f 4874//5089 3197//5089 3198//5089 
f 4876//5089 4857//5089 3200//5089 
f 4860//5089 4859//5089 3203//5089 
f 4847//5089 4843//5089 3219//5089 
f 3229//5089 3230//5089 4863//5089 
f 3230//5089 3231//5089 4878//5089 
f 3231//5089 3232//5089 4879//5089 
f 4865//5089 4854//5089 3236//5089 
f 4866//5089 3163//5089 3164//5089 
f 3165//5089 4880//5089 4877//5089 
f 3166//5089 4881//5089 4880//5089 
f 3181//5089 4882//5089 4883//5089 
f 3182//5089 4884//5089 4882//5089 
f 4869//5089 4867//5089 3190//5089 
f 4870//5089 3193//5089 3194//5089 
f 4873//5089 3196//5089 3197//5089 
f 4858//5089 4876//5089 3201//5089 
f 3208//5089 4885//5089 4886//5089 
f 3209//5089 4845//5089 4885//5089 
f 4840//5089 3223//5089 3224//5089 
f 4879//5089 4878//5089 3231//5089 
f 4865//5089 3161//5089 3162//5089 
f 4880//5089 3165//5089 3166//5089 
f 3167//5089 4887//5089 4881//5089 
f 3168//5089 4888//5089 4887//5089 
f 3177//5089 4889//5089 4890//5089 
f 3178//5089 4891//5089 4889//5089 
f 4882//5089 3181//5089 3182//5089 
f 3183//5089 4892//5089 4884//5089 
f 3184//5089 3185//5089 4893//5089 
f 4869//5089 3191//5089 3192//5089 
f 4857//5089 4875//5089 3199//5089 
f 3205//5089 3206//5089 4894//5089 
f 3206//5089 3207//5089 4886//5089 
f 4885//5089 3208//5089 3209//5089 
f 4878//5089 4863//5089 3230//5089 
f 4877//5089 3164//5089 3165//5089 
f 4887//5089 3167//5089 3168//5089 
f 3169//5089 3170//5089 4895//5089 
f 3171//5089 3172//5089 4896//5089 
f 3172//5089 3173//5089 4897//5089 
f 4889//5089 3177//5089 3178//5089 
f 3179//5089 4898//5089 4891//5089 
f 4884//5089 3182//5089 3183//5089 
f 4892//5089 3183//5089 3184//5089 
f 3185//5089 3186//5089 4899//5089 
f 3186//5089 3187//5089 4900//5089 
f 4872//5089 3194//5089 3195//5089 
f 4886//5089 4894//5089 3206//5089 
f 4845//5089 3209//5089 3210//5089 
f 4881//5089 3166//5089 3167//5089 
f 4888//5089 3168//5089 3169//5089 
f 3170//5089 3171//5089 4901//5089 
f 4897//5089 4896//5089 3172//5089 
f 3173//5089 3174//5089 4902//5089 
f 3174//5089 3175//5089 4903//5089 
f 3175//5089 3176//5089 4890//5089 
f 4891//5089 3178//5089 3179//5089 
f 3180//5089 4883//5089 4898//5089 
f 4893//5089 4892//5089 3184//5089 
f 4900//5089 4899//5089 3186//5089 
f 4894//5089 4861//5089 3205//5089 
f 4851//5089 4879//5089 3232//5089 
f 4901//5089 4895//5089 3170//5089 
f 4902//5089 4897//5089 3173//5089 
f 4890//5089 4903//5089 3175//5089 
f 4898//5089 3179//5089 3180//5089 
f 4899//5089 4893//5089 3185//5089 
f 4886//5089 3207//5089 3208//5089 
f 4896//5089 4901//5089 3171//5089 
f 4890//5089 3176//5089 3177//5089 
f 4855//5089 4900//5089 3187//5089 
f 4903//5089 4902//5089 3174//5089 
f 4895//5089 4888//5089 3169//5089 
f 4883//5089 3180//5089 3181//5089 
o mesh11
f 4904//5090 4865//5089 4864//5089 
f 4905//5091 4864//5089 4866//5092 
f 4906//5093 4866//5092 4877//5092 
f 4907//5094 4877//5092 4880//5095 
f 4908//5096 4880//5095 4881//5095 
f 4909//5097 4881//5095 4887//5098 
f 4910//5099 4887//5098 4888//5098 
f 4911//5100 4888//5098 4895//5101 
f 4912//5102 4895//5101 4901//5101 
f 4913//5103 4901//5101 4896//5104 
f 4914//5105 4896//5104 4897//5104 
f 4915//5106 4897//5104 4902//5107 
f 4916//5108 4902//5107 4903//5107 
f 4917//5109 4903//5107 4890//5110 
f 4918//5111 4890//5110 4889//5110 
f 4919//5112 4889//5110 4891//5113 
f 4920//5114 4891//5113 4898//5113 
f 4921//5115 4898//5113 4883//5116 
f 4922//5117 4883//5116 4882//5116 
f 4923//5118 4882//5116 4884//5119 
f 4924//5120 4884//5119 4892//5119 
f 4925//5121 4892//5119 4893//5122 
f 4926//5123 4893//5122 4899//5122 
f 4927//5124 4899//5122 4900//5125 
f 4928//5126 4900//5125 4855//5125 
f 4929//5127 4855//5125 4856//5128 
f 4930//5129 4856//5128 4867//5128 
f 4931//5130 4867//5128 4869//5131 
f 4932//5132 4869//5131 4868//5131 
f 4933//5133 4868//5131 4870//5134 
f 4934//5135 4870//5134 4872//5134 
f 4935//5136 4872//5134 4871//5137 
f 4936//5138 4871//5137 4873//5137 
f 4937//5139 4873//5137 4874//5140 
f 4938//5141 4874//5140 4875//5140 
f 4939//5142 4875//5140 4857//5143 
f 4940//5144 4857//5143 4876//5143 
f 4941//5145 4876//5143 4858//5146 
f 4942//5147 4858//5146 4859//5146 
f 4943//5148 4859//5146 4860//5149 
f 4944//5150 4860//5149 4861//5149 
f 4945//5151 4861//5149 4894//5152 
f 4946//5153 4894//5152 4886//5152 
f 4947//5154 4886//5152 4885//5155 
f 4948//5156 4885//5155 4845//5155 
f 4949//5157 4845//5155 4837//5158 
f 4950//5159 4837//5158 4836//5158 
f 4951//5160 4836//5158 4838//5161 
f 4952//5162 4838//5161 4834//5161 
f 4953//5163 4834//5161 4833//5164 
f 4954//5165 4833//5164 4835//5164 
f 4955//5166 4835//5164 4846//5167 
f 4956//5168 4846//5167 4842//5167 
f 4957//5169 4842//5167 4843//5170 
f 4958//5171 4843//5170 4847//5170 
f 4959//5172 4847//5170 4848//5173 
f 4960//5174 4848//5173 4849//5173 
f 4961//5175 4849//5173 4840//5176 
f 4962//5177 4840//5176 4839//5176 
f 4963//5178 4839//5176 4841//5179 
f 4964//5180 4841//5179 4844//5179 
f 4965//5181 4844//5179 4850//5182 
f 4966//5183 4850//5182 4862//5182 
f 4967//5184 4862//5182 4863//5185 
f 4968//5186 4863//5185 4878//5185 
f 4969//5187 4878//5185 4879//5188 
f 4970//5189 4879//5188 4851//5188 
f 4971//5190 4851//5188 4852//5191 
f 4972//5192 4852//5191 4853//5191 
f 4973//5193 4853//5191 4854//5194 
f 4974//5195 4854//5194 4865//5089 
f 4975//5196 4904//5090 4905//5091 
f 4976//5197 4905//5091 4906//5093 
f 4977//5198 4906//5093 4907//5094 
f 4978//5199 4907//5094 4908//5096 
f 4979//5200 4908//5096 4909//5097 
f 4980//5201 4909//5097 4910//5099 
f 4981//5202 4910//5099 4911//5100 
f 4982//5203 4911//5100 4912//5102 
f 4983//5204 4912//5102 4913//5103 
f 4984//5205 4913//5103 4914//5105 
f 4985//5206 4914//5105 4915//5106 
f 4986//5207 4915//5106 4916//5108 
f 4987//5208 4916//5108 4917//5109 
f 4988//5209 4917//5109 4918//5111 
f 4989//5210 4918//5111 4919//5112 
f 4990//5211 4919//5112 4920//5114 
f 4991//5212 4920//5114 4921//5115 
f 4992//5213 4921//5115 4922//5117 
f 4993//5214 4922//5117 4923//5118 
f 4994//5215 4923//5118 4924//5120 
f 4995//5216 4924//5120 4925//5121 
f 4996//5217 4925//5121 4926//5123 
f 4997//5218 4926//5123 4927//5124 
f 4998//5219 4927//5124 4928//5126 
f 4999//5220 4928//5126 4929//5127 
f 5000//5221 4929//5127 4930//5129 
f 5001//5222 4930//5129 4931//5130 
f 5002//5223 4931//5130 4932//5132 
f 5003//5224 4932//5132 4933//5133 
f 5004//5225 4933//5133 4934//5135 
f 5005//5226 4934//5135 4935//5136 
f 5006//5227 4935//5136 4936//5138 
f 5007//5228 4936//5138 4937//5139 
f 5008//5229 4937//5139 4938//5141 
f 5009//5230 4938//5141 4939//5142 
f 5010//5231 4939//5142 4940//5144 
f 5011//5232 4940//5144 4941//5145 
f 5012//5233 4941//5145 4942//5147 
f 5013//5234 4942//5147 4943//5148 
f 5014//5235 4943//5148 4944//5150 
f 5015//5236 4944//5150 4945//5151 
f 5016//5237 4945//5151 4946//5153 
f 5017//5238 4946//5153 4947//5154 
f 5018//5239 4947//5154 4948//5156 
f 5019//5240 4948//5156 4949//5157 
f 5020//5241 4949//5157 4950//5159 
f 5021//5242 4950//5159 4951//5160 
f 5022//5243 4951//5160 4952//5162 
f 5023//5244 4952//5162 4953//5163 
f 5024//5245 4953//5163 4954//5165 
f 5025//5246 4954//5165 4955//5166 
f 5026//5247 4955//5166 4956//5168 
f 5027//5248 4956//5168 4957//5169 
f 5028//5249 4957//5169 4958//5171 
f 5029//5250 4958//5171 4959//5172 
f 5030//5251 4959//5172 4960//5174 
f 5031//5252 4960//5174 4961//5175 
f 5032//5253 4961//5175 4962//5177 
f 5033//5254 4962//5177 4963//5178 
f 5034//5255 4963//5178 4964//5180 
f 5035//5256 4964//5180 4965//5181 
f 5036//5257 4965//5181 4966//5183 
f 5037//5258 4966//5183 4967//5184 
f 5038//5259 4967//5184 4968//5186 
f 5039//5260 4968//5186 4969//5187 
f 5040//5261 4969//5187 4970//5189 
f 5041//5262 4970//5189 4971//5190 
f 5042//5263 4971//5190 4972//5192 
f 5043//5264 4972//5192 4973//5193 
f 5044//5265 4973//5193 4974//5195 
f 5045//5266 4974//5195 4904//5090 
f 5046//5267 4975//5196 4976//5197 
f 5047//5268 4976//5197 4977//5198 
f 5048//5269 4977//5198 4978//5199 
f 5049//5270 4978//5199 4979//5200 
f 5050//5271 4979//5200 4980//5201 
f 5051//5272 4980//5201 4981//5202 
f 5052//5273 4981//5202 4982//5203 
f 5053//5274 4982//5203 4983//5204 
f 5054//5275 4983//5204 4984//5205 
f 5055//5276 4984//5205 4985//5206 
f 5056//5277 4985//5206 4986//5207 
f 5057//5278 4986//5207 4987//5208 
f 5058//5279 4987//5208 4988//5209 
f 5059//5280 4988//5209 4989//5210 
f 5060//5281 4989//5210 4990//5211 
f 5061//5282 4990//5211 4991//5212 
f 5062//5283 4991//5212 4992//5213 
f 5063//5284 4992//5213 4993//5214 
f 5064//5285 4993//5214 4994//5215 
f 5065//5286 4994//5215 4995//5216 
f 5066//5287 4995//5216 4996//5217 
f 5067//5288 4996//5217 4997//5218 
f 5068//5289 4997//5218 4998//5219 
f 5069//5290 4998//5219 4999//5220 
f 5070//5291 4999//5220 5000//5221 
f 5071//5292 5000//5221 5001//5222 
f 5072//5293 5001//5222 5002//5223 
f 5073//5294 5002//5223 5003//5224 
f 5074//5295 5003//5224 5004//5225 
f 5075//5296 5004//5225 5005//5226 
f 5076//5297 5005//5226 5006//5227 
f 5077//5298 5006//5227 5007//5228 
f 5078//5299 5007//5228 5008//5229 
f 5079//5300 5008//5229 5009//5230 
f 5080//5301 5009//5230 5010//5231 
f 5081//5302 5010//5231 5011//5232 
f 5082//5303 5011//5232 5012//5233 
f 5083//5304 5012//5233 5013//5234 
f 5084//5305 5013//5234 5014//5235 
f 5085//5306 5014//5235 5015//5236 
f 5086//5307 5015//5236 5016//5237 
f 5087//5308 5016//5237 5017//5238 
f 5088//5309 5017//5238 5018//5239 
f 5089//5310 5018//5239 5019//5240 
f 5090//5311 5019//5240 5020//5241 
f 5091//5312 5020//5241 5021//5242 
f 5092//5313 5021//5242 5022//5243 
f 5093//5314 5022//5243 5023//5244 
f 5094//5315 5023//5244 5024//5245 
f 5095//5316 5024//5245 5025//5246 
f 5096//5317 5025//5246 5026//5247 
f 5097//5318 5026//5247 5027//5248 
f 5098//5319 5027//5248 5028//5249 
f 5099//5320 5028//5249 5029//5250 
f 5100//5321 5029//5250 5030//5251 
f 5101//5322 5030//5251 5031//5252 
f 5102//5323 5031//5252 5032//5253 
f 5103//5324 5032//5253 5033//5254 
f 5104//5325 5033//5254 5034//5255 
f 5105//5326 5034//5255 5035//5256 
f 5106//5327 5035//5256 5036//5257 
f 5107//5328 5036//5257 5037//5258 
f 5108//5329 5037//5258 5038//5259 
f 5109//5330 5038//5259 5039//5260 
f 5110//5331 5039//5260 5040//5261 
f 5111//5332 5040//5261 5041//5262 
f 5112//5333 5041//5262 5042//5263 
f 5113//5334 5042//5263 5043//5264 
f 5114//5335 5043//5264 5044//5265 
f 5115//5336 5044//5265 5045//5266 
f 5116//5337 5045//5266 4975//5196 
f 5117//5338 5046//5267 5047//5268 
f 5118//5339 5047//5268 5048//5269 
f 5119//5340 5048//5269 5049//5270 
f 5120//5341 5049//5270 5050//5271 
f 5121//5342 5050//5271 5051//5272 
f 5122//5343 5051//5272 5052//5273 
f 5123//5344 5052//5273 5053//5274 
f 5124//5345 5053//5274 5054//5275 
f 5125//5346 5054//5275 5055//5276 
f 5126//5347 5055//5276 5056//5277 
f 5127//5348 5056//5277 5057//5278 
f 5128//5349 5057//5278 5058//5279 
f 5129//5350 5058//5279 5059//5280 
f 5130//5351 5059//5280 5060//5281 
f 5131//5352 5060//5281 5061//5282 
f 5132//5353 5061//5282 5062//5283 
f 5133//5354 5062//5283 5063//5284 
f 5134//5355 5063//5284 5064//5285 
f 5135//5356 5064//5285 5065//5286 
f 5136//5357 5065//5286 5066//5287 
f 5137//5358 5066//5287 5067//5288 
f 5138//5359 5067//5288 5068//5289 
f 5139//5360 5068//5289 5069//5290 
f 5140//5361 5069//5290 5070//5291 
f 5141//5362 5070//5291 5071//5292 
f 5142//5363 5071//5292 5072//5293 
f 5143//5364 5072//5293 5073//5294 
f 5144//5365 5073//5294 5074//5295 
f 5145//5366 5074//5295 5075//5296 
f 5146//5367 5075//5296 5076//5297 
f 5147//5368 5076//5297 5077//5298 
f 5148//5369 5077//5298 5078//5299 
f 5149//5370 5078//5299 5079//5300 
f 5150//5371 5079//5300 5080//5301 
f 5151//5372 5080//5301 5081//5302 
f 5152//5373 5081//5302 5082//5303 
f 5153//5374 5082//5303 5083//5304 
f 5154//5375 5083//5304 5084//5305 
f 5155//5376 5084//5305 5085//5306 
f 5156//5377 5085//5306 5086//5307 
f 5157//5378 5086//5307 5087//5308 
f 5158//5379 5087//5308 5088//5309 
f 5159//5380 5088//5309 5089//5310 
f 5160//5381 5089//5310 5090//5311 
f 5161//5382 5090//5311 5091//5312 
f 5162//5383 5091//5312 5092//5313 
f 5163//5384 5092//5313 5093//5314 
f 5164//5385 5093//5314 5094//5315 
f 5165//5386 5094//5315 5095//5316 
f 5166//5387 5095//5316 5096//5317 
f 5167//5388 5096//5317 5097//5318 
f 5168//5389 5097//5318 5098//5319 
f 5169//5390 5098//5319 5099//5320 
f 5170//5391 5099//5320 5100//5321 
f 5171//5392 5100//5321 5101//5322 
f 5172//5393 5101//5322 5102//5323 
f 5173//5394 5102//5323 5103//5324 
f 5174//5395 5103//5324 5104//5325 
f 5175//5396 5104//5325 5105//5326 
f 5176//5397 5105//5326 5106//5327 
f 5177//5398 5106//5327 5107//5328 
f 5178//5399 5107//5328 5108//5329 
f 5179//5400 5108//5329 5109//5330 
f 5180//5401 5109//5330 5110//5331 
f 5181//5402 5110//5331 5111//5332 
f 5182//5403 5111//5332 5112//5333 
f 5183//5404 5112//5333 5113//5334 
f 5184//5405 5113//5334 5114//5335 
f 5185//5406 5114//5335 5115//5336 
f 5186//5407 5115//5336 5116//5337 
f 5187//5408 5116//5337 5046//5267 
f 5188//5409 5117//5338 5118//5339 
f 5189//5410 5118//5339 5119//5340 
f 5190//5411 5119//5340 5120//5341 
f 5191//5412 5120//5341 5121//5342 
f 5192//5413 5121//5342 5122//5343 
f 5193//5414 5122//5343 5123//5344 
f 5194//5415 5123//5344 5124//5345 
f 5195//5416 5124//5345 5125//5346 
f 5196//5417 5125//5346 5126//5347 
f 5197//5418 5126//5347 5127//5348 
f 5198//5419 5127//5348 5128//5349 
f 5199//5420 5128//5349 5129//5350 
f 5200//5421 5129//5350 5130//5351 
f 5201//5422 5130//5351 5131//5352 
f 5202//5423 5131//5352 5132//5353 
f 5203//5424 5132//5353 5133//5354 
f 5204//5425 5133//5354 5134//5355 
f 5205//5426 5134//5355 5135//5356 
f 5206//5427 5135//5356 5136//5357 
f 5207//5428 5136//5357 5137//5358 
f 5208//5429 5137//5358 5138//5359 
f 5209//5430 5138//5359 5139//5360 
f 5210//5431 5139//5360 5140//5361 
f 5211//5432 5140//5361 5141//5362 
f 5212//5433 5141//5362 5142//5363 
f 5213//5434 5142//5363 5143//5364 
f 5214//5435 5143//5364 5144//5365 
f 5215//5436 5144//5365 5145//5366 
f 5216//5437 5145//5366 5146//5367 
f 5217//5438 5146//5367 5147//5368 
f 5218//5439 5147//5368 5148//5369 
f 5219//5440 5148//5369 5149//5370 
f 5220//5441 5149//5370 5150//5371 
f 5221//5442 5150//5371 5151//5372 
f 5222//5443 5151//5372 5152//5373 
f 5223//5444 5152//5373 5153//5374 
f 5224//5445 5153//5374 5154//5375 
f 5225//5446 5154//5375 5155//5376 
f 5226//5447 5155//5376 5156//5377 
f 5227//5448 5156//5377 5157//5378 
f 5228//5449 5157//5378 5158//5379 
f 5229//5450 5158//5379 5159//5380 
f 5230//5451 5159//5380 5160//5381 
f 5231//5452 5160//5381 5161//5382 
f 5232//5453 5161//5382 5162//5383 
f 5233//5454 5162//5383 5163//5384 
f 5234//5455 5163//5384 5164//5385 
f 5235//5456 5164//5385 5165//5386 
f 5236//5457 5165//5386 5166//5387 
f 5237//5458 5166//5387 5167//5388 
f 5238//5459 5167//5388 5168//5389 
f 5239//5460 5168//5389 5169//5390 
f 5240//5461 5169//5390 5170//5391 
f 5241//5462 5170//5391 5171//5392 
f 5242//5463 5171//5392 5172//5393 
f 5243//5464 5172//5393 5173//5394 
f 5244//5465 5173//5394 5174//5395 
f 5245//5466 5174//5395 5175//5396 
f 5246//5467 5175//5396 5176//5397 
f 5247//5468 5176//5397 5177//5398 
f 5248//5469 5177//5398 5178//5399 
f 5249//5470 5178//5399 5179//5400 
f 5250//5471 5179//5400 5180//5401 
f 5251//5472 5180//5401 5181//5402 
f 5252//5473 5181//5402 5182//5403 
f 5253//5474 5182//5403 5183//5404 
f 5254//5475 5183//5404 5184//5405 
f 5255//5476 5184//5405 5185//5406 
f 5256//5477 5185//5406 5186//5407 
f 5257//5478 5186//5407 5187//5408 
f 5258//5479 5187//5408 5117//5338 
f 5259//5480 5188//5409 5189//5410 
f 5260//5481 5189//5410 5190//5411 
f 5261//5482 5190//5411 5191//5412 
f 5262//5483 5191//5412 5192//5413 
f 5263//5484 5192//5413 5193//5414 
f 5264//5485 5193//5414 5194//5415 
f 5265//5486 5194//5415 5195//5416 
f 5266//5487 5195//5416 5196//5417 
f 5267//5488 5196//5417 5197//5418 
f 5268//5489 5197//5418 5198//5419 
f 5269//5490 5198//5419 5199//5420 
f 5270//5491 5199//5420 5200//5421 
f 5271//5492 5200//5421 5201//5422 
f 5272//5493 5201//5422 5202//5423 
f 5273//5494 5202//5423 5203//5424 
f 5274//5495 5203//5424 5204//5425 
f 5275//5496 5204//5425 5205//5426 
f 5276//5497 5205//5426 5206//5427 
f 5277//5498 5206//5427 5207//5428 
f 5278//5499 5207//5428 5208//5429 
f 5279//5500 5208//5429 5209//5430 
f 5280//5501 5209//5430 5210//5431 
f 5281//5502 5210//5431 5211//5432 
f 5282//5503 5211//5432 5212//5433 
f 5283//5504 5212//5433 5213//5434 
f 5284//5505 5213//5434 5214//5435 
f 5285//5506 5214//5435 5215//5436 
f 5286//5507 5215//5436 5216//5437 
f 5287//5508 5216//5437 5217//5438 
f 5288//5509 5217//5438 5218//5439 
f 5289//5510 5218//5439 5219//5440 
f 5290//5511 5219//5440 5220//5441 
f 5291//5512 5220//5441 5221//5442 
f 5292//5513 5221//5442 5222//5443 
f 5293//5514 5222//5443 5223//5444 
f 5294//5515 5223//5444 5224//5445 
f 5295//5516 5224//5445 5225//5446 
f 5296//5517 5225//5446 5226//5447 
f 5297//5518 5226//5447 5227//5448 
f 5298//5519 5227//5448 5228//5449 
f 5299//5520 5228//5449 5229//5450 
f 5300//5521 5229//5450 5230//5451 
f 5301//5522 5230//5451 5231//5452 
f 5302//5523 5231//5452 5232//5453 
f 5303//5524 5232//5453 5233//5454 
f 5304//5525 5233//5454 5234//5455 
f 5305//5526 5234//5455 5235//5456 
f 5306//5527 5235//5456 5236//5457 
f 5307//5528 5236//5457 5237//5458 
f 5308//5529 5237//5458 5238//5459 
f 5309//5530 5238//5459 5239//5460 
f 5310//5531 5239//5460 5240//5461 
f 5311//5532 5240//5461 5241//5462 
f 5312//5533 5241//5462 5242//5463 
f 5313//5534 5242//5463 5243//5464 
f 5314//5535 5243//5464 5244//5465 
f 5315//5536 5244//5465 5245//5466 
f 5316//5537 5245//5466 5246//5467 
f 5317//5538 5246//5467 5247//5468 
f 5318//5539 5247//5468 5248//5469 
f 5319//5540 5248//5469 5249//5470 
f 5320//5541 5249//5470 5250//5471 
f 5321//5542 5250//5471 5251//5472 
f 5322//5543 5251//5472 5252//5473 
f 5323//5544 5252//5473 5253//5474 
f 5324//5545 5253//5474 5254//5475 
f 5325//5546 5254//5475 5255//5476 
f 5326//5547 5255//5476 5256//5477 
f 5327//5548 5256//5477 5257//5478 
f 5328//5549 5257//5478 5258//5479 
f 5329//5550 5258//5479 5188//5409 
f 5330//5551 5259//5480 5260//5481 
f 5331//5552 5260//5481 5261//5482 
f 5332//5553 5261//5482 5262//5483 
f 5333//5554 5262//5483 5263//5484 
f 5334//5555 5263//5484 5264//5485 
f 5335//5556 5264//5485 5265//5486 
f 5336//5557 5265//5486 5266//5487 
f 5337//5558 5266//5487 5267//5488 
f 5338//5559 5267//5488 5268//5489 
f 5339//5560 5268//5489 5269//5490 
f 5340//5561 5269//5490 5270//5491 
f 5341//5562 5270//5491 5271//5492 
f 5342//5563 5271//5492 5272//5493 
f 5343//5564 5272//5493 5273//5494 
f 5344//5565 5273//5494 5274//5495 
f 5345//5566 5274//5495 5275//5496 
f 5346//5567 5275//5496 5276//5497 
f 5347//5568 5276//5497 5277//5498 
f 5348//5569 5277//5498 5278//5499 
f 5349//5570 5278//5499 5279//5500 
f 5350//5571 5279//5500 5280//5501 
f 5351//5572 5280//5501 5281//5502 
f 5352//5573 5281//5502 5282//5503 
f 5353//5574 5282//5503 5283//5504 
f 5354//5575 5283//5504 5284//5505 
f 5355//5576 5284//5505 5285//5506 
f 5356//5577 5285//5506 5286//5507 
f 5357//5578 5286//5507 5287//5508 
f 5358//5579 5287//5508 5288//5509 
f 5359//5580 5288//5509 5289//5510 
f 5360//5581 5289//5510 5290//5511 
f 5361//5582 5290//5511 5291//5512 
f 5362//5583 5291//5512 5292//5513 
f 5363//5584 5292//5513 5293//5514 
f 5364//5585 5293//5514 5294//5515 
f 5365//5586 5294//5515 5295//5516 
f 5366//5587 5295//5516 5296//5517 
f 5367//5588 5296//5517 5297//5518 
f 5368//5589 5297//5518 5298//5519 
f 5369//5590 5298//5519 5299//5520 
f 5370//5591 5299//5520 5300//5521 
f 5371//5592 5300//5521 5301//5522 
f 5372//5593 5301//5522 5302//5523 
f 5373//5594 5302//5523 5303//5524 
f 5374//5595 5303//5524 5304//5525 
f 5375//5596 5304//5525 5305//5526 
f 5376//5597 5305//5526 5306//5527 
f 5377//5598 5306//5527 5307//5528 
f 5378//5599 5307//5528 5308//5529 
f 5379//5600 5308//5529 5309//5530 
f 5380//5601 5309//5530 5310//5531 
f 5381//5602 5310//5531 5311//5532 
f 5382//5603 5311//5532 5312//5533 
f 5383//5604 5312//5533 5313//5534 
f 5384//5605 5313//5534 5314//5535 
f 5385//5606 5314//5535 5315//5536 
f 5386//5607 5315//5536 5316//5537 
f 5387//5608 5316//5537 5317//5538 
f 5388//5609 5317//5538 5318//5539 
f 5389//5610 5318//5539 5319//5540 
f 5390//5611 5319//5540 5320//5541 
f 5391//5612 5320//5541 5321//5542 
f 5392//5613 5321//5542 5322//5543 
f 5393//5614 5322//5543 5323//5544 
f 5394//5615 5323//5544 5324//5545 
f 5395//5616 5324//5545 5325//5546 
f 5396//5617 5325//5546 5326//5547 
f 5397//5618 5326//5547 5327//5548 
f 5398//5619 5327//5548 5328//5549 
f 5399//5620 5328//5549 5329//5550 
f 5400//5621 5329//5550 5259//5480 
f 2438//5622 5330//5551 5331//5552 
f 5332//5553 2439//5623 2440//5624 
f 2440//5624 5331//5552 5332//5553 
f 5333//5554 2441//5625 2443//5626 
f 2443//5626 5332//5553 5333//5554 
f 5333//5554 5334//5555 2442//5627 
f 5334//5555 2444//5628 2442//5627 
f 5334//5555 5335//5556 2445//5629 
f 5335//5556 2447//5630 2445//5629 
f 2447//5630 5335//5556 5336//5557 
f 5337//5558 2448//5631 2449//5632 
f 2449//5632 5336//5557 5337//5558 
f 5338//5559 2450//5633 2451//5634 
f 2451//5634 5337//5558 5338//5559 
f 5338//5559 5339//5560 2454//5635 
f 5339//5560 2452//5636 2454//5635 
f 5339//5560 5340//5561 2453//5637 
f 5340//5561 2455//5638 2453//5637 
f 2455//5638 5340//5561 5341//5562 
f 5342//5563 2457//5639 2458//5640 
f 2458//5640 5341//5562 5342//5563 
f 5343//5564 2459//5641 2460//5642 
f 2460//5642 5342//5563 5343//5564 
f 5344//5565 2461//5643 2463//5644 
f 2463//5644 5343//5564 5344//5565 
f 5344//5565 5345//5566 2462//5645 
f 5345//5566 2464//5646 2462//5645 
f 5345//5566 5346//5567 2465//5647 
f 5346//5567 2467//5648 2465//5647 
f 2467//5648 5346//5567 5347//5568 
f 5348//5569 2468//5649 2469//5650 
f 2469//5650 5347//5568 5348//5569 
f 5349//5570 2470//5651 2471//5652 
f 2471//5652 5348//5569 5349//5570 
f 5349//5570 5350//5571 2474//5653 
f 5350//5571 2472//5654 2474//5653 
f 5350//5571 5351//5572 2473//5655 
f 5351//5572 2475//5656 2473//5655 
f 2475//5656 5351//5572 5352//5573 
f 5353//5574 2477//5657 2478//5658 
f 2478//5658 5352//5573 5353//5574 
f 5354//5575 2479//5659 2480//5660 
f 2480//5660 5353//5574 5354//5575 
f 5355//5576 2481//5661 2483//5662 
f 2483//5662 5354//5575 5355//5576 
f 5355//5576 5356//5577 2482//5663 
f 5356//5577 2484//5664 2482//5663 
f 5356//5577 5357//5578 2485//5665 
f 5357//5578 2487//5666 2485//5665 
f 2487//5666 5357//5578 5358//5579 
f 5359//5580 2488//5667 2489//5668 
f 2489//5668 5358//5579 5359//5580 
f 5360//5581 2490//5669 2491//5670 
f 2491//5670 5359//5580 5360//5581 
f 5360//5581 5361//5582 2494//5671 
f 5361//5582 2492//5672 2494//5671 
f 5361//5582 5362//5583 2493//5673 
f 5362//5583 2495//5674 2493//5673 
f 2495//5674 5362//5583 5363//5584 
f 5364//5585 2497//5675 2498//5676 
f 2498//5676 5363//5584 5364//5585 
f 5365//5586 2499//5677 2500//5678 
f 2500//5678 5364//5585 5365//5586 
f 5366//5587 2501//5679 2503//5680 
f 2503//5680 5365//5586 5366//5587 
f 5366//5587 5367//5588 2502//5681 
f 5367//5588 2504//5682 2502//5681 
f 5367//5588 5368//5589 2505//5683 
f 5368//5589 2507//5684 2505//5683 
f 2507//5684 5368//5589 5369//5590 
f 5370//5591 2508//5685 2509//5686 
f 2509//5686 5369//5590 5370//5591 
f 5371//5592 2510//5687 2512//5688 
f 2512//5688 5370//5591 5371//5592 
f 5371//5592 5372//5593 2511//5689 
f 5372//5593 2513//5690 2511//5689 
f 5372//5593 5373//5594 2514//5691 
f 5373//5594 2515//5692 2514//5691 
f 2515//5692 5373//5594 5374//5595 
f 5375//5596 2517//5693 2518//5694 
f 2518//5694 5374//5595 5375//5596 
f 5376//5597 2519//5695 2520//5696 
f 2520//5696 5375//5596 5376//5597 
f 5376//5597 5377//5598 2523//5697 
f 5377//5598 2521//5698 2523//5697 
f 5377//5598 5378//5599 2522//5699 
f 5378//5599 2524//5700 2522//5699 
f 5378//5599 5379//5600 2525//5701 
f 5379//5600 2527//5702 2525//5701 
f 2527//5702 5379//5600 5380//5601 
f 5381//5602 2528//5703 2529//5704 
f 2529//5704 5380//5601 5381//5602 
f 5382//5603 2530//5705 2532//5706 
f 2532//5706 5381//5602 5382//5603 
f 5382//5603 5383//5604 2531//5707 
f 5383//5604 2533//5708 2531//5707 
f 5383//5604 5384//5605 2534//5709 
f 5384//5605 2535//5710 2534//5709 
f 2535//5710 5384//5605 5385//5606 
f 5386//5607 2537//5711 2538//5712 
f 2538//5712 5385//5606 5386//5607 
f 5387//5608 2539//5713 2540//5714 
f 2540//5714 5386//5607 5387//5608 
f 5387//5608 5388//5609 2543//5715 
f 5388//5609 2541//5716 2543//5715 
f 5388//5609 5389//5610 2542//5717 
f 5389//5610 2544//5718 2542//5717 
f 5389//5610 5390//5611 2545//5719 
f 5390//5611 2547//5720 2545//5719 
f 2547//5720 5390//5611 5391//5612 
f 5392//5613 2548//5721 2549//5722 
f 2549//5722 5391//5612 5392//5613 
f 5393//5614 2550//5723 2552//5724 
f 2552//5724 5392//5613 5393//5614 
f 5393//5614 5394//5615 2551//5725 
f 5394//5615 2553//5726 2551//5725 
f 5394//5615 5395//5616 2554//5727 
f 5395//5616 2555//5728 2554//5727 
f 2555//5728 5395//5616 5396//5617 
f 5397//5618 2557//5729 2558//5730 
f 2558//5730 5396//5617 5397//5618 
f 5398//5619 2559//5731 2560//5732 
f 2560//5732 5397//5618 5398//5619 
f 5398//5619 5399//5620 2563//5733 
f 5399//5620 2561//5734 2563//5733 
f 5399//5620 5400//5621 2562//5735 
f 5400//5621 2564//5736 2562//5735 
f 2564//5736 5400//5621 5330//5551 
f 5330//5551 2438//5622 2564//5736 
f 2562//5735 2561//5734 5399//5620 
f 2563//5733 2559//5731 5398//5619 
f 2560//5732 2557//5729 5397//5618 
f 2558//5730 2556//5737 5396//5617 
f 5396//5617 2556//5737 2555//5728 
f 2554//5727 2553//5726 5394//5615 
f 2551//5725 2550//5723 5393//5614 
f 2552//5724 2548//5721 5392//5613 
f 2549//5722 2546//5738 5391//5612 
f 5391//5612 2546//5738 2547//5720 
f 2545//5719 2544//5718 5389//5610 
f 2542//5717 2541//5716 5388//5609 
f 2543//5715 2539//5713 5387//5608 
f 2540//5714 2537//5711 5386//5607 
f 2538//5712 2536//5739 5385//5606 
f 5385//5606 2536//5739 2535//5710 
f 2534//5709 2533//5708 5383//5604 
f 2531//5707 2530//5705 5382//5603 
f 2532//5706 2528//5703 5381//5602 
f 2529//5704 2526//5740 5380//5601 
f 5380//5601 2526//5740 2527//5702 
f 2525//5701 2524//5700 5378//5599 
f 2522//5699 2521//5698 5377//5598 
f 2523//5697 2519//5695 5376//5597 
f 2520//5696 2517//5693 5375//5596 
f 2518//5694 2516//5741 5374//5595 
f 5374//5595 2516//5741 2515//5692 
f 2514//5691 2513//5690 5372//5593 
f 2511//5689 2510//5687 5371//5592 
f 2512//5688 2508//5685 5370//5591 
f 2509//5686 2506//5742 5369//5590 
f 5369//5590 2506//5742 2507//5684 
f 2505//5683 2504//5682 5367//5588 
f 2502//5681 2501//5679 5366//5587 
f 2503//5680 2499//5677 5365//5586 
f 2500//5678 2497//5675 5364//5585 
f 2498//5676 2496//5743 5363//5584 
f 5363//5584 2496//5743 2495//5674 
f 2493//5673 2492//5672 5361//5582 
f 2494//5671 2490//5669 5360//5581 
f 2491//5670 2488//5667 5359//5580 
f 2489//5668 2486//5744 5358//5579 
f 5358//5579 2486//5744 2487//5666 
f 2485//5665 2484//5664 5356//5577 
f 2482//5663 2481//5661 5355//5576 
f 2483//5662 2479//5659 5354//5575 
f 2480//5660 2477//5657 5353//5574 
f 2478//5658 2476//5745 5352//5573 
f 5352//5573 2476//5745 2475//5656 
f 2473//5655 2472//5654 5350//5571 
f 2474//5653 2470//5651 5349//5570 
f 2471//5652 2468//5649 5348//5569 
f 2469//5650 2466//5746 5347//5568 
f 5347//5568 2466//5746 2467//5648 
f 2465//5647 2464//5646 5345//5566 
f 2462//5645 2461//5643 5344//5565 
f 2463//5644 2459//5641 5343//5564 
f 2460//5642 2457//5639 5342//5563 
f 2458//5640 2456//5747 5341//5562 
f 5341//5562 2456//5747 2455//5638 
f 2453//5637 2452//5636 5339//5560 
f 2454//5635 2450//5633 5338//5559 
f 2451//5634 2448//5631 5337//5558 
f 2449//5632 2446//5748 5336//5557 
f 5336//5557 2446//5748 2447//5630 
f 2445//5629 2444//5628 5334//5555 
f 2442//5627 2441//5625 5333//5554 
f 2443//5626 2439//5623 5332//5553 
f 2440//5624 2437//5749 5331//5552 
f 5331//5552 2437//5749 2438//5622 
f 5259//5480 5330//5551 5400//5621 
f 5329//5550 5400//5621 5399//5620 
f 5328//5549 5399//5620 5398//5619 
f 5327//5548 5398//5619 5397//5618 
f 5326//5547 5397//5618 5396//5617 
f 5325//5546 5396//5617 5395//5616 
f 5324//5545 5395//5616 5394//5615 
f 5323//5544 5394//5615 5393//5614 
f 5322//5543 5393//5614 5392//5613 
f 5321//5542 5392//5613 5391//5612 
f 5320//5541 5391//5612 5390//5611 
f 5319//5540 5390//5611 5389//5610 
f 5318//5539 5389//5610 5388//5609 
f 5317//5538 5388//5609 5387//5608 
f 5316//5537 5387//5608 5386//5607 
f 5315//5536 5386//5607 5385//5606 
f 5314//5535 5385//5606 5384//5605 
f 5313//5534 5384//5605 5383//5604 
f 5312//5533 5383//5604 5382//5603 
f 5311//5532 5382//5603 5381//5602 
f 5310//5531 5381//5602 5380//5601 
f 5309//5530 5380//5601 5379//5600 
f 5308//5529 5379//5600 5378//5599 
f 5307//5528 5378//5599 5377//5598 
f 5306//5527 5377//5598 5376//5597 
f 5305//5526 5376//5597 5375//5596 
f 5304//5525 5375//5596 5374//5595 
f 5303//5524 5374//5595 5373//5594 
f 5302//5523 5373//5594 5372//5593 
f 5301//5522 5372//5593 5371//5592 
f 5300//5521 5371//5592 5370//5591 
f 5299//5520 5370//5591 5369//5590 
f 5298//5519 5369//5590 5368//5589 
f 5297//5518 5368//5589 5367//5588 
f 5296//5517 5367//5588 5366//5587 
f 5295//5516 5366//5587 5365//5586 
f 5294//5515 5365//5586 5364//5585 
f 5293//5514 5364//5585 5363//5584 
f 5292//5513 5363//5584 5362//5583 
f 5291//5512 5362//5583 5361//5582 
f 5290//5511 5361//5582 5360//5581 
f 5289//5510 5360//5581 5359//5580 
f 5288//5509 5359//5580 5358//5579 
f 5287//5508 5358//5579 5357//5578 
f 5286//5507 5357//5578 5356//5577 
f 5285//5506 5356//5577 5355//5576 
f 5284//5505 5355//5576 5354//5575 
f 5283//5504 5354//5575 5353//5574 
f 5282//5503 5353//5574 5352//5573 
f 5281//5502 5352//5573 5351//5572 
f 5280//5501 5351//5572 5350//5571 
f 5279//5500 5350//5571 5349//5570 
f 5278//5499 5349//5570 5348//5569 
f 5277//5498 5348//5569 5347//5568 
f 5276//5497 5347//5568 5346//5567 
f 5275//5496 5346//5567 5345//5566 
f 5274//5495 5345//5566 5344//5565 
f 5273//5494 5344//5565 5343//5564 
f 5272//5493 5343//5564 5342//5563 
f 5271//5492 5342//5563 5341//5562 
f 5270//5491 5341//5562 5340//5561 
f 5269//5490 5340//5561 5339//5560 
f 5268//5489 5339//5560 5338//5559 
f 5267//5488 5338//5559 5337//5558 
f 5266//5487 5337//5558 5336//5557 
f 5265//5486 5336//5557 5335//5556 
f 5264//5485 5335//5556 5334//5555 
f 5263//5484 5334//5555 5333//5554 
f 5262//5483 5333//5554 5332//5553 
f 5261//5482 5332//5553 5331//5552 
f 5260//5481 5331//5552 5330//5551 
f 5188//5409 5259//5480 5329//5550 
f 5258//5479 5329//5550 5328//5549 
f 5257//5478 5328//5549 5327//5548 
f 5256//5477 5327//5548 5326//5547 
f 5255//5476 5326//5547 5325//5546 
f 5254//5475 5325//5546 5324//5545 
f 5253//5474 5324//5545 5323//5544 
f 5252//5473 5323//5544 5322//5543 
f 5251//5472 5322//5543 5321//5542 
f 5250//5471 5321//5542 5320//5541 
f 5249//5470 5320//5541 5319//5540 
f 5248//5469 5319//5540 5318//5539 
f 5247//5468 5318//5539 5317//5538 
f 5246//5467 5317//5538 5316//5537 
f 5245//5466 5316//5537 5315//5536 
f 5244//5465 5315//5536 5314//5535 
f 5243//5464 5314//5535 5313//5534 
f 5242//5463 5313//5534 5312//5533 
f 5241//5462 5312//5533 5311//5532 
f 5240//5461 5311//5532 5310//5531 
f 5239//5460 5310//5531 5309//5530 
f 5238//5459 5309//5530 5308//5529 
f 5237//5458 5308//5529 5307//5528 
f 5236//5457 5307//5528 5306//5527 
f 5235//5456 5306//5527 5305//5526 
f 5234//5455 5305//5526 5304//5525 
f 5233//5454 5304//5525 5303//5524 
f 5232//5453 5303//5524 5302//5523 
f 5231//5452 5302//5523 5301//5522 
f 5230//5451 5301//5522 5300//5521 
f 5229//5450 5300//5521 5299//5520 
f 5228//5449 5299//5520 5298//5519 
f 5227//5448 5298//5519 5297//5518 
f 5226//5447 5297//5518 5296//5517 
f 5225//5446 5296//5517 5295//5516 
f 5224//5445 5295//5516 5294//5515 
f 5223//5444 5294//5515 5293//5514 
f 5222//5443 5293//5514 5292//5513 
f 5221//5442 5292//5513 5291//5512 
f 5220//5441 5291//5512 5290//5511 
f 5219//5440 5290//5511 5289//5510 
f 5218//5439 5289//5510 5288//5509 
f 5217//5438 5288//5509 5287//5508 
f 5216//5437 5287//5508 5286//5507 
f 5215//5436 5286//5507 5285//5506 
f 5214//5435 5285//5506 5284//5505 
f 5213//5434 5284//5505 5283//5504 
f 5212//5433 5283//5504 5282//5503 
f 5211//5432 5282//5503 5281//5502 
f 5210//5431 5281//5502 5280//5501 
f 5209//5430 5280//5501 5279//5500 
f 5208//5429 5279//5500 5278//5499 
f 5207//5428 5278//5499 5277//5498 
f 5206//5427 5277//5498 5276//5497 
f 5205//5426 5276//5497 5275//5496 
f 5204//5425 5275//5496 5274//5495 
f 5203//5424 5274//5495 5273//5494 
f 5202//5423 5273//5494 5272//5493 
f 5201//5422 5272//5493 5271//5492 
f 5200//5421 5271//5492 5270//5491 
f 5199//5420 5270//5491 5269//5490 
f 5198//5419 5269//5490 5268//5489 
f 5197//5418 5268//5489 5267//5488 
f 5196//5417 5267//5488 5266//5487 
f 5195//5416 5266//5487 5265//5486 
f 5194//5415 5265//5486 5264//5485 
f 5193//5414 5264//5485 5263//5484 
f 5192//5413 5263//5484 5262//5483 
f 5191//5412 5262//5483 5261//5482 
f 5190//5411 5261//5482 5260//5481 
f 5189//5410 5260//5481 5259//5480 
f 5117//5338 5188//5409 5258//5479 
f 5187//5408 5258//5479 5257//5478 
f 5186//5407 5257//5478 5256//5477 
f 5185//5406 5256//5477 5255//5476 
f 5184//5405 5255//5476 5254//5475 
f 5183//5404 5254//5475 5253//5474 
f 5182//5403 5253//5474 5252//5473 
f 5181//5402 5252//5473 5251//5472 
f 5180//5401 5251//5472 5250//5471 
f 5179//5400 5250//5471 5249//5470 
f 5178//5399 5249//5470 5248//5469 
f 5177//5398 5248//5469 5247//5468 
f 5176//5397 5247//5468 5246//5467 
f 5175//5396 5246//5467 5245//5466 
f 5174//5395 5245//5466 5244//5465 
f 5173//5394 5244//5465 5243//5464 
f 5172//5393 5243//5464 5242//5463 
f 5171//5392 5242//5463 5241//5462 
f 5170//5391 5241//5462 5240//5461 
f 5169//5390 5240//5461 5239//5460 
f 5168//5389 5239//5460 5238//5459 
f 5167//5388 5238//5459 5237//5458 
f 5166//5387 5237//5458 5236//5457 
f 5165//5386 5236//5457 5235//5456 
f 5164//5385 5235//5456 5234//5455 
f 5163//5384 5234//5455 5233//5454 
f 5162//5383 5233//5454 5232//5453 
f 5161//5382 5232//5453 5231//5452 
f 5160//5381 5231//5452 5230//5451 
f 5159//5380 5230//5451 5229//5450 
f 5158//5379 5229//5450 5228//5449 
f 5157//5378 5228//5449 5227//5448 
f 5156//5377 5227//5448 5226//5447 
f 5155//5376 5226//5447 5225//5446 
f 5154//5375 5225//5446 5224//5445 
f 5153//5374 5224//5445 5223//5444 
f 5152//5373 5223//5444 5222//5443 
f 5151//5372 5222//5443 5221//5442 
f 5150//5371 5221//5442 5220//5441 
f 5149//5370 5220//5441 5219//5440 
f 5148//5369 5219//5440 5218//5439 
f 5147//5368 5218//5439 5217//5438 
f 5146//5367 5217//5438 5216//5437 
f 5145//5366 5216//5437 5215//5436 
f 5144//5365 5215//5436 5214//5435 
f 5143//5364 5214//5435 5213//5434 
f 5142//5363 5213//5434 5212//5433 
f 5141//5362 5212//5433 5211//5432 
f 5140//5361 5211//5432 5210//5431 
f 5139//5360 5210//5431 5209//5430 
f 5138//5359 5209//5430 5208//5429 
f 5137//5358 5208//5429 5207//5428 
f 5136//5357 5207//5428 5206//5427 
f 5135//5356 5206//5427 5205//5426 
f 5134//5355 5205//5426 5204//5425 
f 5133//5354 5204//5425 5203//5424 
f 5132//5353 5203//5424 5202//5423 
f 5131//5352 5202//5423 5201//5422 
f 5130//5351 5201//5422 5200//5421 
f 5129//5350 5200//5421 5199//5420 
f 5128//5349 5199//5420 5198//5419 
f 5127//5348 5198//5419 5197//5418 
f 5126//5347 5197//5418 5196//5417 
f 5125//5346 5196//5417 5195//5416 
f 5124//5345 5195//5416 5194//5415 
f 5123//5344 5194//5415 5193//5414 
f 5122//5343 5193//5414 5192//5413 
f 5121//5342 5192//5413 5191//5412 
f 5120//5341 5191//5412 5190//5411 
f 5119//5340 5190//5411 5189//5410 
f 5118//5339 5189//5410 5188//5409 
f 5046//5267 5117//5338 5187//5408 
f 5116//5337 5187//5408 5186//5407 
f 5115//5336 5186//5407 5185//5406 
f 5114//5335 5185//5406 5184//5405 
f 5113//5334 5184//5405 5183//5404 
f 5112//5333 5183//5404 5182//5403 
f 5111//5332 5182//5403 5181//5402 
f 5110//5331 5181//5402 5180//5401 
f 5109//5330 5180//5401 5179//5400 
f 5108//5329 5179//5400 5178//5399 
f 5107//5328 5178//5399 5177//5398 
f 5106//5327 5177//5398 5176//5397 
f 5105//5326 5176//5397 5175//5396 
f 5104//5325 5175//5396 5174//5395 
f 5103//5324 5174//5395 5173//5394 
f 5102//5323 5173//5394 5172//5393 
f 5101//5322 5172//5393 5171//5392 
f 5100//5321 5171//5392 5170//5391 
f 5099//5320 5170//5391 5169//5390 
f 5098//5319 5169//5390 5168//5389 
f 5097//5318 5168//5389 5167//5388 
f 5096//5317 5167//5388 5166//5387 
f 5095//5316 5166//5387 5165//5386 
f 5094//5315 5165//5386 5164//5385 
f 5093//5314 5164//5385 5163//5384 
f 5092//5313 5163//5384 5162//5383 
f 5091//5312 5162//5383 5161//5382 
f 5090//5311 5161//5382 5160//5381 
f 5089//5310 5160//5381 5159//5380 
f 5088//5309 5159//5380 5158//5379 
f 5087//5308 5158//5379 5157//5378 
f 5086//5307 5157//5378 5156//5377 
f 5085//5306 5156//5377 5155//5376 
f 5084//5305 5155//5376 5154//5375 
f 5083//5304 5154//5375 5153//5374 
f 5082//5303 5153//5374 5152//5373 
f 5081//5302 5152//5373 5151//5372 
f 5080//5301 5151//5372 5150//5371 
f 5079//5300 5150//5371 5149//5370 
f 5078//5299 5149//5370 5148//5369 
f 5077//5298 5148//5369 5147//5368 
f 5076//5297 5147//5368 5146//5367 
f 5075//5296 5146//5367 5145//5366 
f 5074//5295 5145//5366 5144//5365 
f 5073//5294 5144//5365 5143//5364 
f 5072//5293 5143//5364 5142//5363 
f 5071//5292 5142//5363 5141//5362 
f 5070//5291 5141//5362 5140//5361 
f 5069//5290 5140//5361 5139//5360 
f 5068//5289 5139//5360 5138//5359 
f 5067//5288 5138//5359 5137//5358 
f 5066//5287 5137//5358 5136//5357 
f 5065//5286 5136//5357 5135//5356 
f 5064//5285 5135//5356 5134//5355 
f 5063//5284 5134//5355 5133//5354 
f 5062//5283 5133//5354 5132//5353 
f 5061//5282 5132//5353 5131//5352 
f 5060//5281 5131//5352 5130//5351 
f 5059//5280 5130//5351 5129//5350 
f 5058//5279 5129//5350 5128//5349 
f 5057//5278 5128//5349 5127//5348 
f 5056//5277 5127//5348 5126//5347 
f 5055//5276 5126//5347 5125//5346 
f 5054//5275 5125//5346 5124//5345 
f 5053//5274 5124//5345 5123//5344 
f 5052//5273 5123//5344 5122//5343 
f 5051//5272 5122//5343 5121//5342 
f 5050//5271 5121//5342 5120//5341 
f 5049//5270 5120//5341 5119//5340 
f 5048//5269 5119//5340 5118//5339 
f 5047//5268 5118//5339 5117//5338 
f 4975//5196 5046//5267 5116//5337 
f 5045//5266 5116//5337 5115//5336 
f 5044//5265 5115//5336 5114//5335 
f 5043//5264 5114//5335 5113//5334 
f 5042//5263 5113//5334 5112//5333 
f 5041//5262 5112//5333 5111//5332 
f 5040//5261 5111//5332 5110//5331 
f 5039//5260 5110//5331 5109//5330 
f 5038//5259 5109//5330 5108//5329 
f 5037//5258 5108//5329 5107//5328 
f 5036//5257 5107//5328 5106//5327 
f 5035//5256 5106//5327 5105//5326 
f 5034//5255 5105//5326 5104//5325 
f 5033//5254 5104//5325 5103//5324 
f 5032//5253 5103//5324 5102//5323 
f 5031//5252 5102//5323 5101//5322 
f 5030//5251 5101//5322 5100//5321 
f 5029//5250 5100//5321 5099//5320 
f 5028//5249 5099//5320 5098//5319 
f 5027//5248 5098//5319 5097//5318 
f 5026//5247 5097//5318 5096//5317 
f 5025//5246 5096//5317 5095//5316 
f 5024//5245 5095//5316 5094//5315 
f 5023//5244 5094//5315 5093//5314 
f 5022//5243 5093//5314 5092//5313 
f 5021//5242 5092//5313 5091//5312 
f 5020//5241 5091//5312 5090//5311 
f 5019//5240 5090//5311 5089//5310 
f 5018//5239 5089//5310 5088//5309 
f 5017//5238 5088//5309 5087//5308 
f 5016//5237 5087//5308 5086//5307 
f 5015//5236 5086//5307 5085//5306 
f 5014//5235 5085//5306 5084//5305 
f 5013//5234 5084//5305 5083//5304 
f 5012//5233 5083//5304 5082//5303 
f 5011//5232 5082//5303 5081//5302 
f 5010//5231 5081//5302 5080//5301 
f 5009//5230 5080//5301 5079//5300 
f 5008//5229 5079//5300 5078//5299 
f 5007//5228 5078//5299 5077//5298 
f 5006//5227 5077//5298 5076//5297 
f 5005//5226 5076//5297 5075//5296 
f 5004//5225 5075//5296 5074//5295 
f 5003//5224 5074//5295 5073//5294 
f 5002//5223 5073//5294 5072//5293 
f 5001//5222 5072//5293 5071//5292 
f 5000//5221 5071//5292 5070//5291 
f 4999//5220 5070//5291 5069//5290 
f 4998//5219 5069//5290 5068//5289 
f 4997//5218 5068//5289 5067//5288 
f 4996//5217 5067//5288 5066//5287 
f 4995//5216 5066//5287 5065//5286 
f 4994//5215 5065//5286 5064//5285 
f 4993//5214 5064//5285 5063//5284 
f 4992//5213 5063//5284 5062//5283 
f 4991//5212 5062//5283 5061//5282 
f 4990//5211 5061//5282 5060//5281 
f 4989//5210 5060//5281 5059//5280 
f 4988//5209 5059//5280 5058//5279 
f 4987//5208 5058//5279 5057//5278 
f 4986//5207 5057//5278 5056//5277 
f 4985//5206 5056//5277 5055//5276 
f 4984//5205 5055//5276 5054//5275 
f 4983//5204 5054//5275 5053//5274 
f 4982//5203 5053//5274 5052//5273 
f 4981//5202 5052//5273 5051//5272 
f 4980//5201 5051//5272 5050//5271 
f 4979//5200 5050//5271 5049//5270 
f 4978//5199 5049//5270 5048//5269 
f 4977//5198 5048//5269 5047//5268 
f 4976//5197 5047//5268 5046//5267 
f 4904//5090 4975//5196 5045//5266 
f 4974//5195 5045//5266 5044//5265 
f 4973//5193 5044//5265 5043//5264 
f 4972//5192 5043//5264 5042//5263 
f 4971//5190 5042//5263 5041//5262 
f 4970//5189 5041//5262 5040//5261 
f 4969//5187 5040//5261 5039//5260 
f 4968//5186 5039//5260 5038//5259 
f 4967//5184 5038//5259 5037//5258 
f 4966//5183 5037//5258 5036//5257 
f 4965//5181 5036//5257 5035//5256 
f 4964//5180 5035//5256 5034//5255 
f 4963//5178 5034//5255 5033//5254 
f 4962//5177 5033//5254 5032//5253 
f 4961//5175 5032//5253 5031//5252 
f 4960//5174 5031//5252 5030//5251 
f 4959//5172 5030//5251 5029//5250 
f 4958//5171 5029//5250 5028//5249 
f 4957//5169 5028//5249 5027//5248 
f 4956//5168 5027//5248 5026//5247 
f 4955//5166 5026//5247 5025//5246 
f 4954//5165 5025//5246 5024//5245 
f 4953//5163 5024//5245 5023//5244 
f 4952//5162 5023//5244 5022//5243 
f 4951//5160 5022//5243 5021//5242 
f 4950//5159 5021//5242 5020//5241 
f 4949//5157 5020//5241 5019//5240 
f 4948//5156 5019//5240 5018//5239 
f 4947//5154 5018//5239 5017//5238 
f 4946//5153 5017//5238 5016//5237 
f 4945//5151 5016//5237 5015//5236 
f 4944//5150 5015//5236 5014//5235 
f 4943//5148 5014//5235 5013//5234 
f 4942//5147 5013//5234 5012//5233 
f 4941//5145 5012//5233 5011//5232 
f 4940//5144 5011//5232 5010//5231 
f 4939//5142 5010//5231 5009//5230 
f 4938//5141 5009//5230 5008//5229 
f 4937//5139 5008//5229 5007//5228 
f 4936//5138 5007//5228 5006//5227 
f 4935//5136 5006//5227 5005//5226 
f 4934//5135 5005//5226 5004//5225 
f 4933//5133 5004//5225 5003//5224 
f 4932//5132 5003//5224 5002//5223 
f 4931//5130 5002//5223 5001//5222 
f 4930//5129 5001//5222 5000//5221 
f 4929//5127 5000//5221 4999//5220 
f 4928//5126 4999//5220 4998//5219 
f 4927//5124 4998//5219 4997//5218 
f 4926//5123 4997//5218 4996//5217 
f 4925//5121 4996//5217 4995//5216 
f 4924//5120 4995//5216 4994//5215 
f 4923//5118 4994//5215 4993//5214 
f 4922//5117 4993//5214 4992//5213 
f 4921//5115 4992//5213 4991//5212 
f 4920//5114 4991//5212 4990//5211 
f 4919//5112 4990//5211 4989//5210 
f 4918//5111 4989//5210 4988//5209 
f 4917//5109 4988//5209 4987//5208 
f 4916//5108 4987//5208 4986//5207 
f 4915//5106 4986//5207 4985//5206 
f 4914//5105 4985//5206 4984//5205 
f 4913//5103 4984//5205 4983//5204 
f 4912//5102 4983//5204 4982//5203 
f 4911//5100 4982//5203 4981//5202 
f 4910//5099 4981//5202 4980//5201 
f 4909//5097 4980//5201 4979//5200 
f 4908//5096 4979//5200 4978//5199 
f 4907//5094 4978//5199 4977//5198 
f 4906//5093 4977//5198 4976//5197 
f 4905//5091 4976//5197 4975//5196 
f 4865//5089 4904//5090 4974//5195 
f 4854//5194 4974//5195 4973//5193 
f 4853//5191 4973//5193 4972//5192 
f 4852//5191 4972//5192 4971//5190 
f 4851//5188 4971//5190 4970//5189 
f 4879//5188 4970//5189 4969//5187 
f 4878//5185 4969//5187 4968//5186 
f 4863//5185 4968//5186 4967//5184 
f 4862//5182 4967//5184 4966//5183 
f 4850//5182 4966//5183 4965//5181 
f 4844//5179 4965//5181 4964//5180 
f 4841//5179 4964//5180 4963//5178 
f 4839//5176 4963//5178 4962//5177 
f 4840//5176 4962//5177 4961//5175 
f 4849//5173 4961//5175 4960//5174 
f 4848//5173 4960//5174 4959//5172 
f 4847//5170 4959//5172 4958//5171 
f 4843//5170 4958//5171 4957//5169 
f 4842//5167 4957//5169 4956//5168 
f 4846//5167 4956//5168 4955//5166 
f 4835//5164 4955//5166 4954//5165 
f 4833//5164 4954//5165 4953//5163 
f 4834//5161 4953//5163 4952//5162 
f 4838//5161 4952//5162 4951//5160 
f 4836//5158 4951//5160 4950//5159 
f 4837//5158 4950//5159 4949//5157 
f 4845//5155 4949//5157 4948//5156 
f 4885//5155 4948//5156 4947//5154 
f 4886//5152 4947//5154 4946//5153 
f 4894//5152 4946//5153 4945//5151 
f 4861//5149 4945//5151 4944//5150 
f 4860//5149 4944//5150 4943//5148 
f 4859//5146 4943//5148 4942//5147 
f 4858//5146 4942//5147 4941//5145 
f 4876//5143 4941//5145 4940//5144 
f 4857//5143 4940//5144 4939//5142 
f 4875//5140 4939//5142 4938//5141 
f 4874//5140 4938//5141 4937//5139 
f 4873//5137 4937//5139 4936//5138 
f 4871//5137 4936//5138 4935//5136 
f 4872//5134 4935//5136 4934//5135 
f 4870//5134 4934//5135 4933//5133 
f 4868//5131 4933//5133 4932//5132 
f 4869//5131 4932//5132 4931//5130 
f 4867//5128 4931//5130 4930//5129 
f 4856//5128 4930//5129 4929//5127 
f 4855//5125 4929//5127 4928//5126 
f 4900//5125 4928//5126 4927//5124 
f 4899//5122 4927//5124 4926//5123 
f 4893//5122 4926//5123 4925//5121 
f 4892//5119 4925//5121 4924//5120 
f 4884//5119 4924//5120 4923//5118 
f 4882//5116 4923//5118 4922//5117 
f 4883//5116 4922//5117 4921//5115 
f 4898//5113 4921//5115 4920//5114 
f 4891//5113 4920//5114 4919//5112 
f 4889//5110 4919//5112 4918//5111 
f 4890//5110 4918//5111 4917//5109 
f 4903//5107 4917//5109 4916//5108 
f 4902//5107 4916//5108 4915//5106 
f 4897//5104 4915//5106 4914//5105 
f 4896//5104 4914//5105 4913//5103 
f 4901//5101 4913//5103 4912//5102 
f 4895//5101 4912//5102 4911//5100 
f 4888//5098 4911//5100 4910//5099 
f 4887//5098 4910//5099 4909//5097 
f 4881//5095 4909//5097 4908//5096 
f 4880//5095 4908//5096 4907//5094 
f 4877//5092 4907//5094 4906//5093 
f 4866//5092 4906//5093 4905//5091 
f 4864//5089 4905//5091 4904//5090 
