# Blender 5.2.0 LTS
# www.blender.org
mtllib wind_turbine_new2.mtl
o Pole
v 5.036660 53.436584 9.037950
v 4.537638 53.859512 -9.390323
v 4.369020 54.212616 -9.385861
v 4.079097 54.473579 -9.378212
v 4.236799 54.355629 -9.382373
v 3.861399 54.570419 -9.372471
v -4.695461 54.373566 -9.146950
v -4.886505 54.153709 -9.141924
v -4.498188 54.503609 -9.152141
v -5.000381 53.905258 -9.138930
v -4.346331 54.565765 -9.156141
v -5.039732 53.690643 -9.137902
v -5.037817 53.514084 -9.137960
v -4.303884 49.416504 -9.157478
v -4.132330 49.159943 -9.162015
v -4.233145 49.278503 -9.159349
v -3.977463 49.062233 -9.166097
v -4.155320 54.608444 -9.161177
v -3.817428 49.016029 -9.170317
v 3.534583 49.076996 -9.364090
v 3.351785 49.016747 -9.359275
v 3.651759 49.158134 -9.367173
v 3.758240 49.274643 -9.369983
v 3.834550 49.438393 -9.371980
v -5.025691 53.436638 -9.138242
v -4.042233 54.616013 -9.164162
v 0.381093 51.559814 9.160718
v 0.696210 51.819778 9.152392
v 0.692959 52.278488 9.152463
v 0.603051 52.398613 9.154837
v 4.347104 54.570419 9.055905
v 4.564768 54.473602 9.050161
v 4.722501 54.355637 9.046001
v 4.854773 54.212563 9.042510
v 4.965790 54.022324 9.039584
v 5.034045 53.812813 9.037789
v 0.739629 52.141930 9.151237
v 0.747182 51.982376 9.151040
v 5.053217 53.548645 9.037292
v 4.294867 49.366203 9.057433
v 4.178014 49.193359 9.060524
v -0.030687 51.628754 9.171590
v 0.090765 51.568314 9.168387
v 4.020251 49.076965 9.064696
v 0.223051 51.544525 9.164892
v -3.491787 49.062279 9.263061
v -3.603588 49.128227 9.266014
v -3.331679 49.016029 9.258832
v -0.148881 51.736267 9.174708
v -3.701908 49.217377 9.268603
v -3.794243 49.358620 9.271029
v -0.236734 51.911758 9.177023
v -4.379324 54.183128 9.286348
v -4.209752 54.373535 9.281865
v -4.475861 54.007393 9.288902
v -4.012487 54.503609 9.276652
v -4.532132 53.834488 9.290393
v -3.860575 54.565773 9.272639
v -4.559618 53.584686 9.291126
v -3.556083 54.612419 9.264427
v 4.567623 53.612358 -9.391100
v 4.572063 53.611938 -9.391208
v 3.258930 49.011833 -9.356601
v -1.743473 49.038872 0.053651
v -1.409836 49.038872 -0.993430
v -1.095157 49.038872 -1.325149
v -1.672047 49.038872 0.533879
v 1.547371 49.038857 0.871682
v 1.390724 49.038857 1.111291
v 1.758331 49.038857 0.075967
v 1.739731 49.038857 -0.238505
v 1.217461 49.038857 1.302136
v 1.018971 49.038857 1.466546
v 1.660118 49.038857 -0.543437
v 1.570408 49.038857 -0.754016
v 0.797852 49.038857 1.598813
v 0.506027 49.038857 1.717519
v 1.422062 49.038857 -0.999007
v 1.192806 49.038857 -1.255191
v 0.942162 49.038857 -1.445701
v 0.635803 49.038857 -1.601287
v -0.175350 49.038857 1.780263
v -0.483921 49.038857 1.716863
v 0.332199 49.038857 -1.684745
v -0.778099 49.038857 1.603978
v -1.044628 49.038857 1.435868
v 0.168118 49.038857 1.780591
v -0.124405 49.038857 -1.710097
v 3.258919 49.012405 -9.356601
v -0.379310 49.038857 -1.672523
v -1.239078 49.038857 1.266869
v -1.405582 49.038857 1.070241
v -1.556545 49.038857 0.826962
v -3.248234 49.012405 9.256313
v -0.858574 49.038872 -1.486671
v -0.625484 49.038857 -1.596633
v 0.302071 52.543564 9.162727
v 4.141877 54.609955 9.061426
v 0.469575 52.497559 9.158340
v -0.125034 52.381256 9.173996
v -0.203926 52.260612 9.176071
v -0.250770 52.107605 9.177346
v 3.849450 49.506889 -9.372166
v 4.335371 49.506798 9.056396
v 4.550772 53.436615 -9.390652
v 3.656188 54.609955 -9.367060
v 4.567284 53.641876 -9.391111
v 4.469978 54.042892 -9.388532
v -3.839345 49.506569 9.272060
v -4.324602 49.506866 -9.156717
v -4.540373 53.436569 9.290373
v -4.298024 54.582764 -9.157418
v -3.555676 54.609863 9.264418
v 0.615987 51.703384 9.154513
v 3.837521 49.016747 9.069513
v 0.514475 51.621033 9.157195
v 3.566769 54.612419 -9.364713
v 4.052486 54.612419 9.063891
v -4.041813 54.612419 -9.164169
v 5.037776 53.436440 9.037915
v 5.053350 53.612419 9.037509
v 4.552049 53.436394 -9.390676
v 4.469582 54.074928 -9.388510
v 5.057679 53.613167 9.037396
v -4.540573 53.436539 9.290378
v -5.036770 53.434929 -9.137954
v -4.555847 53.806625 9.290778
v -5.010396 53.869209 -9.138651
v 4.051518 54.619080 9.063915
v 3.568156 54.620499 -9.364754
v -3.734192 49.005219 -9.172275
v -3.249176 48.995163 9.256341
v 4.533248 54.505577 9.051217
v 4.048998 54.505775 -9.377424
v 4.946764 54.095200 9.040313
v 3.744866 49.005219 9.071992
v -4.315949 54.268784 9.284455
v -4.774352 54.323959 -9.144866
v -3.917546 54.562813 9.273955
v -1.720856 49.038872 -0.260566
v -1.627979 49.038872 -0.591544
v -3.733963 49.012405 -9.172292
v 1.734223 49.038857 0.332547
v 1.662876 49.038857 0.609818
v 3.744637 49.012405 9.072002
v 3.852638 49.506248 -9.372250
v 4.351913 49.502968 9.056003
v 3.761551 49.275864 -9.369846
v 3.505463 49.053024 -9.363093
v 4.099174 49.113976 9.062656
v -4.063683 49.100723 -9.163599
v -4.348839 49.500732 -9.156078
v -3.841953 49.506248 9.271958
v -3.697826 49.193008 9.268168
v 0.176426 52.540863 9.166042
v 0.023014 52.494766 9.170082
v -3.669601 54.608444 9.267463
v -1.743473 49.592209 0.053651
v -1.409836 49.592209 -0.993430
v -1.095157 49.592209 -1.325149
v -1.672047 49.592209 0.533879
v 1.547371 49.592194 0.871682
v 1.390724 49.592194 1.111291
v 1.758331 49.592194 0.075967
v 1.739731 49.592194 -0.238505
v 1.217461 49.592194 1.302136
v 1.018971 49.592194 1.466546
v 1.660118 49.592194 -0.543437
v 1.570408 49.592194 -0.754016
v 0.797852 49.592194 1.598813
v 0.506027 49.592194 1.717519
v 1.422062 49.592194 -0.999007
v 1.192806 49.592194 -1.255191
v 0.942162 49.592194 -1.445701
v 0.635803 49.592194 -1.601287
v -0.175350 49.592194 1.780263
v -0.483921 49.592194 1.716863
v 0.332199 49.592194 -1.684745
v -0.778099 49.592194 1.603978
v -1.044628 49.592194 1.435868
v 0.168118 49.592194 1.780591
v -0.124405 49.592194 -1.710097
v -0.379310 49.592194 -1.672523
v -1.239078 49.592194 1.266869
v -1.405582 49.592194 1.070241
v -1.556545 49.592194 0.826962
v -0.858574 49.592209 -1.486671
v -0.625484 49.592194 -1.596633
v -1.720856 49.592209 -0.260566
v -1.627979 49.592209 -0.591544
v 1.734223 49.592194 0.332547
v 1.662876 49.592194 0.609818
v -0.000000 -4.476223 -2.717624
v 0.495497 -4.476223 -2.665406
v 0.971953 -4.476223 -2.510757
v 1.411057 -4.476223 -2.259621
v 1.795935 -4.476223 -1.921650
v 2.111796 -4.476223 -1.509831
v 2.346502 -4.476223 -1.039990
v 2.491033 -4.476223 -0.530182
v 2.539835 -4.476223 0.000000
v 2.491033 -4.476223 0.530182
v 2.346502 -4.476223 1.039990
v 2.111796 -4.476223 1.509831
v 1.795935 -4.476223 1.921650
v 1.411057 -4.476223 2.259621
v 0.971953 -4.476223 2.510757
v 0.495497 -4.476223 2.665406
v -0.000000 -4.476223 2.717624
v -0.495497 -4.476223 2.665406
v -0.971953 -4.476223 2.510757
v -1.411057 -4.476223 2.259621
v -1.795935 -4.476223 1.921650
v -2.111796 -4.476223 1.509831
v -2.346502 -4.476223 1.039990
v -2.491033 -4.476223 0.530182
v -2.539835 -4.476223 0.000000
v -2.491033 -4.476223 -0.530182
v -2.346502 -4.476223 -1.039990
v -2.111796 -4.476223 -1.509831
v -1.795935 -4.476223 -1.921650
v -1.411057 -4.476223 -2.259621
v -0.971953 -4.476223 -2.510757
v -0.495497 -4.476223 -2.665406
v -0.000000 50.252197 -1.778297
v 0.324232 50.252197 -1.744128
v 0.636005 50.252197 -1.642933
v 0.923336 50.252197 -1.478600
v 1.175183 50.252197 -1.257446
v 1.381869 50.252197 -0.987969
v 1.535451 50.252197 -0.680525
v 1.630026 50.252197 -0.346929
v 1.661960 50.252197 -0.000000
v 1.630026 50.252197 0.346929
v 1.535451 50.252197 0.680525
v 1.381869 50.252197 0.987969
v 1.175183 50.252197 1.257446
v 0.923336 50.252197 1.478600
v 0.636005 50.252197 1.642933
v 0.324232 50.252197 1.744128
v -0.000000 50.252197 1.778297
v -0.324232 50.252197 1.744128
v -0.636005 50.252197 1.642933
v -0.923336 50.252197 1.478600
v -1.175183 50.252197 1.257446
v -1.381869 50.252197 0.987969
v -1.535451 50.252197 0.680525
v -1.630026 50.252197 0.346929
v -1.661960 50.252197 -0.000000
v -1.630026 50.252197 -0.346929
v -1.535451 50.252197 -0.680525
v -1.381869 50.252197 -0.987969
v -1.175183 50.252197 -1.257446
v -0.923336 50.252197 -1.478600
v -0.636005 50.252197 -1.642933
v -0.324232 50.252197 -1.744128
vn 0.9841 -0.1757 -0.0259
vn -0.0264 -0.0000 -0.9997
vn -0.0263 0.0001 -0.9997
vn -0.0263 -0.0000 -0.9997
vn -0.0264 0.0001 -0.9997
vn -0.0262 0.0001 -0.9997
vn -0.0266 0.0002 -0.9996
vn -0.9841 -0.1757 0.0259
vn -0.1287 0.9917 0.0037
vn 0.0264 -0.0000 0.9997
vn 0.0263 0.0001 0.9997
vn 0.0271 0.0013 0.9996
vn 0.0266 0.0002 0.9996
vn 0.0265 0.0001 0.9996
vn 0.0271 -0.0004 0.9996
vn 0.0266 -0.0002 0.9996
vn 0.0267 0.0007 0.9996
vn 0.0263 0.0002 0.9997
vn 0.0273 0.0010 0.9996
vn 0.0293 0.0019 0.9996
vn 0.0264 0.0001 0.9997
vn 0.0266 -0.0000 0.9996
vn 0.0271 -0.0007 0.9996
vn -0.0000 1.0000 -0.0000
vn 0.9958 -0.0882 -0.0262
vn 0.9760 0.2162 -0.0257
vn 0.1646 -0.9863 -0.0047
vn 0.6857 -0.7274 -0.0259
vn 0.5477 -0.7362 0.3976
vn 0.4428 -0.7305 0.5199
vn 0.6599 -0.7304 -0.1760
vn -0.6061 -0.7242 -0.3288
vn -0.5459 -0.7239 -0.4219
vn -0.6944 -0.7194 -0.0116
vn -0.6799 -0.7254 0.1070
vn -0.4780 -0.7221 -0.5001
vn -0.3986 -0.7235 -0.5637
vn -0.6552 -0.7216 0.2235
vn -0.6162 -0.7216 0.3157
vn -0.3081 -0.7235 -0.6177
vn -0.1926 -0.7293 -0.6565
vn -0.5520 -0.7270 0.4084
vn -0.4652 -0.7279 0.5038
vn -0.3649 -0.7267 0.5820
vn -0.2468 -0.7293 0.6381
vn 0.0695 -0.7292 -0.6807
vn 0.1934 -0.7248 -0.6613
vn -0.1100 -0.7306 0.6739
vn 0.3069 -0.7286 -0.6123
vn 0.4118 -0.7234 -0.5541
vn -0.0629 -0.7273 -0.6834
vn 0.0311 -0.7293 0.6835
vn -0.0021 -1.0000 0.0030
vn 0.1524 -0.7235 0.6733
vn 0.4915 -0.7233 -0.4851
vn 0.5591 -0.7225 -0.4067
vn 0.6147 -0.7259 -0.3085
vn 0.0021 -1.0000 -0.0031
vn 0.3427 -0.7241 0.5985
vn 0.2501 -0.7222 0.6449
vn 0.0265 0.0002 0.9996
vn 0.4756 -0.0808 0.8760
vn -0.4306 -0.0808 0.8989
vn -0.3075 0.9515 0.0074
vn -0.1289 0.9917 0.0037
vn 0.8794 0.4755 -0.0234
vn 0.9742 0.2242 -0.0255
vn -0.9988 -0.0413 0.0269
vn -0.9979 0.0593 0.0248
vn -0.9758 0.2172 0.0260
vn -0.9634 0.2670 0.0247
vn 0.2292 0.9734 -0.0059
vn 0.2318 0.9727 -0.0061
vn -0.2782 -0.9605 0.0068
vn -0.4017 -0.9157 0.0125
vn 0.4848 0.8745 -0.0127
vn 0.4928 0.8700 -0.0132
vn 0.8735 0.4863 -0.0229
vn 0.2922 -0.9563 -0.0063
vn -0.7603 0.6492 0.0209
vn -0.7138 0.7001 0.0179
vn -0.3727 0.9279 0.0108
vn 0.6764 -0.7271 0.1175
vn 0.6324 -0.7310 0.2562
vn 0.0023 -1.0000 0.0029
vn -0.6816 -0.7221 -0.1185
vn -0.6521 -0.7237 -0.2257
vn -0.0023 -1.0000 -0.0030
vn 0.9296 -0.3678 -0.0253
vn 0.8392 -0.5435 -0.0202
vn 0.8161 -0.5774 -0.0226
vn 0.4261 -0.9046 -0.0121
vn 0.6018 -0.7985 -0.0141
vn -0.5777 -0.8161 0.0137
vn -0.8153 -0.5788 0.0191
vn -0.9080 -0.4181 0.0251
vn -0.7012 -0.7127 0.0201
vn 0.0266 -0.0001 0.9996
vn 0.7296 -0.6833 -0.0277
vn 0.5941 -0.6789 0.4315
vn 0.4730 -0.6840 0.5554
vn 0.7061 -0.6824 -0.1890
vn -0.6369 -0.6892 -0.3456
vn -0.5728 -0.6898 -0.4428
vn -0.7234 -0.6903 -0.0125
vn -0.7189 -0.6857 0.1140
vn -0.4991 -0.6915 -0.5223
vn -0.4177 -0.6903 -0.5907
vn -0.6842 -0.6909 0.2336
vn -0.6429 -0.6915 0.3295
vn -0.3229 -0.6903 -0.6474
vn -0.2051 -0.6851 -0.6990
vn -0.5842 -0.6868 0.4324
vn -0.4933 -0.6863 0.5345
vn -0.3857 -0.6874 0.6153
vn -0.2628 -0.6851 0.6794
vn 0.0740 -0.6851 -0.7246
vn 0.2034 -0.6892 -0.6955
vn -0.1176 -0.6840 0.7200
vn 0.3261 -0.6857 -0.6507
vn 0.4315 -0.6903 -0.5807
vn -0.0666 -0.6868 -0.7237
vn 0.0331 -0.6851 0.7277
vn 0.1598 -0.6903 0.7056
vn 0.5149 -0.6903 -0.5083
vn 0.5846 -0.6909 -0.4253
vn 0.6490 -0.6874 -0.3259
vn 0.3597 -0.6898 0.6284
vn 0.2612 -0.6915 0.6735
vn 0.7176 -0.6851 0.1252
vn 0.6770 -0.6828 0.2747
vn -0.7133 -0.6898 -0.1245
vn -0.6846 -0.6892 -0.2373
vn -0.0000 -0.6780 -0.7351
vn 0.1528 -0.6781 -0.7189
vn 0.2973 -0.6785 -0.6717
vn 0.4265 -0.6791 -0.5974
vn 0.5355 -0.6797 -0.5012
vn 0.6214 -0.6803 -0.3886
vn 0.6830 -0.6808 -0.2647
vn 0.7198 -0.6811 -0.1340
vn 0.7321 -0.6812 -0.0000
vn 0.7198 -0.6811 0.1340
vn 0.6830 -0.6808 0.2647
vn 0.6214 -0.6803 0.3886
vn 0.5355 -0.6797 0.5012
vn 0.4265 -0.6791 0.5974
vn 0.2973 -0.6785 0.6717
vn 0.1528 -0.6781 0.7189
vn -0.0000 -0.6780 0.7351
vn -0.1528 -0.6781 0.7189
vn -0.2973 -0.6785 0.6717
vn -0.4265 -0.6791 0.5974
vn -0.5355 -0.6797 0.5012
vn -0.6214 -0.6803 0.3886
vn -0.6830 -0.6808 0.2647
vn -0.7198 -0.6811 0.1340
vn -0.7321 -0.6812 -0.0000
vn -0.7198 -0.6811 -0.1340
vn -0.6830 -0.6808 -0.2647
vn -0.6214 -0.6803 -0.3886
vn -0.5355 -0.6797 -0.5012
vn -0.4265 -0.6791 -0.5974
vn -0.2973 -0.6785 -0.6717
vn -0.1528 -0.6781 -0.7189
vn -0.0000 0.6905 -0.7233
vn 0.1504 0.6906 -0.7074
vn 0.2926 0.6909 -0.6611
vn 0.4199 0.6913 -0.5880
vn 0.5273 0.6917 -0.4934
vn 0.6120 0.6922 -0.3826
vn 0.6726 0.6925 -0.2607
vn 0.7090 0.6928 -0.1319
vn 0.7211 0.6928 -0.0000
vn 0.7090 0.6928 0.1319
vn 0.6726 0.6925 0.2607
vn 0.6120 0.6922 0.3826
vn 0.5273 0.6917 0.4934
vn 0.4199 0.6913 0.5880
vn 0.2926 0.6909 0.6611
vn 0.1504 0.6906 0.7074
vn -0.0000 0.6905 0.7233
vn -0.1504 0.6906 0.7074
vn -0.2926 0.6909 0.6611
vn -0.4199 0.6913 0.5880
vn -0.5273 0.6917 0.4934
vn -0.6120 0.6922 0.3826
vn -0.6726 0.6925 0.2607
vn -0.7090 0.6928 0.1319
vn -0.7211 0.6928 -0.0000
vn -0.7090 0.6928 -0.1319
vn -0.6726 0.6925 -0.2607
vn -0.6120 0.6922 -0.3826
vn -0.5273 0.6917 -0.4934
vn -0.4199 0.6913 -0.5880
vn -0.2926 0.6909 -0.6611
vn -0.1504 0.6906 -0.7074
vt 0.000000 0.000000
vt 0.750000 0.490000
vt 0.796822 0.485388
vt 0.841844 0.471731
vt 0.883337 0.449553
vt 0.919706 0.419706
vt 0.949553 0.383337
vt 0.971731 0.341844
vt 0.985388 0.296822
vt 0.990000 0.250000
vt 0.985388 0.203178
vt 0.971731 0.158156
vt 0.949553 0.116663
vt 0.919706 0.080294
vt 0.883337 0.050447
vt 0.841844 0.028269
vt 0.796822 0.014612
vt 0.750000 0.010000
vt 0.703178 0.014612
vt 0.658156 0.028269
vt 0.616663 0.050447
vt 0.580294 0.080294
vt 0.550447 0.116663
vt 0.528269 0.158156
vt 0.514612 0.203178
vt 0.510000 0.250000
vt 0.514612 0.296822
vt 0.528269 0.341844
vt 0.550447 0.383337
vt 0.580294 0.419706
vt 0.616663 0.449553
vt 0.658156 0.471731
vt 0.703178 0.485388
s 1
usemtl Material.001
f 105/1/1 1/1/1 104/1/62
f 5/1/4 108/1/4 106/1/4
f 18/1/2 19/1/4 14/1/4
f 106/1/4 24/1/2 21/1/4
f 108/1/4 2/1/2 107/1/4
f 5/1/4 3/1/3 108/1/4
f 6/1/2 4/1/3 5/1/4
f 106/1/4 6/1/2 5/1/4
f 9/1/4 11/1/5 12/1/4
f 8/1/4 7/1/4 9/1/4
f 10/1/4 8/1/4 9/1/4
f 12/1/4 10/1/4 9/1/4
f 18/1/2 13/1/2 11/1/5
f 13/1/2 12/1/4 11/1/5
f 14/1/4 13/1/2 18/1/2
f 16/1/3 14/1/4 19/1/4
f 17/1/3 15/1/6 16/1/3
f 19/1/4 17/1/3 16/1/3
f 106/1/4 19/1/4 18/1/2
f 21/1/4 19/1/4 106/1/4
f 24/1/2 22/1/2 21/1/4
f 21/1/4 22/1/2 20/1/3
f 24/1/2 23/1/7 22/1/2
f 107/1/4 24/1/2 106/1/4
f 111/1/8 25/1/8 110/1/8
f 113/1/65 26/1/9 112/1/64
f 27/1/10 115/1/10 116/1/10
f 28/1/10 114/1/10 115/1/10
f 104/1/62 28/1/10 115/1/10
f 45/1/10 115/1/10 27/1/10
f 104/1/62 38/1/10 28/1/10
f 42/1/10 49/1/10 48/1/18
f 98/1/14 29/1/10 37/1/10
f 37/1/10 39/1/10 98/1/14
f 52/1/21 102/1/61 59/1/21
f 109/1/63 49/1/10 52/1/21
f 47/1/17 48/1/18 109/1/63
f 43/1/10 48/1/18 45/1/10
f 39/1/10 35/1/14 98/1/14
f 35/1/14 33/1/13 98/1/14
f 98/1/14 30/1/11 29/1/10
f 98/1/14 99/1/18 30/1/11
f 31/1/12 98/1/14 33/1/13
f 33/1/13 32/1/10 31/1/12
f 35/1/14 34/1/14 33/1/13
f 39/1/10 36/1/10 35/1/14
f 38/1/10 39/1/10 37/1/10
f 104/1/62 39/1/10 38/1/10
f 41/1/16 40/1/15 104/1/62
f 44/1/10 41/1/16 104/1/62
f 48/1/18 43/1/10 42/1/10
f 115/1/10 44/1/10 104/1/62
f 48/1/18 115/1/10 45/1/10
f 47/1/17 46/1/10 48/1/18
f 50/1/19 47/1/17 109/1/63
f 49/1/10 109/1/63 48/1/18
f 109/1/63 51/1/20 50/1/19
f 59/1/21 109/1/63 52/1/21
f 55/1/10 57/1/22 58/1/23
f 55/1/10 56/1/10 53/1/21
f 56/1/10 54/1/10 53/1/21
f 58/1/23 56/1/10 55/1/10
f 59/1/21 157/1/98 57/1/22
f 157/1/98 58/1/23 57/1/22
f 102/1/61 157/1/98 59/1/21
f 119/1/24 60/1/24 118/1/24
f 122/1/25 61/1/25 121/1/25
f 124/1/67 62/1/26 123/1/66
f 127/1/70 128/1/71 126/1/69
f 137/1/80 138/1/81 128/1/71
f 133/1/76 134/1/77 130/1/73
f 132/1/75 154/1/97 151/1/94
f 135/1/78 123/1/66 134/1/77
f 136/1/79 63/1/27 149/1/92
f 139/1/82 112/1/64 138/1/81
f 140/1/83 64/1/28 142/1/85
f 142/1/85 65/1/29 141/1/84
f 94/1/58 142/1/85 64/1/28
f 67/1/31 94/1/58 64/1/28
f 142/1/85 66/1/30 65/1/29
f 142/1/85 95/1/59 66/1/30
f 67/1/31 93/1/57 94/1/58
f 145/1/88 68/1/32 144/1/87
f 143/1/86 70/1/34 145/1/88
f 70/1/34 89/1/53 145/1/88
f 145/1/88 69/1/33 68/1/32
f 145/1/88 72/1/36 69/1/33
f 70/1/34 71/1/35 89/1/53
f 71/1/35 74/1/38 89/1/53
f 145/1/88 73/1/37 72/1/36
f 145/1/88 76/1/40 73/1/37
f 74/1/38 75/1/39 89/1/53
f 75/1/39 78/1/42 89/1/53
f 145/1/88 77/1/41 76/1/40
f 145/1/88 87/1/51 77/1/41
f 78/1/42 79/1/43 89/1/53
f 79/1/43 80/1/44 89/1/53
f 94/1/58 82/1/46 87/1/51
f 80/1/44 81/1/45 89/1/53
f 81/1/45 84/1/48 89/1/53
f 94/1/58 83/1/47 82/1/46
f 94/1/58 85/1/49 83/1/47
f 84/1/48 88/1/52 89/1/53
f 94/1/58 86/1/50 85/1/49
f 94/1/58 91/1/55 86/1/50
f 145/1/88 94/1/58 87/1/51
f 90/1/54 142/1/85 88/1/52
f 142/1/85 89/1/53 88/1/52
f 96/1/60 142/1/85 90/1/54
f 94/1/58 92/1/56 91/1/55
f 94/1/58 93/1/57 92/1/56
f 96/1/60 95/1/59 142/1/85
f 155/1/10 97/1/11 157/1/98
f 157/1/98 100/1/10 156/1/10
f 98/1/14 157/1/98 97/1/11
f 99/1/18 98/1/14 97/1/11
f 157/1/98 101/1/21 100/1/10
f 157/1/98 102/1/61 101/1/21
f 105/1/1 104/1/62 103/1/1
f 108/1/4 107/1/4 106/1/4
f 111/1/8 110/1/8 109/1/63
f 113/1/65 112/1/64 139/1/82
f 116/1/10 115/1/10 114/1/10
f 119/1/24 118/1/24 117/1/24
f 122/1/25 121/1/25 120/1/25
f 124/1/67 123/1/66 135/1/78
f 127/1/70 126/1/69 125/1/68
f 137/1/80 128/1/71 127/1/70
f 133/1/76 130/1/73 129/1/72
f 132/1/75 151/1/94 131/1/74
f 135/1/78 134/1/77 133/1/76
f 136/1/79 149/1/92 150/1/93
f 139/1/82 138/1/81 137/1/80
f 142/1/85 141/1/84 140/1/83
f 145/1/88 144/1/87 143/1/86
f 147/1/90 148/1/91 146/1/89
f 147/1/90 150/1/93 148/1/91
f 150/1/93 149/1/92 148/1/91
f 154/1/97 152/1/95 151/1/94
f 154/1/97 153/1/96 152/1/95
f 157/1/98 156/1/10 155/1/10
f 79/1/43 78/1/42 172/1/113 173/1/114
f 82/1/46 176/1/117 181/1/122 87/1/51
f 80/1/44 174/1/115 175/1/116 81/1/45
f 67/1/31 64/1/28 158/1/99 161/1/102
f 143/1/86 144/1/87 192/1/133 191/1/132
f 69/1/33 72/1/36 166/1/107 163/1/104
f 80/1/44 79/1/43 173/1/114 174/1/115
f 84/1/48 178/1/119 182/1/123 88/1/52
f 67/1/31 161/1/102 186/1/127 93/1/57
f 76/1/40 170/1/111 167/1/108 73/1/37
f 70/1/34 143/1/86 191/1/132 164/1/105
f 64/1/28 140/1/83 189/1/130 158/1/99
f 68/1/32 69/1/33 163/1/104 162/1/103
f 84/1/48 81/1/45 175/1/116 178/1/119
f 76/1/40 77/1/41 171/1/112 170/1/111
f 140/1/83 141/1/84 190/1/131 189/1/130
f 92/1/56 185/1/126 184/1/125 91/1/55
f 75/1/39 74/1/38 168/1/109 169/1/110
f 85/1/49 179/1/120 177/1/118 83/1/47
f 90/1/54 183/1/124 188/1/129 96/1/60
f 141/1/84 65/1/29 159/1/100 190/1/131
f 72/1/36 73/1/37 167/1/108 166/1/107
f 78/1/42 75/1/39 169/1/110 172/1/113
f 93/1/57 186/1/127 185/1/126 92/1/56
f 65/1/29 66/1/30 160/1/101 159/1/100
f 66/1/30 95/1/59 187/1/128 160/1/101
f 144/1/87 68/1/32 162/1/103 192/1/133
f 95/1/59 96/1/60 188/1/129 187/1/128
f 70/1/34 164/1/105 165/1/106 71/1/35
f 83/1/47 177/1/118 176/1/117 82/1/46
f 71/1/35 165/1/106 168/1/109 74/1/38
f 77/1/41 87/1/51 181/1/122 171/1/112
f 91/1/55 184/1/125 180/1/121 86/1/50
f 85/1/49 86/1/50 180/1/121 179/1/120
f 90/1/54 88/1/52 182/1/123 183/1/124
f 189/1/130 190/1/131 159/1/100 160/1/101 187/1/128 188/1/129 183/1/124 182/1/123 178/1/119 175/1/116 174/1/115 173/1/114 172/1/113 169/1/110 168/1/109 165/1/106 164/1/105 191/1/132 192/1/133 162/1/103 163/1/104 166/1/107 167/1/108 170/1/111 171/1/112 181/1/122 176/1/117 177/1/118 179/1/120 180/1/121 184/1/125 185/1/126 186/1/127 161/1/102 158/1/99
f 193/2/134 194/3/135 195/4/136 196/5/137 197/6/138 198/7/139 199/8/140 200/9/141 201/10/142 202/11/143 203/12/144 204/13/145 205/14/146 206/15/147 207/16/148 208/17/149 209/18/150 210/19/151 211/20/152 212/21/153 213/22/154 214/23/155 215/24/156 216/25/157 217/26/158 218/27/159 219/28/160 220/29/161 221/30/162 222/31/163 223/32/164 224/33/165
f 225/2/166 256/33/197 255/32/196 254/31/195 253/30/194 252/29/193 251/28/192 250/27/191 249/26/190 248/25/189 247/24/188 246/23/187 245/22/186 244/21/185 243/20/184 242/19/183 241/18/182 240/17/181 239/16/180 238/15/179 237/14/178 236/13/177 235/12/176 234/11/175 233/10/174 232/9/173 231/8/172 230/7/171 229/6/170 228/5/169 227/4/168 226/3/167
f 195/4/136 227/4/168 228/5/169 196/5/137
f 222/31/163 254/31/195 255/32/196 223/32/164
f 209/18/150 241/18/182 242/19/183 210/19/151
f 196/5/137 228/5/169 229/6/170 197/6/138
f 223/32/164 255/32/196 256/33/197 224/33/165
f 210/19/151 242/19/183 243/20/184 211/20/152
f 197/6/138 229/6/170 230/7/171 198/7/139
f 224/33/165 256/33/197 225/2/166 193/2/134
f 211/20/152 243/20/184 244/21/185 212/21/153
f 198/7/139 230/7/171 231/8/172 199/8/140
f 212/21/153 244/21/185 245/22/186 213/22/154
f 199/8/140 231/8/172 232/9/173 200/9/141
f 213/22/154 245/22/186 246/23/187 214/23/155
f 200/9/141 232/9/173 233/10/174 201/10/142
f 214/23/155 246/23/187 247/24/188 215/24/156
f 201/10/142 233/10/174 234/11/175 202/11/143
f 215/24/156 247/24/188 248/25/189 216/25/157
f 202/11/143 234/11/175 235/12/176 203/12/144
f 216/25/157 248/25/189 249/26/190 217/26/158
f 203/12/144 235/12/176 236/13/177 204/13/145
f 217/26/158 249/26/190 250/27/191 218/27/159
f 204/13/145 236/13/177 237/14/178 205/14/146
f 218/27/159 250/27/191 251/28/192 219/28/160
f 205/14/146 237/14/178 238/15/179 206/15/147
f 219/28/160 251/28/192 252/29/193 220/29/161
f 206/15/147 238/15/179 239/16/180 207/16/148
f 193/2/134 225/2/166 226/3/167 194/3/135
f 220/29/161 252/29/193 253/30/194 221/30/162
f 207/16/148 239/16/180 240/17/181 208/17/149
f 194/3/135 226/3/167 227/4/168 195/4/136
f 221/30/162 253/30/194 254/31/195 222/31/163
f 208/17/149 240/17/181 241/18/182 209/18/150
o base
v -2.373870 -32.039799 -40.598015
v -2.345609 -26.099752 -40.607910
v 0.000000 -32.039860 -40.810654
v 0.000000 -26.099752 -40.819931
v 0.000000 -31.993954 -16.841921
v 0.000000 -26.057697 -16.856674
v -2.596731 -32.025509 -17.079744
v -2.575553 -26.089239 -17.095007
v -4.890584 -32.036095 -17.784372
v -4.864532 -26.099752 -17.800297
v -6.951050 -32.036240 -18.916183
v -6.924139 -26.099752 -18.932600
v -8.751122 -32.036449 -20.428219
v -8.723257 -26.099752 -20.444963
v -10.221621 -32.036713 -22.262379
v -10.192736 -26.099752 -22.279261
v -11.306038 -32.037029 -24.348175
v -11.276155 -26.099752 -24.364975
v -11.962704 -32.037380 -26.605452
v -11.931849 -26.099752 -26.621994
v -12.166374 -32.037750 -28.947468
v -12.134609 -26.099752 -28.963566
v -11.909225 -32.038132 -31.284212
v -11.876657 -26.099752 -31.299686
v -11.201142 -32.038502 -33.525894
v -11.167931 -26.099752 -33.540611
v -10.069336 -32.038853 -35.586361
v -10.035622 -26.099752 -35.600204
v -8.557300 -32.039169 -37.386433
v -8.523248 -26.099752 -37.399323
v -6.723142 -32.039440 -38.856934
v -6.688971 -26.099752 -38.868813
v -4.637344 -32.039654 -39.941349
v -4.603256 -26.099752 -39.952217
v -1.211457 -26.289822 -34.702633
v -1.211457 1.064836 -34.702629
v 0.000000 -26.289822 -34.816780
v 0.000000 1.064836 -34.816780
v 0.000000 -26.297798 -22.952459
v 0.000000 1.056856 -22.952457
v -1.212829 -26.291815 -23.045486
v -1.212829 1.062841 -23.045486
v -2.338833 -26.289822 -23.376913
v -2.338833 1.064836 -23.376913
v -3.366816 -26.289822 -23.926563
v -3.366816 1.064836 -23.926563
v -4.267807 -26.289822 -24.666206
v -4.267807 1.064836 -24.666206
v -5.007179 -26.289822 -25.567410
v -5.007179 1.064836 -25.567410
v -5.556541 -26.289822 -26.595535
v -5.556541 1.064836 -26.595535
v -5.894768 -26.289822 -27.711084
v -5.894768 1.064836 -27.711084
v -6.008860 -26.289822 -28.871187
v -6.008860 1.064836 -28.871187
v -5.894431 -26.289822 -30.031250
v -5.894431 1.064836 -30.031250
v -5.555898 -26.289822 -31.146706
v -5.555898 1.064836 -31.146706
v -5.006246 -26.289822 -32.174683
v -5.006246 1.064836 -32.174683
v -4.266600 -26.289822 -33.075672
v -4.266600 1.064836 -33.075672
v -3.365404 -26.289822 -33.815052
v -3.365404 1.064836 -33.815052
v -2.337279 -26.289822 -34.364407
v -2.337279 1.064836 -34.364407
v -19.018890 -2.757566 14.756382
v -19.018631 -1.251673 14.305102
v -19.017830 -2.808006 14.526903
v -19.015228 -1.897784 13.695865
v -19.015972 -2.700967 14.074731
v -19.015343 -2.552999 13.892217
v -19.016600 -1.480765 13.900833
v -19.017574 -1.335751 14.085704
v -19.016827 -2.788564 14.292750
v -19.014954 -2.132737 13.693975
v -19.020613 -1.290123 14.768177
v -19.019672 -1.235999 14.539537
v -19.021858 -1.582753 15.129128
v -19.022057 -1.795258 15.229367
v -19.021936 -2.027868 15.262518
v -19.020817 -2.470780 15.121990
v -19.019920 -2.641726 14.960800
v -19.014992 -2.357808 13.761425
v -19.021364 -1.409235 14.970705
v -19.015795 -1.673827 13.766922
v -19.021513 -2.259914 15.225635
v 0.000000 -2.757566 14.756383
v 0.000000 -1.251672 14.305101
v 0.000000 -2.808006 14.526901
v 0.000000 -1.897784 13.695864
v -0.000000 -2.700967 14.074730
v -0.000000 -2.552999 13.892216
v -0.000000 -1.480764 13.900834
v 0.000000 -1.335751 14.085704
v 0.000000 -2.788564 14.292750
v 0.000000 -2.132737 13.693974
v 0.000000 -1.290123 14.768176
v 0.000000 -1.235999 14.539537
v 0.000000 -1.582753 15.129128
v 0.000000 -1.795258 15.229368
v 0.000000 -2.027868 15.262518
v -0.000000 -2.470779 15.121991
v 0.000000 -2.641727 14.960799
v 0.000000 -2.357808 13.761424
v 0.000000 -1.409235 14.970704
v 0.000000 -1.673827 13.766921
v -0.000000 -2.259914 15.225634
v -13.536531 -29.721289 14.756382
v -13.536328 -28.215395 14.305102
v -13.535708 -29.771729 14.526903
v -13.533695 -28.861506 13.695865
v -13.534271 -29.664688 14.074731
v -13.533784 -29.516720 13.892217
v -13.534756 -28.444487 13.900833
v -13.535509 -28.299475 14.085704
v -13.534933 -29.752285 14.292750
v -13.533482 -29.096460 13.693975
v -13.537866 -28.253843 14.768177
v -13.537137 -28.199722 14.539537
v -13.538831 -28.546474 15.129128
v -13.538983 -28.758980 15.229367
v -13.538890 -28.991589 15.262518
v -13.538025 -29.434502 15.121990
v -13.537327 -29.605448 14.960800
v -13.533511 -29.321529 13.761425
v -13.538446 -28.372957 14.970705
v -13.534133 -28.637550 13.766922
v -13.538560 -29.223635 15.225635
v 1.191242 -29.721289 14.756382
v 1.191242 -28.215395 14.305102
v 1.191242 -29.771729 14.526902
v 1.191242 -28.861506 13.695865
v 1.191242 -29.664688 14.074731
v 1.191242 -29.516720 13.892217
v 1.191242 -28.444487 13.900833
v 1.191242 -28.299475 14.085703
v 1.191242 -29.752285 14.292750
v 1.191242 -29.096460 13.693975
v 1.191242 -28.253843 14.768177
v 1.191242 -28.199722 14.539537
v 1.191242 -28.546474 15.129128
v 1.191242 -28.758980 15.229368
v 1.191242 -28.991589 15.262518
v 1.191242 -29.434502 15.121990
v 1.191242 -29.605448 14.960800
v 1.191242 -29.321529 13.761425
v 1.191242 -28.372957 14.970705
v 1.191242 -28.637548 13.766920
v 1.191242 -29.223635 15.225635
v -26.335352 -32.039799 2.564602
v -26.300850 -26.099752 2.557383
v -23.984581 -32.039875 2.544804
v -23.950592 -26.099752 2.538449
v -21.675117 -32.039875 2.983998
v -21.641811 -26.099752 2.978390
v -19.495712 -32.039803 3.865307
v -19.463202 -26.099752 3.860292
v -17.530119 -32.039658 5.154862
v -17.498529 -26.099752 5.150279
v -15.853873 -32.039448 6.803107
v -15.823262 -26.099752 6.798773
v -14.531393 -32.039185 8.746700
v -14.501785 -26.099752 8.742421
v -13.613500 -32.038868 10.910954
v -13.584905 -26.099752 10.906519
v -13.135470 -32.038517 13.212692
v -13.107827 -26.099752 13.207922
v -13.115671 -32.038143 15.563463
v -13.088890 -26.099752 15.558179
v -13.554866 -32.037769 17.872927
v -13.528818 -26.099752 17.866953
v -14.436174 -32.037395 20.052332
v -14.410734 -26.099752 20.045551
v -15.725731 -32.037045 22.017925
v -15.700721 -26.099752 22.010241
v -17.373974 -32.036728 23.694170
v -17.349205 -26.099752 23.685507
v -19.317568 -32.036457 25.016649
v -19.292866 -26.099752 25.006969
v -21.456959 -26.099751 25.923859
v -23.758362 -26.099751 26.400944
v -26.134329 -32.036022 26.432373
v -26.108625 -26.099752 26.419880
v -28.443794 -32.036022 25.993177
v -28.417395 -26.099752 25.979939
v -30.623199 -32.036095 25.111870
v -30.595980 -26.099752 25.098032
v -32.588791 -32.036240 23.822315
v -32.560677 -26.099752 23.808050
v -34.265038 -32.036449 22.174070
v -34.235947 -26.099752 22.159550
v -35.587517 -32.036713 20.230476
v -35.557396 -26.099752 20.215902
v -36.505409 -32.037029 18.066223
v -36.474300 -26.099752 18.051811
v -36.983440 -32.037380 15.764484
v -36.951389 -26.099752 15.750407
v -37.003239 -32.037750 13.413713
v -36.970314 -26.099752 13.400148
v -36.564041 -32.038132 11.104251
v -36.530369 -26.099752 11.091372
v -35.682732 -32.038502 8.924846
v -35.648476 -26.099752 8.912773
v -34.393181 -32.038853 6.959252
v -34.358486 -26.099752 6.948089
v -32.744934 -32.039169 5.283006
v -32.709976 -26.099752 5.272821
v -30.801340 -32.039440 3.960526
v -30.766348 -26.099752 3.951356
v -28.637093 -32.039654 3.042634
v -28.602255 -26.099751 3.034464
v -25.576492 -26.289822 8.566298
v -25.576492 1.114041 8.566298
v -24.410828 -26.289822 8.556908
v -24.410828 1.114041 8.556908
v -23.265741 -26.289822 8.775105
v -23.265741 1.114041 8.775105
v -22.185213 -26.289822 9.212504
v -22.185213 1.114041 9.212504
v -21.210791 -26.289822 9.852302
v -21.210791 1.114041 9.852302
v -20.379904 -26.289822 10.669908
v -20.379904 1.114041 10.669908
v -19.724487 -26.289822 11.633904
v -19.724487 1.114041 11.633904
v -19.269741 -26.289822 12.707235
v -19.269741 1.114041 12.707235
v -19.033125 -26.289822 13.848665
v -19.033125 1.114041 13.848665
v -19.023731 -26.289822 15.014325
v -19.023731 1.114041 15.014325
v -19.241924 -26.289822 16.159412
v -19.241924 1.114041 16.159412
v -19.679329 -26.289822 17.239937
v -19.679329 1.114041 17.239937
v -20.319124 -26.289822 18.214365
v -20.319124 1.114041 18.214365
v -21.136726 -26.289822 19.045248
v -21.136726 1.114041 19.045248
v -22.100727 -26.289822 19.700659
v -22.100727 1.114041 19.700659
v -23.174059 -26.289822 20.155409
v -23.174059 1.114041 20.155409
v -24.315489 -26.289822 20.392031
v -24.315489 1.114041 20.392031
v -25.481148 -26.289822 20.401421
v -25.481148 1.114041 20.401421
v -26.626236 -26.289822 20.183224
v -26.626236 1.114041 20.183224
v -27.706753 -26.289822 19.745825
v -27.706753 1.114041 19.745825
v -28.681189 -26.289822 19.106030
v -28.681189 1.114041 19.106030
v -29.512074 -26.289822 18.288420
v -29.512074 1.114041 18.288420
v -30.167477 -26.289822 17.324427
v -30.167477 1.114041 17.324427
v -30.622236 -26.289822 16.251097
v -30.622236 1.114041 16.251097
v -30.858856 -26.289822 15.109665
v -30.858856 1.114041 15.109665
v -30.868242 -26.289822 13.944004
v -30.868242 1.114041 13.944004
v -30.650040 -26.289822 12.798916
v -30.650040 1.114041 12.798916
v -30.212646 -26.289822 11.718392
v -30.212646 1.114041 11.718392
v -29.572851 -26.289822 10.743963
v -29.572851 1.114041 10.743963
v -28.755239 -26.289822 9.913079
v -28.755239 1.114041 9.913079
v -27.791248 -26.289822 9.257670
v -27.791248 1.114041 9.257670
v -26.717924 -26.289822 8.802917
v -26.717920 1.114041 8.802917
v -21.481819 -32.036247 25.934540
v -23.783558 -32.036102 26.412573
v -21.735146 -2.640374 9.452169
v -22.125706 -1.123636 9.226078
v -21.932817 -2.691178 9.335591
v -22.649918 -1.774401 8.915567
v -22.322556 -2.583367 9.106289
v -22.479988 -2.434334 9.013941
v -22.473782 -1.354379 9.020428
v -22.314651 -1.208321 9.114550
v -22.134600 -2.671595 9.216781
v -22.651278 -2.011045 8.914143
v -21.726650 -1.162364 9.461049
v -21.923719 -1.107850 9.345102
v -21.415306 -1.457101 9.643684
v -21.328693 -1.671136 9.694147
v -21.299866 -1.905421 9.710514
v -21.420448 -2.351521 9.638313
v -21.559143 -2.523700 9.556159
v -22.592905 -2.237737 8.947937
v -21.552010 -1.282334 9.563615
v -22.588945 -1.548832 8.952076
v -21.331383 -2.139138 9.691336
v -2.716256 -2.640374 -23.489519
v -3.107076 -1.123636 -23.715158
v -2.914991 -2.691178 -23.604258
v -3.634692 -1.774401 -24.019775
v -3.306582 -2.583367 -23.830341
v -3.464645 -2.434334 -23.921600
v -3.457181 -1.354379 -23.917294
v -3.297080 -1.208321 -23.824856
v -3.117772 -2.671595 -23.721333
v -3.636326 -2.011045 -24.020720
v -2.706042 -1.162364 -23.483622
v -2.904049 -1.107850 -23.597939
v -2.393448 -1.457101 -23.303146
v -2.306638 -1.671136 -23.253027
v -2.277930 -1.905421 -23.236450
v -2.399630 -2.351521 -23.306711
v -2.539225 -2.523700 -23.387310
v -3.577914 -2.237737 -23.986996
v -2.530646 -1.282334 -23.382359
v -3.573154 -1.548832 -23.984249
v -2.309873 -2.139138 -23.254892
v -19.575949 -29.798244 5.735859
v -19.966564 -28.281509 5.509866
v -19.773863 -29.849047 5.619693
v -20.491550 -28.932270 5.200687
v -20.164019 -29.741236 5.391120
v -20.321594 -29.592201 5.299018
v -20.315102 -28.512247 5.305011
v -20.155754 -28.366190 5.398750
v -19.975868 -29.829464 5.501276
v -20.492971 -29.168917 5.199375
v -19.567068 -28.320234 5.744065
v -19.764351 -28.265717 5.628485
v -19.255445 -28.614971 5.926215
v -19.168785 -28.829006 5.976598
v -19.139980 -29.063290 5.993010
v -19.260817 -29.509392 5.921250
v -19.399714 -29.681570 5.839444
v -20.434589 -29.395607 5.233150
v -19.392256 -28.440205 5.846336
v -20.430450 -28.706699 5.236976
v -19.171597 -29.297010 5.973998
v -4.848176 -29.798241 -19.773396
v -5.238997 -28.281509 -19.999031
v -5.046912 -29.849047 -19.888136
v -5.766613 -28.932270 -20.303654
v -5.438505 -29.741236 -20.114220
v -5.596567 -29.592201 -20.205477
v -5.589103 -28.512247 -20.201168
v -5.429002 -28.366190 -20.108732
v -5.249694 -29.829462 -20.005211
v -5.768248 -29.168917 -20.304598
v -4.837962 -28.320234 -19.767496
v -5.035970 -28.265718 -19.881817
v -4.525370 -28.614971 -19.587019
v -4.438559 -28.829006 -19.536901
v -4.409850 -29.063288 -19.520325
v -4.531550 -29.509392 -19.590590
v -4.671146 -29.681570 -19.671185
v -5.709836 -29.395607 -20.270874
v -4.662568 -28.440205 -19.666231
v -5.705074 -28.706699 -20.268124
v -4.441792 -29.297010 -19.538769
v -20.877197 -6.012597 11.836456
v -19.944918 -4.798608 11.501357
v -20.953379 -5.991990 11.615188
v -20.492468 -5.118366 10.881991
v -20.964315 -5.800468 11.192056
v -20.898106 -5.646572 11.027793
v -20.173660 -4.864828 11.102813
v -20.041922 -4.805121 11.287572
v -20.983301 -5.919123 11.393830
v -20.651211 -5.289665 10.865553
v -19.885738 -4.942711 11.939124
v -19.891270 -4.845871 11.725169
v -20.016682 -5.247066 12.263981
v -20.141521 -5.427539 12.346017
v -20.292244 -5.605903 12.363030
v -20.616667 -5.894509 12.201850
v -20.761536 -5.979112 12.037981
v -20.790550 -5.471107 10.915638
v -19.928818 -5.080524 12.124211
v -20.328426 -4.972430 10.963491
v -20.455460 -5.766311 12.313507
v -2.127830 -29.236347 1.114788
v -1.185637 -28.022177 0.809385
v -2.197818 -29.215008 0.891555
v -1.716030 -28.339588 0.174097
v -2.196848 -29.022205 0.468871
v -2.125978 -28.867874 0.306979
v -1.403274 -28.086998 0.404448
v -1.276671 -28.027962 0.592972
v -2.221526 -29.141449 0.669676
v -1.874391 -28.510696 0.152739
v -1.138749 -28.167648 1.248183
v -1.138259 -28.070160 1.034454
v -1.278906 -28.472866 1.568350
v -1.406121 -28.653473 1.646341
v -1.557402 -28.831755 1.658623
v -1.877451 -29.119589 1.487626
v -2.017781 -29.203573 1.319542
v -2.015212 -28.692167 0.198385
v -1.187063 -28.305984 1.431580
v -1.554197 -28.194044 0.260561
v -1.719308 -28.991871 1.604103
v -20.669426 -29.737644 12.073059
v -20.892994 -28.237125 11.681052
v -20.782228 -29.787903 11.873215
v -21.191917 -28.880934 11.150174
v -21.004721 -29.681248 11.479567
v -21.094643 -29.533806 11.320739
v -21.091564 -28.465401 11.328906
v -21.000803 -28.320906 11.489964
v -20.897406 -29.768532 11.669347
v -21.192593 -29.115046 11.148385
v -20.665215 -28.275440 12.084238
v -20.777718 -28.221510 11.885190
v -20.487385 -28.567026 12.398346
v -20.437853 -28.778772 12.485494
v -20.421297 -29.010551 12.514215
v -20.489931 -29.451880 12.391582
v -20.569017 -29.622221 12.251121
v -21.159178 -29.339314 11.206974
v -20.565483 -28.394127 12.260511
v -21.157215 -28.657772 11.212186
v -20.439186 -29.241768 12.481956
v -2.566608 -29.737648 1.733427
v -2.790427 -28.237125 1.341562
v -2.680422 -29.787903 1.534161
v -3.092587 -28.880934 0.812534
v -2.904683 -29.681248 1.141521
v -2.995203 -29.533806 0.983036
v -2.990929 -28.465401 0.990519
v -2.899241 -28.320908 1.151048
v -2.796553 -29.768532 1.330836
v -3.093524 -29.115046 0.810894
v -2.560759 -28.275440 1.743669
v -2.674155 -28.221510 1.545132
v -2.381739 -28.567026 2.057099
v -2.332024 -28.778772 2.144141
v -2.315583 -29.010551 2.172928
v -2.385280 -29.451881 2.050900
v -2.465225 -29.622219 1.910931
v -3.060072 -29.339314 0.869463
v -2.460312 -28.394127 1.919534
v -3.057345 -28.657774 0.874237
v -2.333876 -29.241768 2.140898
v 0.000000 -6.007262 -24.064297
v -0.150278 -4.798851 -23.077261
v -0.543452 -4.942713 -23.244217
v -0.355395 -4.845873 -23.142029
v -0.759313 -5.247068 -23.520044
v -0.767939 -5.427542 -23.669178
v -0.707312 -5.605906 -23.808214
v -0.405514 -5.894511 -24.008585
v -0.198104 -5.978324 -24.053387
v -0.682201 -5.080527 -23.374069
v -0.582815 -5.766313 -23.924803
v 0.000000 -29.238171 -2.297385
v -0.251390 -28.022177 -1.310579
v 0.000000 -28.018951 -1.278416
v -0.658320 -28.167648 -1.488417
v -0.473470 -28.070160 -1.381129
v -0.865514 -28.472866 -1.769881
v -0.869449 -28.653473 -1.919047
v -0.804445 -28.831755 -2.056202
v -0.496332 -29.119589 -2.247874
v -0.272673 -29.204512 -2.287679
v -0.792989 -28.305984 -1.621957
v -0.676276 -28.991871 -2.169156
v -0.319885 -29.649557 -23.817459
v -0.125507 -29.714417 -23.813456
v -0.226332 -28.254555 -23.818192
v 0.000000 -28.218498 -23.817039
v -0.590908 -28.507458 -23.818380
v -0.701122 -28.702200 -23.818222
v -0.749038 -28.920774 -23.818047
v -0.646861 -29.351355 -23.817699
v -0.505846 -29.525097 -23.817558
v -0.428189 -28.353855 -23.818506
v -0.730399 -29.143764 -23.817867
v -0.308297 -29.752874 -2.969454
v -0.110374 -29.811533 -2.972035
v -0.416692 -28.285795 -2.950638
v 0.000000 -28.254396 -2.906115
v -0.757079 -28.612141 -2.966341
v -0.826348 -28.829779 -2.966935
v -0.834330 -29.058031 -2.967558
v -0.668657 -29.479149 -2.968707
v -0.507289 -29.640778 -2.969148
v -0.631661 -28.421265 -2.965820
v -0.780434 -29.279976 -2.968163
v -0.017760 -8.606007 -19.481422
v 0.000000 -29.726517 -23.801600
v 0.000000 -29.830034 -2.979349
v -20.669426 -2.732726 12.073059
v -20.892994 -1.232207 11.681052
v -20.782228 -2.782985 11.873215
v -21.191917 -1.876013 11.150174
v -21.004721 -2.676329 11.479567
v -21.094643 -2.528889 11.320739
v -21.091564 -1.460482 11.328906
v -21.000803 -1.315986 11.489964
v -20.897406 -2.763613 11.669347
v -21.192593 -2.110126 11.148385
v -20.665215 -1.270519 12.084238
v -20.777718 -1.216589 11.885190
v -20.487385 -1.562106 12.398346
v -20.437853 -1.773852 12.485494
v -20.421297 -2.005632 12.514215
v -20.489931 -2.446962 12.391582
v -20.569017 -2.617299 12.251121
v -21.159178 -2.334394 11.206974
v -20.565483 -1.389207 12.260511
v -21.157215 -1.652855 11.212186
v -20.439186 -2.236850 12.481956
v -2.566608 -2.732726 1.733427
v -2.790427 -1.232207 1.341562
v -2.680422 -2.782985 1.534161
v -3.092587 -1.876013 0.812534
v -2.904683 -2.676329 1.141521
v -2.995203 -2.528889 0.983036
v -2.990929 -1.460482 0.990519
v -2.899241 -1.315986 1.151048
v -2.796553 -2.763613 1.330836
v -3.093524 -2.110126 0.810894
v -2.560759 -1.270519 1.743669
v -2.674155 -1.216589 1.545132
v -2.381739 -1.562106 2.057099
v -2.332024 -1.773852 2.144141
v -2.315583 -2.005632 2.172928
v -2.385280 -2.446962 2.050900
v -2.465225 -2.617299 1.910931
v -3.060072 -2.334394 0.869463
v -2.460312 -1.389207 1.919534
v -3.057345 -1.652855 0.874237
v -2.333876 -2.236850 2.140898
v -0.261675 -2.735685 -23.818674
v -0.076998 -2.800545 -23.814671
v -0.177823 -1.340683 -23.819408
v 0.000000 -1.304628 -23.818254
v -0.532697 -1.593587 -23.819597
v -0.642911 -1.788329 -23.819439
v -0.690828 -2.006905 -23.819262
v -0.588650 -2.437482 -23.818916
v -0.447636 -2.611226 -23.818771
v -0.369978 -1.439983 -23.819719
v -0.672189 -2.229894 -23.819082
v -0.250086 -2.839006 -2.970670
v -0.061865 -2.897661 -2.973251
v -0.368183 -1.371926 -2.951854
v 0.000000 -1.340529 -2.907331
v -0.698869 -1.698271 -2.967557
v -0.768138 -1.915907 -2.968151
v -0.776120 -2.144161 -2.968774
v -0.610447 -2.565277 -2.969923
v -0.449078 -2.726907 -2.970364
v -0.573451 -1.507394 -2.967036
v -0.722224 -2.366104 -2.969379
v 0.000000 -2.812648 -23.802814
v 0.000000 -2.916165 -2.980565
v 0.000000 -31.974836 -3.268039
v 0.000000 -5.172082 -3.268040
v 0.527219 -23.983498 -2.650508
v 0.633479 -5.172082 -3.184716
v 1.034177 -23.983496 -2.496724
v 1.242615 -5.172082 -2.999937
v 1.501392 -23.983496 -2.246993
v 1.803997 -5.172082 -2.699872
v 1.910910 -23.983494 -1.910910
v 2.296052 -5.172082 -2.296052
v 2.246993 -23.983494 -1.501392
v 2.699872 -5.172082 -1.803997
v 2.496724 -23.983492 -1.034177
v 2.999937 -5.172082 -1.242615
v 2.650508 -23.983492 -0.527219
v 3.184716 -5.172082 -0.633479
v 2.702435 -23.983492 0.000000
v 3.247108 -5.172082 0.000000
v 2.650508 -23.983492 0.527219
v 3.184716 -5.172082 0.633479
v 2.496724 -23.983492 1.034177
v 2.999937 -5.172082 1.242615
v 2.246993 -23.983492 1.501392
v 2.699872 -5.172082 1.803997
v 1.910910 -23.983492 1.910910
v 2.296052 -5.172082 2.296052
v 1.501392 -23.983492 2.246993
v 1.803997 -5.172082 2.699872
v 1.034177 -23.983492 2.496724
v 1.242615 -5.172082 2.999937
v 0.527219 -23.983492 2.650508
v 0.633479 -5.172082 3.184716
v 0.000000 -31.974836 3.268039
v 0.000000 -5.172082 3.268040
v -0.527219 -23.983492 2.650508
v -0.633479 -5.172082 3.184716
v -1.034177 -23.983492 2.496724
v -1.242615 -5.172082 2.999937
v -1.501393 -23.983492 2.246993
v -1.803997 -5.172082 2.699872
v -1.910910 -23.983492 1.910910
v -2.296052 -5.172082 2.296052
v -2.246993 -23.983492 1.501392
v -2.699872 -5.172082 1.803997
v -2.496724 -23.983492 1.034177
v -2.999937 -5.172082 1.242615
v -2.650508 -23.983492 0.527219
v -3.184716 -5.172082 0.633479
v -2.702435 -23.983492 0.000000
v -3.247108 -5.172082 0.000000
v -2.650508 -23.983492 -0.527219
v -3.184716 -5.172082 -0.633479
v -2.496724 -23.983492 -1.034177
v -2.999937 -5.172082 -1.242615
v -2.246993 -23.983492 -1.501392
v -2.699872 -5.172082 -1.803997
v -1.910910 -23.983492 -1.910910
v -2.296052 -5.172082 -2.296052
v -1.501392 -23.983492 -2.246993
v -1.803997 -5.172082 -2.699872
v -1.034177 -23.983492 -2.496724
v -1.242615 -5.172082 -2.999937
v -0.527219 -23.983498 -2.650508
v -0.633479 -5.172082 -3.184716
v 0.000000 0.951487 -2.713965
v 0.542073 0.752630 -2.725186
v 1.063315 0.752630 -2.567069
v 1.543694 0.752630 -2.310301
v 1.964750 0.752630 -1.964750
v 2.310301 0.752630 -1.543694
v 2.567069 0.752630 -1.063315
v 2.725186 0.752630 -0.542073
v 2.778575 0.752630 0.000000
v 2.725186 0.752630 0.542073
v 2.567069 0.752630 1.063315
v 2.310301 0.752630 1.543694
v 1.964750 0.752630 1.964750
v 1.543694 0.752630 2.310301
v 1.063315 0.752630 2.567069
v 0.542073 0.752630 2.725186
v 0.000000 0.951487 2.713965
v -0.542073 0.752630 2.725186
v -1.063315 0.752630 2.567069
v -1.543694 0.752630 2.310301
v -1.964750 0.752630 1.964750
v -2.310301 0.752630 1.543694
v -2.567069 0.752630 1.063315
v -2.725186 0.752630 0.542073
v -2.778575 0.752630 0.000000
v -2.725186 0.752630 -0.542073
v -2.567069 0.752630 -1.063315
v -2.310301 0.752630 -1.543694
v -1.964750 0.752630 -1.964750
v -1.543694 0.752630 -2.310301
v -1.063315 0.752630 -2.567069
v -0.542073 0.752630 -2.725186
v 0.615198 0.815015 -3.092810
v 0.000000 0.959285 -3.256251
v 1.206755 0.815015 -2.913363
v 1.751936 0.815015 -2.621958
v 2.229792 0.815015 -2.229792
v 2.621958 0.815015 -1.751936
v 2.913363 0.815015 -1.206755
v 3.092810 0.815015 -0.615198
v 3.153402 0.815015 0.000000
v 3.092810 0.815015 0.615198
v 2.913363 0.815015 1.206755
v 2.621958 0.815015 1.751936
v 2.229792 0.815015 2.229792
v 1.751936 0.815015 2.621958
v 1.206755 0.815015 2.913363
v 0.615198 0.815015 3.092810
v 0.000000 0.959285 3.256251
v -0.615198 0.815015 3.092810
v -1.206755 0.815015 2.913363
v -1.751936 0.815015 2.621958
v -2.229792 0.815015 2.229792
v -2.621958 0.815015 1.751936
v -2.913363 0.815015 1.206755
v -3.092810 0.815015 0.615198
v -3.153402 0.815015 0.000000
v -3.092810 0.815015 -0.615198
v -2.913363 0.815015 -1.206755
v -2.621958 0.815015 -1.751936
v -2.229792 0.815015 -2.229792
v -1.751936 0.815015 -2.621958
v -1.206755 0.815015 -2.913363
v -0.615198 0.815015 -3.092810
v 0.435931 -0.042797 -2.191571
v 0.000000 -0.383695 -2.702176
v 0.855109 -0.042798 -2.064415
v 1.241425 -0.042798 -1.857924
v 1.580034 -0.042798 -1.580034
v 1.857924 -0.042798 -1.241425
v 2.064415 -0.042798 -0.855109
v 2.191571 -0.042798 -0.435931
v 2.234506 -0.042798 0.000000
v 2.191571 -0.042798 0.435931
v 2.064415 -0.042798 0.855109
v 1.857924 -0.042798 1.241425
v 1.580034 -0.042798 1.580034
v 1.241425 -0.042798 1.857924
v 0.855109 -0.042798 2.064415
v 0.435931 -0.042798 2.191571
v 0.000000 -0.383695 2.702176
v -0.435931 -0.042798 2.191571
v -0.855109 -0.042798 2.064414
v -1.241425 -0.042798 1.857924
v -1.580034 -0.042798 1.580034
v -1.857924 -0.042798 1.241425
v -2.064415 -0.042798 0.855109
v -2.191571 -0.042798 0.435931
v -2.234506 -0.042798 0.000000
v -2.191571 -0.042798 -0.435931
v -2.064414 -0.042798 -0.855109
v -1.857924 -0.042798 -1.241425
v -1.580034 -0.042798 -1.580034
v -1.241425 -0.042798 -1.857924
v -0.855109 -0.042798 -2.064415
v -0.435931 -0.042798 -2.191571
v 2.373870 -32.039799 -40.598015
v 2.345609 -26.099752 -40.607910
v 2.596731 -32.025509 -17.079744
v 2.575553 -26.089239 -17.095007
v 4.890584 -32.036095 -17.784372
v 4.864532 -26.099752 -17.800297
v 6.951050 -32.036240 -18.916183
v 6.924139 -26.099752 -18.932600
v 8.751122 -32.036449 -20.428219
v 8.723257 -26.099752 -20.444963
v 10.221621 -32.036713 -22.262379
v 10.192736 -26.099752 -22.279261
v 11.306038 -32.037029 -24.348175
v 11.276155 -26.099752 -24.364975
v 11.962704 -32.037380 -26.605452
v 11.931849 -26.099752 -26.621994
v 12.166374 -32.037750 -28.947468
v 12.134609 -26.099752 -28.963566
v 11.909225 -32.038132 -31.284212
v 11.876657 -26.099752 -31.299686
v 11.201142 -32.038502 -33.525894
v 11.167931 -26.099752 -33.540611
v 10.069336 -32.038853 -35.586361
v 10.035622 -26.099752 -35.600204
v 8.557300 -32.039169 -37.386433
v 8.523248 -26.099752 -37.399323
v 6.723142 -32.039440 -38.856934
v 6.688971 -26.099752 -38.868813
v 4.637344 -32.039654 -39.941349
v 4.603256 -26.099752 -39.952217
v 1.211457 -26.289822 -34.702633
v 1.211457 1.064836 -34.702629
v 1.212829 -26.291817 -23.045486
v 1.212829 1.062841 -23.045486
v 2.338834 -26.289822 -23.376911
v 2.338833 1.064836 -23.376913
v 3.366816 -26.289822 -23.926563
v 3.366816 1.064836 -23.926563
v 4.267807 -26.289822 -24.666206
v 4.267807 1.064836 -24.666206
v 5.007179 -26.289822 -25.567408
v 5.007179 1.064836 -25.567410
v 5.556541 -26.289822 -26.595535
v 5.556541 1.064836 -26.595535
v 5.894768 -26.289822 -27.711084
v 5.894768 1.064836 -27.711084
v 6.008860 -26.289822 -28.871187
v 6.008860 1.064836 -28.871187
v 5.894431 -26.289822 -30.031250
v 5.894431 1.064836 -30.031250
v 5.555898 -26.289822 -31.146704
v 5.555898 1.064836 -31.146706
v 5.006246 -26.289822 -32.174683
v 5.006246 1.064836 -32.174683
v 4.266600 -26.289822 -33.075676
v 4.266600 1.064836 -33.075672
v 3.365404 -26.289822 -33.815052
v 3.365404 1.064836 -33.815052
v 2.337279 -26.289822 -34.364407
v 2.337279 1.064836 -34.364407
v 19.018890 -2.757567 14.756382
v 19.018631 -1.251673 14.305102
v 19.017830 -2.808006 14.526902
v 19.015228 -1.897784 13.695865
v 19.015972 -2.700967 14.074731
v 19.015343 -2.552999 13.892217
v 19.016600 -1.480765 13.900833
v 19.017574 -1.335751 14.085703
v 19.016827 -2.788564 14.292750
v 19.014954 -2.132737 13.693975
v 19.020613 -1.290123 14.768177
v 19.019672 -1.235999 14.539537
v 19.021858 -1.582753 15.129128
v 19.022057 -1.795258 15.229368
v 19.021936 -2.027868 15.262518
v 19.020817 -2.470779 15.121990
v 19.019920 -2.641726 14.960800
v 19.014992 -2.357808 13.761425
v 19.021364 -1.409235 14.970705
v 19.015795 -1.673827 13.766920
v 19.021513 -2.259914 15.225635
v 13.536531 -29.721289 14.756382
v 13.536328 -28.215395 14.305102
v 13.535708 -29.771729 14.526902
v 13.533695 -28.861506 13.695865
v 13.534271 -29.664688 14.074731
v 13.533784 -29.516720 13.892217
v 13.534756 -28.444487 13.900833
v 13.535511 -28.299475 14.085703
v 13.534933 -29.752285 14.292750
v 13.533482 -29.096460 13.693975
v 13.537866 -28.253843 14.768177
v 13.537137 -28.199722 14.539537
v 13.538831 -28.546474 15.129128
v 13.538983 -28.758980 15.229368
v 13.538890 -28.991589 15.262518
v 13.538025 -29.434502 15.121990
v 13.537327 -29.605448 14.960800
v 13.533511 -29.321529 13.761425
v 13.538446 -28.372957 14.970705
v 13.534133 -28.637548 13.766920
v 13.538560 -29.223635 15.225635
v -1.191242 -29.721289 14.756382
v -1.191242 -28.215395 14.305102
v -1.191242 -29.771729 14.526903
v -1.191242 -28.861506 13.695865
v -1.191242 -29.664688 14.074731
v -1.191242 -29.516720 13.892217
v -1.191242 -28.444487 13.900833
v -1.191242 -28.299475 14.085704
v -1.191242 -29.752285 14.292750
v -1.191242 -29.096460 13.693975
v -1.191242 -28.253843 14.768177
v -1.191242 -28.199722 14.539537
v -1.191242 -28.546474 15.129128
v -1.191242 -28.758980 15.229367
v -1.191242 -28.991589 15.262518
v -1.191242 -29.434502 15.121990
v -1.191242 -29.605448 14.960800
v -1.191242 -29.321529 13.761425
v -1.191242 -28.372957 14.970705
v -1.191242 -28.637550 13.766922
v -1.191242 -29.223635 15.225635
v 26.335352 -32.039799 2.564602
v 26.300850 -26.099752 2.557383
v 23.984581 -32.039875 2.544804
v 23.950592 -26.099752 2.538449
v 21.675117 -32.039875 2.983998
v 21.641811 -26.099752 2.978390
v 19.495712 -32.039803 3.865307
v 19.463202 -26.099752 3.860292
v 17.530119 -32.039658 5.154862
v 17.498529 -26.099752 5.150279
v 15.853873 -32.039448 6.803107
v 15.823262 -26.099752 6.798773
v 14.531393 -32.039185 8.746700
v 14.501785 -26.099752 8.742421
v 13.613500 -32.038868 10.910954
v 13.584905 -26.099752 10.906519
v 13.135470 -32.038517 13.212692
v 13.107827 -26.099752 13.207922
v 13.115671 -32.038143 15.563463
v 13.088890 -26.099752 15.558179
v 13.554866 -32.037769 17.872927
v 13.528818 -26.099752 17.866953
v 14.436174 -32.037395 20.052332
v 14.410734 -26.099752 20.045551
v 15.725731 -32.037045 22.017925
v 15.700721 -26.099752 22.010241
v 17.373974 -32.036728 23.694170
v 17.349205 -26.099752 23.685507
v 19.317568 -32.036457 25.016649
v 19.292866 -26.099752 25.006969
v 21.456959 -26.099751 25.923859
v 23.758364 -26.099751 26.400944
v 26.134329 -32.036022 26.432373
v 26.108625 -26.099752 26.419880
v 28.443794 -32.036022 25.993177
v 28.417395 -26.099752 25.979939
v 30.623199 -32.036095 25.111870
v 30.595980 -26.099752 25.098032
v 32.588791 -32.036240 23.822315
v 32.560677 -26.099752 23.808050
v 34.265038 -32.036449 22.174070
v 34.235947 -26.099752 22.159550
v 35.587517 -32.036713 20.230476
v 35.557396 -26.099752 20.215902
v 36.505409 -32.037029 18.066223
v 36.474300 -26.099752 18.051811
v 36.983440 -32.037380 15.764484
v 36.951389 -26.099752 15.750407
v 37.003239 -32.037750 13.413713
v 36.970314 -26.099752 13.400148
v 36.564041 -32.038132 11.104251
v 36.530369 -26.099752 11.091372
v 35.682732 -32.038502 8.924846
v 35.648476 -26.099752 8.912773
v 34.393181 -32.038853 6.959252
v 34.358486 -26.099752 6.948089
v 32.744934 -32.039169 5.283006
v 32.709976 -26.099752 5.272821
v 30.801340 -32.039440 3.960526
v 30.766348 -26.099752 3.951356
v 28.637093 -32.039654 3.042634
v 28.602253 -26.099751 3.034464
v 25.576492 -26.289822 8.566298
v 25.576492 1.114041 8.566298
v 24.410828 -26.289822 8.556908
v 24.410828 1.114041 8.556908
v 23.265741 -26.289822 8.775105
v 23.265741 1.114041 8.775105
v 22.185213 -26.289822 9.212504
v 22.185213 1.114041 9.212504
v 21.210791 -26.289822 9.852302
v 21.210791 1.114041 9.852302
v 20.379904 -26.289822 10.669908
v 20.379904 1.114041 10.669908
v 19.724487 -26.289822 11.633904
v 19.724487 1.114041 11.633904
v 19.269741 -26.289822 12.707235
v 19.269741 1.114041 12.707235
v 19.033125 -26.289822 13.848665
v 19.033125 1.114041 13.848665
v 19.023731 -26.289822 15.014325
v 19.023731 1.114041 15.014325
v 19.241924 -26.289822 16.159412
v 19.241924 1.114041 16.159412
v 19.679329 -26.289822 17.239937
v 19.679329 1.114041 17.239937
v 20.319124 -26.289822 18.214365
v 20.319124 1.114041 18.214365
v 21.136726 -26.289822 19.045248
v 21.136726 1.114041 19.045248
v 22.100727 -26.289822 19.700659
v 22.100727 1.114041 19.700659
v 23.174059 -26.289822 20.155409
v 23.174059 1.114041 20.155409
v 24.315489 -26.289822 20.392031
v 24.315489 1.114041 20.392031
v 25.481148 -26.289822 20.401421
v 25.481148 1.114041 20.401421
v 26.626236 -26.289822 20.183224
v 26.626236 1.114041 20.183224
v 27.706753 -26.289822 19.745825
v 27.706753 1.114041 19.745825
v 28.681189 -26.289822 19.106030
v 28.681189 1.114041 19.106030
v 29.512074 -26.289822 18.288420
v 29.512074 1.114041 18.288420
v 30.167477 -26.289822 17.324427
v 30.167477 1.114041 17.324427
v 30.622236 -26.289822 16.251097
v 30.622236 1.114041 16.251097
v 30.858856 -26.289822 15.109665
v 30.858856 1.114041 15.109665
v 30.868242 -26.289822 13.944004
v 30.868242 1.114041 13.944004
v 30.650040 -26.289822 12.798916
v 30.650040 1.114041 12.798916
v 30.212646 -26.289822 11.718392
v 30.212646 1.114041 11.718392
v 29.572851 -26.289822 10.743963
v 29.572851 1.114041 10.743963
v 28.755239 -26.289822 9.913079
v 28.755239 1.114041 9.913079
v 27.791248 -26.289822 9.257670
v 27.791248 1.114041 9.257670
v 26.717924 -26.289822 8.802917
v 26.717920 1.114041 8.802917
v 21.481819 -32.036247 25.934540
v 23.783558 -32.036102 26.412573
v 21.735146 -2.640374 9.452170
v 22.125706 -1.123636 9.226078
v 21.932817 -2.691178 9.335591
v 22.649918 -1.774401 8.915567
v 22.322556 -2.583367 9.106289
v 22.479988 -2.434334 9.013940
v 22.473782 -1.354379 9.020428
v 22.314653 -1.208321 9.114550
v 22.134602 -2.671595 9.216781
v 22.651278 -2.011045 8.914145
v 21.726650 -1.162364 9.461049
v 21.923719 -1.107850 9.345102
v 21.415306 -1.457101 9.643685
v 21.328693 -1.671136 9.694147
v 21.299862 -1.905421 9.710514
v 21.420446 -2.351521 9.638311
v 21.559143 -2.523700 9.556159
v 22.592905 -2.237737 8.947937
v 21.552010 -1.282334 9.563615
v 22.588945 -1.548832 8.952076
v 21.331383 -2.139138 9.691337
v 2.716256 -2.640374 -23.489519
v 3.107076 -1.123636 -23.715158
v 2.914991 -2.691178 -23.604258
v 3.634692 -1.774401 -24.019775
v 3.306582 -2.583367 -23.830341
v 3.464645 -2.434334 -23.921600
v 3.457181 -1.354379 -23.917294
v 3.297080 -1.208321 -23.824856
v 3.117772 -2.671595 -23.721333
v 3.636326 -2.011045 -24.020720
v 2.706042 -1.162364 -23.483622
v 2.904049 -1.107850 -23.597939
v 2.393448 -1.457101 -23.303146
v 2.306638 -1.671136 -23.253027
v 2.277930 -1.905421 -23.236450
v 2.399630 -2.351521 -23.306713
v 2.539225 -2.523700 -23.387310
v 3.577914 -2.237737 -23.986996
v 2.530646 -1.282334 -23.382357
v 3.573154 -1.548832 -23.984249
v 2.309873 -2.139138 -23.254892
v 19.575949 -29.798241 5.735859
v 19.966564 -28.281509 5.509866
v 19.773863 -29.849047 5.619693
v 20.491550 -28.932270 5.200688
v 20.164019 -29.741236 5.391120
v 20.321592 -29.592201 5.299017
v 20.315102 -28.512247 5.305011
v 20.155754 -28.366190 5.398750
v 19.975868 -29.829462 5.501276
v 20.492971 -29.168917 5.199375
v 19.567070 -28.320234 5.744065
v 19.764351 -28.265718 5.628485
v 19.255445 -28.614971 5.926216
v 19.168785 -28.829006 5.976598
v 19.139980 -29.063288 5.993010
v 19.260817 -29.509392 5.921250
v 19.399712 -29.681570 5.839444
v 20.434589 -29.395607 5.233150
v 19.392256 -28.440205 5.846336
v 20.430450 -28.706699 5.236976
v 19.171595 -29.297010 5.973998
v 4.848176 -29.798244 -19.773396
v 5.238996 -28.281509 -19.999031
v 5.046912 -29.849047 -19.888136
v 5.766612 -28.932270 -20.303654
v 5.438505 -29.741236 -20.114220
v 5.596567 -29.592201 -20.205477
v 5.589104 -28.512247 -20.201168
v 5.429002 -28.366190 -20.108732
v 5.249694 -29.829464 -20.005211
v 5.768248 -29.168917 -20.304598
v 4.837962 -28.320234 -19.767496
v 5.035971 -28.265717 -19.881817
v 4.525370 -28.614971 -19.587019
v 4.438559 -28.829006 -19.536901
v 4.409850 -29.063290 -19.520325
v 4.531550 -29.509392 -19.590591
v 4.671146 -29.681570 -19.671185
v 5.709836 -29.395607 -20.270874
v 4.662568 -28.440205 -19.666231
v 5.705074 -28.706699 -20.268124
v 4.441792 -29.297010 -19.538769
v 20.877197 -6.012597 11.836456
v 19.944918 -4.798608 11.501357
v 20.953379 -5.991990 11.615188
v 20.492468 -5.118366 10.881991
v 20.964315 -5.800469 11.192056
v 20.898104 -5.646572 11.027793
v 20.173660 -4.864828 11.102813
v 20.041922 -4.805120 11.287572
v 20.983301 -5.919123 11.393830
v 20.651211 -5.289665 10.865553
v 19.885738 -4.942711 11.939124
v 19.891270 -4.845871 11.725169
v 20.016682 -5.247066 12.263981
v 20.141521 -5.427539 12.346017
v 20.292244 -5.605903 12.363030
v 20.616667 -5.894509 12.201850
v 20.761536 -5.979112 12.037981
v 20.790550 -5.471107 10.915638
v 19.928818 -5.080524 12.124211
v 20.328426 -4.972430 10.963491
v 20.455462 -5.766311 12.313507
v 2.127830 -29.236347 1.114788
v 1.185637 -28.022177 0.809385
v 2.197818 -29.215008 0.891555
v 1.716030 -28.339588 0.174097
v 2.196848 -29.022205 0.468871
v 2.125978 -28.867874 0.306979
v 1.403274 -28.086998 0.404448
v 1.276671 -28.027962 0.592972
v 2.221526 -29.141449 0.669676
v 1.874391 -28.510698 0.152739
v 1.138749 -28.167648 1.248183
v 1.138259 -28.070160 1.034454
v 1.278906 -28.472866 1.568350
v 1.406121 -28.653473 1.646341
v 1.557402 -28.831755 1.658623
v 1.877451 -29.119591 1.487626
v 2.017781 -29.203573 1.319542
v 2.015212 -28.692167 0.198385
v 1.187063 -28.305984 1.431580
v 1.554197 -28.194044 0.260561
v 1.719308 -28.991871 1.604103
v 20.669426 -29.737648 12.073059
v 20.892996 -28.237125 11.681052
v 20.782228 -29.787903 11.873216
v 21.191917 -28.880934 11.150174
v 21.004721 -29.681248 11.479566
v 21.094643 -29.533806 11.320739
v 21.091564 -28.465401 11.328906
v 21.000803 -28.320908 11.489964
v 20.897406 -29.768532 11.669347
v 21.192593 -29.115046 11.148385
v 20.665215 -28.275440 12.084238
v 20.777718 -28.221510 11.885190
v 20.487381 -28.567026 12.398346
v 20.437853 -28.778772 12.485494
v 20.421297 -29.010551 12.514215
v 20.489929 -29.451881 12.391582
v 20.569019 -29.622219 12.251121
v 21.159178 -29.339314 11.206974
v 20.565483 -28.394127 12.260511
v 21.157215 -28.657774 11.212186
v 20.439186 -29.241768 12.481956
v 2.566608 -29.737644 1.733428
v 2.790427 -28.237125 1.341562
v 2.680422 -29.787903 1.534161
v 3.092587 -28.880934 0.812534
v 2.904683 -29.681248 1.141520
v 2.995203 -29.533806 0.983035
v 2.990929 -28.465401 0.990519
v 2.899241 -28.320906 1.151048
v 2.796553 -29.768532 1.330836
v 3.093524 -29.115046 0.810894
v 2.560759 -28.275440 1.743669
v 2.674155 -28.221510 1.545132
v 2.381739 -28.567026 2.057099
v 2.332024 -28.778772 2.144141
v 2.315583 -29.010551 2.172928
v 2.385280 -29.451880 2.050900
v 2.465225 -29.622221 1.910931
v 3.060072 -29.339314 0.869463
v 2.460312 -28.394127 1.919534
v 3.057345 -28.657772 0.874237
v 2.333876 -29.241768 2.140898
v 0.150278 -4.798851 -23.077261
v 0.543452 -4.942713 -23.244217
v 0.355395 -4.845873 -23.142029
v 0.759313 -5.247068 -23.520044
v 0.767939 -5.427542 -23.669178
v 0.707312 -5.605905 -23.808214
v 0.405514 -5.894511 -24.008585
v 0.198104 -5.978324 -24.053387
v 0.682201 -5.080527 -23.374069
v 0.582815 -5.766312 -23.924803
v 0.251390 -28.022177 -1.310579
v 0.658320 -28.167648 -1.488417
v 0.473470 -28.070160 -1.381129
v 0.865514 -28.472866 -1.769881
v 0.869449 -28.653473 -1.919047
v 0.804445 -28.831755 -2.056202
v 0.496332 -29.119591 -2.247874
v 0.272673 -29.204512 -2.287679
v 0.792989 -28.305984 -1.621957
v 0.676276 -28.991871 -2.169156
v 0.319885 -29.649557 -23.817459
v 0.125507 -29.714417 -23.813456
v 0.226332 -28.254551 -23.818192
v 0.590908 -28.507460 -23.818380
v 0.701122 -28.702198 -23.818222
v 0.749038 -28.920774 -23.818047
v 0.646861 -29.351355 -23.817699
v 0.505846 -29.525097 -23.817558
v 0.428189 -28.353855 -23.818506
v 0.730399 -29.143764 -23.817867
v 0.308297 -29.752874 -2.969454
v 0.110374 -29.811533 -2.972035
v 0.416692 -28.285795 -2.950638
v 0.757079 -28.612141 -2.966341
v 0.826348 -28.829779 -2.966935
v 0.834330 -29.058031 -2.967558
v 0.668657 -29.479149 -2.968707
v 0.507289 -29.640778 -2.969148
v 0.631661 -28.421263 -2.965820
v 0.780434 -29.279976 -2.968163
v 0.017760 -8.606007 -19.481422
v 20.669426 -2.732726 12.073059
v 20.892996 -1.232207 11.681052
v 20.782228 -2.782985 11.873216
v 21.191917 -1.876013 11.150174
v 21.004721 -2.676329 11.479566
v 21.094643 -2.528889 11.320739
v 21.091564 -1.460482 11.328906
v 21.000803 -1.315986 11.489964
v 20.897406 -2.763613 11.669347
v 21.192593 -2.110126 11.148385
v 20.665215 -1.270519 12.084238
v 20.777718 -1.216589 11.885190
v 20.487381 -1.562106 12.398346
v 20.437853 -1.773852 12.485494
v 20.421297 -2.005632 12.514215
v 20.489929 -2.446962 12.391582
v 20.569019 -2.617299 12.251121
v 21.159178 -2.334394 11.206974
v 20.565483 -1.389207 12.260511
v 21.157215 -1.652855 11.212186
v 20.439186 -2.236850 12.481956
v 2.566608 -2.732726 1.733428
v 2.790427 -1.232207 1.341562
v 2.680422 -2.782985 1.534161
v 3.092587 -1.876013 0.812534
v 2.904683 -2.676329 1.141520
v 2.995203 -2.528889 0.983035
v 2.990929 -1.460482 0.990519
v 2.899241 -1.315986 1.151048
v 2.796553 -2.763613 1.330836
v 3.093524 -2.110126 0.810894
v 2.560759 -1.270519 1.743669
v 2.674155 -1.216589 1.545132
v 2.381739 -1.562106 2.057099
v 2.332024 -1.773852 2.144141
v 2.315583 -2.005632 2.172928
v 2.385280 -2.446962 2.050900
v 2.465225 -2.617299 1.910931
v 3.060072 -2.334394 0.869463
v 2.460312 -1.389207 1.919534
v 3.057345 -1.652855 0.874237
v 2.333876 -2.236850 2.140898
v 0.261675 -2.735685 -23.818676
v 0.076998 -2.800546 -23.814671
v 0.177823 -1.340683 -23.819408
v 0.532697 -1.593587 -23.819595
v 0.642911 -1.788329 -23.819437
v 0.690828 -2.006905 -23.819262
v 0.588650 -2.437483 -23.818916
v 0.447636 -2.611226 -23.818771
v 0.369978 -1.439983 -23.819721
v 0.672189 -2.229894 -23.819082
v 0.250086 -2.839006 -2.970670
v 0.061865 -2.897661 -2.973251
v 0.368183 -1.371926 -2.951854
v 0.698869 -1.698271 -2.967557
v 0.768138 -1.915907 -2.968151
v 0.776120 -2.144161 -2.968774
v 0.610447 -2.565277 -2.969923
v 0.449078 -2.726907 -2.970364
v 0.573451 -1.507394 -2.967036
v 0.722224 -2.366104 -2.969379
v -0.633479 -31.974840 -3.184716
v -0.633479 -5.172081 -3.184716
v -1.242615 -31.974840 -2.999937
v -1.242615 -5.172081 -2.999937
v -1.803997 -31.974840 -2.699872
v -1.803997 -5.172081 -2.699872
v -2.296052 -31.974840 -2.296052
v -2.296052 -5.172081 -2.296052
v -2.699872 -31.974840 -1.803997
v -2.699872 -5.172081 -1.803997
v -2.999937 -31.974840 -1.242615
v -2.999937 -5.172081 -1.242615
v -3.184716 -31.974840 -0.633479
v -3.184716 -5.172081 -0.633479
v -3.247108 -31.974840 0.000000
v -3.247108 -5.172081 0.000000
v -3.184716 -31.974840 0.633480
v -3.184716 -5.172081 0.633479
v -2.999937 -31.974840 1.242615
v -2.999937 -5.172081 1.242615
v -2.699872 -31.974840 1.803997
v -2.699872 -5.172081 1.803997
v -2.296052 -31.974840 2.296052
v -2.296052 -5.172081 2.296052
v -1.803997 -31.974840 2.699872
v -1.803997 -5.172081 2.699872
v -1.242615 -31.974840 2.999937
v -1.242615 -5.172081 2.999937
v -0.633479 -31.974840 3.184716
v -0.633479 -5.172081 3.184716
v 0.633480 -31.974840 3.184716
v 0.633479 -5.172081 3.184716
v 1.242615 -31.974840 2.999937
v 1.242615 -5.172081 2.999937
v 1.803997 -31.974840 2.699872
v 1.803997 -5.172081 2.699872
v 2.296052 -31.974840 2.296052
v 2.296052 -5.172081 2.296052
v 2.699872 -31.974840 1.803997
v 2.699872 -5.172081 1.803997
v 2.999937 -31.974840 1.242615
v 2.999937 -5.172081 1.242615
v 3.184716 -31.974840 0.633480
v 3.184716 -5.172081 0.633479
v 3.247108 -31.974840 0.000000
v 3.247108 -5.172081 0.000000
v 3.184716 -31.974840 -0.633479
v 3.184716 -5.172081 -0.633479
v 2.999937 -31.974840 -1.242615
v 2.999937 -5.172081 -1.242615
v 2.699872 -31.974840 -1.803997
v 2.699872 -5.172081 -1.803997
v 2.296052 -31.974840 -2.296052
v 2.296052 -5.172081 -2.296052
v 1.803997 -31.974840 -2.699872
v 1.803997 -5.172081 -2.699872
v 1.242615 -31.974840 -2.999937
v 1.242615 -5.172081 -2.999937
v 0.633480 -31.974840 -3.184716
v 0.633479 -5.172081 -3.184716
v -0.523792 0.979895 -2.633280
v -1.027455 0.979895 -2.480495
v -1.491633 0.979895 -2.232387
v -1.898489 0.979895 -1.898489
v -2.232387 0.979895 -1.491633
v -2.480495 0.979895 -1.027455
v -2.633280 0.979895 -0.523792
v -2.684869 0.979895 0.000000
v -2.633280 0.979895 0.523792
v -2.480495 0.979895 1.027455
v -2.232387 0.979895 1.491633
v -1.898489 0.979895 1.898489
v -1.491633 0.979895 2.232387
v -1.027455 0.979895 2.480495
v -0.523792 0.979895 2.633280
v 0.523792 0.979895 2.633280
v 1.027455 0.979895 2.480495
v 1.491633 0.979895 2.232387
v 1.898489 0.979895 1.898489
v 2.232387 0.979895 1.491633
v 2.480495 0.979895 1.027455
v 2.633280 0.979895 0.523792
v 2.684869 0.979895 0.000000
v 2.633280 0.979895 -0.523792
v 2.480495 0.979895 -1.027455
v 2.232387 0.979895 -1.491633
v 1.898489 0.979895 -1.898489
v 1.491633 0.979895 -2.232387
v 1.027455 0.979895 -2.480495
v 0.523792 0.979895 -2.633280
v -0.633479 0.979895 -3.184716
v -1.242615 0.979895 -2.999937
v -1.803997 0.979895 -2.699872
v -2.296052 0.979895 -2.296052
v -2.699872 0.979895 -1.803997
v -2.999937 0.979895 -1.242615
v -3.184716 0.979895 -0.633479
v -3.247108 0.979895 0.000000
v -3.184716 0.979895 0.633480
v -2.999937 0.979895 1.242615
v -2.699872 0.979895 1.803997
v -2.296052 0.979895 2.296052
v -1.803997 0.979895 2.699872
v -1.242615 0.979895 2.999937
v -0.633479 0.979895 3.184716
v 0.633480 0.979895 3.184716
v 1.242615 0.979895 2.999937
v 1.803997 0.979895 2.699872
v 2.296052 0.979895 2.296052
v 2.699872 0.979895 1.803997
v 2.999937 0.979895 1.242615
v 3.184716 0.979895 0.633480
v 3.247108 0.979895 0.000000
v 3.184716 0.979895 -0.633479
v 2.999937 0.979895 -1.242615
v 2.699872 0.979895 -1.803997
v 2.296052 0.979895 -2.296052
v 1.803997 0.979895 -2.699872
v 1.242615 0.979895 -2.999937
v 0.633480 0.979895 -3.184716
v -0.435931 -0.042797 -2.191571
v -0.855109 -0.042798 -2.064415
v -1.241425 -0.042798 -1.857924
v -1.580034 -0.042798 -1.580034
v -1.857924 -0.042798 -1.241425
v -2.064415 -0.042798 -0.855109
v -2.191571 -0.042798 -0.435931
v -2.234506 -0.042798 0.000000
v -2.191571 -0.042798 0.435931
v -2.064415 -0.042798 0.855109
v -1.857924 -0.042798 1.241425
v -1.580034 -0.042798 1.580034
v -1.241425 -0.042798 1.857924
v -0.855109 -0.042798 2.064415
v -0.435931 -0.042798 2.191571
v 0.435931 -0.042798 2.191571
v 0.855109 -0.042798 2.064415
v 1.241425 -0.042798 1.857924
v 1.580034 -0.042798 1.580034
v 1.857924 -0.042798 1.241425
v 2.064415 -0.042798 0.855109
v 2.191571 -0.042798 0.435931
v 2.234506 -0.042798 0.000000
v 2.191571 -0.042798 -0.435931
v 2.064415 -0.042798 -0.855109
v 1.857924 -0.042798 -1.241425
v 1.580034 -0.042798 -1.580034
v 1.241425 -0.042798 -1.857924
v 0.855109 -0.042798 -2.064415
v 0.435931 -0.042798 -2.191571
v -1.194588 -32.039845 -40.758453
v -1.178357 -26.099752 -40.767921
v -2.359740 -29.069775 -40.602955
v -0.000000 -29.069805 -40.815292
v -0.000000 -29.025826 -16.849297
v -1.323911 -32.005783 -16.901409
v -1.311792 -26.069523 -16.916328
v -2.586142 -29.057375 -17.087376
v -3.780602 -32.034737 -17.375744
v -3.755461 -26.098436 -17.391357
v -4.877558 -29.067924 -17.792336
v -5.948596 -32.036156 -18.299706
v -5.922124 -26.099752 -18.315899
v -6.937593 -29.067995 -18.924389
v -7.888198 -32.036335 -19.628019
v -7.860820 -26.099752 -19.644625
v -8.737190 -29.068098 -20.436592
v -9.531388 -32.036575 -21.309206
v -9.503016 -26.099752 -21.326048
v -10.207177 -29.068230 -22.270819
v -10.815022 -32.036865 -23.278658
v -10.785634 -26.099752 -23.295528
v -11.291098 -29.068390 -24.356577
v -11.689772 -32.037201 -25.460697
v -11.659400 -26.099752 -25.477390
v -11.947277 -29.068565 -26.613720
v -12.122020 -32.037563 -27.771460
v -12.090701 -26.099752 -27.787806
v -12.150491 -29.068750 -28.955517
v -12.095151 -32.037941 -30.122152
v -12.062967 -26.099752 -30.137959
v -11.892941 -29.068939 -31.291950
v -11.610202 -32.038319 -32.422432
v -11.577292 -26.099752 -32.437542
v -11.184536 -29.069128 -33.533253
v -10.685808 -32.038677 -34.583904
v -10.652330 -26.099752 -34.598198
v -10.052479 -29.069300 -35.593277
v -9.357498 -32.039017 -36.523506
v -9.323590 -26.099752 -36.536884
v -8.540274 -29.069460 -37.392879
v -7.676312 -32.039310 -38.166702
v -7.642174 -26.099752 -38.179089
v -6.706056 -29.069597 -38.862873
v -5.706859 -32.039555 -39.450340
v -5.672706 -26.099752 -39.461708
v -4.620300 -29.069700 -39.946785
v -3.524047 -32.039734 -40.325081
v -3.490761 -26.099752 -40.335461
v -0.612382 -26.289822 -34.788158
v -0.612382 1.064836 -34.788162
v -1.211457 -12.612493 -34.702629
v 0.000000 -12.612493 -34.816780
v -0.000000 -12.620471 -22.952457
v -0.613179 -26.295555 -22.973148
v -0.613179 1.059100 -22.973148
v -1.212829 -12.614487 -23.045486
v -1.788097 -26.290071 -23.181154
v -1.788097 1.064586 -23.181156
v -2.338833 -12.612493 -23.376911
v -2.866314 -26.289822 -23.626507
v -2.866314 1.064836 -23.626507
v -3.366816 -12.612493 -23.926561
v -3.835467 -26.289822 -24.274269
v -3.835467 1.064836 -24.274269
v -4.267807 -12.612493 -24.666203
v -4.659611 -26.289822 -25.098660
v -4.659611 1.064836 -25.098660
v -5.007178 -12.612493 -25.567408
v -5.307093 -26.289822 -26.067987
v -5.307093 1.064836 -26.067989
v -5.556540 -12.612493 -26.595535
v -5.753034 -26.289822 -27.145008
v -5.753035 1.064836 -27.145008
v -5.894767 -12.612493 -27.711086
v -5.980287 -26.289822 -28.288338
v -5.980287 1.064836 -28.288336
v -6.008859 -12.612493 -28.871185
v -5.980116 -26.289822 -29.454029
v -5.980116 1.064836 -29.454029
v -5.894430 -12.612493 -30.031246
v -5.752541 -26.289822 -30.597284
v -5.752541 1.064836 -30.597286
v -5.555898 -12.612493 -31.146702
v -5.306304 -26.289822 -31.674185
v -5.306304 1.064836 -31.674183
v -5.006246 -12.612493 -32.174683
v -4.658536 -26.289822 -32.643330
v -4.658536 1.064836 -32.643330
v -4.266600 -12.612493 -33.075672
v -3.834147 -26.289822 -33.467484
v -3.834147 1.064836 -33.467480
v -3.365403 -12.612493 -33.815044
v -2.864826 -26.289822 -34.114964
v -2.864826 1.064836 -34.114964
v -2.337280 -12.612493 -34.364410
v -1.786521 -26.289822 -34.560898
v -1.786522 1.064836 -34.560898
v -0.000000 -32.022224 -28.855160
v -0.000000 -26.084078 -28.868151
v -0.000000 1.061863 -28.881180
v -19.015129 -2.460295 13.819521
v -19.020161 -1.254510 14.655881
v -19.021015 -1.342105 14.873897
v -19.021997 -1.685256 15.187195
v -19.021645 -1.490069 15.056406
v -19.018356 -2.791369 14.643530
v -19.019415 -2.707292 14.862923
v -19.022036 -1.910323 15.254642
v -19.020390 -2.562282 15.047789
v -19.021194 -2.369223 15.181698
v -19.019157 -1.235068 14.421734
v -19.017315 -2.807042 14.409100
v -19.018097 -1.285507 14.192259
v -19.017071 -1.401344 13.987844
v -19.016171 -1.572288 13.826657
v -19.014931 -2.247795 13.719284
v -19.015625 -2.633809 13.977941
v -19.016376 -2.752919 14.180466
v -19.015051 -2.015190 13.686133
v -19.015478 -1.783148 13.723017
v -19.021759 -2.145270 15.252754
v 0.000000 -2.460295 13.819520
v 0.000000 -1.254510 14.655880
v -0.000000 -1.342105 14.873895
v -0.000000 -1.685256 15.187195
v 0.000000 -1.490069 15.056405
v 0.000000 -2.791368 14.643528
v 0.000000 -2.707292 14.862921
v -0.000000 -1.910323 15.254642
v 0.000000 -2.562281 15.047789
v -0.000000 -2.369223 15.181698
v -0.000000 -1.235068 14.421732
v 0.000000 -2.807042 14.409099
v 0.000000 -1.285507 14.192257
v -0.000000 -1.401344 13.987844
v 0.000000 -1.572287 13.826657
v 0.000000 -2.247795 13.719283
v -0.000000 -2.633809 13.977941
v 0.000000 -2.752919 14.180466
v 0.000000 -2.015190 13.686132
v 0.000000 -1.783148 13.723017
v 0.000000 -2.145270 15.252753
v -9.511028 -1.795257 15.229366
v -9.510929 -1.582753 15.129128
v -9.507475 -2.132737 13.693974
v -9.507613 -1.897784 13.695864
v -9.508413 -2.788564 14.292750
v -9.508913 -2.808006 14.526901
v -9.510680 -1.409235 14.970705
v -9.507896 -1.673827 13.766921
v -9.508786 -1.335751 14.085702
v -9.509314 -1.251672 14.305102
v -9.509445 -2.757566 14.756383
v -9.510968 -2.027868 15.262517
v -9.510756 -2.259914 15.225634
v -9.508299 -1.480764 13.900833
v -9.509958 -2.641727 14.960799
v -9.507495 -2.357808 13.761424
v -9.507671 -2.552999 13.892216
v -9.510408 -2.470779 15.121991
v -9.509835 -1.235999 14.539537
v -9.510306 -1.290123 14.768176
v -9.507986 -2.700967 14.074730
v -13.533618 -29.424019 13.819521
v -13.537516 -28.218231 14.655881
v -13.538177 -28.305826 14.873897
v -13.538937 -28.648979 15.187195
v -13.538666 -28.453791 15.056406
v -13.536119 -29.755089 14.643530
v -13.536936 -29.671015 14.862923
v -13.538966 -28.874044 15.254642
v -13.537691 -29.526003 15.047789
v -13.538316 -29.332943 15.181698
v -13.536738 -28.198792 14.421734
v -13.535311 -29.770763 14.409100
v -13.535915 -28.249229 14.192259
v -13.535120 -28.365067 13.987844
v -13.534424 -28.536009 13.826657
v -13.533465 -29.211515 13.719284
v -13.534002 -29.597530 13.977941
v -13.534584 -29.716642 14.180466
v -13.533558 -28.978912 13.686133
v -13.533888 -28.746870 13.723017
v -13.538752 -29.108992 15.252754
v 1.191242 -29.424015 13.819521
v 1.191242 -28.218231 14.655881
v 1.191242 -28.305826 14.873896
v 1.191242 -28.648979 15.187195
v 1.191242 -28.453793 15.056406
v 1.191242 -29.755089 14.643530
v 1.191242 -29.671015 14.862924
v 1.191242 -28.874044 15.254642
v 1.191242 -29.526003 15.047789
v 1.191242 -29.332943 15.181698
v 1.191242 -28.198790 14.421734
v 1.191242 -29.770763 14.409100
v 1.191242 -28.249228 14.192259
v 1.191242 -28.365067 13.987844
v 1.191242 -28.536011 13.826657
v 1.191242 -29.211517 13.719282
v 1.191242 -29.597530 13.977941
v 1.191242 -29.716640 14.180466
v 1.191242 -28.978912 13.686132
v 1.191242 -28.746870 13.723017
v 1.191242 -29.108992 15.252754
v -6.173870 -28.758982 15.229368
v -6.173795 -28.546473 15.129128
v -6.171120 -29.096460 13.693975
v -6.171226 -28.861507 13.695865
v -6.171845 -29.752283 14.292749
v -6.172234 -29.771727 14.526901
v -6.173602 -28.372955 14.970704
v -6.171446 -28.637548 13.766920
v -6.172133 -28.299473 14.085702
v -6.172543 -28.215397 14.305101
v -6.172645 -29.721289 14.756382
v -6.173823 -28.991589 15.262519
v -6.173660 -29.223635 15.225633
v -6.171757 -28.444485 13.900832
v -6.173042 -29.605450 14.960799
v -6.171135 -29.321527 13.761424
v -6.171271 -29.516720 13.892217
v -6.173391 -29.434498 15.121990
v -6.172948 -28.199720 14.539537
v -6.173311 -28.253845 14.768175
v -6.171515 -29.664686 14.074729
v -25.160454 -32.039845 2.497007
v -25.126183 -26.099752 2.490232
v -26.318100 -29.069775 2.560992
v -23.967585 -29.069815 2.541626
v -22.819067 -32.039886 2.707719
v -22.785406 -26.099752 2.701755
v -21.658466 -29.069813 2.981194
v -20.563784 -32.039848 3.371162
v -20.530861 -26.099752 3.365871
v -19.479458 -29.069778 3.862799
v -18.481266 -32.039738 4.461842
v -18.449203 -26.099752 4.457065
v -17.514322 -29.069706 5.152570
v -16.651543 -32.039562 5.937844
v -16.620438 -26.099752 5.933408
v -15.838568 -29.069603 6.800939
v -15.144931 -32.039326 7.742445
v -15.114819 -26.099752 7.738164
v -14.516587 -29.069469 8.744560
v -14.019329 -32.039032 9.806299
v -13.990228 -26.099752 9.801966
v -13.599202 -29.069313 10.908735
v -13.317993 -32.038696 12.050090
v -13.289883 -26.099752 12.045509
v -13.121648 -29.069132 13.210307
v -13.067873 -32.038334 14.387591
v -13.040676 -26.099752 14.382587
v -13.102280 -29.068949 15.560821
v -13.278585 -32.037956 16.728973
v -13.252188 -26.099752 16.723364
v -13.541842 -29.068760 17.869940
v -13.942028 -32.037579 18.984261
v -13.916306 -26.099752 18.977898
v -14.423454 -29.068575 20.048943
v -15.032709 -32.037216 21.066780
v -15.007509 -26.099752 21.059557
v -15.713225 -29.068398 22.014084
v -16.508711 -32.036880 22.896502
v -16.483845 -26.099752 22.888330
v -17.361589 -29.068241 23.689837
v -18.313313 -32.036591 24.403111
v -18.288601 -26.099752 24.393940
v -19.305214 -29.068106 25.011808
v -20.352411 -26.099752 25.518532
v -22.595955 -26.099752 26.218887
v -24.933029 -26.099752 26.468098
v -26.121473 -29.067886 26.426125
v -27.299841 -32.036015 26.269457
v -27.273808 -26.099752 26.256575
v -28.430593 -29.067886 25.986557
v -29.555126 -32.036049 25.606012
v -29.528330 -26.099752 25.592455
v -30.609591 -29.067924 25.104948
v -31.637644 -32.036156 24.515335
v -31.609985 -26.099752 24.501261
v -32.574734 -29.067995 23.815182
v -33.467369 -32.036335 23.039331
v -33.438774 -26.099752 23.024920
v -34.250488 -29.068098 22.166809
v -34.973980 -32.036575 21.234730
v -34.944374 -26.099752 21.220158
v -35.572453 -29.068230 20.223190
v -36.099579 -32.036865 19.170877
v -36.068962 -26.099752 19.156363
v -36.489857 -29.068390 18.059015
v -36.800919 -32.037201 16.927084
v -36.769333 -26.099752 16.912821
v -36.967415 -29.068565 15.757445
v -37.051037 -32.037563 14.589585
v -37.018539 -26.099752 14.575741
v -36.986778 -29.068750 13.406931
v -36.840324 -32.037941 12.248202
v -36.807007 -26.099752 12.234963
v -36.547203 -29.068939 11.097811
v -36.176880 -32.038319 9.992918
v -36.142891 -26.099752 9.980428
v -35.665600 -29.069128 8.918809
v -35.086197 -32.038677 7.910398
v -35.051704 -26.099752 7.898770
v -34.375832 -29.069300 6.953670
v -33.610195 -32.039017 6.080676
v -33.575348 -26.099752 6.069995
v -32.727455 -29.069460 5.277914
v -31.805597 -32.039310 4.574064
v -31.770592 -26.099752 4.564385
v -30.783844 -29.069597 3.955941
v -29.741745 -32.039555 3.448462
v -29.706806 -26.099752 3.439796
v -28.619673 -29.069700 3.038549
v -27.497953 -32.039734 2.747125
v -27.463264 -26.099752 2.739439
v -24.993889 -26.289822 8.532993
v -24.993889 1.114041 8.532993
v -25.576488 -12.587891 8.566298
v -24.410828 -12.587891 8.556907
v -23.832930 -26.289822 8.637902
v -23.832930 1.114041 8.637902
v -23.265738 -12.587891 8.775105
v -22.714741 -26.289822 8.967285
v -22.714741 1.114041 8.967285
v -22.185209 -12.587891 9.212503
v -21.682295 -26.289822 9.508486
v -21.682295 1.114041 9.508487
v -21.210791 -12.587891 9.852301
v -20.775280 -26.289822 10.240711
v -20.775280 1.114041 10.240711
v -20.379902 -12.587891 10.669907
v -20.028536 -26.289822 11.135820
v -20.028536 1.114041 11.135819
v -19.724489 -12.587891 11.633903
v -19.470772 -26.289822 12.159407
v -19.470772 1.114041 12.159407
v -19.269739 -12.587891 12.707232
v -19.123421 -26.289822 13.272141
v -19.123419 1.114041 13.272141
v -19.033125 -12.587891 13.848663
v -18.999821 -26.289822 14.431266
v -18.999821 1.114041 14.431265
v -19.023731 -12.587891 15.014324
v -19.104721 -26.289822 15.592225
v -19.104721 1.114041 15.592225
v -19.241922 -12.587891 16.159410
v -19.434105 -26.289822 16.710407
v -19.434107 1.114041 16.710409
v -19.679327 -12.587891 17.239935
v -19.975313 -26.289822 17.742853
v -19.975313 1.114041 17.742855
v -20.319124 -12.587891 18.214363
v -20.707533 -26.289822 18.649874
v -20.707533 1.114041 18.649874
v -21.136728 -12.587891 19.045248
v -21.602640 -26.289822 19.396614
v -21.602642 1.114041 19.396610
v -22.100725 -12.587891 19.700657
v -22.626232 -26.289822 19.954378
v -22.626232 1.114041 19.954378
v -23.174057 -12.587891 20.155411
v -23.738966 -26.289822 20.301735
v -23.738966 1.114041 20.301733
v -24.315489 -12.587891 20.392031
v -24.898092 -26.289822 20.425335
v -24.898088 1.114041 20.425335
v -25.481152 -12.587891 20.401419
v -26.059052 -26.289822 20.320427
v -26.059052 1.114041 20.320427
v -26.626234 -12.587891 20.183220
v -27.177227 -26.289822 19.991041
v -27.177227 1.114041 19.991041
v -27.706753 -12.587891 19.745823
v -28.209673 -26.289822 19.449842
v -28.209673 1.114041 19.449842
v -28.681187 -12.587891 19.106028
v -29.116701 -26.289822 18.717619
v -29.116701 1.114041 18.717619
v -29.512072 -12.587891 18.288420
v -29.863438 -26.289822 17.822508
v -29.863438 1.114041 17.822508
v -30.167473 -12.587891 17.324425
v -30.421200 -26.289822 16.798922
v -30.421200 1.114041 16.798922
v -30.622236 -12.587891 16.251095
v -30.768560 -26.289822 15.686190
v -30.768560 1.114041 15.686190
v -30.858854 -12.587891 15.109664
v -30.892159 -26.289822 14.527063
v -30.892160 1.114041 14.527063
v -30.868238 -12.587891 13.944004
v -30.787247 -26.289822 13.366104
v -30.787247 1.114041 13.366104
v -30.650038 -12.587891 12.798915
v -30.457863 -26.289822 12.247920
v -30.457863 1.114041 12.247918
v -30.212646 -12.587891 11.718391
v -29.916668 -26.289822 11.215475
v -29.916666 1.114041 11.215475
v -29.572847 -12.587891 10.743963
v -29.184435 -26.289822 10.308455
v -29.184435 1.114041 10.308455
v -28.755236 -12.587891 9.913079
v -28.289330 -26.289822 9.561714
v -28.289330 1.114041 9.561716
v -27.791246 -12.587891 9.257668
v -27.265747 -26.289822 9.003951
v -27.265747 1.114041 9.003950
v -26.717918 -12.587891 8.802917
v -26.153015 -26.289822 8.656593
v -26.153015 1.114041 8.656593
v -20.377165 -32.036346 25.528713
v -24.958458 -32.036053 26.480167
v -22.620958 -32.036163 26.230053
v -21.469391 -29.067997 25.929201
v -23.770960 -29.067926 26.406757
v -22.542730 -2.340962 8.977223
v -21.823450 -1.126494 9.404119
v -21.635500 -1.214720 9.514608
v -21.365156 -1.560343 9.672957
v -21.478073 -1.363750 9.606956
v -21.832348 -2.674420 9.394821
v -21.643402 -2.589737 9.506350
v -21.306786 -1.787030 9.706748
v -21.484280 -2.443683 9.600470
v -21.369116 -2.249234 9.668819
v -22.025227 -1.106912 9.285311
v -22.034325 -2.690207 9.275801
v -22.222898 -1.157714 9.168734
v -22.398899 -1.274386 9.064750
v -22.537590 -1.446561 8.982597
v -22.629341 -2.126931 8.926763
v -22.406033 -2.515725 9.057293
v -22.231392 -2.635693 9.159857
v -22.658171 -1.892652 8.910396
v -22.626652 -1.658940 8.929576
v -21.308146 -2.023669 9.705327
v -3.527601 -2.340962 -23.957947
v -2.803292 -1.126494 -23.539770
v -2.614486 -1.214720 -23.430763
v -2.343161 -1.560343 -23.274111
v -2.456427 -1.363750 -23.339506
v -2.813990 -2.674420 -23.545944
v -2.623989 -2.589737 -23.436247
v -2.284750 -1.787030 -23.240387
v -2.463891 -2.443683 -23.343815
v -2.347922 -2.249234 -23.276859
v -3.006070 -1.106912 -23.656843
v -3.017011 -2.690207 -23.663157
v -3.204801 -1.157714 -23.771580
v -3.381827 -1.274386 -23.873787
v -3.521421 -1.446561 -23.954380
v -3.614409 -2.126931 -24.008066
v -3.390406 -2.515725 -23.878738
v -3.215014 -2.635694 -23.777475
v -3.643118 -1.892652 -24.024639
v -3.611176 -1.658940 -24.006201
v -2.286386 -2.023669 -23.241333
v -11.817666 -1.671136 -6.779439
v -11.904378 -1.457101 -6.829730
v -13.143801 -2.011045 -7.553287
v -13.142304 -1.774401 -7.552104
v -12.626184 -2.671595 -7.252276
v -12.423903 -2.691178 -7.134333
v -12.041327 -1.282334 -6.909371
v -13.081049 -1.548832 -7.516086
v -12.805864 -1.208321 -7.355154
v -12.616389 -1.123636 -7.244540
v -12.225699 -2.640374 -7.018674
v -11.788897 -1.905421 -6.762968
v -11.820627 -2.139138 -6.781779
v -12.965482 -1.354378 -7.448432
v -12.049183 -2.523700 -6.915576
v -13.085409 -2.237736 -7.519530
v -12.972314 -2.434334 -7.453830
v -11.910037 -2.351522 -6.834199
v -12.413883 -1.107850 -7.126418
v -12.216346 -1.162363 -7.011287
v -12.814568 -2.583367 -7.362027
v -20.384384 -29.498831 5.262383
v -19.663969 -28.284363 5.687312
v -19.475826 -28.372591 5.797465
v -19.205263 -28.718212 5.955433
v -19.318256 -28.521620 5.889567
v -19.673271 -29.832287 5.678717
v -19.484085 -29.747608 5.789831
v -19.146881 -28.944899 5.989206
v -19.324745 -29.601553 5.883573
v -19.209400 -29.407104 5.951608
v -19.865971 -28.264784 5.568892
v -19.875484 -29.848074 5.560103
v -20.063879 -28.315584 5.452730
v -20.240110 -28.432255 5.349148
v -20.379009 -28.604431 5.267349
v -20.471039 -29.284801 5.212000
v -20.247576 -29.673594 5.342259
v -20.072763 -29.793560 5.444529
v -20.499840 -29.050520 5.195586
v -20.468227 -28.816809 5.214599
v -19.148300 -29.181538 5.987891
v -5.659523 -29.498833 -20.241821
v -4.935213 -28.284363 -19.823643
v -4.746408 -28.372591 -19.714638
v -4.475082 -28.718212 -19.557985
v -4.588349 -28.521620 -19.623381
v -4.945910 -29.832289 -19.829821
v -4.755910 -29.747606 -19.720123
v -4.416671 -28.944899 -19.524261
v -4.595812 -29.601551 -19.627691
v -4.479842 -29.407103 -19.560736
v -5.137991 -28.264784 -19.940716
v -5.148933 -29.848074 -19.947037
v -5.336722 -28.315584 -20.055456
v -5.513749 -28.432255 -20.157663
v -5.653342 -28.604431 -20.238255
v -5.746331 -29.284800 -20.291941
v -5.522328 -29.673594 -20.162615
v -5.346936 -29.793560 -20.061354
v -5.775040 -29.050520 -20.308517
v -5.743097 -28.816807 -20.290077
v -4.418306 -29.181538 -19.525208
v -11.803672 -28.829004 -6.780151
v -11.890406 -28.614969 -6.830402
v -13.130610 -29.168913 -7.552610
v -13.129080 -28.932268 -7.551483
v -12.612782 -29.829462 -7.251966
v -12.410386 -29.849045 -7.134220
v -12.027411 -28.440203 -6.909948
v -13.067762 -28.706697 -7.515574
v -12.792377 -28.366190 -7.354991
v -12.602780 -28.281506 -7.244583
v -12.212062 -29.798246 -7.018767
v -11.774913 -29.063288 -6.763658
v -11.806693 -29.297010 -6.782385
v -12.952103 -28.512245 -7.448078
v -12.035429 -29.681566 -6.915870
v -13.072212 -29.395603 -7.518860
v -12.959080 -29.592201 -7.453230
v -11.896182 -29.509392 -6.834670
v -12.400160 -28.265717 -7.126666
v -12.202516 -28.320232 -7.011715
v -12.801262 -29.741236 -7.361550
v -20.848963 -5.560586 10.964472
v -19.882368 -4.888547 11.834604
v -19.901354 -5.007196 12.036374
v -20.075113 -5.336553 12.312786
v -19.967562 -5.161090 12.200635
v -20.920727 -6.009040 11.727079
v -20.823723 -6.002529 11.940860
v -20.214449 -5.517994 12.362869
v -20.691990 -5.942819 12.125616
v -20.537230 -5.835219 12.264933
v -19.912292 -4.815683 11.613253
v -20.974377 -5.961777 11.503272
v -19.988466 -4.795079 11.391988
v -20.104128 -4.828561 11.190469
v -20.248997 -4.913159 11.026601
v -20.724127 -5.380121 10.882438
v -20.936829 -5.727124 11.104239
v -20.979906 -5.864937 11.289321
v -20.573408 -5.201763 10.865424
v -20.410196 -5.041358 10.914945
v -20.373186 -5.689289 12.346432
v -2.075032 -28.781742 0.245307
v -1.132433 -28.113173 1.143962
v -1.157110 -28.232414 1.344763
v -1.338743 -28.562449 1.615243
v -1.227979 -28.386744 1.506652
v -2.168301 -29.232424 1.004258
v -2.077268 -29.226643 1.220664
v -1.479561 -28.743912 1.660888
v -1.950668 -29.167604 1.409184
v -1.799748 -29.060562 1.553069
v -1.156142 -28.039618 0.922090
v -2.215677 -29.184439 0.779192
v -1.226128 -28.018280 0.698860
v -1.336174 -28.051056 0.494109
v -1.476501 -28.135033 0.326030
v -1.947821 -28.601141 0.167318
v -2.166874 -28.948622 0.382075
v -2.215187 -29.086950 0.565468
v -1.796543 -28.422863 0.155037
v -1.634642 -28.262751 0.209556
v -1.637920 -28.915018 1.639531
v -10.773822 -17.040504 6.996178
v -10.647795 -16.859966 6.916166
v -11.262799 -16.900181 5.509146
v -11.104248 -16.728977 5.528044
v -11.602412 -17.530285 6.031753
v -11.575598 -17.603498 6.253371
v -10.557940 -16.693254 6.777895
v -10.941312 -16.583235 5.612025
v -10.659295 -16.416540 5.940272
v -10.565278 -16.410393 6.155371
v -11.502514 -17.624472 6.475622
v -10.924822 -17.218826 7.010826
v -11.087384 -17.379089 6.958805
v -10.788467 -16.475912 5.753630
v -11.389658 -17.591339 6.678761
v -11.402880 -17.081636 5.557011
v -11.512040 -17.257223 5.667385
v -11.247061 -17.507048 6.844737
v -10.514764 -16.458015 6.379812
v -10.512242 -16.555180 6.593653
v -11.580583 -17.411337 5.830462
v -21.130497 -29.441435 11.257497
v -20.720482 -28.239952 11.986482
v -20.613167 -28.327236 12.176256
v -20.458714 -28.669165 12.448842
v -20.523249 -28.474674 12.335083
v -20.724892 -29.771328 11.974775
v -20.617083 -29.687551 12.165857
v -20.425299 -28.893429 12.507430
v -20.526323 -29.543055 12.326914
v -20.460676 -29.350687 12.443633
v -20.835653 -28.220583 11.782615
v -20.840166 -29.786943 11.770641
v -20.948454 -28.270842 11.582775
v -21.048859 -28.386269 11.404716
v -21.127947 -28.556599 11.264263
v -21.180019 -29.229692 11.170349
v -21.052397 -29.614332 11.395329
v -20.952665 -29.733015 11.571598
v -21.196575 -28.997917 11.141628
v -21.178688 -28.766705 11.173890
v -20.425972 -29.127537 12.505642
v -3.031258 -29.441435 0.919911
v -2.616453 -28.239956 1.646158
v -2.508326 -28.327236 1.835469
v -2.352940 -28.669163 2.107521
v -2.417807 -28.474674 1.993951
v -2.622580 -29.771328 1.635432
v -2.513768 -29.687551 1.825941
v -2.319489 -28.893429 2.166088
v -2.422081 -29.543056 1.986467
v -2.355667 -29.350687 2.102747
v -2.732582 -28.220583 1.442838
v -2.738849 -29.786943 1.431867
v -2.846394 -28.270842 1.243574
v -2.947775 -28.386269 1.066074
v -3.027718 -28.556599 0.926108
v -3.080973 -29.229692 0.832869
v -2.952687 -29.614332 1.057473
v -2.852243 -29.733015 1.233333
v -3.097414 -28.997917 0.804084
v -3.079120 -28.766705 0.836112
v -2.320426 -29.127535 2.164449
v -11.384938 -28.778772 7.314817
v -11.434561 -28.567026 7.227722
v -12.143057 -29.115044 5.979639
v -12.142251 -28.880930 5.981354
v -11.846980 -29.768534 6.500091
v -11.731324 -29.787903 6.703687
v -11.512897 -28.394121 7.090022
v -12.107281 -28.657772 6.043211
v -11.950022 -28.320906 6.320506
v -11.841709 -28.237125 6.511307
v -11.618017 -29.737646 6.903243
v -11.368439 -29.010550 7.343572
v -11.386532 -29.241770 7.311428
v -12.041246 -28.465401 6.159712
v -11.517120 -29.622215 7.081027
v -12.109622 -29.339312 6.038219
v -12.044922 -29.533810 6.151886
v -11.437604 -29.451883 7.221241
v -11.725937 -28.221506 6.715160
v -11.612987 -28.275440 6.913953
v -11.954701 -29.681248 6.310543
v -0.454619 -4.888549 -23.189037
v -0.619865 -5.007199 -23.306366
v -0.772364 -5.336555 -23.595053
v -0.729012 -5.161092 -23.445833
v -0.097592 -5.999988 -24.062046
v -0.746070 -5.517997 -23.740759
v -0.302699 -5.942723 -24.035858
v -0.499864 -5.835221 -23.971331
v -0.249903 -4.815715 -23.104361
v -0.652465 -5.689291 -23.870014
v -0.571220 -28.113173 -1.430837
v -0.732781 -28.232414 -1.552609
v -0.876206 -28.562449 -1.845147
v -0.837545 -28.386744 -1.694928
v -0.140364 -29.229101 -2.295331
v -0.845327 -28.743912 -1.989922
v -0.390801 -29.167723 -2.272350
v -0.591859 -29.060562 -2.213303
v -0.366784 -28.039618 -1.340553
v -0.127908 -28.017153 -1.291466
v -0.747652 -28.915018 -2.116386
v -0.818694 -17.040508 -12.794112
v -0.812414 -16.859968 -12.644962
v -0.737595 -16.693254 -12.498012
v -0.200834 -16.410513 -12.193920
v 0.000000 -17.622713 -13.180839
v -0.755878 -17.218828 -12.932207
v -0.629545 -17.379091 -13.046980
v -0.235389 -17.591417 -13.170533
v -0.450923 -17.507050 -13.128228
v -0.414433 -16.458015 -12.261578
v -0.600886 -16.555183 -12.366316
v -0.114857 -28.227840 -23.817474
v -0.331365 -28.296875 -23.818504
v -0.653298 -28.600706 -23.818306
v -0.515293 -28.424570 -23.818451
v -0.217592 -29.689724 -23.816933
v -0.417520 -29.594278 -23.817501
v -0.733254 -28.809696 -23.818138
v -0.582851 -29.443499 -23.817625
v -0.696393 -29.250683 -23.817780
v -0.748058 -29.032967 -23.817957
v -0.226516 -28.259844 -2.922794
v -0.545311 -28.342213 -2.963753
v -0.799145 -28.718594 -2.966631
v -0.700888 -28.512423 -2.966069
v -0.202213 -29.788130 -2.969852
v -0.411620 -29.703625 -2.969320
v -0.838134 -28.943632 -2.967245
v -0.593492 -29.565474 -2.968942
v -0.731347 -29.383381 -2.968445
v -0.814961 -29.170845 -2.967865
v -0.763735 -28.765985 -13.392580
v -0.673993 -28.559797 -13.392360
v -0.117940 -29.762972 -13.392745
v -0.529925 -28.387556 -13.392161
v -0.314091 -29.701216 -13.393456
v -0.791684 -28.989401 -13.392801
v -0.755417 -29.211866 -13.393015
v -0.506567 -29.582937 -13.393352
v -0.657759 -29.415249 -13.393201
v 0.000000 -28.236448 -13.361575
v -0.321512 -28.270174 -13.384415
v -0.069780 -5.278320 -22.607603
v 0.000358 -16.891870 -11.711135
v -0.055846 -29.724693 -23.806044
v -0.046617 -29.825388 -2.976613
v -0.000000 -29.778278 -13.390472
v -21.130497 -2.436516 11.257497
v -20.720482 -1.235034 11.986482
v -20.613167 -1.322316 12.176256
v -20.458714 -1.664243 12.448842
v -20.523249 -1.469753 12.335083
v -20.724892 -2.766407 11.974775
v -20.617083 -2.682630 12.165857
v -20.425299 -1.888507 12.507430
v -20.526323 -2.538137 12.326914
v -20.460676 -2.345768 12.443633
v -20.835653 -1.215662 11.782615
v -20.840166 -2.782025 11.770641
v -20.948454 -1.265920 11.582775
v -21.048859 -1.381345 11.404716
v -21.127947 -1.551678 11.264263
v -21.180019 -2.224773 11.170349
v -21.052397 -2.609410 11.395329
v -20.952665 -2.728096 11.571598
v -21.196575 -1.992999 11.141628
v -21.178688 -1.761786 11.173890
v -20.425972 -2.122616 12.505642
v -3.031258 -2.436516 0.919911
v -2.616453 -1.235034 1.646158
v -2.508326 -1.322316 1.835469
v -2.352940 -1.664243 2.107521
v -2.417807 -1.469753 1.993951
v -2.622580 -2.766407 1.635432
v -2.513768 -2.682630 1.825941
v -2.319489 -1.888507 2.166088
v -2.422081 -2.538137 1.986467
v -2.355667 -2.345768 2.102747
v -2.732582 -1.215662 1.442838
v -2.738849 -2.782025 1.431867
v -2.846394 -1.265920 1.243574
v -2.947775 -1.381345 1.066074
v -3.027718 -1.551678 0.926108
v -3.080973 -2.224773 0.832869
v -2.952687 -2.609410 1.057473
v -2.852243 -2.728096 1.233333
v -3.097414 -1.992999 0.804084
v -3.079120 -1.761786 0.836112
v -2.320426 -2.122616 2.164449
v -11.384938 -1.773852 7.314817
v -11.434561 -1.562106 7.227722
v -12.143057 -2.110126 5.979639
v -12.142251 -1.876013 5.981354
v -11.846980 -2.763613 6.500091
v -11.731324 -2.782985 6.703687
v -11.512897 -1.389207 7.090022
v -12.107281 -1.652855 6.043211
v -11.950022 -1.315986 6.320506
v -11.841709 -1.232207 6.511307
v -11.618017 -2.732726 6.903243
v -11.368439 -2.005632 7.343572
v -11.386532 -2.236850 7.311428
v -12.041246 -1.460482 6.159712
v -11.517120 -2.617299 7.081027
v -12.109622 -2.334394 6.038219
v -12.044922 -2.528888 6.151886
v -11.437604 -2.446962 7.221241
v -11.725937 -1.216589 6.715160
v -11.612987 -1.270520 6.913953
v -11.954701 -2.676329 6.310543
v -0.086965 -1.313969 -23.818689
v -0.274368 -1.383005 -23.819717
v -0.595087 -1.686836 -23.819519
v -0.457082 -1.510700 -23.819664
v -0.160594 -2.775854 -23.818146
v -0.359310 -2.680410 -23.818718
v -0.675044 -1.895825 -23.819351
v -0.524641 -2.529628 -23.818840
v -0.638183 -2.336812 -23.818993
v -0.689847 -2.119097 -23.819170
v -0.198623 -1.345976 -2.924010
v -0.488314 -1.428342 -2.964969
v -0.740935 -1.804724 -2.967847
v -0.642678 -1.598550 -2.967284
v -0.145215 -2.874259 -2.971068
v -0.353410 -2.789752 -2.970535
v -0.779923 -2.029762 -2.968461
v -0.535281 -2.651602 -2.970159
v -0.673136 -2.469507 -2.969661
v -0.756751 -2.256973 -2.969081
v -0.705525 -1.852118 -13.393794
v -0.615783 -1.645929 -13.393576
v -0.069431 -2.849103 -13.393960
v -0.471715 -1.473688 -13.393377
v -0.255880 -2.787345 -13.394670
v -0.733474 -2.075533 -13.394017
v -0.697206 -2.297999 -13.394229
v -0.448357 -2.669066 -13.394569
v -0.599549 -2.501380 -13.394417
v 0.000000 -1.322578 -13.362791
v -0.273003 -1.356304 -13.385631
v -0.027953 -2.810821 -23.807255
v -0.018725 -2.911515 -2.977828
v 0.000000 -2.864407 -13.391688
v 0.234848 -26.523932 -2.427564
v 0.318271 -5.172082 -3.234076
v 0.000000 -16.637449 -3.268040
v 0.616725 -15.626195 -3.100485
v 0.695520 -25.734659 -2.292823
v 0.942582 -5.172082 -3.107277
v 1.209749 -15.626195 -2.920593
v 1.129464 -25.734659 -2.113078
v 1.530671 -5.172082 -2.863683
v 1.756284 -15.626195 -2.628464
v 1.520002 -25.734659 -1.852128
v 2.059936 -5.172082 -2.510039
v 2.235325 -15.626195 -2.235325
v 1.852128 -25.734659 -1.520002
v 2.510039 -5.172082 -2.059936
v 2.628464 -15.626195 -1.756284
v 2.113078 -25.734659 -1.129464
v 2.863683 -5.172082 -1.530671
v 2.920593 -15.626195 -1.209749
v 2.292823 -25.734659 -0.695520
v 3.107277 -5.172082 -0.942582
v 3.100485 -15.626195 -0.616725
v 2.384456 -25.734659 -0.234848
v 3.231460 -5.172082 -0.318271
v 3.161227 -15.626195 0.000000
v 2.384456 -25.734659 0.234848
v 3.231460 -5.172082 0.318271
v 3.100485 -15.626195 0.616725
v 2.292823 -25.734659 0.695520
v 3.107277 -5.172082 0.942582
v 2.920593 -15.626195 1.209749
v 2.113078 -25.734659 1.129464
v 2.863683 -5.172082 1.530671
v 2.628464 -15.626195 1.756284
v 1.852128 -25.734659 1.520002
v 2.510039 -5.172082 2.059936
v 2.235325 -15.626195 2.235325
v 1.520002 -25.734659 1.852128
v 2.059936 -5.172082 2.510039
v 1.756284 -15.626195 2.628464
v 1.129464 -25.734659 2.113078
v 1.530671 -5.172082 2.863683
v 1.209749 -15.626195 2.920593
v 0.695520 -25.734659 2.292823
v 0.942582 -5.172082 3.107277
v 0.616725 -15.626195 3.100485
v 0.234848 -26.523932 2.427564
v 0.318271 -5.172081 3.234076
v 0.000000 -16.637449 3.268040
v -0.234848 -26.523932 2.427564
v -0.318271 -5.172082 3.234076
v -0.616725 -15.626195 3.100485
v -0.695520 -25.734657 2.292823
v -0.942582 -5.172082 3.107277
v -1.209749 -15.626195 2.920593
v -1.129464 -25.734657 2.113078
v -1.530671 -5.172082 2.863683
v -1.756284 -15.626195 2.628464
v -1.520002 -25.734657 1.852128
v -2.059936 -5.172082 2.510039
v -2.235325 -15.626195 2.235325
v -1.852128 -25.734657 1.520002
v -2.510039 -5.172082 2.059936
v -2.628464 -15.626195 1.756284
v -2.113078 -25.734657 1.129464
v -2.863683 -5.172082 1.530671
v -2.920593 -15.626195 1.209749
v -2.292823 -25.734657 0.695520
v -3.107277 -5.172082 0.942582
v -3.100485 -15.626195 0.616725
v -2.384456 -25.734657 0.234848
v -3.231460 -5.172082 0.318271
v -3.161227 -15.626195 0.000000
v -2.384456 -25.734657 -0.234848
v -3.231460 -5.172082 -0.318271
v -3.100485 -15.626195 -0.616725
v -2.292823 -25.734657 -0.695520
v -3.107277 -5.172082 -0.942582
v -2.920593 -15.626195 -1.209749
v -2.113078 -25.734657 -1.129464
v -2.863683 -5.172082 -1.530671
v -2.628464 -15.626195 -1.756284
v -1.852129 -25.734657 -1.520002
v -2.510039 -5.172082 -2.059936
v -2.235325 -15.626195 -2.235325
v -1.520002 -25.734657 -1.852128
v -2.059936 -5.172082 -2.510039
v -1.756284 -15.626195 -2.628464
v -1.129464 -25.734657 -2.113078
v -1.530671 -5.172082 -2.863683
v -1.209749 -15.626195 -2.920593
v -0.695520 -25.734659 -2.292823
v -0.942582 -5.172082 -3.107277
v -0.616725 -15.626195 -3.100485
v -0.234848 -26.523932 -2.427564
v -0.318271 -5.172081 -3.234076
v 0.309086 0.828755 -3.148605
v 0.915381 0.815015 -3.017605
v 1.486498 0.815015 -2.781041
v 2.000489 0.815015 -2.437603
v 2.437603 0.815015 -2.000489
v 2.781041 0.815015 -1.486498
v 3.017605 0.815015 -0.915381
v 3.138205 0.815015 -0.309086
v 3.138205 0.815015 0.309086
v 3.017605 0.815015 0.915381
v 2.781041 0.815015 1.486498
v 2.437603 0.815015 2.000489
v 2.000489 0.815015 2.437603
v 1.486498 0.815015 2.781041
v 0.915381 0.815015 3.017605
v 0.309086 0.828755 3.148605
v -0.309086 0.828755 3.148605
v -0.915381 0.815015 3.017605
v -1.486498 0.815015 2.781041
v -2.000489 0.815015 2.437603
v -2.437603 0.815015 2.000489
v -2.781041 0.815015 1.486498
v -3.017605 0.815015 0.915381
v -3.138205 0.815015 0.309086
v -3.138205 0.815015 -0.309086
v -3.017605 0.815015 -0.915381
v -2.781041 0.815015 -1.486498
v -2.437603 0.815015 -2.000489
v -2.000489 0.815015 -2.437603
v -1.486498 0.815015 -2.781041
v -0.915381 0.815015 -3.017605
v -0.309086 0.828755 -3.148605
v 2.690133 -0.180693 -1.797489
v 2.989115 -0.180692 -1.238132
v 1.238132 -0.180693 2.989115
v 0.631194 -0.180692 3.173228
v -3.173228 -0.180693 0.631194
v -3.235395 -0.180692 0.000000
v 0.631194 -0.180693 -3.173228
v 1.238132 -0.180692 -2.989115
v 2.989115 -0.180693 1.238132
v 2.690133 -0.180692 1.797489
v -1.797489 -0.180693 2.690133
v -2.287770 -0.180692 2.287770
v -2.287770 -0.180693 -2.287770
v -1.797489 -0.180692 -2.690133
v 3.173228 -0.180692 -0.631194
v 0.000000 -0.160082 3.268040
v -3.173228 -0.180692 -0.631194
v 1.797489 -0.180692 -2.690133
v 2.287770 -0.180692 2.287770
v -2.690133 -0.180692 1.797489
v -1.238132 -0.180692 -2.989115
v 3.235395 -0.180692 0.000000
v -0.631194 -0.180692 3.173228
v -2.989115 -0.180692 -1.238132
v 2.287770 -0.180692 -2.287770
v 1.797489 -0.180692 2.690133
v -2.989115 -0.180692 1.238132
v -0.631194 -0.180692 -3.173228
v 3.173228 -0.180692 0.631194
v -1.238132 -0.180692 2.989115
v -2.690133 -0.180692 -1.797489
v 0.000000 -0.160082 -3.268040
v 0.272347 0.771569 -2.759565
v 0.806575 0.752630 -2.658921
v 1.309806 0.752630 -2.450475
v 1.762703 0.752630 -2.147859
v 2.147859 0.752630 -1.762702
v 2.450475 0.752630 -1.309806
v 2.658921 0.752630 -0.806575
v 2.765185 0.752630 -0.272347
v 2.765185 0.752630 0.272347
v 2.658921 0.752630 0.806575
v 2.450475 0.752630 1.309806
v 2.147859 0.752630 1.762703
v 1.762702 0.752630 2.147859
v 1.309806 0.752630 2.450475
v 0.806575 0.752630 2.658921
v 0.272347 0.771569 2.759564
v -0.272347 0.771569 2.759565
v -0.806575 0.752630 2.658921
v -1.309806 0.752630 2.450475
v -1.762703 0.752630 2.147859
v -2.147859 0.752630 1.762702
v -2.450475 0.752630 1.309806
v -2.658921 0.752630 0.806575
v -2.765185 0.752630 0.272347
v -2.765185 0.752630 -0.272347
v -2.658921 0.752630 -0.806575
v -2.450475 0.752630 -1.309806
v -2.147859 0.752630 -1.762703
v -1.762702 0.752630 -2.147859
v -1.309806 0.752630 -2.450475
v -0.806575 0.752630 -2.658921
v -0.272347 0.771569 -2.759564
v 0.000000 0.979895 -2.985108
v 0.578636 0.930877 -2.908998
v 1.135035 0.930877 -2.740216
v 1.647815 0.930877 -2.466130
v 2.097270 0.930877 -2.097271
v 2.466130 0.930877 -1.647815
v 2.740216 0.930877 -1.135035
v 2.908998 0.930877 -0.578636
v 2.965989 0.930877 0.000000
v 2.908998 0.930877 0.578636
v 2.740216 0.930877 1.135035
v 2.466130 0.930877 1.647815
v 2.097271 0.930877 2.097270
v 1.647815 0.930877 2.466130
v 1.135035 0.930877 2.740216
v 0.578636 0.930877 2.908998
v 0.000000 0.979895 2.985108
v -0.578636 0.930877 2.908998
v -1.135035 0.930877 2.740216
v -1.647815 0.930877 2.466130
v -2.097270 0.930877 2.097271
v -2.466130 0.930877 1.647815
v -2.740216 0.930877 1.135035
v -2.908998 0.930877 0.578636
v -2.965989 0.930877 0.000000
v -2.908998 0.930877 -0.578636
v -2.740216 0.930877 -1.135035
v -2.466130 0.930877 -1.647815
v -2.097271 0.930877 -2.097270
v -1.647815 0.930877 -2.466130
v -1.135035 0.930877 -2.740216
v -0.578636 0.930877 -2.908998
v 0.194184 -0.151169 -2.007230
v 0.575090 -0.117500 -1.895819
v 0.933896 -0.117500 -1.747197
v 1.256813 -0.117500 -1.531431
v 1.531431 -0.117500 -1.256813
v 1.747197 -0.117500 -0.933896
v 1.895819 -0.117500 -0.575090
v 1.971586 -0.117500 -0.194184
v 1.971586 -0.117500 0.194184
v 1.895819 -0.117500 0.575090
v 1.747197 -0.117500 0.933896
v 1.531431 -0.117500 1.256813
v 1.256813 -0.117500 1.531431
v 0.933896 -0.117500 1.747197
v 0.575090 -0.117500 1.895819
v 0.194184 -0.151169 2.007230
v -0.194184 -0.151169 2.007230
v -0.575090 -0.117500 1.895819
v -0.933896 -0.117500 1.747197
v -1.256813 -0.117500 1.531431
v -1.531431 -0.117500 1.256813
v -1.747197 -0.117500 0.933896
v -1.895819 -0.117500 0.575090
v -1.971585 -0.117500 0.194184
v -1.971586 -0.117500 -0.194184
v -1.895819 -0.117500 -0.575090
v -1.747197 -0.117500 -0.933896
v -1.531431 -0.117500 -1.256813
v -1.256813 -0.117500 -1.531431
v -0.933896 -0.117500 -1.747197
v -0.575090 -0.117500 -1.895819
v -0.194184 -0.151169 -2.007230
v -2.575122 0.312830 0.512224
v -2.625571 0.312830 0.000000
v 2.425712 0.312830 1.004763
v 2.183083 0.312830 1.458689
v -2.575122 0.312830 -0.512224
v 1.856559 0.312830 1.856559
v -2.425712 0.312830 -1.004763
v 1.458689 0.312830 2.183083
v -2.183083 0.312830 -1.458689
v 1.004763 0.312830 2.425712
v 0.000000 0.298100 -2.702176
v 0.512224 0.312830 -2.575122
v -1.856559 0.312830 -1.856559
v 0.512224 0.312830 2.575122
v 1.004763 0.312830 -2.425712
v -1.458689 0.312830 -2.183083
v 0.000000 0.298100 2.702176
v 1.458689 0.312830 -2.183083
v -1.004763 0.312830 -2.425712
v -0.512224 0.312830 2.575122
v 1.856559 0.312830 -1.856559
v -0.512224 0.312830 -2.575122
v -1.004763 0.312830 2.425712
v 2.183083 0.312830 -1.458689
v -1.458689 0.312830 2.183083
v 2.425712 0.312830 -1.004763
v -1.856559 0.312830 1.856559
v 2.575122 0.312830 -0.512224
v -2.183083 0.312830 1.458689
v 2.625571 0.312830 0.000000
v -2.425712 0.312830 1.004763
v 2.575122 0.312830 0.512224
v 1.194588 -32.039845 -40.758453
v 1.178357 -26.099752 -40.767921
v 2.359740 -29.069775 -40.602959
v 1.323911 -32.005783 -16.901409
v 1.311792 -26.069523 -16.916328
v 2.586142 -29.057373 -17.087376
v 3.780602 -32.034737 -17.375744
v 3.755461 -26.098436 -17.391361
v 4.877558 -29.067926 -17.792336
v 5.948596 -32.036156 -18.299706
v 5.922124 -26.099752 -18.315899
v 6.937594 -29.067995 -18.924391
v 7.888197 -32.036335 -19.628019
v 7.860820 -26.099752 -19.644625
v 8.737190 -29.068098 -20.436590
v 9.531388 -32.036572 -21.309206
v 9.503016 -26.099752 -21.326048
v 10.207178 -29.068232 -22.270815
v 10.815022 -32.036865 -23.278658
v 10.785634 -26.099752 -23.295528
v 11.291097 -29.068390 -24.356573
v 11.689772 -32.037201 -25.460697
v 11.659400 -26.099752 -25.477390
v 11.947277 -29.068565 -26.613724
v 12.122020 -32.037563 -27.771463
v 12.090701 -26.099752 -27.787807
v 12.150491 -29.068750 -28.955515
v 12.095151 -32.037941 -30.122152
v 12.062967 -26.099752 -30.137957
v 11.892940 -29.068939 -31.291950
v 11.610201 -32.038319 -32.422432
v 11.577291 -26.099752 -32.437538
v 11.184537 -29.069126 -33.533245
v 10.685808 -32.038677 -34.583904
v 10.652330 -26.099752 -34.598198
v 10.052479 -29.069300 -35.593281
v 9.357497 -32.039017 -36.523510
v 9.323590 -26.099752 -36.536880
v 8.540275 -29.069462 -37.392876
v 7.676312 -32.039310 -38.166702
v 7.642174 -26.099752 -38.179092
v 6.706056 -29.069595 -38.862873
v 5.706859 -32.039551 -39.450333
v 5.672706 -26.099752 -39.461708
v 4.620300 -29.069702 -39.946781
v 3.524047 -32.039734 -40.325085
v 3.490761 -26.099752 -40.335457
v 0.612382 -26.289822 -34.788158
v 0.612382 1.064836 -34.788162
v 1.211457 -12.612493 -34.702633
v 0.613179 -26.295555 -22.973148
v 0.613179 1.059100 -22.973148
v 1.212829 -12.614487 -23.045486
v 1.788097 -26.290071 -23.181156
v 1.788097 1.064586 -23.181154
v 2.338833 -12.612493 -23.376911
v 2.866314 -26.289822 -23.626507
v 2.866314 1.064836 -23.626507
v 3.366816 -12.612493 -23.926561
v 3.835467 -26.289822 -24.274269
v 3.835467 1.064836 -24.274269
v 4.267807 -12.612493 -24.666204
v 4.659611 -26.289822 -25.098660
v 4.659611 1.064836 -25.098660
v 5.007178 -12.612493 -25.567406
v 5.307093 -26.289822 -26.067989
v 5.307093 1.064836 -26.067987
v 5.556540 -12.612493 -26.595535
v 5.753035 -26.289822 -27.145008
v 5.753034 1.064836 -27.145008
v 5.894767 -12.612493 -27.711084
v 5.980287 -26.289822 -28.288336
v 5.980287 1.064836 -28.288338
v 6.008859 -12.612493 -28.871185
v 5.980116 -26.289822 -29.454029
v 5.980116 1.064836 -29.454029
v 5.894430 -12.612493 -30.031248
v 5.752541 -26.289822 -30.597286
v 5.752541 1.064836 -30.597284
v 5.555898 -12.612493 -31.146704
v 5.306304 -26.289822 -31.674183
v 5.306304 1.064836 -31.674185
v 5.006246 -12.612493 -32.174683
v 4.658536 -26.289822 -32.643330
v 4.658536 1.064836 -32.643330
v 4.266600 -12.612493 -33.075676
v 3.834147 -26.289822 -33.467480
v 3.834147 1.064836 -33.467484
v 3.365404 -12.612493 -33.815048
v 2.864826 -26.289822 -34.114964
v 2.864826 1.064836 -34.114964
v 2.337279 -12.612493 -34.364407
v 1.786521 -26.289822 -34.560898
v 1.786521 1.064836 -34.560898
v 19.015129 -2.460295 13.819521
v 19.020161 -1.254510 14.655881
v 19.021015 -1.342105 14.873896
v 19.021997 -1.685256 15.187195
v 19.021645 -1.490069 15.056406
v 19.018358 -2.791369 14.643530
v 19.019415 -2.707292 14.862924
v 19.022038 -1.910323 15.254642
v 19.020388 -2.562282 15.047789
v 19.021194 -2.369223 15.181698
v 19.019157 -1.235068 14.421734
v 19.017315 -2.807042 14.409100
v 19.018097 -1.285507 14.192259
v 19.017071 -1.401344 13.987844
v 19.016171 -1.572288 13.826657
v 19.014931 -2.247795 13.719282
v 19.015625 -2.633809 13.977941
v 19.016375 -2.752919 14.180466
v 19.015053 -2.015190 13.686132
v 19.015478 -1.783148 13.723017
v 19.021759 -2.145270 15.252754
v 9.511028 -1.795258 15.229366
v 9.510928 -1.582753 15.129127
v 9.507476 -2.132737 13.693974
v 9.507613 -1.897784 13.695865
v 9.508413 -2.788564 14.292751
v 9.508913 -2.808006 14.526901
v 9.510681 -1.409235 14.970705
v 9.507896 -1.673827 13.766920
v 9.508786 -1.335751 14.085702
v 9.509314 -1.251673 14.305101
v 9.509445 -2.757566 14.756383
v 9.510968 -2.027868 15.262518
v 9.510756 -2.259914 15.225635
v 9.508299 -1.480764 13.900834
v 9.509958 -2.641727 14.960800
v 9.507495 -2.357808 13.761423
v 9.507670 -2.552999 13.892217
v 9.510408 -2.470779 15.121990
v 9.509835 -1.235999 14.539536
v 9.510306 -1.290123 14.768175
v 9.507986 -2.700967 14.074731
v 13.533619 -29.424015 13.819521
v 13.537516 -28.218231 14.655881
v 13.538177 -28.305826 14.873896
v 13.538937 -28.648979 15.187195
v 13.538666 -28.453793 15.056406
v 13.536119 -29.755089 14.643530
v 13.536937 -29.671015 14.862924
v 13.538966 -28.874044 15.254642
v 13.537692 -29.526003 15.047789
v 13.538316 -29.332943 15.181698
v 13.536738 -28.198790 14.421734
v 13.535311 -29.770763 14.409100
v 13.535916 -28.249228 14.192259
v 13.535120 -28.365067 13.987844
v 13.534426 -28.536011 13.826657
v 13.533465 -29.211517 13.719282
v 13.534002 -29.597530 13.977941
v 13.534584 -29.716640 14.180466
v 13.533559 -28.978912 13.686132
v 13.533888 -28.746870 13.723017
v 13.538752 -29.108992 15.252754
v -1.191242 -29.424019 13.819521
v -1.191242 -28.218231 14.655881
v -1.191242 -28.305826 14.873897
v -1.191242 -28.648979 15.187195
v -1.191242 -28.453791 15.056406
v -1.191242 -29.755089 14.643530
v -1.191242 -29.671015 14.862923
v -1.191242 -28.874044 15.254642
v -1.191242 -29.526003 15.047789
v -1.191242 -29.332943 15.181698
v -1.191242 -28.198792 14.421734
v -1.191242 -29.770763 14.409100
v -1.191242 -28.249229 14.192259
v -1.191242 -28.365067 13.987844
v -1.191242 -28.536009 13.826657
v -1.191242 -29.211515 13.719284
v -1.191242 -29.597530 13.977941
v -1.191242 -29.716642 14.180466
v -1.191242 -28.978912 13.686133
v -1.191242 -28.746870 13.723017
v -1.191242 -29.108992 15.252754
v 6.173871 -28.758982 15.229368
v 6.173795 -28.546473 15.129128
v 6.171120 -29.096460 13.693975
v 6.171227 -28.861507 13.695865
v 6.171846 -29.752283 14.292748
v 6.172234 -29.771729 14.526901
v 6.173602 -28.372955 14.970704
v 6.171446 -28.637545 13.766921
v 6.172134 -28.299471 14.085702
v 6.172543 -28.215395 14.305101
v 6.172645 -29.721289 14.756381
v 6.173823 -28.991587 15.262519
v 6.173659 -29.223633 15.225633
v 6.171757 -28.444487 13.900833
v 6.173042 -29.605450 14.960799
v 6.171134 -29.321527 13.761425
v 6.171271 -29.516722 13.892217
v 6.173391 -29.434500 15.121991
v 6.172948 -28.199720 14.539536
v 6.173311 -28.253843 14.768176
v 6.171514 -29.664688 14.074730
v 25.160454 -32.039845 2.497007
v 25.126183 -26.099752 2.490232
v 26.318100 -29.069775 2.560992
v 23.967585 -29.069815 2.541626
v 22.819069 -32.039886 2.707719
v 22.785406 -26.099752 2.701755
v 21.658463 -29.069813 2.981194
v 20.563784 -32.039848 3.371162
v 20.530861 -26.099752 3.365871
v 19.479456 -29.069777 3.862799
v 18.481266 -32.039738 4.461842
v 18.449203 -26.099752 4.457065
v 17.514322 -29.069706 5.152570
v 16.651543 -32.039562 5.937844
v 16.620438 -26.099752 5.933408
v 15.838568 -29.069601 6.800940
v 15.144931 -32.039322 7.742445
v 15.114818 -26.099752 7.738164
v 14.516588 -29.069468 8.744561
v 14.019329 -32.039036 9.806299
v 13.990229 -26.099752 9.801966
v 13.599202 -29.069313 10.908735
v 13.317991 -32.038700 12.050090
v 13.289883 -26.099752 12.045509
v 13.121647 -29.069134 13.210305
v 13.067875 -32.038334 14.387591
v 13.040677 -26.099752 14.382587
v 13.102280 -29.068951 15.560819
v 13.278585 -32.037956 16.728973
v 13.252188 -26.099752 16.723364
v 13.541842 -29.068760 17.869938
v 13.942028 -32.037579 18.984261
v 13.916306 -26.099752 18.977898
v 14.423454 -29.068571 20.048941
v 15.032709 -32.037216 21.066780
v 15.007509 -26.099752 21.059557
v 15.713225 -29.068401 22.014082
v 16.508711 -32.036880 22.896502
v 16.483845 -26.099752 22.888330
v 17.361589 -29.068241 23.689837
v 18.313313 -32.036591 24.403111
v 18.288603 -26.099752 24.393940
v 19.305214 -29.068104 25.011806
v 20.352411 -26.099752 25.518532
v 22.595953 -26.099752 26.218889
v 24.933031 -26.099752 26.468098
v 26.121475 -29.067888 26.426125
v 27.299841 -32.036015 26.269457
v 27.273808 -26.099752 26.256575
v 28.430593 -29.067886 25.986557
v 29.555126 -32.036049 25.606012
v 29.528330 -26.099752 25.592455
v 30.609591 -29.067926 25.104950
v 31.637644 -32.036156 24.515335
v 31.609985 -26.099752 24.501263
v 32.574734 -29.067995 23.815180
v 33.467369 -32.036335 23.039331
v 33.438774 -26.099752 23.024920
v 34.250492 -29.068098 22.166811
v 34.973980 -32.036572 21.234730
v 34.944374 -26.099752 21.220161
v 35.572456 -29.068232 20.223188
v 36.099579 -32.036865 19.170877
v 36.068962 -26.099752 19.156361
v 36.489853 -29.068390 18.059015
v 36.800919 -32.037201 16.927084
v 36.769333 -26.099752 16.912819
v 36.967415 -29.068565 15.757444
v 37.051037 -32.037563 14.589584
v 37.018536 -26.099752 14.575741
v 36.986774 -29.068750 13.406931
v 36.840324 -32.037941 12.248202
v 36.807007 -26.099752 12.234963
v 36.547203 -29.068939 11.097812
v 36.176880 -32.038319 9.992918
v 36.142891 -26.099752 9.980428
v 35.665600 -29.069126 8.918809
v 35.086197 -32.038677 7.910398
v 35.051704 -26.099752 7.898769
v 34.375828 -29.069300 6.953670
v 33.610195 -32.039017 6.080676
v 33.575348 -26.099752 6.069995
v 32.727455 -29.069462 5.277914
v 31.805597 -32.039310 4.574064
v 31.770594 -26.099752 4.564385
v 30.783844 -29.069595 3.955941
v 29.741743 -32.039551 3.448462
v 29.706806 -26.099752 3.439796
v 28.619673 -29.069702 3.038549
v 27.497953 -32.039734 2.747125
v 27.463263 -26.099752 2.739439
v 24.993889 -26.289822 8.532993
v 24.993889 1.114041 8.532993
v 25.576488 -12.587891 8.566298
v 24.410826 -12.587891 8.556907
v 23.832930 -26.289822 8.637902
v 23.832930 1.114041 8.637902
v 23.265738 -12.587891 8.775105
v 22.714741 -26.289822 8.967285
v 22.714741 1.114041 8.967285
v 22.185207 -12.587891 9.212503
v 21.682295 -26.289822 9.508487
v 21.682295 1.114041 9.508486
v 21.210789 -12.587891 9.852301
v 20.775280 -26.289822 10.240711
v 20.775280 1.114041 10.240711
v 20.379904 -12.587891 10.669907
v 20.028536 -26.289822 11.135819
v 20.028536 1.114041 11.135820
v 19.724487 -12.587891 11.633902
v 19.470772 -26.289822 12.159407
v 19.470772 1.114041 12.159407
v 19.269741 -12.587891 12.707232
v 19.123419 -26.289822 13.272141
v 19.123421 1.114041 13.272141
v 19.033125 -12.587891 13.848662
v 18.999821 -26.289822 14.431265
v 18.999821 1.114041 14.431266
v 19.023729 -12.587891 15.014325
v 19.104721 -26.289822 15.592225
v 19.104721 1.114041 15.592225
v 19.241922 -12.587891 16.159410
v 19.434107 -26.289822 16.710409
v 19.434105 1.114041 16.710407
v 19.679327 -12.587891 17.239935
v 19.975313 -26.289822 17.742855
v 19.975313 1.114041 17.742853
v 20.319124 -12.587891 18.214365
v 20.707533 -26.289822 18.649874
v 20.707533 1.114041 18.649874
v 21.136728 -12.587891 19.045246
v 21.602642 -26.289822 19.396610
v 21.602640 1.114041 19.396614
v 22.100725 -12.587891 19.700655
v 22.626232 -26.289822 19.954378
v 22.626232 1.114041 19.954378
v 23.174059 -12.587891 20.155411
v 23.738966 -26.289822 20.301733
v 23.738966 1.114041 20.301735
v 24.315489 -12.587891 20.392031
v 24.898088 -26.289822 20.425335
v 24.898092 1.114041 20.425335
v 25.481150 -12.587891 20.401419
v 26.059052 -26.289822 20.320427
v 26.059052 1.114041 20.320427
v 26.626232 -12.587891 20.183222
v 27.177227 -26.289822 19.991041
v 27.177227 1.114041 19.991041
v 27.706753 -12.587891 19.745821
v 28.209673 -26.289822 19.449842
v 28.209673 1.114041 19.449842
v 28.681189 -12.587891 19.106028
v 29.116701 -26.289822 18.717619
v 29.116701 1.114041 18.717619
v 29.512072 -12.587891 18.288418
v 29.863438 -26.289822 17.822508
v 29.863438 1.114041 17.822508
v 30.167473 -12.587891 17.324427
v 30.421200 -26.289822 16.798922
v 30.421200 1.114041 16.798922
v 30.622236 -12.587891 16.251097
v 30.768560 -26.289822 15.686190
v 30.768560 1.114041 15.686190
v 30.858854 -12.587891 15.109664
v 30.892160 -26.289822 14.527063
v 30.892159 1.114041 14.527063
v 30.868242 -12.587891 13.944003
v 30.787247 -26.289822 13.366104
v 30.787247 1.114041 13.366104
v 30.650038 -12.587891 12.798915
v 30.457863 -26.289822 12.247918
v 30.457863 1.114041 12.247920
v 30.212646 -12.587891 11.718391
v 29.916666 -26.289822 11.215475
v 29.916668 1.114041 11.215475
v 29.572849 -12.587891 10.743963
v 29.184435 -26.289822 10.308455
v 29.184435 1.114041 10.308455
v 28.755236 -12.587891 9.913079
v 28.289330 -26.289822 9.561716
v 28.289330 1.114041 9.561714
v 27.791248 -12.587891 9.257668
v 27.265747 -26.289822 9.003951
v 27.265747 1.114041 9.003951
v 26.717918 -12.587891 8.802916
v 26.153015 -26.289822 8.656593
v 26.153015 1.114041 8.656593
v 20.377165 -32.036343 25.528713
v 24.958458 -32.036053 26.480167
v 22.620956 -32.036163 26.230049
v 21.469391 -29.067995 25.929201
v 23.770962 -29.067928 26.406759
v 22.542730 -2.340962 8.977224
v 21.823450 -1.126494 9.404120
v 21.635500 -1.214720 9.514608
v 21.365156 -1.560343 9.672957
v 21.478073 -1.363750 9.606956
v 21.832348 -2.674420 9.394821
v 21.643402 -2.589737 9.506348
v 21.306786 -1.787030 9.706748
v 21.484280 -2.443683 9.600468
v 21.369116 -2.249234 9.668819
v 22.025229 -1.106912 9.285310
v 22.034325 -2.690207 9.275801
v 22.222897 -1.157714 9.168734
v 22.398897 -1.274386 9.064750
v 22.537590 -1.446561 8.982597
v 22.629341 -2.126931 8.926763
v 22.406033 -2.515725 9.057293
v 22.231392 -2.635694 9.159857
v 22.658171 -1.892652 8.910397
v 22.626652 -1.658940 8.929576
v 21.308144 -2.023669 9.705327
v 3.527601 -2.340962 -23.957949
v 2.803292 -1.126494 -23.539770
v 2.614486 -1.214720 -23.430763
v 2.343161 -1.560343 -23.274113
v 2.456427 -1.363750 -23.339508
v 2.813990 -2.674420 -23.545944
v 2.623989 -2.589737 -23.436249
v 2.284750 -1.787030 -23.240387
v 2.463891 -2.443683 -23.343815
v 2.347922 -2.249234 -23.276859
v 3.006070 -1.106912 -23.656841
v 3.017011 -2.690207 -23.663158
v 3.204801 -1.157714 -23.771582
v 3.381827 -1.274386 -23.873785
v 3.521420 -1.446561 -23.954378
v 3.614409 -2.126931 -24.008066
v 3.390406 -2.515725 -23.878738
v 3.215014 -2.635693 -23.777473
v 3.643118 -1.892652 -24.024639
v 3.611176 -1.658940 -24.006201
v 2.286386 -2.023669 -23.241331
v 11.817666 -1.671136 -6.779439
v 11.904377 -1.457101 -6.829730
v 13.143801 -2.011045 -7.553287
v 13.142304 -1.774401 -7.552104
v 12.626184 -2.671595 -7.252276
v 12.423903 -2.691178 -7.134333
v 12.041327 -1.282334 -6.909371
v 13.081048 -1.548832 -7.516086
v 12.805865 -1.208321 -7.355154
v 12.616389 -1.123636 -7.244540
v 12.225699 -2.640374 -7.018674
v 11.788898 -1.905421 -6.762968
v 11.820627 -2.139138 -6.781779
v 12.965480 -1.354378 -7.448432
v 12.049183 -2.523700 -6.915576
v 13.085409 -2.237736 -7.519530
v 12.972315 -2.434334 -7.453830
v 11.910037 -2.351521 -6.834199
v 12.413884 -1.107850 -7.126419
v 12.216345 -1.162363 -7.011287
v 12.814569 -2.583367 -7.362027
v 20.384384 -29.498833 5.262383
v 19.663971 -28.284363 5.687312
v 19.475826 -28.372591 5.797465
v 19.205263 -28.718212 5.955433
v 19.318256 -28.521620 5.889567
v 19.673271 -29.832289 5.678717
v 19.484085 -29.747606 5.789831
v 19.146881 -28.944899 5.989206
v 19.324745 -29.601551 5.883573
v 19.209402 -29.407103 5.951608
v 19.865971 -28.264784 5.568892
v 19.875484 -29.848074 5.560103
v 20.063879 -28.315584 5.452729
v 20.240110 -28.432255 5.349148
v 20.379009 -28.604431 5.267349
v 20.471039 -29.284800 5.212000
v 20.247574 -29.673594 5.342259
v 20.072762 -29.793560 5.444529
v 20.499840 -29.050520 5.195587
v 20.468225 -28.816807 5.214599
v 19.148300 -29.181538 5.987892
v 5.659523 -29.498831 -20.241825
v 4.935214 -28.284363 -19.823643
v 4.746408 -28.372591 -19.714638
v 4.475081 -28.718212 -19.557987
v 4.588349 -28.521620 -19.623381
v 4.945911 -29.832287 -19.829821
v 4.755910 -29.747608 -19.720123
v 4.416671 -28.944899 -19.524265
v 4.595811 -29.601553 -19.627689
v 4.479842 -29.407104 -19.560736
v 5.137991 -28.264784 -19.940720
v 5.148933 -29.848074 -19.947037
v 5.336722 -28.315584 -20.055456
v 5.513749 -28.432255 -20.157663
v 5.653342 -28.604431 -20.238255
v 5.746331 -29.284801 -20.291941
v 5.522328 -29.673594 -20.162617
v 5.346936 -29.793560 -20.061352
v 5.775040 -29.050520 -20.308517
v 5.743097 -28.816809 -20.290077
v 4.418306 -29.181538 -19.525208
v 11.803671 -28.829004 -6.780151
v 11.890406 -28.614971 -6.830402
v 13.130610 -29.168913 -7.552611
v 13.129081 -28.932268 -7.551482
v 12.612780 -29.829462 -7.251967
v 12.410386 -29.849043 -7.134220
v 12.027411 -28.440203 -6.909947
v 13.067763 -28.706697 -7.515574
v 12.792377 -28.366190 -7.354991
v 12.602781 -28.281507 -7.244583
v 12.212062 -29.798244 -7.018767
v 11.774914 -29.063288 -6.763658
v 11.806694 -29.297009 -6.782385
v 12.952103 -28.512247 -7.448077
v 12.035429 -29.681566 -6.915870
v 13.072212 -29.395605 -7.518860
v 12.959080 -29.592201 -7.453230
v 11.896182 -29.509394 -6.834670
v 12.400160 -28.265718 -7.126666
v 12.202516 -28.320234 -7.011716
v 12.801262 -29.741234 -7.361550
v 20.848965 -5.560586 10.964472
v 19.882366 -4.888546 11.834604
v 19.901352 -5.007196 12.036375
v 20.075115 -5.336553 12.312785
v 19.967562 -5.161089 12.200633
v 20.920727 -6.009040 11.727079
v 20.823725 -6.002529 11.940860
v 20.214449 -5.517994 12.362869
v 20.691990 -5.942819 12.125616
v 20.537230 -5.835219 12.264933
v 19.912292 -4.815683 11.613254
v 20.974375 -5.961776 11.503272
v 19.988466 -4.795079 11.391987
v 20.104126 -4.828561 11.190468
v 20.248997 -4.913158 11.026601
v 20.724127 -5.380121 10.882437
v 20.936829 -5.727124 11.104239
v 20.979908 -5.864937 11.289321
v 20.573408 -5.201763 10.865424
v 20.410196 -5.041358 10.914946
v 20.373186 -5.689289 12.346432
v 2.075032 -28.781744 0.245307
v 1.132433 -28.113173 1.143962
v 1.157110 -28.232414 1.344763
v 1.338743 -28.562449 1.615243
v 1.227979 -28.386744 1.506652
v 2.168301 -29.232426 1.004258
v 2.077268 -29.226641 1.220664
v 1.479561 -28.743916 1.660888
v 1.950668 -29.167604 1.409184
v 1.799748 -29.060560 1.553069
v 1.156142 -28.039618 0.922090
v 2.215678 -29.184441 0.779192
v 1.226128 -28.018280 0.698860
v 1.336174 -28.051056 0.494109
v 1.476501 -28.135033 0.326030
v 1.947821 -28.601141 0.167318
v 2.166874 -28.948622 0.382075
v 2.215187 -29.086952 0.565468
v 1.796543 -28.422863 0.155037
v 1.634642 -28.262751 0.209556
v 1.637920 -28.915018 1.639531
v 10.773821 -17.040503 6.996178
v 10.647794 -16.859966 6.916166
v 11.262799 -16.900181 5.509146
v 11.104249 -16.728973 5.528044
v 11.602413 -17.530285 6.031753
v 11.575597 -17.603498 6.253371
v 10.557940 -16.693254 6.777895
v 10.941312 -16.583237 5.612026
v 10.659295 -16.416538 5.940272
v 10.565278 -16.410393 6.155370
v 11.502513 -17.624472 6.475622
v 10.924823 -17.218826 7.010827
v 11.087384 -17.379089 6.958805
v 10.788467 -16.475912 5.753630
v 11.389658 -17.591341 6.678761
v 11.402880 -17.081636 5.557011
v 11.512040 -17.257223 5.667385
v 11.247060 -17.507050 6.844737
v 10.514764 -16.458015 6.379812
v 10.512241 -16.555180 6.593654
v 11.580583 -17.411337 5.830462
v 21.130497 -29.441435 11.257497
v 20.720478 -28.239956 11.986482
v 20.613167 -28.327236 12.176256
v 20.458714 -28.669163 12.448841
v 20.523249 -28.474674 12.335083
v 20.724892 -29.771328 11.974774
v 20.617085 -29.687551 12.165857
v 20.425297 -28.893429 12.507430
v 20.526325 -29.543056 12.326914
v 20.460676 -29.350687 12.443633
v 20.835655 -28.220583 11.782616
v 20.840166 -29.786943 11.770641
v 20.948454 -28.270842 11.582774
v 21.048859 -28.386269 11.404716
v 21.127947 -28.556599 11.264262
v 21.180019 -29.229692 11.170349
v 21.052397 -29.614332 11.395329
v 20.952663 -29.733015 11.571598
v 21.196575 -28.997917 11.141629
v 21.178688 -28.766705 11.173890
v 20.425972 -29.127535 12.505642
v 3.031258 -29.441435 0.919910
v 2.616453 -28.239952 1.646158
v 2.508326 -28.327236 1.835469
v 2.352940 -28.669165 2.107521
v 2.417807 -28.474674 1.993951
v 2.622579 -29.771328 1.635432
v 2.513768 -29.687551 1.825941
v 2.319489 -28.893429 2.166088
v 2.422082 -29.543055 1.986467
v 2.355667 -29.350687 2.102747
v 2.732582 -28.220583 1.442838
v 2.738848 -29.786943 1.431867
v 2.846394 -28.270842 1.243575
v 2.947775 -28.386269 1.066074
v 3.027718 -28.556599 0.926108
v 3.080973 -29.229692 0.832869
v 2.952687 -29.614332 1.057473
v 2.852243 -29.733015 1.233333
v 3.097414 -28.997917 0.804084
v 3.079120 -28.766705 0.836113
v 2.320426 -29.127537 2.164449
v 11.384938 -28.778772 7.314817
v 11.434560 -28.567026 7.227722
v 12.143056 -29.115044 5.979639
v 12.142252 -28.880930 5.981353
v 11.846979 -29.768534 6.500091
v 11.731325 -29.787901 6.703688
v 11.512897 -28.394123 7.090022
v 12.107281 -28.657774 6.043211
v 11.950021 -28.320904 6.320505
v 11.841709 -28.237125 6.511307
v 11.618016 -29.737642 6.903244
v 11.368440 -29.010550 7.343572
v 11.386532 -29.241772 7.311428
v 12.041247 -28.465403 6.159712
v 11.517120 -29.622217 7.081026
v 12.109622 -29.339312 6.038219
v 12.044923 -29.533808 6.151886
v 11.437604 -29.451880 7.221241
v 11.725937 -28.221506 6.715160
v 11.612987 -28.275440 6.913953
v 11.954702 -29.681248 6.310544
v 0.454619 -4.888548 -23.189037
v 0.619865 -5.007199 -23.306364
v 0.772364 -5.336555 -23.595053
v 0.729012 -5.161092 -23.445833
v 0.097592 -5.999988 -24.062046
v 0.746070 -5.517997 -23.740759
v 0.302699 -5.942723 -24.035860
v 0.499864 -5.835221 -23.971331
v 0.249903 -4.815715 -23.104361
v 0.652465 -5.689291 -23.870014
v 0.571220 -28.113173 -1.430837
v 0.732781 -28.232414 -1.552609
v 0.876206 -28.562449 -1.845147
v 0.837545 -28.386744 -1.694928
v 0.140364 -29.229101 -2.295331
v 0.845327 -28.743916 -1.989922
v 0.390801 -29.167723 -2.272350
v 0.591859 -29.060560 -2.213303
v 0.366784 -28.039618 -1.340553
v 0.127908 -28.017153 -1.291466
v 0.747652 -28.915018 -2.116386
v 0.818694 -17.040506 -12.794111
v 0.812414 -16.859966 -12.644963
v 0.737595 -16.693254 -12.498012
v 0.200834 -16.410511 -12.193920
v 0.755878 -17.218828 -12.932207
v 0.629545 -17.379091 -13.046980
v 0.235389 -17.591417 -13.170534
v 0.450923 -17.507050 -13.128227
v 0.414433 -16.458015 -12.261579
v 0.600886 -16.555182 -12.366315
v 0.114857 -28.227840 -23.817474
v 0.331365 -28.296875 -23.818502
v 0.653298 -28.600706 -23.818306
v 0.515293 -28.424570 -23.818451
v 0.217592 -29.689724 -23.816933
v 0.417520 -29.594278 -23.817501
v 0.733254 -28.809696 -23.818138
v 0.582851 -29.443499 -23.817625
v 0.696393 -29.250683 -23.817780
v 0.748058 -29.032967 -23.817957
v 0.226516 -28.259846 -2.922794
v 0.545311 -28.342211 -2.963753
v 0.799145 -28.718594 -2.966631
v 0.700888 -28.512423 -2.966069
v 0.202213 -29.788130 -2.969853
v 0.411620 -29.703623 -2.969319
v 0.838133 -28.943632 -2.967245
v 0.593492 -29.565472 -2.968942
v 0.731347 -29.383377 -2.968445
v 0.814961 -29.170845 -2.967865
v 0.763735 -28.765987 -13.392580
v 0.673994 -28.559797 -13.392360
v 0.117940 -29.762972 -13.392745
v 0.529925 -28.387556 -13.392161
v 0.314091 -29.701220 -13.393456
v 0.791684 -28.989401 -13.392801
v 0.755417 -29.211866 -13.393014
v 0.506567 -29.582935 -13.393353
v 0.657759 -29.415247 -13.393202
v 0.321512 -28.270172 -13.384415
v 0.069780 -5.278320 -22.607605
v -0.000358 -16.891870 -11.711135
v 0.055846 -29.724693 -23.806042
v 0.046617 -29.825388 -2.976613
v 21.130497 -2.436516 11.257497
v 20.720478 -1.235034 11.986482
v 20.613167 -1.322316 12.176256
v 20.458714 -1.664243 12.448841
v 20.523249 -1.469753 12.335083
v 20.724892 -2.766407 11.974774
v 20.617085 -2.682630 12.165857
v 20.425297 -1.888507 12.507430
v 20.526325 -2.538137 12.326914
v 20.460676 -2.345768 12.443633
v 20.835655 -1.215662 11.782616
v 20.840166 -2.782025 11.770641
v 20.948454 -1.265920 11.582774
v 21.048859 -1.381345 11.404716
v 21.127947 -1.551678 11.264262
v 21.180019 -2.224773 11.170349
v 21.052397 -2.609410 11.395329
v 20.952663 -2.728096 11.571598
v 21.196575 -1.992999 11.141629
v 21.178688 -1.761786 11.173890
v 20.425972 -2.122616 12.505642
v 3.031258 -2.436516 0.919910
v 2.616453 -1.235034 1.646158
v 2.508326 -1.322316 1.835469
v 2.352940 -1.664243 2.107521
v 2.417807 -1.469753 1.993951
v 2.622579 -2.766407 1.635432
v 2.513768 -2.682630 1.825941
v 2.319489 -1.888507 2.166088
v 2.422082 -2.538137 1.986467
v 2.355667 -2.345768 2.102747
v 2.732582 -1.215662 1.442838
v 2.738848 -2.782025 1.431867
v 2.846394 -1.265920 1.243575
v 2.947775 -1.381345 1.066074
v 3.027718 -1.551678 0.926108
v 3.080973 -2.224773 0.832869
v 2.952687 -2.609410 1.057473
v 2.852243 -2.728096 1.233333
v 3.097414 -1.992999 0.804084
v 3.079120 -1.761786 0.836113
v 2.320426 -2.122616 2.164449
v 11.384938 -1.773852 7.314817
v 11.434560 -1.562105 7.227722
v 12.143056 -2.110126 5.979639
v 12.142252 -1.876013 5.981353
v 11.846979 -2.763613 6.500091
v 11.731325 -2.782985 6.703688
v 11.512897 -1.389207 7.090022
v 12.107281 -1.652855 6.043211
v 11.950021 -1.315986 6.320505
v 11.841709 -1.232207 6.511307
v 11.618016 -2.732726 6.903244
v 11.368440 -2.005632 7.343572
v 11.386532 -2.236850 7.311428
v 12.041247 -1.460482 6.159712
v 11.517120 -2.617299 7.081026
v 12.109622 -2.334394 6.038219
v 12.044923 -2.528888 6.151886
v 11.437604 -2.446962 7.221241
v 11.725937 -1.216589 6.715160
v 11.612987 -1.270520 6.913953
v 11.954702 -2.676329 6.310544
v 0.086965 -1.313969 -23.818689
v 0.274368 -1.383005 -23.819717
v 0.595087 -1.686836 -23.819519
v 0.457082 -1.510699 -23.819664
v 0.160594 -2.775854 -23.818148
v 0.359310 -2.680410 -23.818718
v 0.675044 -1.895825 -23.819351
v 0.524641 -2.529628 -23.818840
v 0.638183 -2.336812 -23.818993
v 0.689847 -2.119096 -23.819170
v 0.198623 -1.345976 -2.924010
v 0.488314 -1.428342 -2.964969
v 0.740935 -1.804724 -2.967847
v 0.642678 -1.598550 -2.967284
v 0.145215 -2.874259 -2.971068
v 0.353410 -2.789752 -2.970536
v 0.779923 -2.029762 -2.968461
v 0.535281 -2.651602 -2.970158
v 0.673136 -2.469507 -2.969661
v 0.756751 -2.256973 -2.969081
v 0.705524 -1.852118 -13.393794
v 0.615783 -1.645929 -13.393575
v 0.069431 -2.849103 -13.393961
v 0.471715 -1.473688 -13.393376
v 0.255880 -2.787345 -13.394670
v 0.733474 -2.075533 -13.394016
v 0.697206 -2.297999 -13.394228
v 0.448357 -2.669066 -13.394569
v 0.599549 -2.501380 -13.394416
v 0.273003 -1.356304 -13.385631
v 0.027953 -2.810821 -23.807257
v 0.018725 -2.911515 -2.977829
v -0.318271 -31.974840 -3.234076
v -0.318271 -5.172082 -3.234076
v -0.633479 -16.637451 -3.184716
v -0.942582 -31.974840 -3.107277
v -0.942582 -5.172081 -3.107277
v -1.242615 -16.637451 -2.999937
v -1.530671 -31.974840 -2.863683
v -1.530670 -5.172081 -2.863683
v -1.803997 -16.637451 -2.699872
v -2.059936 -31.974840 -2.510039
v -2.059936 -5.172081 -2.510039
v -2.296052 -16.637451 -2.296052
v -2.510039 -31.974840 -2.059936
v -2.510039 -5.172081 -2.059936
v -2.699872 -16.637451 -1.803997
v -2.863683 -31.974840 -1.530671
v -2.863683 -5.172081 -1.530670
v -2.999937 -16.637451 -1.242615
v -3.107277 -31.974840 -0.942582
v -3.107277 -5.172081 -0.942582
v -3.184716 -16.637451 -0.633479
v -3.231460 -31.974840 -0.318271
v -3.231460 -5.172081 -0.318271
v -3.247108 -16.637451 0.000000
v -3.231460 -31.974840 0.318271
v -3.231460 -5.172081 0.318271
v -3.184716 -16.637451 0.633479
v -3.107277 -31.974840 0.942582
v -3.107277 -5.172081 0.942582
v -2.999937 -16.637451 1.242615
v -2.863683 -31.974840 1.530671
v -2.863683 -5.172081 1.530670
v -2.699872 -16.637451 1.803997
v -2.510039 -31.974840 2.059936
v -2.510039 -5.172081 2.059936
v -2.296052 -16.637451 2.296052
v -2.059936 -31.974840 2.510039
v -2.059936 -5.172081 2.510039
v -1.803997 -16.637451 2.699872
v -1.530671 -31.974840 2.863683
v -1.530670 -5.172081 2.863683
v -1.242615 -16.637451 2.999937
v -0.942582 -31.974840 3.107277
v -0.942582 -5.172081 3.107277
v -0.633479 -16.637451 3.184716
v -0.318271 -31.974840 3.234076
v -0.318271 -5.172082 3.234076
v 0.318271 -31.974840 3.234076
v 0.318271 -5.172082 3.234076
v 0.633479 -16.637451 3.184716
v 0.942582 -31.974840 3.107277
v 0.942582 -5.172081 3.107277
v 1.242615 -16.637451 2.999937
v 1.530671 -31.974840 2.863683
v 1.530670 -5.172081 2.863683
v 1.803997 -16.637451 2.699872
v 2.059936 -31.974840 2.510039
v 2.059936 -5.172081 2.510039
v 2.296052 -16.637451 2.296052
v 2.510039 -31.974840 2.059936
v 2.510039 -5.172081 2.059936
v 2.699872 -16.637451 1.803997
v 2.863683 -31.974840 1.530671
v 2.863683 -5.172081 1.530670
v 2.999937 -16.637451 1.242615
v 3.107277 -31.974840 0.942582
v 3.107277 -5.172081 0.942582
v 3.184716 -16.637451 0.633479
v 3.231460 -31.974840 0.318271
v 3.231460 -5.172081 0.318271
v 3.247108 -16.637451 0.000000
v 3.231460 -31.974840 -0.318271
v 3.231460 -5.172081 -0.318271
v 3.184716 -16.637451 -0.633479
v 3.107277 -31.974840 -0.942582
v 3.107277 -5.172081 -0.942582
v 2.999937 -16.637451 -1.242615
v 2.863683 -31.974840 -1.530671
v 2.863683 -5.172081 -1.530670
v 2.699872 -16.637451 -1.803997
v 2.510039 -31.974840 -2.059936
v 2.510039 -5.172081 -2.059936
v 2.296052 -16.637451 -2.296052
v 2.059936 -31.974840 -2.510039
v 2.059936 -5.172081 -2.510039
v 1.803997 -16.637451 -2.699872
v 1.530671 -31.974840 -2.863683
v 1.530670 -5.172081 -2.863683
v 1.242615 -16.637451 -2.999937
v 0.942582 -31.974840 -3.107277
v 0.942582 -5.172081 -3.107277
v 0.633479 -16.637451 -3.184716
v 0.318271 -31.974840 -3.234076
v 0.318271 -5.172082 -3.234076
v -0.318271 0.979895 -3.234076
v -0.942582 0.979895 -3.107277
v -1.530671 0.979895 -2.863683
v -2.059936 0.979895 -2.510039
v -2.510039 0.979895 -2.059936
v -2.863683 0.979895 -1.530671
v -3.107277 0.979895 -0.942582
v -3.231460 0.979895 -0.318271
v -3.231460 0.979895 0.318271
v -3.107277 0.979895 0.942582
v -2.863683 0.979895 1.530671
v -2.510039 0.979895 2.059936
v -2.059936 0.979895 2.510039
v -1.530671 0.979895 2.863683
v -0.942582 0.979895 3.107277
v -0.318271 0.979895 3.234076
v 0.318271 0.979895 3.234076
v 0.942582 0.979895 3.107277
v 1.530671 0.979895 2.863683
v 2.059936 0.979895 2.510039
v 2.510039 0.979895 2.059936
v 2.863683 0.979895 1.530671
v 3.107277 0.979895 0.942582
v 3.231460 0.979895 0.318271
v 3.231460 0.979895 -0.318271
v 3.107277 0.979895 -0.942582
v 2.863683 0.979895 -1.530671
v 2.510039 0.979895 -2.059936
v 2.059936 0.979895 -2.510039
v 1.530671 0.979895 -2.863683
v 0.942582 0.979895 -3.107277
v 0.318271 0.979895 -3.234076
v -2.699872 -0.160082 -1.803997
v -2.999937 -0.160082 -1.242615
v -1.242615 -0.160082 2.999937
v -0.633479 -0.160082 3.184716
v 3.184716 -0.160082 0.633480
v 3.247108 -0.160082 0.000000
v -0.633479 -0.160082 -3.184716
v -1.242614 -0.160082 -2.999937
v -2.999937 -0.160082 1.242615
v -2.699872 -0.160082 1.803997
v 1.803997 -0.160082 2.699872
v 2.296052 -0.160082 2.296052
v 2.296052 -0.160082 -2.296052
v 1.803997 -0.160082 -2.699872
v -3.184716 -0.160082 -0.633479
v 3.184716 -0.160082 -0.633479
v -1.803997 -0.160082 -2.699872
v -2.296052 -0.160082 2.296052
v 2.699872 -0.160082 1.803997
v 1.242615 -0.160082 -2.999937
v -3.247108 -0.160082 0.000000
v 0.633480 -0.160082 3.184716
v 2.999937 -0.160082 -1.242614
v -2.296052 -0.160082 -2.296052
v -1.803997 -0.160082 2.699872
v 2.999937 -0.160082 1.242615
v 0.633480 -0.160082 -3.184716
v -3.184716 -0.160082 0.633480
v 1.242614 -0.160082 2.999937
v 2.699872 -0.160082 -1.803997
v -0.263162 0.979895 -2.674093
v -0.779373 0.979895 -2.569249
v -1.265634 0.979895 -2.367834
v -1.703256 0.979895 -2.075423
v -2.075424 0.979895 -1.703256
v -2.367834 0.979895 -1.265634
v -2.569249 0.979895 -0.779373
v -2.671930 0.979895 -0.263162
v -2.671930 0.979895 0.263162
v -2.569249 0.979895 0.779373
v -2.367834 0.979895 1.265634
v -2.075423 0.979895 1.703256
v -1.703256 0.979895 2.075424
v -1.265634 0.979895 2.367834
v -0.779373 0.979895 2.569249
v -0.263162 0.979895 2.674093
v 0.263162 0.979895 2.674093
v 0.779373 0.979895 2.569249
v 1.265634 0.979895 2.367834
v 1.703256 0.979895 2.075423
v 2.075424 0.979895 1.703256
v 2.367834 0.979895 1.265634
v 2.569249 0.979895 0.779373
v 2.671930 0.979895 0.263162
v 2.671930 0.979895 -0.263162
v 2.569249 0.979895 -0.779373
v 2.367834 0.979895 -1.265634
v 2.075423 0.979895 -1.703256
v 1.703256 0.979895 -2.075424
v 1.265634 0.979895 -2.367834
v 0.779373 0.979895 -2.569249
v 0.263162 0.979895 -2.674093
v -0.578636 0.979895 -2.908998
v -1.135035 0.979895 -2.740216
v -1.647815 0.979895 -2.466129
v -2.097271 0.979895 -2.097271
v -2.466129 0.979895 -1.647815
v -2.740216 0.979895 -1.135035
v -2.908998 0.979895 -0.578636
v -2.965988 0.979895 0.000000
v -2.908998 0.979895 0.578636
v -2.740216 0.979895 1.135035
v -2.466129 0.979895 1.647815
v -2.097271 0.979895 2.097271
v -1.647815 0.979895 2.466129
v -1.135035 0.979895 2.740216
v -0.578636 0.979895 2.908998
v 0.578636 0.979895 2.908998
v 1.135035 0.979895 2.740216
v 1.647815 0.979895 2.466129
v 2.097271 0.979895 2.097271
v 2.466129 0.979895 1.647815
v 2.740216 0.979895 1.135035
v 2.908998 0.979895 0.578636
v 2.965988 0.979895 0.000000
v 2.908998 0.979895 -0.578636
v 2.740216 0.979895 -1.135035
v 2.466129 0.979895 -1.647815
v 2.097271 0.979895 -2.097271
v 1.647815 0.979895 -2.466129
v 1.135035 0.979895 -2.740216
v 0.578636 0.979895 -2.908998
v -0.194184 -0.151169 -2.007230
v -0.575090 -0.117500 -1.895819
v -0.933896 -0.117500 -1.747197
v -1.256813 -0.117500 -1.531431
v -1.531431 -0.117500 -1.256813
v -1.747197 -0.117500 -0.933896
v -1.895819 -0.117500 -0.575090
v -1.971586 -0.117500 -0.194184
v -1.971586 -0.117500 0.194184
v -1.895819 -0.117500 0.575090
v -1.747197 -0.117500 0.933896
v -1.531431 -0.117500 1.256813
v -1.256813 -0.117500 1.531431
v -0.933896 -0.117500 1.747197
v -0.575090 -0.117500 1.895819
v -0.194184 -0.151169 2.007230
v 0.194184 -0.151169 2.007230
v 0.575090 -0.117500 1.895819
v 0.933896 -0.117500 1.747197
v 1.256813 -0.117500 1.531431
v 1.531431 -0.117500 1.256813
v 1.747197 -0.117500 0.933896
v 1.895819 -0.117500 0.575090
v 1.971586 -0.117500 0.194184
v 1.971586 -0.117500 -0.194184
v 1.895819 -0.117500 -0.575090
v 1.747197 -0.117500 -0.933896
v 1.531431 -0.117500 -1.256813
v 1.256813 -0.117500 -1.531431
v 0.933896 -0.117500 -1.747197
v 0.575090 -0.117500 -1.895819
v 0.194184 -0.151169 -2.007230
v 2.563634 0.341239 0.509938
v 2.613858 0.341239 0.000000
v -2.414890 0.341239 1.000280
v -2.173344 0.341239 1.452182
v 2.563634 0.341239 -0.509938
v -1.848277 0.341239 1.848277
v 2.414890 0.341239 -1.000280
v -1.452182 0.341239 2.173344
v 2.173344 0.341239 -1.452182
v -1.000280 0.341239 2.414890
v -0.509938 0.341239 -2.563634
v 1.848277 0.341239 -1.848277
v -0.509938 0.341239 2.563634
v -1.000280 0.341239 -2.414890
v 1.452182 0.341239 -2.173344
v -1.452182 0.341239 -2.173344
v 1.000280 0.341239 -2.414890
v 0.509938 0.341239 2.563634
v -1.848277 0.341239 -1.848277
v 0.509939 0.341239 -2.563634
v 1.000280 0.341239 2.414890
v -2.173344 0.341239 -1.452182
v 1.452182 0.341239 2.173344
v -2.414890 0.341239 -1.000280
v 1.848277 0.341239 1.848277
v -2.563634 0.341239 -0.509938
v 2.173344 0.341239 1.452182
v -2.613858 0.341239 0.000000
v 2.414890 0.341239 1.000280
v -2.563634 0.341239 0.509939
v -1.186472 -29.069799 -40.763184
v -1.317851 -29.037653 -16.908871
v -3.768031 -29.066586 -17.383551
v -5.935359 -29.067955 -18.307800
v -7.874508 -29.068047 -19.636322
v -9.517201 -29.068165 -21.317625
v -10.800327 -29.068308 -23.287094
v -11.674585 -29.068476 -25.469044
v -12.106360 -29.068659 -27.779631
v -12.079059 -29.068850 -30.130056
v -11.593746 -29.069035 -32.429985
v -10.669068 -29.069216 -34.591049
v -9.340544 -29.069386 -36.530193
v -7.659243 -29.069532 -38.172890
v -5.689782 -29.069653 -39.456020
v -3.507404 -29.069742 -40.330273
v -0.612382 -12.612493 -34.788155
v -0.613179 -12.618228 -22.973143
v -1.788097 -12.612742 -23.181156
v -2.866314 -12.612493 -23.626507
v -3.835467 -12.612493 -24.274267
v -4.659610 -12.612493 -25.098660
v -5.307092 -12.612493 -26.067987
v -5.753034 -12.612493 -27.145006
v -5.980287 -12.612493 -28.288336
v -5.980115 -12.612493 -29.454025
v -5.752541 -12.612493 -30.597284
v -5.306304 -12.612493 -31.674183
v -4.658536 -12.612493 -32.643330
v -3.834147 -12.612493 -33.467480
v -2.864825 -12.612493 -34.114964
v -1.786522 -12.612493 -34.560894
v -7.360708 -32.034294 -28.894421
v -7.333475 -26.096210 -28.908785
v -3.628646 1.064164 -28.873251
v -9.510998 -1.685256 15.187194
v -9.507524 -2.015190 13.686133
v -9.508657 -2.807042 14.409099
v -9.510822 -1.490069 15.056405
v -9.507739 -1.783148 13.723017
v -9.509048 -1.285507 14.192257
v -9.509179 -2.791368 14.643528
v -9.510880 -2.145270 15.252753
v -9.508535 -1.401344 13.987845
v -9.509707 -2.707291 14.862921
v -9.508085 -1.572287 13.826657
v -9.511018 -1.910323 15.254642
v -9.507565 -2.460295 13.819519
v -9.507465 -2.247795 13.719282
v -9.510194 -2.562281 15.047789
v -9.510079 -1.254510 14.655881
v -9.507812 -2.633809 13.977940
v -9.510597 -2.369223 15.181697
v -9.510508 -1.342105 14.873894
v -9.508187 -2.752919 14.180466
v -9.509578 -1.235068 14.421734
v -6.173848 -28.648977 15.187195
v -6.171159 -28.978912 13.686132
v -6.172035 -29.770761 14.409097
v -6.173712 -28.453791 15.056406
v -6.171324 -28.746870 13.723018
v -6.172337 -28.249226 14.192256
v -6.172438 -29.755091 14.643528
v -6.173755 -29.108990 15.252754
v -6.171939 -28.365065 13.987845
v -6.172848 -29.671015 14.862921
v -6.171592 -28.536007 13.826657
v -6.173862 -28.874044 15.254642
v -6.171189 -29.424015 13.819520
v -6.171113 -29.211517 13.719284
v -6.173225 -29.526003 15.047788
v -6.173137 -28.218233 14.655880
v -6.171380 -29.597528 13.977940
v -6.173537 -29.332943 15.181697
v -6.173468 -28.305826 14.873895
v -6.171671 -29.716637 14.180463
v -6.172749 -28.198790 14.421733
v -25.143316 -29.069799 2.493620
v -22.802235 -29.069818 2.704736
v -20.547321 -29.069799 3.368516
v -18.465235 -29.069746 4.459453
v -16.635990 -29.069658 5.935626
v -15.129873 -29.069536 7.740304
v -14.004780 -29.069391 9.804132
v -13.303937 -29.069225 12.047799
v -13.054276 -29.069046 14.385088
v -13.265386 -29.068853 16.726168
v -13.929166 -29.068668 18.981079
v -15.020109 -29.068481 21.063168
v -16.496279 -29.068317 22.892414
v -18.300957 -29.068169 24.398525
v -27.286823 -29.067883 26.263018
v -29.541727 -29.067900 25.599236
v -31.623816 -29.067955 24.508297
v -33.453072 -29.068047 23.032125
v -34.959175 -29.068165 21.227446
v -36.084267 -29.068308 19.163618
v -36.785118 -29.068476 16.919950
v -37.034786 -29.068659 14.582664
v -36.823658 -29.068850 12.241583
v -36.159882 -29.069035 9.986672
v -35.068951 -29.069216 7.904584
v -33.592770 -29.069386 6.075335
v -31.788092 -29.069532 4.569224
v -25.029615 -26.099775 14.479170
v -29.724274 -29.069653 3.444129
v -27.480610 -29.069742 2.743282
v -24.993885 -12.587891 8.532993
v -23.832928 -12.587891 8.637901
v -22.714739 -12.587891 8.967285
v -21.682297 -12.587891 9.508486
v -20.775278 -12.587891 10.240712
v -20.028534 -12.587891 11.135818
v -19.470770 -12.587891 12.159408
v -19.123417 -12.587891 13.272140
v -18.999817 -12.587891 14.431265
v -19.104723 -12.587891 15.592222
v -19.434105 -12.587891 16.710409
v -19.975311 -12.587891 17.742853
v -20.707531 -12.587891 18.649874
v -21.602640 -12.587891 19.396608
v -22.626232 -12.587891 19.954378
v -23.738964 -12.587891 20.301733
v -24.898088 -12.587891 20.425333
v -26.059050 -12.587891 20.320429
v -27.177227 -12.587891 19.991041
v -28.209673 -12.587891 19.449844
v -29.116699 -12.587891 18.717617
v -29.863434 -12.587891 17.822508
v -30.421196 -12.587891 16.798922
v -30.768562 -12.587891 15.686188
v -30.892159 -12.587891 14.527063
v -30.787245 -12.587891 13.366103
v -30.457861 -12.587891 12.247918
v -29.916666 -12.587891 11.215475
v -29.184435 -12.587891 10.308455
v -28.289328 -12.587891 9.561715
v -24.945997 1.114041 14.479171
v -27.265747 -12.587891 9.003949
v -26.153013 -12.587891 8.656593
v -24.945997 -26.289839 14.479169
v -20.364786 -29.068048 25.523619
v -22.608454 -29.067955 26.224468
v -24.945744 -29.067904 26.474131
v -25.059465 -32.037964 14.488592
v -11.854159 -1.560343 -6.800577
v -13.150643 -1.892652 -7.557122
v -12.525667 -2.690206 -7.193678
v -11.967250 -1.363750 -6.866275
v -13.118915 -1.658940 -7.538311
v -12.713850 -1.157714 -7.301423
v -12.323167 -2.674420 -7.075561
v -11.797266 -2.023669 -6.768003
v -12.890362 -1.274386 -7.404518
v -12.133696 -2.589737 -6.964949
v -13.029504 -1.446561 -7.485892
v -11.795767 -1.787029 -6.766819
v -13.035165 -2.340961 -7.490363
v -13.121876 -2.126931 -7.540651
v -11.974086 -2.443683 -6.871673
v -12.313370 -1.126494 -7.067824
v -12.898219 -2.515726 -7.410723
v -11.858519 -2.249234 -6.804021
v -12.124993 -1.214720 -6.958078
v -12.723203 -2.635694 -7.308809
v -12.515649 -1.106912 -7.185766
v -11.840173 -28.718210 -6.801276
v -13.137440 -29.050518 -7.556465
v -12.512208 -29.848070 -7.193466
v -11.953303 -28.521618 -6.866906
v -13.105662 -28.816807 -7.537738
v -12.700299 -28.315582 -7.301363
v -12.309590 -29.832291 -7.075552
v -11.783303 -29.181538 -6.768658
v -12.876929 -28.432253 -7.404257
v -12.119997 -29.747604 -6.965146
v -13.016175 -28.604427 -7.485453
v -11.781775 -28.944897 -6.767529
v -13.021954 -29.498829 -7.489720
v -13.108685 -29.284800 -7.539970
v -11.960277 -29.601549 -6.872059
v -12.299591 -28.284363 -7.068165
v -12.884951 -29.673595 -7.410178
v -11.844620 -29.407103 -6.804564
v -12.111115 -28.372593 -6.958587
v -12.709848 -29.793562 -7.308412
v -12.501981 -28.264780 -7.185912
v -10.706929 -16.949499 6.964014
v -11.184974 -16.812313 5.510230
v -11.595026 -17.573107 6.141232
v -10.597771 -16.773916 6.853643
v -11.022418 -16.652056 5.562251
v -10.607295 -16.406679 6.045423
v -11.544514 -17.620731 6.365669
v -11.005553 -17.302155 6.992981
v -10.720149 -16.439808 5.842288
v -11.450495 -17.614584 6.580761
v -10.862749 -16.524094 5.676315
v -10.847004 -17.130953 7.011878
v -11.461998 -17.171164 5.604889
v -11.335974 -16.990631 5.524878
v -11.321329 -17.555210 6.767399
v -10.507400 -16.500860 6.489283
v -11.551850 -17.337873 5.743156
v -11.168488 -17.447886 6.909001
v -10.529230 -16.619804 6.690569
v -11.597547 -17.475943 5.927394
v -10.534216 -16.427649 6.267671
v -11.405828 -28.669163 7.278182
v -12.146995 -28.997919 5.972856
v -11.789507 -29.786943 6.601254
v -11.470528 -28.474672 7.164516
v -12.128903 -28.766701 6.005001
v -11.897424 -28.270840 6.413174
v -11.673735 -29.771326 6.805103
v -11.373199 -29.127537 7.335045
v -11.998318 -28.386265 6.235394
v -11.565425 -29.687548 6.995899
v -12.077832 -28.556597 6.095185
v -11.372394 -28.893425 7.336759
v -12.080876 -29.441435 6.088704
v -12.130496 -29.229692 6.001609
v -11.474202 -29.543056 7.156691
v -11.668466 -28.239954 6.816319
v -12.002541 -29.614328 6.226401
v -11.408171 -29.350685 7.273190
v -11.560746 -28.327234 7.005863
v -11.902454 -29.733013 6.402467
v -11.784118 -28.220579 6.612727
v -0.824285 -16.949501 -12.720100
v -0.783279 -16.773916 -12.570380
v -0.700059 -17.302155 -12.993200
v -0.118978 -17.614544 -13.178688
v -0.795699 -17.130955 -12.865339
v -0.346750 -17.555223 -13.154104
v -0.512919 -16.500862 -12.309937
v -0.545862 -17.447887 -13.092317
v -0.676323 -16.619804 -12.429485
v -0.308343 -16.427666 -12.222456
v -0.726222 -28.659649 -13.392468
v -0.608090 -28.468493 -13.392259
v -0.209902 -29.738926 -13.393391
v -0.781510 -29.101906 -13.392910
v -0.414570 -29.648949 -13.393410
v -0.785694 -28.876661 -13.392690
v -0.588172 -29.504484 -13.393282
v -0.170687 -28.243841 -13.370134
v -0.713870 -29.317028 -13.393112
v -0.438338 -28.319542 -13.391127
v -0.097795 -16.486532 -12.100595
v -0.051232 -29.775036 -13.391328
v -11.405828 -1.664243 7.278182
v -12.146995 -1.992999 5.972856
v -11.789507 -2.782024 6.601254
v -11.470528 -1.469753 7.164516
v -12.128903 -1.761786 6.005001
v -11.897424 -1.265920 6.413174
v -11.673735 -2.766407 6.805103
v -11.373199 -2.122616 7.335045
v -11.998318 -1.381345 6.235394
v -11.565425 -2.682630 6.995899
v -12.077832 -1.551678 6.095185
v -11.372394 -1.888507 7.336759
v -12.080876 -2.436515 6.088704
v -12.130496 -2.224773 6.001609
v -11.474202 -2.538137 7.156691
v -11.668466 -1.235034 6.816319
v -12.002541 -2.609410 6.226401
v -11.408171 -2.345768 7.273190
v -11.560746 -1.322316 7.005863
v -11.902454 -2.728095 6.402467
v -11.784118 -1.215662 6.612727
v -0.668011 -1.745780 -13.393682
v -0.549880 -1.554625 -13.393473
v -0.152904 -2.825056 -13.394608
v -0.723299 -2.188035 -13.394126
v -0.356360 -2.735081 -13.394627
v -0.727483 -1.962793 -13.393905
v -0.529961 -2.590615 -13.394498
v -0.142794 -1.329973 -13.371347
v -0.655660 -2.403160 -13.394327
v -0.381341 -1.405674 -13.392343
v -0.023339 -2.861168 -13.392543
v 0.307420 -15.996167 -3.134134
v 0.910446 -15.798850 -3.001337
v 1.478483 -15.798850 -2.766048
v 1.989704 -15.798850 -2.424461
v 2.424461 -15.798850 -1.989704
v 2.766048 -15.798850 -1.478484
v 3.001337 -15.798850 -0.910446
v 3.121286 -15.798850 -0.307420
v 3.121286 -15.798850 0.307420
v 3.001337 -15.798850 0.910446
v 2.766048 -15.798850 1.478483
v 2.424461 -15.798850 1.989704
v 1.989704 -15.798850 2.424461
v 1.478484 -15.798850 2.766048
v 0.910446 -15.798850 3.001337
v 0.307420 -15.996168 3.134135
v -0.307420 -15.996167 3.134134
v -0.910446 -15.798850 3.001337
v -1.478483 -15.798850 2.766048
v -1.989704 -15.798850 2.424461
v -2.424461 -15.798850 1.989704
v -2.766048 -15.798850 1.478484
v -3.001337 -15.798850 0.910446
v -3.121286 -15.798850 0.307420
v -3.121286 -15.798850 -0.307420
v -3.001337 -15.798850 -0.910446
v -2.766048 -15.798850 -1.478483
v -2.424461 -15.798850 -1.989704
v -1.989704 -15.798850 -2.424461
v -1.478484 -15.798850 -2.766048
v 2.853352 -0.180692 -1.525149
v -0.910446 -15.798850 -3.001337
v -0.307420 -15.996168 -3.134135
v 0.000000 -31.362902 -0.000000
v -2.592489 0.305465 0.255338
v 0.939182 -0.180692 3.096068
v -3.219803 -0.180692 0.317123
v 0.939182 -0.180692 -3.096068
v 2.853352 -0.180692 1.525149
v -2.052505 -0.180692 2.500984
v -2.052505 -0.180692 -2.500984
v 3.096068 -0.180692 -0.939182
v 0.317123 -0.177257 3.224375
v -3.219803 -0.180692 -0.317123
v 1.525149 -0.180692 -2.853352
v 2.500984 -0.180692 2.052505
v -2.500984 -0.180692 2.052505
v -1.525149 -0.180692 -2.853352
v 3.219803 -0.180692 -0.317123
v -0.317123 -0.177257 3.224375
v -3.096068 -0.180692 -0.939182
v 2.052505 -0.180692 -2.500984
v 2.052505 -0.180692 2.500984
v -2.853352 -0.180692 1.525149
v -0.939182 -0.180692 -3.096068
v 3.219803 -0.180692 0.317123
v -0.939182 -0.180692 3.096068
v -2.853352 -0.180692 -1.525149
v 2.500984 -0.180692 -2.052505
v 1.525149 -0.180692 2.853352
v -3.096068 -0.180692 0.939182
v 0.317123 -0.177257 -3.224375
v -0.317123 -0.177257 -3.224375
v 3.096068 -0.180692 0.939182
v -1.525149 -0.180692 2.853352
v -2.500984 -0.180692 -2.052505
v 0.290717 0.939047 -2.954085
v 0.860978 0.930877 -2.838263
v 1.398152 0.930877 -2.615758
v 1.881596 0.930877 -2.292731
v 2.292731 0.930877 -1.881596
v 2.615758 0.930877 -1.398152
v 2.838263 0.930877 -0.860978
v 2.951695 0.930877 -0.290717
v 2.951695 0.930877 0.290717
v 2.838263 0.930877 0.860978
v 2.615758 0.930877 1.398152
v 2.292731 0.930877 1.881596
v 1.881596 0.930877 2.292731
v 1.398152 0.930877 2.615758
v 0.860978 0.930877 2.838263
v 0.290717 0.939047 2.954085
v -0.290717 0.939047 2.954085
v -0.860978 0.930877 2.838263
v -1.398152 0.930877 2.615758
v -1.881596 0.930877 2.292731
v -2.292731 0.930877 1.881596
v -2.615758 0.930877 1.398152
v -2.838263 0.930877 0.860978
v -2.951695 0.930877 0.290717
v -2.951695 0.930877 -0.290717
v -2.838263 0.930877 -0.860978
v -2.615758 0.930877 -1.398152
v -2.292731 0.930877 -1.881596
v -1.881596 0.930877 -2.292731
v -1.398152 0.930877 -2.615758
v -0.860978 0.930877 -2.838263
v -0.290717 0.939047 -2.954085
v -0.000000 -0.357591 -0.000000
v 2.297435 0.305465 1.228005
v -2.592489 0.305465 -0.255338
v 2.013718 0.305465 1.652616
v -2.492862 0.305465 -0.756201
v 1.652616 0.305465 2.013718
v -2.297435 0.305465 -1.228005
v 1.228005 0.305465 2.297434
v 0.255338 0.301783 -2.601158
v -2.013718 0.305465 -1.652616
v 0.756201 0.305465 2.492862
v 0.756201 0.305465 -2.492862
v -1.652616 0.305465 -2.013718
v 0.255338 0.301783 2.601158
v 1.228005 0.305465 -2.297435
v -1.228005 0.305465 -2.297434
v -0.255338 0.301783 2.601158
v 1.652616 0.305465 -2.013718
v -0.756201 0.305465 -2.492862
v -0.756201 0.305465 2.492862
v 2.013718 0.305465 -1.652616
v -0.255338 0.301783 -2.601158
v -1.228005 0.305465 2.297435
v 2.297434 0.305465 -1.228005
v -1.652616 0.305465 2.013718
v 2.492862 0.305465 -0.756201
v -2.013718 0.305465 1.652616
v 2.592489 0.305465 -0.255338
v -2.297434 0.305465 1.228005
v 2.592489 0.305465 0.255338
v -2.492862 0.305465 0.756201
v 2.492862 0.305465 0.756201
v 1.186472 -29.069799 -40.763184
v 1.317851 -29.037653 -16.908867
v 3.768031 -29.066587 -17.383551
v 5.935359 -29.067955 -18.307802
v 7.874509 -29.068045 -19.636320
v 9.517200 -29.068165 -21.317623
v 10.800327 -29.068310 -23.287094
v 11.674586 -29.068476 -25.469044
v 12.106361 -29.068661 -27.779631
v 12.079059 -29.068850 -30.130056
v 11.593747 -29.069033 -32.429989
v 10.669069 -29.069216 -34.591049
v 9.340545 -29.069386 -36.530193
v 7.659244 -29.069532 -38.172890
v 5.689782 -29.069653 -39.456020
v 3.507404 -29.069742 -40.330273
v 0.612382 -12.612494 -34.788158
v 0.613179 -12.618229 -22.973143
v 1.788097 -12.612743 -23.181156
v 2.866314 -12.612494 -23.626507
v 3.835466 -12.612494 -24.274269
v 4.659610 -12.612494 -25.098660
v 5.307092 -12.612494 -26.067989
v 5.753034 -12.612494 -27.145008
v 5.980287 -12.612494 -28.288338
v 5.980115 -12.612494 -29.454025
v 5.752540 -12.612494 -30.597284
v 5.306304 -12.612494 -31.674181
v 4.658535 -12.612494 -32.643326
v 3.834147 -12.612494 -33.467476
v 2.864825 -12.612494 -34.114964
v 1.786522 -12.612494 -34.560898
v 7.360708 -32.034290 -28.894423
v 7.333474 -26.096216 -28.908789
v 3.628646 1.064164 -28.873247
v 9.510998 -1.685256 15.187195
v 9.507524 -2.015190 13.686133
v 9.508657 -2.807042 14.409101
v 9.510823 -1.490069 15.056405
v 9.507739 -1.783148 13.723017
v 9.509048 -1.285507 14.192257
v 9.509179 -2.791368 14.643528
v 9.510880 -2.145270 15.252753
v 9.508534 -1.401344 13.987845
v 9.509707 -2.707291 14.862923
v 9.508085 -1.572288 13.826656
v 9.511018 -1.910323 15.254642
v 9.507565 -2.460295 13.819519
v 9.507466 -2.247795 13.719282
v 9.510194 -2.562281 15.047789
v 9.510080 -1.254510 14.655880
v 9.507812 -2.633809 13.977940
v 9.510597 -2.369223 15.181698
v 9.510508 -1.342105 14.873895
v 9.508187 -2.752919 14.180466
v 9.509578 -1.235068 14.421733
v 6.173848 -28.648979 15.187196
v 6.171158 -28.978910 13.686133
v 6.172035 -29.770763 14.409100
v 6.173712 -28.453791 15.056407
v 6.171323 -28.746870 13.723017
v 6.172337 -28.249228 14.192258
v 6.172438 -29.755087 14.643528
v 6.173755 -29.108990 15.252755
v 6.171939 -28.365065 13.987844
v 6.172848 -29.671011 14.862921
v 6.171592 -28.536007 13.826657
v 6.173862 -28.874044 15.254642
v 6.171189 -29.424013 13.819520
v 6.171112 -29.211515 13.719283
v 6.173225 -29.526007 15.047786
v 6.173138 -28.218229 14.655880
v 6.171381 -29.597530 13.977940
v 6.173537 -29.332945 15.181697
v 6.173468 -28.305824 14.873895
v 6.171671 -29.716639 14.180463
v 6.172749 -28.198793 14.421733
v 25.143316 -29.069799 2.493619
v 22.802235 -29.069820 2.704736
v 20.547321 -29.069798 3.368516
v 18.465233 -29.069746 4.459453
v 16.635990 -29.069660 5.935626
v 15.129874 -29.069538 7.740304
v 14.004778 -29.069391 9.804132
v 13.303937 -29.069225 12.047799
v 13.054276 -29.069046 14.385088
v 13.265388 -29.068855 16.726168
v 13.929168 -29.068666 18.981077
v 15.020109 -29.068483 21.063168
v 16.496277 -29.068317 22.892414
v 18.300957 -29.068171 24.398523
v 27.286825 -29.067883 26.263014
v 29.541725 -29.067904 25.599234
v 31.623814 -29.067955 24.508299
v 33.453072 -29.068045 23.032125
v 34.959175 -29.068165 21.227442
v 36.084267 -29.068310 19.163620
v 36.785122 -29.068476 16.919950
v 37.034786 -29.068661 14.582663
v 36.823658 -29.068850 12.241581
v 36.159882 -29.069033 9.986672
v 35.068951 -29.069216 7.904583
v 33.592770 -29.069386 6.075335
v 31.788092 -29.069532 4.569224
v 25.029612 -26.099775 14.479169
v 29.724274 -29.069653 3.444129
v 27.480608 -29.069742 2.743282
v 24.993887 -12.587891 8.532993
v 23.832928 -12.587891 8.637902
v 22.714741 -12.587891 8.967285
v 21.682295 -12.587891 9.508487
v 20.775280 -12.587891 10.240711
v 20.028534 -12.587891 11.135818
v 19.470772 -12.587891 12.159407
v 19.123417 -12.587891 13.272140
v 18.999819 -12.587891 14.431265
v 19.104721 -12.587891 15.592223
v 19.434105 -12.587891 16.710407
v 19.975311 -12.587891 17.742851
v 20.707529 -12.587891 18.649874
v 21.602640 -12.587891 19.396608
v 22.626230 -12.587891 19.954374
v 23.738964 -12.587891 20.301735
v 24.898088 -12.587891 20.425333
v 26.059050 -12.587891 20.320427
v 27.177227 -12.587891 19.991039
v 28.209671 -12.587891 19.449841
v 29.116699 -12.587891 18.717617
v 29.863434 -12.587891 17.822508
v 30.421194 -12.587891 16.798922
v 30.768559 -12.587891 15.686188
v 30.892159 -12.587891 14.527063
v 30.787243 -12.587891 13.366103
v 30.457861 -12.587891 12.247918
v 29.916666 -12.587891 11.215475
v 29.184433 -12.587891 10.308455
v 28.289328 -12.587891 9.561715
v 24.945997 1.114041 14.479170
v 27.265747 -12.587891 9.003949
v 26.153011 -12.587891 8.656593
v 24.945995 -26.289839 14.479171
v 20.364786 -29.068048 25.523621
v 22.608456 -29.067957 26.224468
v 24.945744 -29.067904 26.474134
v 25.059465 -32.037956 14.488593
v 11.854158 -1.560343 -6.800578
v 13.150643 -1.892652 -7.557121
v 12.525668 -2.690206 -7.193679
v 11.967249 -1.363750 -6.866276
v 13.118915 -1.658940 -7.538311
v 12.713849 -1.157714 -7.301423
v 12.323167 -2.674420 -7.075561
v 11.797265 -2.023669 -6.768002
v 12.890361 -1.274386 -7.404518
v 12.133695 -2.589737 -6.964950
v 13.029505 -1.446561 -7.485891
v 11.795767 -1.787029 -6.766819
v 13.035165 -2.340961 -7.490363
v 13.121875 -2.126932 -7.540651
v 11.974085 -2.443683 -6.871674
v 12.313370 -1.126494 -7.067825
v 12.898217 -2.515726 -7.410722
v 11.858519 -2.249234 -6.804020
v 12.124993 -1.214720 -6.958078
v 12.723203 -2.635694 -7.308810
v 12.515648 -1.106912 -7.185766
v 11.840173 -28.718210 -6.801276
v 13.137440 -29.050520 -7.556465
v 12.512208 -29.848070 -7.193466
v 11.953303 -28.521618 -6.866906
v 13.105662 -28.816805 -7.537738
v 12.700299 -28.315582 -7.301363
v 12.309590 -29.832289 -7.075552
v 11.783303 -29.181536 -6.768658
v 12.876929 -28.432253 -7.404257
v 12.119998 -29.747604 -6.965146
v 13.016174 -28.604427 -7.485453
v 11.781774 -28.944901 -6.767529
v 13.021953 -29.498827 -7.489720
v 13.108685 -29.284800 -7.539970
v 11.960277 -29.601549 -6.872059
v 12.299592 -28.284363 -7.068166
v 12.884952 -29.673597 -7.410178
v 11.844621 -29.407103 -6.804564
v 12.111115 -28.372591 -6.958586
v 12.709848 -29.793562 -7.308413
v 12.501982 -28.264778 -7.185912
v 10.706927 -16.949501 6.964014
v 11.184974 -16.812313 5.510231
v 11.595025 -17.573109 6.141232
v 10.597772 -16.773914 6.853643
v 11.022418 -16.652054 5.562250
v 10.607295 -16.406679 6.045423
v 11.544514 -17.620731 6.365669
v 11.005553 -17.302153 6.992981
v 10.720148 -16.439808 5.842289
v 11.450495 -17.614584 6.580761
v 10.862749 -16.524096 5.676315
v 10.847003 -17.130953 7.011879
v 11.461999 -17.171164 5.604889
v 11.335974 -16.990629 5.524878
v 11.321329 -17.555212 6.767400
v 10.507399 -16.500860 6.489283
v 11.551850 -17.337873 5.743156
v 11.168489 -17.447887 6.909000
v 10.529232 -16.619804 6.690568
v 11.597546 -17.475943 5.927394
v 10.534216 -16.427650 6.267671
v 11.405828 -28.669165 7.278181
v 12.146995 -28.997915 5.972856
v 11.789506 -29.786943 6.601254
v 11.470529 -28.474672 7.164516
v 12.128903 -28.766701 6.005001
v 11.897424 -28.270840 6.413174
v 11.673735 -29.771324 6.805102
v 11.373199 -29.127537 7.335045
v 11.998317 -28.386265 6.235395
v 11.565425 -29.687550 6.995899
v 12.077832 -28.556597 6.095185
v 11.372393 -28.893425 7.336759
v 12.080876 -29.441431 6.088704
v 12.130495 -29.229692 6.001608
v 11.474202 -29.543056 7.156691
v 11.668467 -28.239954 6.816319
v 12.002542 -29.614328 6.226401
v 11.408172 -29.350687 7.273190
v 11.560747 -28.327234 7.005862
v 11.902453 -29.733013 6.402466
v 11.784119 -28.220581 6.612727
v 0.824285 -16.949501 -12.720099
v 0.783279 -16.773916 -12.570378
v 0.700059 -17.302155 -12.993200
v 0.118978 -17.614544 -13.178688
v 0.795699 -17.130955 -12.865339
v 0.346750 -17.555223 -13.154103
v 0.512919 -16.500860 -12.309937
v 0.545862 -17.447887 -13.092316
v 0.676323 -16.619806 -12.429486
v 0.308343 -16.427666 -12.222456
v 0.726221 -28.659649 -13.392467
v 0.608090 -28.468493 -13.392259
v 0.209902 -29.738924 -13.393391
v 0.781510 -29.101904 -13.392911
v 0.414570 -29.648949 -13.393411
v 0.785694 -28.876665 -13.392690
v 0.588172 -29.504482 -13.393283
v 0.170687 -28.243839 -13.370133
v 0.713870 -29.317030 -13.393112
v 0.438338 -28.319540 -13.391126
v 0.097795 -16.486532 -12.100595
v 0.051232 -29.775038 -13.391327
v 11.405828 -1.664243 7.278181
v 12.146995 -1.992999 5.972856
v 11.789506 -2.782025 6.601254
v 11.470529 -1.469753 7.164516
v 12.128903 -1.761786 6.005001
v 11.897424 -1.265920 6.413174
v 11.673735 -2.766407 6.805102
v 11.373199 -2.122616 7.335045
v 11.998317 -1.381345 6.235395
v 11.565425 -2.682630 6.995899
v 12.077832 -1.551678 6.095185
v 11.372393 -1.888507 7.336759
v 12.080876 -2.436516 6.088704
v 12.130495 -2.224773 6.001608
v 11.474202 -2.538137 7.156691
v 11.668467 -1.235034 6.816319
v 12.002542 -2.609410 6.226401
v 11.408172 -2.345768 7.273190
v 11.560747 -1.322316 7.005862
v 11.902453 -2.728096 6.402466
v 11.784119 -1.215662 6.612727
v 0.668011 -1.745780 -13.393682
v 0.549880 -1.554625 -13.393473
v 0.152904 -2.825056 -13.394607
v 0.723299 -2.188035 -13.394124
v 0.356360 -2.735081 -13.394626
v 0.727483 -1.962793 -13.393905
v 0.529961 -2.590615 -13.394499
v 0.142794 -1.329972 -13.371349
v 0.655660 -2.403160 -13.394326
v 0.381341 -1.405674 -13.392343
v 0.023339 -2.861168 -13.392542
v -0.318271 -16.637451 -3.234076
v -0.942582 -16.637451 -3.107277
v -1.530671 -16.637451 -2.863683
v -2.059936 -16.637451 -2.510039
v -2.510039 -16.637451 -2.059936
v -2.863683 -16.637451 -1.530670
v -3.107277 -16.637451 -0.942582
v -3.231460 -16.637451 -0.318271
v -3.231460 -16.637451 0.318271
v -3.107277 -16.637451 0.942582
v -2.863683 -16.637451 1.530671
v -2.510039 -16.637451 2.059936
v -2.059936 -16.637451 2.510039
v -1.530670 -16.637451 2.863683
v -0.942582 -16.637451 3.107277
v -0.318271 -16.637449 3.234076
v 0.318271 -16.637451 3.234076
v 0.942582 -16.637451 3.107277
v 1.530671 -16.637451 2.863683
v 2.059936 -16.637451 2.510039
v 2.510039 -16.637451 2.059936
v 2.863683 -16.637451 1.530670
v 3.107277 -16.637451 0.942582
v 3.231460 -16.637451 0.318271
v 3.231460 -16.637451 -0.318271
v 3.107277 -16.637451 -0.942582
v 2.863683 -16.637451 -1.530671
v 2.510039 -16.637451 -2.059936
v 2.059936 -16.637451 -2.510039
v 1.530670 -16.637451 -2.863683
v -2.863683 -0.160082 -1.530671
v 0.942582 -16.637451 -3.107277
v 0.318271 -16.637449 -3.234076
v -0.000000 -31.974852 -0.000000
v 2.580833 0.333873 0.254190
v -0.942582 -0.160082 3.107277
v 3.231460 -0.160082 0.318271
v -0.942582 -0.160082 -3.107277
v -2.863683 -0.160082 1.530670
v 2.059936 -0.160082 2.510039
v 2.059936 -0.160082 -2.510039
v -3.107277 -0.160082 -0.942582
v -0.318271 -0.160082 3.234076
v 3.231460 -0.160082 -0.318271
v -1.530670 -0.160082 -2.863683
v -2.510039 -0.160082 2.059936
v 2.510039 -0.160082 2.059936
v 1.530671 -0.160082 -2.863683
v -3.231460 -0.160082 -0.318271
v 0.318271 -0.160082 3.234076
v 3.107277 -0.160082 -0.942582
v -2.059936 -0.160082 -2.510039
v -2.059936 -0.160082 2.510039
v 2.863683 -0.160082 1.530671
v 0.942582 -0.160082 -3.107277
v -3.231460 -0.160082 0.318271
v 0.942582 -0.160082 3.107277
v 2.863683 -0.160082 -1.530670
v -2.510039 -0.160082 -2.059936
v -1.530671 -0.160082 2.863683
v 3.107277 -0.160082 0.942582
v -0.318271 -0.160082 -3.234076
v 0.318271 -0.160082 -3.234076
v -3.107277 -0.160082 0.942582
v 1.530670 -0.160082 2.863683
v 2.510039 -0.160082 -2.059936
v -0.290717 0.979895 -2.954085
v -0.860978 0.979895 -2.838263
v -1.398152 0.979895 -2.615758
v -1.881596 0.979895 -2.292731
v -2.292731 0.979895 -1.881596
v -2.615758 0.979895 -1.398152
v -2.838263 0.979895 -0.860978
v -2.951695 0.979895 -0.290717
v -2.951695 0.979895 0.290717
v -2.838263 0.979895 0.860978
v -2.615758 0.979895 1.398152
v -2.292731 0.979895 1.881596
v -1.881596 0.979895 2.292731
v -1.398152 0.979895 2.615758
v -0.860978 0.979895 2.838263
v -0.290717 0.979895 2.954085
v 0.290717 0.979895 2.954085
v 0.860978 0.979895 2.838263
v 1.398152 0.979895 2.615758
v 1.881596 0.979895 2.292731
v 2.292731 0.979895 1.881596
v 2.615758 0.979895 1.398152
v 2.838263 0.979895 0.860978
v 2.951695 0.979895 0.290717
v 2.951695 0.979895 -0.290717
v 2.838263 0.979895 -0.860978
v 2.615758 0.979895 -1.398152
v 2.292731 0.979895 -1.881596
v 1.881596 0.979895 -2.292731
v 1.398152 0.979895 -2.615758
v 0.860978 0.979895 -2.838263
v 0.290717 0.979895 -2.954085
v 0.000000 -0.357591 -0.000000
v -2.287104 0.333873 1.222483
v 2.580832 0.333873 -0.254190
v -2.004663 0.333873 1.645185
v 2.481653 0.333873 -0.752801
v -1.645185 0.333873 2.004664
v 2.287104 0.333873 -1.222483
v -1.222483 0.333873 2.287104
v -0.254190 0.325456 -2.591456
v 2.004663 0.333873 -1.645185
v -0.752801 0.333873 2.481653
v -0.752801 0.333873 -2.481653
v 1.645185 0.333873 -2.004664
v -0.254190 0.325456 2.591456
v -1.222483 0.333873 -2.287104
v 1.222483 0.333873 -2.287104
v 0.254190 0.325456 2.591456
v -1.645185 0.333873 -2.004663
v 0.752801 0.333873 -2.481653
v 0.752801 0.333873 2.481653
v -2.004664 0.333873 -1.645185
v 0.254190 0.325456 -2.591456
v 1.222483 0.333873 2.287104
v -2.287104 0.333873 -1.222483
v 1.645185 0.333873 2.004663
v -2.481653 0.333873 -0.752801
v 2.004664 0.333873 1.645185
v -2.580833 0.333873 -0.254190
v 2.287104 0.333873 1.222483
v -2.580832 0.333873 0.254190
v 2.481653 0.333873 0.752801
v -2.481653 0.333873 0.752801
vn -0.1316 -0.6967 -0.7052
vn -0.1318 0.6959 -0.7059
vn -0.0000 -0.6984 -0.7157
vn -0.0000 0.6964 -0.7177
vn -0.0000 -0.6936 0.7203
vn -0.0000 0.7005 0.7136
vn -0.1295 -0.6974 0.7049
vn -0.1458 0.6932 0.7058
vn -0.2818 -0.6948 0.6617
vn -0.2817 0.6971 0.6593
vn -0.4065 -0.6946 0.5935
vn -0.4048 0.6978 0.5909
vn -0.5146 -0.6944 0.5029
vn -0.5123 0.6980 0.5004
vn -0.6029 -0.6944 0.3929
vn -0.6000 0.6980 0.3908
vn -0.6679 -0.6944 0.2678
vn -0.6647 0.6980 0.2662
vn -0.7073 -0.6944 0.1324
vn -0.7039 0.6980 0.1314
vn -0.7194 -0.6946 -0.0081
vn -0.7162 0.6979 -0.0084
vn -0.7038 -0.6947 -0.1483
vn -0.7009 0.6977 -0.1481
vn -0.6612 -0.6950 -0.2826
vn -0.6588 0.6975 -0.2820
vn -0.5931 -0.6952 -0.4060
vn -0.5913 0.6972 -0.4053
vn -0.5023 -0.6956 -0.5137
vn -0.5010 0.6969 -0.5131
vn -0.3922 -0.6959 -0.6016
vn -0.3915 0.6966 -0.6012
vn -0.2672 -0.6962 -0.6663
vn -0.2668 0.6962 -0.6664
vn -0.1906 -0.0000 -0.9817
vn -0.1368 0.6961 -0.7048
vn -0.0000 -0.0000 -1.0000
vn -0.0000 0.6969 -0.7172
vn -0.0000 -0.0000 1.0000
vn -0.0000 0.6986 0.7155
vn -0.1748 -0.0000 0.9846
vn -0.1226 0.6961 0.7074
vn -0.3818 -0.0000 0.9242
vn -0.2740 0.6961 0.6636
vn -0.5557 -0.0000 0.8314
vn -0.3989 0.6963 0.5967
vn -0.7072 -0.0000 0.7070
vn -0.5076 0.6963 0.5075
vn -0.8315 -0.0000 0.5555
vn -0.5968 0.6963 0.3987
vn -0.9239 -0.0000 0.3826
vn -0.6631 0.6963 0.2746
vn -0.9808 -0.0000 0.1950
vn -0.7040 0.6963 0.1399
vn -1.0000 -0.0000 -0.0001
vn -0.7177 0.6963 -0.0001
vn -0.9808 -0.0000 -0.1952
vn -0.7039 0.6963 -0.1401
vn -0.9238 -0.0000 -0.3828
vn -0.6631 0.6963 -0.2748
vn -0.8314 -0.0000 -0.5557
vn -0.5967 0.6963 -0.3988
vn -0.7070 -0.0000 -0.7072
vn -0.5075 0.6963 -0.5076
vn -0.5555 -0.0000 -0.8315
vn -0.3987 0.6963 -0.5969
vn -0.3822 -0.0000 -0.9241
vn -0.2744 0.6962 -0.6634
vn -0.0000 -0.9337 0.3580
vn -0.0000 0.9767 -0.2145
vn -0.0000 -0.9978 0.0669
vn -0.0000 0.1571 -0.9876
vn -0.0000 -0.8621 -0.5068
vn -0.0000 -0.6743 -0.7384
vn -0.0000 0.6862 -0.7274
vn -0.0000 0.8701 -0.4928
vn -0.0000 -0.9732 -0.2302
vn -0.0000 -0.1411 -0.9900
vn -0.0000 0.9278 0.3730
vn -0.0000 0.9966 0.0829
vn -0.0000 0.5566 0.8308
vn -0.0000 0.2871 0.9579
vn -0.0000 -0.0080 1.0000
vn -0.0000 -0.5698 0.8218
vn -0.0000 -0.7867 0.6173
vn -0.0000 -0.4267 -0.9044
vn -0.0000 0.7767 0.6299
vn -0.0000 0.4412 -0.8974
vn -0.0000 -0.3023 0.9532
vn -0.0000 -0.9338 0.3578
vn -0.0000 0.9767 -0.2147
vn -0.0000 -0.9978 0.0667
vn -0.0000 0.1570 -0.9876
vn -0.0000 -0.8620 -0.5069
vn -0.0000 -0.6743 -0.7385
vn -0.0000 0.6860 -0.7276
vn -0.0000 0.8700 -0.4930
vn -0.0000 -0.9731 -0.2304
vn -0.0000 0.9279 0.3728
vn -0.0000 0.9966 0.0827
vn -0.0000 0.5567 0.8307
vn -0.0000 -0.5699 0.8217
vn -0.0000 -0.7868 0.6172
vn -0.0000 -0.4266 -0.9044
vn -0.0000 0.7768 0.6298
vn -0.0000 0.4411 -0.8975
vn -0.0000 -0.3024 0.9532
vn -0.0000 0.6861 -0.7275
vn -0.0000 0.8701 -0.4929
vn -0.0000 -0.9731 -0.2302
vn -0.0000 0.9279 0.3729
vn -0.0000 0.7767 0.6298
vn -0.0000 0.9966 0.0828
vn -0.0764 -0.6965 -0.7135
vn -0.0761 0.6960 -0.7140
vn 0.0642 -0.6968 -0.7143
vn 0.0647 0.6957 -0.7155
vn 0.2023 -0.6972 -0.6878
vn 0.2031 0.6953 -0.6894
vn 0.3325 -0.6975 -0.6348
vn 0.3338 0.6950 -0.6368
vn 0.4498 -0.6977 -0.5576
vn 0.4518 0.6948 -0.5596
vn 0.5499 -0.6979 -0.4590
vn 0.5524 0.6946 -0.4608
vn 0.6288 -0.6980 -0.3428
vn 0.6317 0.6945 -0.3443
vn 0.6836 -0.6980 -0.2135
vn 0.6868 0.6945 -0.2144
vn 0.7121 -0.6979 -0.0760
vn 0.7154 0.6945 -0.0764
vn 0.7134 -0.6978 0.0644
vn 0.7164 0.6946 0.0646
vn 0.6873 -0.6976 0.2024
vn 0.6899 0.6948 0.2031
vn 0.6348 -0.6974 0.3327
vn 0.6368 0.6951 0.3337
vn 0.5579 -0.6971 0.4504
vn 0.5593 0.6953 0.4513
vn 0.4595 -0.6967 0.5508
vn 0.4603 0.6957 0.5515
vn 0.3434 -0.6964 0.6302
vn 0.3437 0.6960 0.6304
vn 0.2140 0.6964 0.6850
vn 0.0762 0.6968 0.7132
vn -0.0646 -0.6953 0.7158
vn -0.0644 0.6971 0.7141
vn -0.2031 -0.6949 0.6898
vn -0.2024 0.6974 0.6875
vn -0.3338 -0.6947 0.6372
vn -0.3325 0.6977 0.6345
vn -0.4518 -0.6944 0.5600
vn -0.4497 0.6980 0.5573
vn -0.5525 -0.6943 0.4612
vn -0.5497 0.6981 0.4587
vn -0.6319 -0.6942 0.3447
vn -0.6286 0.6982 0.3426
vn -0.6870 -0.6941 0.2148
vn -0.6833 0.6983 0.2134
vn -0.7157 -0.6942 0.0767
vn -0.7118 0.6982 0.0759
vn -0.7168 -0.6943 -0.0644
vn -0.7131 0.6981 -0.0644
vn -0.6903 -0.6945 -0.2029
vn -0.6870 0.6980 -0.2024
vn -0.6372 -0.6947 -0.3336
vn -0.6345 0.6977 -0.3326
vn -0.5597 -0.6950 -0.4513
vn -0.5576 0.6974 -0.4502
vn -0.4607 -0.6954 -0.5516
vn -0.4592 0.6971 -0.5506
vn -0.3440 -0.6957 -0.6305
vn -0.3432 0.6967 -0.6299
vn -0.2143 -0.6961 -0.6852
vn -0.2138 0.6964 -0.6851
vn -0.0761 -0.6962 -0.7138
vn -0.0761 0.6962 -0.7138
vn 0.0646 -0.6962 -0.7149
vn 0.0646 0.6962 -0.7149
vn 0.2028 -0.6962 -0.6886
vn 0.2028 0.6962 -0.6886
vn 0.3333 -0.6962 -0.6358
vn 0.3333 0.6962 -0.6358
vn 0.4509 -0.6962 -0.5585
vn 0.4509 0.6962 -0.5585
vn 0.5512 -0.6962 -0.4598
vn 0.5512 0.6962 -0.4598
vn 0.6303 -0.6962 -0.3435
vn 0.6303 0.6962 -0.3435
vn 0.6852 -0.6962 -0.2139
vn 0.6852 0.6962 -0.2139
vn 0.7138 -0.6962 -0.0761
vn 0.7138 0.6962 -0.0761
vn 0.7149 -0.6962 0.0646
vn 0.7149 0.6962 0.0646
vn 0.6886 -0.6962 0.2028
vn 0.6886 0.6962 0.2028
vn 0.6358 -0.6962 0.3333
vn 0.6358 0.6962 0.3333
vn 0.5585 -0.6962 0.4509
vn 0.5585 0.6962 0.4509
vn 0.4598 -0.6962 0.5512
vn 0.4598 0.6962 0.5512
vn 0.3435 -0.6962 0.6303
vn 0.3435 0.6962 0.6303
vn 0.2139 -0.6962 0.6852
vn 0.2139 0.6962 0.6852
vn 0.0761 -0.6962 0.7138
vn 0.0761 0.6962 0.7138
vn -0.0646 -0.6962 0.7149
vn -0.0646 0.6962 0.7149
vn -0.2028 -0.6962 0.6886
vn -0.2028 0.6962 0.6886
vn -0.3333 -0.6962 0.6358
vn -0.3333 0.6962 0.6358
vn -0.4509 -0.6962 0.5585
vn -0.4509 0.6962 0.5585
vn -0.5512 -0.6962 0.4598
vn -0.5512 0.6962 0.4598
vn -0.6303 -0.6962 0.3435
vn -0.6303 0.6962 0.3435
vn -0.6852 -0.6962 0.2139
vn -0.6852 0.6962 0.2139
vn -0.7138 -0.6962 0.0761
vn -0.7138 0.6962 0.0761
vn -0.7149 -0.6962 -0.0646
vn -0.7149 0.6962 -0.0646
vn -0.6886 -0.6962 -0.2028
vn -0.6886 0.6962 -0.2028
vn -0.6358 -0.6962 -0.3333
vn -0.6358 0.6962 -0.3333
vn -0.5585 -0.6962 -0.4509
vn -0.5585 0.6962 -0.4509
vn -0.4598 -0.6962 -0.5512
vn -0.4598 0.6962 -0.5512
vn -0.3435 -0.6962 -0.6303
vn -0.3435 0.6962 -0.6303
vn -0.2139 -0.6962 -0.6852
vn -0.2139 0.6962 -0.6852
vn 0.2140 -0.6960 0.6854
vn 0.0762 -0.6956 0.7143
vn 0.3122 -0.9328 0.1802
vn -0.1868 0.9765 -0.1079
vn 0.0585 -0.9977 0.0338
vn -0.8554 0.1561 -0.4939
vn -0.4411 -0.8606 -0.2547
vn -0.6415 -0.6718 -0.3704
vn -0.6320 0.6837 -0.3649
vn -0.4290 0.8687 -0.2477
vn -0.2005 -0.9728 -0.1158
vn -0.8575 -0.1401 -0.4951
vn 0.3251 0.9269 0.1877
vn 0.0725 0.9965 0.0419
vn 0.7211 0.5538 0.4163
vn 0.8301 0.2852 0.4792
vn 0.8660 -0.0079 0.5000
vn 0.7134 -0.5669 0.4119
vn 0.5371 -0.7844 0.3101
vn -0.7842 -0.4242 -0.4528
vn 0.5479 0.7744 0.3163
vn -0.7782 0.4388 -0.4493
vn 0.8261 -0.3003 0.4769
vn 0.3118 -0.9329 0.1800
vn -0.1872 0.9764 -0.1081
vn 0.0582 -0.9977 0.0336
vn -0.8554 0.1559 -0.4939
vn -0.4413 -0.8604 -0.2548
vn -0.6416 -0.6716 -0.3704
vn -0.6322 0.6835 -0.3650
vn -0.4293 0.8685 -0.2478
vn -0.2008 -0.9727 -0.1160
vn 0.3248 0.9270 0.1876
vn 0.0722 0.9965 0.0417
vn 0.7210 0.5539 0.4163
vn 0.8660 -0.0080 0.5000
vn 0.7132 -0.5672 0.4118
vn 0.5368 -0.7847 0.3099
vn -0.7843 -0.4242 -0.4528
vn 0.5477 0.7746 0.3162
vn -0.7783 0.4386 -0.4493
vn 0.8260 -0.3005 0.4769
vn 0.3121 -0.9328 0.1802
vn -0.1869 0.9764 -0.1079
vn 0.0585 -0.9977 0.0337
vn -0.8554 0.1560 -0.4939
vn -0.4412 -0.8605 -0.2547
vn -0.6415 -0.6717 -0.3704
vn -0.2006 -0.9728 -0.1158
vn 0.0724 0.9965 0.0418
vn 0.7134 -0.5670 0.4119
vn 0.5371 -0.7845 0.3101
vn 0.5478 0.7745 0.3163
vn 0.3249 0.9270 0.1876
vn 0.5368 -0.7847 0.3100
vn -0.6603 -0.6801 0.3185
vn 0.7238 0.6666 -0.1781
vn -0.7670 -0.6401 0.0447
vn -0.0671 0.3725 -0.9256
vn -0.7750 -0.4006 -0.4888
vn -0.6751 -0.2208 -0.7039
vn 0.4017 0.6306 -0.6640
vn 0.5893 0.6783 -0.4389
vn -0.8062 -0.5442 -0.2320
vn -0.3048 0.1846 -0.9343
vn 0.7998 0.4791 0.3617
vn 0.7956 0.5982 0.0961
vn 0.6074 0.1291 0.7838
vn 0.4239 -0.0739 0.9027
vn 0.2003 -0.2722 0.9412
vn -0.2819 -0.5800 0.7643
vn -0.4941 -0.6600 0.5660
vn -0.5139 -0.0197 -0.8576
vn 0.7358 0.3186 0.5976
vn 0.1762 0.5259 -0.8321
vn -0.0428 -0.4466 0.8937
vn -0.6694 -0.6793 0.3008
vn 0.7255 0.6660 -0.1736
vn -0.7708 -0.6363 0.0298
vn -0.0720 0.3691 -0.9266
vn -0.7736 -0.3972 -0.4938
vn -0.6744 -0.2198 -0.7048
vn 0.3997 0.6299 -0.6659
vn 0.5896 0.6783 -0.4384
vn -0.8063 -0.5396 -0.2421
vn -0.3086 0.1812 -0.9338
vn 0.7983 0.4725 0.3734
vn 0.7968 0.5952 0.1047
vn 0.5960 0.1149 0.7947
vn 0.4073 -0.0902 0.9088
vn 0.1800 -0.2882 0.9405
vn -0.3011 -0.5889 0.7500
vn -0.5088 -0.6637 0.5483
vn -0.5154 -0.0214 -0.8567
vn 0.7298 0.3080 0.6103
vn 0.1721 0.5237 -0.8344
vn -0.0641 -0.4600 0.8856
vn 0.1770 -0.9341 0.3100
vn -0.1060 0.9769 -0.1856
vn 0.0331 -0.9978 0.0579
vn -0.4898 0.1576 -0.8575
vn -0.2507 -0.8628 -0.4389
vn -0.3656 -0.6756 -0.6402
vn -0.3602 0.6875 -0.6306
vn -0.2438 0.8709 -0.4268
vn -0.1138 -0.9733 -0.1992
vn -0.4910 -0.1416 -0.8596
vn 0.1844 0.9283 0.3229
vn 0.0410 0.9966 0.0718
vn 0.4116 0.5580 0.7206
vn 0.4750 0.2880 0.8316
vn 0.4959 -0.0080 0.8683
vn 0.4071 -0.5712 0.7128
vn 0.3055 -0.7877 0.5349
vn -0.4483 -0.4279 -0.7848
vn 0.3117 0.7778 0.5458
vn -0.4448 0.4425 -0.7787
vn 0.4726 -0.3033 0.8274
vn 0.1769 -0.9342 0.3098
vn -0.1061 0.9768 -0.1858
vn 0.0330 -0.9978 0.0577
vn -0.4898 0.1575 -0.8575
vn -0.2508 -0.8628 -0.4390
vn -0.3657 -0.6756 -0.6402
vn -0.3602 0.6873 -0.6307
vn -0.2439 0.8708 -0.4270
vn -0.1139 -0.9733 -0.1994
vn 0.1843 0.9284 0.3227
vn 0.0409 0.9966 0.0716
vn 0.4960 -0.0081 0.8683
vn 0.4071 -0.5713 0.7127
vn 0.3054 -0.7879 0.5348
vn 0.3117 0.7779 0.5457
vn -0.4448 0.4424 -0.7788
vn 0.4726 -0.3034 0.8274
vn -0.0000 -0.6837 -0.7297
vn -0.2854 0.6561 0.6986
vn -0.7132 0.4811 0.5098
vn -0.4828 0.6001 0.6378
vn -0.9826 0.1295 0.1335
vn -0.9937 -0.0743 -0.0840
vn -0.9152 -0.2734 -0.2960
vn -0.5222 -0.5820 -0.6234
vn -0.2638 -0.6591 -0.7043
vn -0.8855 0.3198 0.3370
vn -0.7527 -0.4484 -0.4820
vn -0.2132 0.6686 0.7124
vn -0.0000 0.6840 0.7295
vn -0.7225 0.4746 0.5028
vn -0.4889 0.5978 0.6353
vn -0.9862 0.1155 0.1185
vn -0.9908 -0.0904 -0.1011
vn -0.9047 -0.2892 -0.3128
vn -0.4995 -0.5913 -0.6332
vn -0.2350 -0.6642 -0.7096
vn -0.8934 0.3093 0.3257
vn -0.7353 -0.4617 -0.4961
vn -0.4162 -0.9093 -0.0043
vn -0.2111 -0.9774 -0.0045
vn -0.2911 0.9567 -0.0010
vn -0.0000 1.0000 0.0015
vn -0.8200 0.5724 -0.0037
vn -0.9503 0.3115 -0.0038
vn -0.9997 0.0240 -0.0040
vn -0.8466 -0.5323 -0.0042
vn -0.6570 -0.7539 -0.0042
vn -0.6159 0.7878 -0.0034
vn -0.9641 -0.2654 -0.0041
vn -0.3876 -0.9218 -0.0044
vn -0.2234 -0.9747 -0.0044
vn -0.2674 0.9636 -0.0008
vn -0.8783 0.4781 -0.0046
vn -0.9761 0.2172 -0.0045
vn -0.9982 -0.0605 -0.0045
vn -0.8141 -0.5807 -0.0044
vn -0.6223 -0.7828 -0.0044
vn -0.7008 0.7133 -0.0045
vn -0.9427 -0.3335 -0.0045
vn -0.0747 0.6821 0.7274
vn -0.0000 -1.0000 -0.0049
vn -0.2508 -0.8628 -0.4391
vn 0.4959 -0.0081 0.8683
vn -0.4179 -0.9085 -0.0043
vn -0.2558 -0.9667 -0.0044
vn -0.3220 0.9467 -0.0013
vn -0.0000 1.0000 0.0014
vn -0.6183 0.7859 -0.0035
vn -0.3893 -0.9211 -0.0044
vn -0.2762 -0.9611 -0.0044
vn -0.2890 0.9573 -0.0010
vn -0.7032 0.7110 -0.0045
vn -0.0000 -0.6814 -0.7319
vn -0.0000 -0.0009 -1.0000
vn 0.2981 -0.0736 -0.9517
vn 0.2044 -0.0034 -0.9789
vn 0.3815 -0.0797 -0.9209
vn 0.3827 -0.0035 -0.9239
vn 0.5538 -0.0797 -0.8288
vn 0.5556 -0.0035 -0.8315
vn 0.7049 -0.0797 -0.7049
vn 0.7071 -0.0035 -0.7071
vn 0.8288 -0.0797 -0.5538
vn 0.8315 -0.0035 -0.5556
vn 0.9209 -0.0797 -0.3815
vn 0.9239 -0.0035 -0.3827
vn 0.9777 -0.0797 -0.1945
vn 0.9808 -0.0035 -0.1951
vn 0.9968 -0.0797 -0.0000
vn 1.0000 -0.0035 -0.0000
vn 0.9777 -0.0797 0.1945
vn 0.9808 -0.0035 0.1951
vn 0.9209 -0.0797 0.3815
vn 0.9239 -0.0035 0.3827
vn 0.8288 -0.0797 0.5538
vn 0.8315 -0.0035 0.5556
vn 0.7049 -0.0797 0.7049
vn 0.7071 -0.0035 0.7071
vn 0.5538 -0.0797 0.8288
vn 0.5556 -0.0035 0.8315
vn 0.3815 -0.0797 0.9209
vn 0.3827 -0.0035 0.9239
vn 0.2981 -0.0736 0.9517
vn 0.2044 -0.0034 0.9789
vn -0.0000 -0.6814 0.7319
vn -0.0000 -0.0009 1.0000
vn -0.2981 -0.0736 0.9517
vn -0.2044 -0.0034 0.9789
vn -0.3815 -0.0797 0.9209
vn -0.3827 -0.0035 0.9239
vn -0.5538 -0.0797 0.8288
vn -0.5556 -0.0035 0.8315
vn -0.7049 -0.0797 0.7049
vn -0.7071 -0.0035 0.7071
vn -0.8288 -0.0797 0.5538
vn -0.8315 -0.0035 0.5556
vn -0.9209 -0.0797 0.3815
vn -0.9239 -0.0035 0.3827
vn -0.9777 -0.0797 0.1945
vn -0.9808 -0.0035 0.1951
vn -0.9968 -0.0797 -0.0000
vn -1.0000 -0.0035 -0.0000
vn -0.9777 -0.0797 -0.1945
vn -0.9808 -0.0035 -0.1951
vn -0.9209 -0.0797 -0.3815
vn -0.9239 -0.0035 -0.3827
vn -0.8288 -0.0797 -0.5538
vn -0.8315 -0.0035 -0.5556
vn -0.7049 -0.0797 -0.7049
vn -0.7071 -0.0035 -0.7071
vn -0.5538 -0.0797 -0.8288
vn -0.5556 -0.0035 -0.8315
vn -0.3815 -0.0797 -0.9209
vn -0.3827 -0.0035 -0.9239
vn -0.2981 -0.0736 -0.9517
vn -0.2044 -0.0034 -0.9789
vn -0.0000 0.7101 0.7041
vn -0.1513 0.5510 0.8206
vn -0.3188 0.5530 0.7698
vn -0.4629 0.5530 0.6928
vn -0.5891 0.5530 0.5891
vn -0.6928 0.5530 0.4629
vn -0.7698 0.5530 0.3188
vn -0.8172 0.5530 0.1625
vn -0.8332 0.5530 -0.0000
vn -0.8172 0.5530 -0.1625
vn -0.7698 0.5530 -0.3188
vn -0.6928 0.5530 -0.4629
vn -0.5891 0.5530 -0.5891
vn -0.4629 0.5530 -0.6928
vn -0.3188 0.5530 -0.7698
vn -0.1513 0.5510 -0.8206
vn -0.0000 0.7101 -0.7041
vn 0.1513 0.5510 -0.8206
vn 0.3188 0.5530 -0.7698
vn 0.4629 0.5530 -0.6928
vn 0.5891 0.5530 -0.5891
vn 0.6928 0.5530 -0.4629
vn 0.7698 0.5530 -0.3188
vn 0.8172 0.5530 -0.1625
vn 0.8332 0.5530 -0.0000
vn 0.8172 0.5530 0.1625
vn 0.7698 0.5530 0.3188
vn 0.6928 0.5530 0.4629
vn 0.5891 0.5530 0.5891
vn 0.4629 0.5530 0.6928
vn 0.3188 0.5530 0.7698
vn 0.1513 0.5510 0.8206
vn 0.1855 0.5166 -0.8359
vn -0.0000 0.6541 -0.7564
vn 0.3278 0.5162 -0.7913
vn 0.4758 0.5162 -0.7121
vn 0.6056 0.5162 -0.6056
vn 0.7121 0.5162 -0.4758
vn 0.7913 0.5162 -0.3278
vn 0.8400 0.5162 -0.1671
vn 0.8565 0.5162 -0.0000
vn 0.8400 0.5162 0.1671
vn 0.7913 0.5162 0.3278
vn 0.7121 0.5162 0.4758
vn 0.6056 0.5162 0.6056
vn 0.4758 0.5162 0.7121
vn 0.3278 0.5162 0.7913
vn 0.1855 0.5166 0.8359
vn -0.0000 0.6541 0.7564
vn -0.1855 0.5166 0.8359
vn -0.3278 0.5162 0.7913
vn -0.4758 0.5162 0.7121
vn -0.6056 0.5162 0.6056
vn -0.7121 0.5162 0.4758
vn -0.7913 0.5162 0.3278
vn -0.8400 0.5162 0.1671
vn -0.8565 0.5162 -0.0000
vn -0.8400 0.5162 -0.1671
vn -0.7913 0.5162 -0.3278
vn -0.7121 0.5162 -0.4758
vn -0.6056 0.5162 -0.6056
vn -0.4758 0.5162 -0.7121
vn -0.3278 0.5162 -0.7913
vn -0.1855 0.5166 -0.8359
vn -0.1618 0.8498 0.5017
vn -0.0000 0.7497 0.6618
vn -0.1967 0.8578 0.4749
vn -0.2856 0.8578 0.4274
vn -0.3635 0.8578 0.3635
vn -0.4274 0.8578 0.2856
vn -0.4749 0.8578 0.1967
vn -0.5042 0.8578 0.1003
vn -0.5141 0.8578 -0.0000
vn -0.5042 0.8578 -0.1003
vn -0.4749 0.8578 -0.1967
vn -0.4274 0.8578 -0.2856
vn -0.3635 0.8578 -0.3635
vn -0.2856 0.8578 -0.4274
vn -0.1967 0.8578 -0.4749
vn -0.1618 0.8498 -0.5017
vn -0.0000 0.7497 -0.6618
vn 0.1618 0.8498 -0.5017
vn 0.1967 0.8578 -0.4749
vn 0.2856 0.8578 -0.4274
vn 0.3635 0.8578 -0.3635
vn 0.4274 0.8578 -0.2856
vn 0.4749 0.8578 -0.1967
vn 0.5042 0.8578 -0.1003
vn 0.5141 0.8578 -0.0000
vn 0.5042 0.8578 0.1003
vn 0.4749 0.8578 0.1967
vn 0.4274 0.8578 0.2856
vn 0.3635 0.8578 0.3635
vn 0.2856 0.8578 0.4274
vn 0.1967 0.8578 0.4749
vn 0.1618 0.8498 0.5017
vn 0.1316 -0.6967 -0.7052
vn 0.1318 0.6959 -0.7059
vn 0.1295 -0.6974 0.7049
vn 0.1458 0.6932 0.7058
vn 0.2818 -0.6948 0.6617
vn 0.2817 0.6971 0.6593
vn 0.4065 -0.6946 0.5935
vn 0.4049 0.6978 0.5909
vn 0.5146 -0.6944 0.5029
vn 0.5123 0.6980 0.5004
vn 0.6029 -0.6944 0.3929
vn 0.6000 0.6980 0.3908
vn 0.6679 -0.6944 0.2678
vn 0.6647 0.6980 0.2662
vn 0.7073 -0.6944 0.1324
vn 0.7039 0.6980 0.1314
vn 0.7194 -0.6946 -0.0081
vn 0.7162 0.6979 -0.0084
vn 0.7038 -0.6947 -0.1483
vn 0.7009 0.6977 -0.1481
vn 0.6612 -0.6950 -0.2826
vn 0.6588 0.6975 -0.2820
vn 0.5931 -0.6952 -0.4060
vn 0.5913 0.6972 -0.4053
vn 0.5023 -0.6956 -0.5137
vn 0.5010 0.6969 -0.5131
vn 0.3922 -0.6959 -0.6016
vn 0.3915 0.6966 -0.6012
vn 0.2672 -0.6962 -0.6663
vn 0.2668 0.6962 -0.6664
vn 0.1906 -0.0000 -0.9817
vn 0.1368 0.6961 -0.7048
vn 0.1748 -0.0000 0.9846
vn 0.1226 0.6961 0.7074
vn 0.3818 -0.0000 0.9242
vn 0.2740 0.6961 0.6636
vn 0.5557 -0.0000 0.8314
vn 0.3989 0.6963 0.5967
vn 0.7072 -0.0000 0.7070
vn 0.5076 0.6963 0.5075
vn 0.8316 -0.0000 0.5554
vn 0.5968 0.6963 0.3987
vn 0.9239 -0.0000 0.3826
vn 0.6631 0.6963 0.2746
vn 0.9808 -0.0000 0.1950
vn 0.7040 0.6963 0.1399
vn 1.0000 -0.0000 -0.0001
vn 0.7177 0.6963 -0.0001
vn 0.9808 -0.0000 -0.1952
vn 0.7039 0.6963 -0.1401
vn 0.9238 -0.0000 -0.3828
vn 0.6631 0.6963 -0.2748
vn 0.8314 -0.0000 -0.5557
vn 0.5967 0.6963 -0.3988
vn 0.7070 -0.0000 -0.7072
vn 0.5075 0.6963 -0.5076
vn 0.5555 -0.0000 -0.8315
vn 0.3987 0.6963 -0.5969
vn 0.3822 -0.0000 -0.9241
vn 0.2744 0.6962 -0.6634
vn -0.0000 0.9966 0.0830
vn -0.0000 -0.8620 -0.5068
vn -0.0000 -0.8620 -0.5070
vn 0.0764 -0.6965 -0.7135
vn 0.0761 0.6960 -0.7140
vn -0.0642 -0.6968 -0.7143
vn -0.0647 0.6957 -0.7155
vn -0.2023 -0.6972 -0.6878
vn -0.2031 0.6953 -0.6894
vn -0.3325 -0.6975 -0.6348
vn -0.3338 0.6950 -0.6368
vn -0.4498 -0.6977 -0.5576
vn -0.4518 0.6948 -0.5596
vn -0.5499 -0.6979 -0.4590
vn -0.5524 0.6946 -0.4608
vn -0.6288 -0.6979 -0.3428
vn -0.6317 0.6945 -0.3443
vn -0.6836 -0.6980 -0.2135
vn -0.6868 0.6945 -0.2144
vn -0.7121 -0.6979 -0.0760
vn -0.7154 0.6945 -0.0764
vn -0.7134 -0.6978 0.0644
vn -0.7164 0.6946 0.0646
vn -0.6873 -0.6976 0.2024
vn -0.6899 0.6948 0.2031
vn -0.6348 -0.6974 0.3327
vn -0.6368 0.6951 0.3337
vn -0.5579 -0.6971 0.4504
vn -0.5593 0.6953 0.4513
vn -0.4595 -0.6967 0.5508
vn -0.4603 0.6957 0.5515
vn -0.3434 -0.6964 0.6302
vn -0.3437 0.6960 0.6304
vn -0.2140 0.6964 0.6850
vn -0.0762 0.6968 0.7132
vn 0.0646 -0.6953 0.7158
vn 0.0644 0.6971 0.7141
vn 0.2031 -0.6949 0.6898
vn 0.2024 0.6974 0.6875
vn 0.3338 -0.6947 0.6372
vn 0.3325 0.6977 0.6345
vn 0.4518 -0.6944 0.5600
vn 0.4497 0.6980 0.5573
vn 0.5525 -0.6943 0.4612
vn 0.5497 0.6981 0.4587
vn 0.6319 -0.6942 0.3447
vn 0.6286 0.6982 0.3426
vn 0.6870 -0.6941 0.2148
vn 0.6833 0.6983 0.2134
vn 0.7157 -0.6942 0.0767
vn 0.7118 0.6982 0.0759
vn 0.7168 -0.6943 -0.0644
vn 0.7131 0.6981 -0.0644
vn 0.6903 -0.6945 -0.2029
vn 0.6870 0.6980 -0.2024
vn 0.6372 -0.6947 -0.3336
vn 0.6345 0.6977 -0.3326
vn 0.5597 -0.6950 -0.4513
vn 0.5576 0.6974 -0.4502
vn 0.4607 -0.6954 -0.5516
vn 0.4592 0.6971 -0.5506
vn 0.3440 -0.6957 -0.6305
vn 0.3432 0.6967 -0.6299
vn 0.2143 -0.6961 -0.6852
vn 0.2138 0.6964 -0.6851
vn 0.0761 -0.6962 -0.7138
vn 0.0761 0.6962 -0.7138
vn -0.0646 -0.6962 -0.7149
vn -0.0646 0.6962 -0.7149
vn -0.2028 -0.6962 -0.6886
vn -0.2028 0.6962 -0.6886
vn -0.3333 -0.6962 -0.6358
vn -0.3333 0.6962 -0.6358
vn -0.4509 -0.6962 -0.5585
vn -0.4509 0.6962 -0.5585
vn -0.5512 -0.6962 -0.4598
vn -0.5512 0.6962 -0.4598
vn -0.6303 -0.6962 -0.3435
vn -0.6303 0.6962 -0.3435
vn -0.6852 -0.6962 -0.2139
vn -0.6852 0.6962 -0.2139
vn -0.7138 -0.6962 -0.0761
vn -0.7138 0.6962 -0.0761
vn -0.7149 -0.6962 0.0646
vn -0.7149 0.6962 0.0646
vn -0.6886 -0.6962 0.2028
vn -0.6886 0.6962 0.2028
vn -0.6358 -0.6962 0.3333
vn -0.6358 0.6962 0.3333
vn -0.5585 -0.6962 0.4509
vn -0.5585 0.6962 0.4509
vn -0.4598 -0.6962 0.5512
vn -0.4598 0.6962 0.5512
vn -0.3435 -0.6962 0.6303
vn -0.3435 0.6962 0.6303
vn -0.2139 -0.6962 0.6852
vn -0.2139 0.6962 0.6852
vn -0.0761 -0.6962 0.7138
vn -0.0761 0.6962 0.7138
vn 0.0646 -0.6962 0.7149
vn 0.0646 0.6962 0.7149
vn 0.2028 -0.6962 0.6886
vn 0.2028 0.6962 0.6886
vn 0.3333 -0.6962 0.6358
vn 0.3333 0.6962 0.6358
vn 0.4509 -0.6962 0.5585
vn 0.4509 0.6962 0.5585
vn 0.5512 -0.6962 0.4598
vn 0.5512 0.6962 0.4598
vn 0.6303 -0.6962 0.3435
vn 0.6303 0.6962 0.3435
vn 0.6852 -0.6962 0.2139
vn 0.6852 0.6962 0.2139
vn 0.7138 -0.6962 0.0761
vn 0.7138 0.6962 0.0761
vn 0.7149 -0.6962 -0.0646
vn 0.7149 0.6962 -0.0646
vn 0.6886 -0.6962 -0.2028
vn 0.6886 0.6962 -0.2028
vn 0.6358 -0.6962 -0.3333
vn 0.6358 0.6962 -0.3333
vn 0.5585 -0.6962 -0.4509
vn 0.5585 0.6962 -0.4509
vn 0.4598 -0.6962 -0.5512
vn 0.4598 0.6962 -0.5512
vn 0.3435 -0.6962 -0.6303
vn 0.3435 0.6962 -0.6303
vn 0.2139 -0.6962 -0.6852
vn 0.2139 0.6962 -0.6852
vn -0.2140 -0.6960 0.6854
vn -0.0762 -0.6956 0.7143
vn -0.3122 -0.9328 0.1802
vn 0.1868 0.9765 -0.1079
vn -0.0586 -0.9977 0.0338
vn 0.8554 0.1561 -0.4939
vn 0.4411 -0.8606 -0.2547
vn 0.6415 -0.6718 -0.3704
vn 0.6320 0.6837 -0.3649
vn 0.4290 0.8687 -0.2477
vn 0.2005 -0.9728 -0.1158
vn 0.8575 -0.1401 -0.4951
vn -0.3251 0.9269 0.1877
vn -0.0725 0.9965 0.0419
vn -0.7211 0.5538 0.4163
vn -0.8301 0.2852 0.4792
vn -0.8660 -0.0079 0.5000
vn -0.7134 -0.5669 0.4119
vn -0.5371 -0.7844 0.3101
vn 0.7842 -0.4242 -0.4528
vn -0.5479 0.7744 0.3163
vn 0.7782 0.4388 -0.4493
vn -0.8261 -0.3003 0.4769
vn -0.3118 -0.9329 0.1800
vn 0.1872 0.9764 -0.1081
vn -0.0582 -0.9977 0.0336
vn 0.8554 0.1559 -0.4939
vn 0.4413 -0.8604 -0.2548
vn 0.6416 -0.6716 -0.3704
vn 0.6322 0.6835 -0.3650
vn 0.4293 0.8685 -0.2478
vn 0.2008 -0.9727 -0.1160
vn -0.3248 0.9270 0.1876
vn -0.0722 0.9965 0.0417
vn -0.7210 0.5539 0.4163
vn -0.8660 -0.0080 0.5000
vn -0.7132 -0.5672 0.4118
vn -0.5368 -0.7847 0.3099
vn 0.7843 -0.4241 -0.4528
vn -0.5477 0.7746 0.3162
vn 0.7783 0.4386 -0.4493
vn -0.8260 -0.3005 0.4769
vn -0.3121 -0.9328 0.1802
vn 0.1869 0.9764 -0.1079
vn -0.0585 -0.9977 0.0337
vn 0.8554 0.1560 -0.4939
vn 0.4412 -0.8605 -0.2547
vn 0.6415 -0.6717 -0.3704
vn 0.2006 -0.9728 -0.1158
vn -0.0724 0.9965 0.0418
vn -0.7134 -0.5670 0.4119
vn -0.5371 -0.7845 0.3101
vn -0.5479 0.7745 0.3163
vn -0.3249 0.9270 0.1876
vn -0.5368 -0.7847 0.3100
vn 0.7843 -0.4242 -0.4528
vn 0.6603 -0.6801 0.3185
vn -0.7238 0.6666 -0.1781
vn 0.7670 -0.6401 0.0447
vn 0.0671 0.3725 -0.9256
vn 0.7750 -0.4006 -0.4888
vn 0.6751 -0.2208 -0.7039
vn -0.4017 0.6306 -0.6640
vn -0.5893 0.6783 -0.4389
vn 0.8062 -0.5442 -0.2320
vn 0.3048 0.1846 -0.9344
vn -0.7998 0.4791 0.3617
vn -0.7956 0.5982 0.0961
vn -0.6074 0.1291 0.7838
vn -0.4239 -0.0739 0.9027
vn -0.2003 -0.2722 0.9412
vn 0.2819 -0.5800 0.7643
vn 0.4941 -0.6600 0.5660
vn 0.5139 -0.0197 -0.8576
vn -0.7358 0.3186 0.5976
vn -0.1762 0.5259 -0.8321
vn 0.0428 -0.4466 0.8937
vn 0.6694 -0.6793 0.3008
vn -0.7255 0.6660 -0.1736
vn 0.7708 -0.6363 0.0298
vn 0.0720 0.3691 -0.9266
vn 0.7736 -0.3972 -0.4938
vn 0.6744 -0.2198 -0.7048
vn -0.3997 0.6299 -0.6659
vn -0.5896 0.6783 -0.4384
vn 0.8063 -0.5396 -0.2421
vn 0.3086 0.1812 -0.9338
vn -0.7983 0.4725 0.3734
vn -0.7968 0.5952 0.1047
vn -0.5960 0.1149 0.7947
vn -0.4073 -0.0902 0.9088
vn -0.1800 -0.2882 0.9405
vn 0.3011 -0.5889 0.7500
vn 0.5088 -0.6637 0.5483
vn 0.5154 -0.0214 -0.8567
vn -0.7299 0.3080 0.6103
vn -0.1721 0.5237 -0.8344
vn 0.0641 -0.4600 0.8856
vn -0.1770 -0.9341 0.3100
vn 0.1060 0.9769 -0.1856
vn -0.0331 -0.9978 0.0579
vn 0.4898 0.1576 -0.8575
vn 0.2507 -0.8628 -0.4389
vn 0.3656 -0.6756 -0.6402
vn 0.3602 0.6875 -0.6306
vn 0.2438 0.8709 -0.4268
vn 0.1138 -0.9733 -0.1992
vn 0.4910 -0.1416 -0.8596
vn -0.1844 0.9283 0.3229
vn -0.0410 0.9966 0.0718
vn -0.4116 0.5579 0.7206
vn -0.4750 0.2880 0.8316
vn -0.4959 -0.0080 0.8683
vn -0.4071 -0.5712 0.7128
vn -0.3055 -0.7877 0.5349
vn 0.4483 -0.4279 -0.7848
vn -0.3117 0.7778 0.5458
vn 0.4448 0.4425 -0.7787
vn -0.4726 -0.3033 0.8274
vn -0.1769 -0.9342 0.3098
vn 0.1061 0.9768 -0.1858
vn -0.0330 -0.9978 0.0577
vn 0.4898 0.1575 -0.8575
vn 0.2508 -0.8628 -0.4390
vn 0.3657 -0.6755 -0.6402
vn 0.3602 0.6873 -0.6307
vn 0.2439 0.8708 -0.4270
vn 0.1139 -0.9733 -0.1994
vn -0.1843 0.9284 0.3228
vn -0.0409 0.9966 0.0716
vn -0.4116 0.5580 0.7206
vn -0.4959 -0.0081 0.8683
vn -0.4071 -0.5713 0.7127
vn -0.3054 -0.7879 0.5348
vn -0.3117 0.7779 0.5457
vn 0.4448 0.4424 -0.7788
vn -0.4726 -0.3034 0.8274
vn 0.2854 0.6561 0.6986
vn 0.7132 0.4811 0.5098
vn 0.4828 0.6001 0.6378
vn 0.9826 0.1295 0.1335
vn 0.9937 -0.0743 -0.0840
vn 0.9152 -0.2734 -0.2960
vn 0.5222 -0.5820 -0.6234
vn 0.2638 -0.6591 -0.7043
vn 0.8855 0.3198 0.3370
vn 0.7527 -0.4484 -0.4820
vn 0.2132 0.6686 0.7124
vn 0.7225 0.4746 0.5028
vn 0.4889 0.5978 0.6353
vn 0.9862 0.1155 0.1185
vn 0.9908 -0.0904 -0.1011
vn 0.9047 -0.2892 -0.3128
vn 0.4995 -0.5913 -0.6332
vn 0.2350 -0.6642 -0.7096
vn 0.8934 0.3093 0.3257
vn 0.7353 -0.4617 -0.4961
vn 0.4162 -0.9093 -0.0043
vn 0.2111 -0.9774 -0.0045
vn 0.2911 0.9567 -0.0010
vn 0.8200 0.5724 -0.0037
vn 0.9503 0.3114 -0.0038
vn 0.9997 0.0240 -0.0040
vn 0.8466 -0.5323 -0.0042
vn 0.6570 -0.7539 -0.0042
vn 0.6159 0.7878 -0.0034
vn 0.9641 -0.2654 -0.0041
vn 0.3876 -0.9218 -0.0044
vn 0.2234 -0.9747 -0.0044
vn 0.2674 0.9636 -0.0008
vn 0.8783 0.4781 -0.0046
vn 0.9761 0.2172 -0.0045
vn 0.9982 -0.0605 -0.0045
vn 0.8141 -0.5807 -0.0044
vn 0.6223 -0.7828 -0.0044
vn 0.7008 0.7133 -0.0045
vn 0.9427 -0.3335 -0.0045
vn 0.0748 0.6821 0.7274
vn 0.2508 -0.8628 -0.4391
vn 0.3657 -0.6756 -0.6402
vn 0.4179 -0.9085 -0.0043
vn 0.2558 -0.9667 -0.0044
vn 0.3220 0.9467 -0.0013
vn 0.9503 0.3115 -0.0038
vn 0.6183 0.7859 -0.0035
vn 0.3893 -0.9211 -0.0044
vn 0.2762 -0.9611 -0.0044
vn 0.2890 0.9573 -0.0010
vn 0.7032 0.7110 -0.0045
vn -0.1427 -0.6971 -0.7026
vn -0.1991 -0.0000 -0.9800
vn -0.2747 -0.6962 -0.6632
vn -0.3827 -0.0000 -0.9239
vn -0.3988 -0.6962 -0.5969
vn -0.5556 -0.0000 -0.8315
vn -0.5076 -0.6962 -0.5076
vn -0.7071 -0.0000 -0.7071
vn -0.5969 -0.6962 -0.3988
vn -0.8315 -0.0000 -0.5556
vn -0.6632 -0.6962 -0.2747
vn -0.9239 -0.0000 -0.3827
vn -0.7040 -0.6962 -0.1400
vn -0.9808 -0.0000 -0.1951
vn -0.7178 -0.6962 -0.0000
vn -1.0000 -0.0000 -0.0000
vn -0.7040 -0.6962 0.1400
vn -0.9808 -0.0000 0.1951
vn -0.6632 -0.6962 0.2747
vn -0.9239 -0.0000 0.3827
vn -0.5968 -0.6962 0.3988
vn -0.8315 -0.0000 0.5556
vn -0.5076 -0.6962 0.5076
vn -0.7071 -0.0000 0.7071
vn -0.3988 -0.6962 0.5969
vn -0.5556 -0.0000 0.8315
vn -0.2747 -0.6962 0.6632
vn -0.3827 -0.0000 0.9239
vn -0.1427 -0.6971 0.7026
vn -0.1991 -0.0000 0.9800
vn 0.1427 -0.6971 0.7026
vn 0.1991 -0.0000 0.9800
vn 0.2747 -0.6962 0.6632
vn 0.3827 -0.0000 0.9239
vn 0.3988 -0.6962 0.5969
vn 0.5556 -0.0000 0.8315
vn 0.5076 -0.6962 0.5076
vn 0.7071 -0.0000 0.7071
vn 0.5968 -0.6962 0.3988
vn 0.8315 -0.0000 0.5556
vn 0.6632 -0.6962 0.2747
vn 0.9239 -0.0000 0.3827
vn 0.7040 -0.6962 0.1400
vn 0.9808 -0.0000 0.1951
vn 0.7178 -0.6962 -0.0000
vn 1.0000 -0.0000 -0.0000
vn 0.7040 -0.6962 -0.1400
vn 0.9808 -0.0000 -0.1951
vn 0.6632 -0.6962 -0.2747
vn 0.9239 -0.0000 -0.3827
vn 0.5969 -0.6962 -0.3988
vn 0.8315 -0.0000 -0.5556
vn 0.5076 -0.6962 -0.5076
vn 0.7071 -0.0000 -0.7071
vn 0.3988 -0.6962 -0.5969
vn 0.5556 -0.0000 -0.8315
vn 0.2747 -0.6962 -0.6632
vn 0.3827 -0.0000 -0.9239
vn 0.1427 -0.6971 -0.7026
vn 0.1991 -0.0000 -0.9800
vn 0.1354 0.7589 0.6369
vn 0.2482 0.7612 0.5991
vn 0.3603 0.7612 0.5392
vn 0.4586 0.7612 0.4586
vn 0.5392 0.7612 0.3603
vn 0.5991 0.7612 0.2482
vn 0.6360 0.7612 0.1265
vn 0.6485 0.7612 -0.0000
vn 0.6360 0.7612 -0.1265
vn 0.5991 0.7612 -0.2482
vn 0.5392 0.7612 -0.3603
vn 0.4586 0.7612 -0.4586
vn 0.3603 0.7612 -0.5392
vn 0.2482 0.7612 -0.5991
vn 0.1354 0.7589 -0.6369
vn -0.1354 0.7589 -0.6369
vn -0.2482 0.7612 -0.5991
vn -0.3603 0.7612 -0.5392
vn -0.4586 0.7612 -0.4586
vn -0.5392 0.7612 -0.3603
vn -0.5991 0.7612 -0.2482
vn -0.6360 0.7612 -0.1265
vn -0.6485 0.7612 -0.0000
vn -0.6360 0.7612 0.1265
vn -0.5991 0.7612 0.2482
vn -0.5392 0.7612 0.3603
vn -0.4586 0.7612 0.4586
vn -0.3603 0.7612 0.5392
vn -0.2482 0.7612 0.5991
vn -0.1354 0.7589 0.6369
vn -0.1427 0.6971 -0.7026
vn -0.2747 0.6962 -0.6632
vn -0.3988 0.6962 -0.5968
vn -0.5076 0.6962 -0.5076
vn -0.5968 0.6962 -0.3988
vn -0.6632 0.6962 -0.2747
vn -0.7040 0.6962 -0.1400
vn -0.7178 0.6962 -0.0000
vn -0.7040 0.6962 0.1400
vn -0.6632 0.6962 0.2747
vn -0.5968 0.6962 0.3988
vn -0.5076 0.6962 0.5076
vn -0.3988 0.6962 0.5968
vn -0.2747 0.6962 0.6632
vn -0.1427 0.6971 0.7026
vn 0.1427 0.6971 0.7026
vn 0.2747 0.6962 0.6632
vn 0.3988 0.6962 0.5968
vn 0.5076 0.6962 0.5076
vn 0.5968 0.6962 0.3988
vn 0.6632 0.6962 0.2747
vn 0.7040 0.6962 0.1400
vn 0.7178 0.6962 -0.0000
vn 0.7040 0.6962 -0.1400
vn 0.6632 0.6962 -0.2747
vn 0.5968 0.6962 -0.3988
vn 0.5076 0.6962 -0.5076
vn 0.3988 0.6962 -0.5968
vn 0.2747 0.6962 -0.6632
vn 0.1427 0.6971 -0.7026
vn 0.1724 0.8317 0.5278
vn 0.2078 0.8396 0.5018
vn 0.3017 0.8396 0.4516
vn 0.3841 0.8396 0.3841
vn 0.4516 0.8396 0.3017
vn 0.5018 0.8396 0.2078
vn 0.5327 0.8396 0.1060
vn 0.5431 0.8396 -0.0000
vn 0.5327 0.8396 -0.1060
vn 0.5018 0.8396 -0.2078
vn 0.4516 0.8396 -0.3017
vn 0.3841 0.8396 -0.3841
vn 0.3017 0.8396 -0.4516
vn 0.2078 0.8396 -0.5018
vn 0.1724 0.8317 -0.5278
vn -0.1724 0.8317 -0.5278
vn -0.2078 0.8396 -0.5018
vn -0.3017 0.8396 -0.4516
vn -0.3841 0.8396 -0.3841
vn -0.4516 0.8396 -0.3017
vn -0.5018 0.8396 -0.2078
vn -0.5327 0.8396 -0.1060
vn -0.5431 0.8396 -0.0000
vn -0.5327 0.8396 0.1060
vn -0.5018 0.8396 0.2078
vn -0.4516 0.8396 0.3017
vn -0.3841 0.8396 0.3841
vn -0.3017 0.8396 0.4516
vn -0.2078 0.8396 0.5018
vn -0.1724 0.8317 0.5278
vn -0.0636 -0.6978 -0.7134
vn -0.0651 0.6961 -0.7150
vn -0.1835 -0.0008 -0.9830
vn -0.0000 -0.0015 -1.0000
vn -0.0000 0.0025 1.0000
vn -0.0625 -0.6952 0.7161
vn -0.0701 0.6979 0.7127
vn -0.1915 0.0032 0.9815
vn -0.2064 -0.6965 0.6872
vn -0.2174 0.6938 0.6866
vn -0.3924 0.0042 0.9198
vn -0.3461 -0.6948 0.6304
vn -0.3453 0.6976 0.6278
vn -0.5652 0.0048 0.8250
vn -0.4628 -0.6945 0.5509
vn -0.4608 0.6979 0.5483
vn -0.7153 0.0053 0.6988
vn -0.5614 -0.6944 0.4501
vn -0.5588 0.6980 0.4478
vn -0.8379 0.0056 0.5459
vn -0.6385 -0.6944 0.3320
vn -0.6354 0.6981 0.3301
vn -0.9282 0.0057 0.3719
vn -0.6909 -0.6944 0.2011
vn -0.6876 0.6980 0.1998
vn -0.9830 0.0056 0.1837
vn -0.7168 -0.6945 0.0624
vn -0.7135 0.6979 0.0618
vn -0.9999 0.0053 -0.0116
vn -0.7150 -0.6947 -0.0786
vn -0.7120 0.6978 -0.0786
vn -0.9784 0.0048 -0.2065
vn -0.6858 -0.6949 -0.2165
vn -0.6831 0.6976 -0.2161
vn -0.9194 0.0042 -0.3934
vn -0.6302 -0.6951 -0.3460
vn -0.6280 0.6974 -0.3453
vn -0.8250 0.0034 -0.5652
vn -0.5504 -0.6954 -0.4621
vn -0.5488 0.6971 -0.4614
vn -0.6988 0.0025 -0.7153
vn -0.4494 -0.6957 -0.5603
vn -0.4484 0.6968 -0.5598
vn -0.5459 0.0015 -0.8379
vn -0.3313 -0.6961 -0.6369
vn -0.3307 0.6964 -0.6369
vn -0.3719 0.0004 -0.9283
vn -0.2002 -0.6964 -0.6892
vn -0.2001 0.6961 -0.6895
vn -0.0941 -0.0000 -0.9956
vn -0.0673 0.6967 -0.7142
vn -0.0767 -0.0000 0.9971
vn -0.0535 0.6974 0.7147
vn -0.1749 -0.0000 0.9846
vn -0.2826 -0.0000 0.9592
vn -0.2009 0.6960 0.6893
vn -0.4715 -0.0000 0.8819
vn -0.3383 0.6963 0.6330
vn -0.6345 -0.0000 0.7729
vn -0.4554 0.6963 0.5548
vn -0.7731 -0.0000 0.6343
vn -0.5549 0.6963 0.4552
vn -0.8315 -0.0000 0.5554
vn -0.8820 -0.0000 0.4713
vn -0.6330 0.6963 0.3382
vn -0.9570 -0.0000 0.2902
vn -0.6869 0.6963 0.2082
vn -0.9952 -0.0000 0.0979
vn -0.7143 0.6963 0.0702
vn -0.9952 -0.0000 -0.0982
vn -0.7143 0.6963 -0.0705
vn -0.9569 -0.0000 -0.2904
vn -0.6868 0.6963 -0.2084
vn -0.8819 -0.0000 -0.4715
vn -0.6329 0.6963 -0.3384
vn -0.7729 -0.0000 -0.6345
vn -0.5548 0.6963 -0.4554
vn -0.6343 -0.0000 -0.7731
vn -0.4553 0.6963 -0.5549
vn -0.4713 -0.0000 -0.8820
vn -0.3383 0.6963 -0.6331
vn -0.2880 -0.0000 -0.9576
vn -0.2068 0.6960 -0.6876
vn -0.0000 -1.0000 0.0015
vn -0.0000 1.0000 -0.0013
vn -0.0000 1.0000 0.0005
vn -0.0000 -0.5567 -0.8307
vn -0.0000 0.9731 0.2305
vn -0.0000 0.8619 0.5071
vn -0.0000 0.4266 0.9044
vn -0.0000 0.6742 0.7386
vn -0.0000 -0.9766 0.2149
vn -0.0000 -0.8699 0.4932
vn -0.0000 0.1411 0.9900
vn -0.0000 -0.6859 0.7277
vn -0.0000 -0.4410 0.8975
vn -0.0000 0.9978 -0.0665
vn -0.0000 -0.9966 -0.0825
vn -0.0000 0.9339 -0.3576
vn -0.0000 0.7869 -0.6170
vn -0.0000 0.5701 -0.8216
vn -0.0000 -0.2871 -0.9579
vn -0.0000 -0.7769 -0.6297
vn -0.0000 -0.9280 -0.3727
vn -0.0000 0.0081 -1.0000
vn -0.0000 0.3025 -0.9531
vn -0.0000 -0.1569 0.9876
vn -0.0000 0.9731 0.2304
vn -0.0000 0.8620 0.5069
vn -0.0000 0.6743 0.7385
vn -0.0000 -0.9767 0.2147
vn -0.0000 -0.8700 0.4930
vn -0.0000 -0.6860 0.7276
vn -0.0000 -0.4411 0.8975
vn -0.0000 0.9978 -0.0667
vn -0.0000 -0.9966 -0.0827
vn -0.0000 0.9338 -0.3578
vn -0.0000 0.7868 -0.6172
vn -0.0000 0.5699 -0.8217
vn -0.0000 -0.7768 -0.6298
vn -0.0000 -0.9279 -0.3728
vn -0.0000 0.0080 -1.0000
vn -0.0000 0.3024 -0.9532
vn -0.0000 -0.1570 0.9876
vn -0.0000 0.6742 0.7385
vn -0.0000 -0.9767 0.2148
vn -0.0000 -0.9966 -0.0826
vn -0.0000 0.9338 -0.3577
vn -0.0000 0.7869 -0.6171
vn -0.0000 0.5700 -0.8216
vn -0.0000 -0.9966 -0.0828
vn -0.0061 -0.6967 -0.7173
vn -0.0057 0.6959 -0.7182
vn -0.1062 -0.0006 -0.9943
vn 0.0898 -0.0016 -0.9960
vn 0.1339 -0.6970 -0.7044
vn 0.1345 0.6955 -0.7058
vn 0.2824 -0.0025 -0.9593
vn 0.2687 -0.6973 -0.6645
vn 0.2698 0.6952 -0.6663
vn 0.4641 -0.0033 -0.8858
vn 0.3930 -0.6976 -0.5991
vn 0.3947 0.6949 -0.6011
vn 0.6280 -0.0039 -0.7782
vn 0.5022 -0.6978 -0.5107
vn 0.5045 0.6947 -0.5127
vn 0.7677 -0.0044 -0.6407
vn 0.5921 -0.6979 -0.4028
vn 0.5949 0.6946 -0.4045
vn 0.8780 -0.0047 -0.4786
vn 0.6593 -0.6980 -0.2795
vn 0.6624 0.6945 -0.2807
vn 0.9545 -0.0048 -0.2982
vn 0.7012 -0.6980 -0.1455
vn 0.7045 0.6945 -0.1461
vn 0.9943 -0.0047 -0.1062
vn 0.7162 -0.6979 -0.0058
vn 0.7194 0.6946 -0.0059
vn 0.9959 -0.0044 0.0898
vn 0.7037 -0.6977 0.1340
vn 0.7066 0.6947 0.1345
vn 0.9593 -0.0039 0.2824
vn 0.6642 -0.6975 0.2688
vn 0.6666 0.6949 0.2697
vn 0.8858 -0.0033 0.4641
vn 0.5992 -0.6973 0.3934
vn 0.6009 0.6952 0.3944
vn 0.7782 -0.0025 0.6280
vn 0.5112 -0.6969 0.5030
vn 0.5122 0.6955 0.5038
vn 0.6407 -0.0016 0.7678
vn 0.4034 -0.6966 0.5933
vn 0.4039 0.6959 0.5938
vn 0.4786 -0.0006 0.8780
vn 0.2802 0.6962 0.6609
vn 0.1458 0.6966 0.7025
vn 0.0059 0.6970 0.7171
vn -0.0898 0.0025 0.9960
vn -0.1345 -0.6951 0.7062
vn -0.1340 0.6973 0.7041
vn -0.2824 0.0034 0.9593
vn -0.2697 -0.6948 0.6667
vn -0.2687 0.6976 0.6642
vn -0.4641 0.0042 0.8858
vn -0.3947 -0.6946 0.6015
vn -0.3930 0.6979 0.5988
vn -0.6280 0.0048 0.7782
vn -0.5046 -0.6944 0.5131
vn -0.5021 0.6981 0.5104
vn -0.7677 0.0053 0.6407
vn -0.5951 -0.6942 0.4049
vn -0.5920 0.6982 0.4026
vn -0.8780 0.0056 0.4786
vn -0.6627 -0.6942 0.2811
vn -0.6591 0.6983 0.2793
vn -0.9545 0.0057 0.2982
vn -0.7048 -0.6942 0.1464
vn -0.7009 0.6983 0.1453
vn -0.9943 0.0056 0.1062
vn -0.7197 -0.6943 0.0062
vn -0.7159 0.6982 0.0058
vn -0.9959 0.0053 -0.0898
vn -0.7069 -0.6944 -0.1343
vn -0.7034 0.6981 -0.1340
vn -0.9593 0.0048 -0.2824
vn -0.6670 -0.6946 -0.2696
vn -0.6639 0.6979 -0.2688
vn -0.8858 0.0042 -0.4641
vn -0.6013 -0.6949 -0.3943
vn -0.5989 0.6976 -0.3933
vn -0.7782 0.0034 -0.6280
vn -0.5126 -0.6952 -0.5039
vn -0.5109 0.6973 -0.5028
vn -0.6407 0.0025 -0.7678
vn -0.4043 -0.6956 -0.5939
vn -0.4031 0.6970 -0.5931
vn -0.4786 0.0015 -0.8780
vn -0.2805 -0.6960 -0.6610
vn -0.2798 0.6966 -0.6607
vn -0.2982 0.0004 -0.9545
vn -0.1461 -0.6963 -0.7027
vn -0.1456 0.6962 -0.7029
vn -0.0058 -0.6962 -0.7178
vn -0.0058 0.6962 -0.7178
vn -0.1060 -0.0000 -0.9944
vn 0.0900 -0.0000 -0.9959
vn 0.1344 -0.6962 -0.7051
vn 0.1344 0.6962 -0.7051
vn 0.2826 -0.0000 -0.9592
vn 0.2693 -0.6962 -0.6654
vn 0.2693 0.6962 -0.6654
vn 0.4643 -0.0000 -0.8857
vn 0.3940 -0.6962 -0.6000
vn 0.3940 0.6962 -0.6000
vn 0.6281 -0.0000 -0.7781
vn 0.5035 -0.6962 -0.5116
vn 0.5035 0.6962 -0.5116
vn 0.7679 -0.0000 -0.6406
vn 0.5936 -0.6962 -0.4036
vn 0.5936 0.6962 -0.4036
vn 0.8781 -0.0000 -0.4785
vn 0.6609 -0.6962 -0.2800
vn 0.6609 0.6962 -0.2800
vn 0.9546 -0.0000 -0.2980
vn 0.7029 -0.6962 -0.1457
vn 0.7029 0.6962 -0.1457
vn 0.9944 -0.0000 -0.1060
vn 0.7178 -0.6962 -0.0058
vn 0.7178 0.6962 -0.0058
vn 0.9959 -0.0000 0.0900
vn 0.7051 -0.6962 0.1344
vn 0.7051 0.6962 0.1344
vn 0.9592 -0.0000 0.2826
vn 0.6654 -0.6962 0.2693
vn 0.6654 0.6962 0.2693
vn 0.8857 -0.0000 0.4643
vn 0.6000 -0.6962 0.3940
vn 0.6000 0.6962 0.3940
vn 0.7781 -0.0000 0.6281
vn 0.5116 -0.6962 0.5035
vn 0.5116 0.6962 0.5035
vn 0.6406 -0.0000 0.7679
vn 0.4036 -0.6962 0.5936
vn 0.4036 0.6962 0.5936
vn 0.4785 -0.0000 0.8781
vn 0.2800 -0.6962 0.6609
vn 0.2800 0.6962 0.6609
vn 0.2980 -0.0000 0.9546
vn 0.1457 -0.6962 0.7029
vn 0.1457 0.6962 0.7029
vn 0.1060 -0.0000 0.9944
vn 0.0058 -0.6962 0.7178
vn 0.0058 0.6962 0.7178
vn -0.0900 -0.0000 0.9959
vn -0.1344 -0.6962 0.7051
vn -0.1344 0.6962 0.7051
vn -0.2693 -0.6962 0.6654
vn -0.2693 0.6962 0.6654
vn -0.4643 -0.0000 0.8857
vn -0.3940 -0.6962 0.6000
vn -0.3940 0.6962 0.6000
vn -0.6281 -0.0000 0.7781
vn -0.5035 -0.6962 0.5116
vn -0.5035 0.6962 0.5116
vn -0.7679 -0.0000 0.6406
vn -0.5936 -0.6962 0.4036
vn -0.5936 0.6962 0.4036
vn -0.8781 -0.0000 0.4785
vn -0.6609 -0.6962 0.2800
vn -0.6609 0.6962 0.2800
vn -0.9546 -0.0000 0.2980
vn -0.7029 -0.6962 0.1457
vn -0.7029 0.6962 0.1457
vn -0.9944 -0.0000 0.1060
vn -0.7178 -0.6962 0.0058
vn -0.7178 0.6962 0.0058
vn -0.9959 -0.0000 -0.0900
vn -0.7051 -0.6962 -0.1344
vn -0.7051 0.6962 -0.1344
vn -0.9592 -0.0000 -0.2826
vn -0.6654 -0.6962 -0.2693
vn -0.6654 0.6962 -0.2693
vn -0.8857 -0.0000 -0.4643
vn -0.6000 -0.6962 -0.3940
vn -0.6000 0.6962 -0.3940
vn -0.7781 -0.0000 -0.6281
vn -0.5116 -0.6962 -0.5035
vn -0.5116 0.6962 -0.5035
vn -0.6406 -0.0000 -0.7679
vn -0.4036 -0.6962 -0.5936
vn -0.4036 0.6962 -0.5936
vn -0.4785 -0.0000 -0.8781
vn -0.2800 -0.6962 -0.6609
vn -0.2800 0.6962 -0.6609
vn -0.2980 -0.0000 -0.9546
vn -0.1457 -0.6962 -0.7029
vn -0.1457 0.6962 -0.7029
vn 0.2801 -0.6962 0.6609
vn 0.0059 -0.6955 0.7185
vn 0.1458 -0.6958 0.7032
vn 0.2982 0.0005 0.9545
vn 0.1062 0.0015 0.9943
vn -0.7210 -0.5540 -0.4162
vn 0.2012 0.9726 0.1161
vn 0.4416 0.8602 0.2549
vn 0.7843 0.4241 0.4528
vn 0.6417 0.6715 0.3705
vn 0.1875 -0.9763 0.1083
vn 0.4296 -0.8683 0.2480
vn 0.8575 0.1402 0.4951
vn 0.6324 -0.6832 0.3651
vn 0.7784 -0.4383 0.4494
vn -0.0578 0.9978 -0.0334
vn -0.0718 -0.9966 -0.0415
vn -0.3115 0.9331 -0.1798
vn -0.5366 0.7849 -0.3098
vn -0.7131 0.5675 -0.4117
vn -0.8301 -0.2852 -0.4792
vn -0.5476 -0.7748 -0.3161
vn -0.3246 -0.9271 -0.1874
vn -0.8660 0.0081 -0.5000
vn -0.8259 0.3007 -0.4769
vn 0.8555 -0.1557 0.4939
vn -0.7210 -0.5539 -0.4163
vn 0.2008 0.9727 0.1160
vn 0.4413 0.8604 0.2548
vn 0.7843 0.4242 0.4528
vn 0.6416 0.6716 0.3704
vn 0.1872 -0.9764 0.1081
vn 0.4293 -0.8685 0.2478
vn 0.8575 0.1401 0.4951
vn 0.6322 -0.6835 0.3650
vn 0.7783 -0.4386 0.4493
vn -0.0582 0.9977 -0.0336
vn -0.0722 -0.9965 -0.0417
vn -0.3118 0.9329 -0.1800
vn -0.5368 0.7847 -0.3099
vn -0.7132 0.5672 -0.4118
vn -0.5477 -0.7746 -0.3162
vn -0.3248 -0.9270 -0.1875
vn -0.8660 0.0080 -0.5000
vn -0.8260 0.3005 -0.4769
vn 0.8554 -0.1559 0.4939
vn -0.7210 -0.5540 -0.4163
vn 0.2011 0.9727 0.1161
vn 0.4415 0.8603 0.2549
vn 0.1875 -0.9763 0.1082
vn 0.4295 -0.8683 0.2480
vn 0.6323 -0.6833 0.3651
vn 0.7784 -0.4384 0.4494
vn -0.0579 0.9978 -0.0334
vn -0.0719 -0.9965 -0.0415
vn -0.3116 0.9330 -0.1799
vn -0.7131 0.5674 -0.4117
vn -0.5476 -0.7747 -0.3162
vn -0.8260 0.3006 -0.4769
vn 0.8555 -0.1558 0.4939
vn 0.4414 0.8604 0.2548
vn -0.6015 -0.1218 -0.7895
vn 0.8063 0.5445 0.2313
vn 0.7762 0.4033 0.4846
vn 0.5217 0.0282 0.8526
vn 0.6792 0.2266 0.6981
vn -0.7217 -0.6675 0.1835
vn -0.5839 -0.6777 0.4470
vn 0.3159 -0.1749 0.9325
vn -0.3927 -0.6272 0.6726
vn -0.1644 -0.5194 0.8386
vn 0.7679 0.6392 -0.0413
vn -0.7953 -0.5987 -0.0948
vn 0.6639 0.6798 -0.3116
vn 0.5013 0.6619 -0.5573
vn 0.2925 0.5850 -0.7564
vn -0.4143 0.0832 -0.9063
vn -0.7333 -0.3143 -0.6029
vn -0.7994 -0.4777 -0.3643
vn -0.1882 0.2818 -0.9408
vn 0.0553 0.4546 -0.8890
vn 0.0797 -0.3636 0.9281
vn -0.6018 -0.1222 -0.7892
vn 0.8064 0.5398 0.2417
vn 0.7727 0.3947 0.4972
vn 0.5077 0.0127 0.8615
vn 0.6706 0.2141 0.7102
vn -0.7280 -0.6649 0.1668
vn -0.5959 -0.6790 0.4289
vn 0.2972 -0.1913 0.9354
vn -0.4098 -0.6335 0.6563
vn -0.1849 -0.5307 0.8272
vn 0.7696 0.6375 -0.0347
vn -0.7971 -0.5943 -0.1074
vn 0.6651 0.6797 -0.3092
vn 0.5006 0.6617 -0.5582
vn 0.2894 0.5836 -0.7587
vn -0.4170 0.0806 -0.9053
vn -0.7320 -0.3121 -0.6056
vn -0.7985 -0.4735 -0.3718
vn -0.1927 0.2782 -0.9410
vn 0.0506 0.4516 -0.8908
vn 0.0586 -0.3785 0.9237
vn 0.4156 -0.0820 0.9058
vn 0.6017 0.1220 0.7893
vn -0.3066 0.1830 -0.9341
vn -0.0693 0.3710 -0.9261
vn -0.8063 -0.5420 -0.2369
vn -0.7689 -0.6383 0.0376
vn 0.7328 0.3132 0.6041
vn 0.1744 0.5249 -0.8331
vn 0.5897 0.6783 -0.4384
vn 0.7248 0.6663 -0.1756
vn -0.6647 -0.6798 0.3100
vn 0.1903 -0.2801 0.9409
vn -0.0532 -0.4532 0.8898
vn 0.4010 0.6303 -0.6647
vn -0.5012 -0.6618 0.5575
vn -0.5146 -0.0205 -0.8572
vn -0.6748 -0.2203 -0.7044
vn -0.2912 -0.5844 0.7574
vn 0.7962 0.5966 0.1007
vn 0.7990 0.4757 0.3678
vn -0.7743 -0.3990 -0.4912
vn -0.4115 -0.5581 -0.7205
vn 0.1140 0.9732 0.1995
vn 0.2508 0.8627 0.4392
vn 0.4483 0.4278 0.7849
vn 0.3657 0.6755 0.6403
vn 0.1062 -0.9768 0.1860
vn 0.2440 -0.8707 0.4271
vn 0.4910 0.1416 0.8596
vn 0.3603 -0.6872 0.6308
vn 0.4448 -0.4422 0.7788
vn -0.0329 0.9978 -0.0575
vn -0.0408 -0.9966 -0.0714
vn -0.1768 0.9343 -0.3096
vn -0.3054 0.7880 -0.5346
vn -0.4070 0.5715 -0.7126
vn -0.4750 -0.2880 -0.8315
vn -0.3116 -0.7780 -0.5456
vn -0.1843 -0.9284 -0.3226
vn -0.4959 0.0081 -0.8683
vn -0.4726 0.3035 -0.8274
vn 0.4898 -0.1574 0.8575
vn -0.4116 -0.5580 -0.7206
vn 0.1139 0.9733 0.1994
vn 0.2508 0.8628 0.4390
vn 0.4483 0.4279 0.7848
vn 0.3657 0.6755 0.6402
vn 0.1061 -0.9768 0.1858
vn 0.2439 -0.8708 0.4270
vn 0.3602 -0.6873 0.6307
vn 0.4448 -0.4424 0.7788
vn -0.0330 0.9978 -0.0577
vn -0.0409 -0.9966 -0.0716
vn -0.1769 0.9342 -0.3098
vn -0.3054 0.7879 -0.5348
vn -0.4071 0.5713 -0.7127
vn -0.4749 -0.2880 -0.8316
vn -0.3117 -0.7779 -0.5457
vn -0.1843 -0.9284 -0.3228
vn -0.4726 0.3034 -0.8274
vn 0.4898 -0.1575 0.8575
vn -0.6035 0.5467 0.5804
vn -0.8079 0.4049 0.4281
vn -0.9993 0.0281 0.0253
vn -0.9443 0.2274 0.2381
vn -0.1317 -0.6777 -0.7235
vn -0.9655 -0.1757 -0.1920
vn -0.3936 -0.6278 -0.6715
vn -0.6443 -0.5215 -0.5594
vn -0.3588 0.6392 0.6802
vn -0.8437 -0.3651 -0.3935
vn -0.6124 0.5421 0.5754
vn -0.8169 0.3964 0.4190
vn -0.9999 0.0129 0.0090
vn -0.9504 0.2150 0.2249
vn -0.1137 -0.6792 -0.7251
vn -0.9588 -0.1919 -0.2093
vn -0.3661 -0.6356 -0.6797
vn -0.6244 -0.5327 -0.5713
vn -0.3536 0.6406 0.6817
vn -0.1046 0.6803 0.7254
vn -0.8296 -0.3799 -0.4092
vn -0.9923 -0.0823 -0.0925
vn -0.9845 0.1224 0.1259
vn -0.8896 0.3145 0.3313
vn -0.2253 0.6668 0.7104
vn -0.9101 -0.2812 -0.3043
vn -0.7443 -0.4550 -0.4889
vn -0.2493 -0.6618 -0.7070
vn -0.5113 -0.5865 -0.6281
vn -0.4861 0.5988 0.6365
vn -0.7180 0.4777 0.5062
vn -0.1287 0.9917 0.0008
vn -0.4691 0.8832 -0.0027
vn -0.8947 0.4467 -0.0038
vn -0.7277 0.6858 -0.0036
vn -0.3055 -0.9522 -0.0043
vn -0.5400 -0.8416 -0.0043
vn -0.9855 0.1696 -0.0039
vn -0.7599 -0.6500 -0.0042
vn -0.9151 -0.4032 -0.0041
vn -0.9925 -0.1220 -0.0040
vn -0.0882 0.9961 0.0010
vn -0.5181 0.8553 -0.0032
vn -0.9363 0.3511 -0.0046
vn -0.8032 0.5958 -0.0047
vn -0.2894 -0.9572 -0.0044
vn -0.5071 -0.8619 -0.0044
vn -0.9969 0.0792 -0.0045
vn -0.7253 -0.6884 -0.0044
vn -0.8871 -0.4616 -0.0044
vn -0.9800 -0.1989 -0.0045
vn -0.9644 0.2645 -0.0042
vn -0.8505 0.5259 -0.0042
vn -0.2156 -0.9765 -0.0045
vn -0.6595 0.7517 -0.0040
vn -0.4018 -0.9157 -0.0043
vn -0.9998 -0.0184 -0.0042
vn -0.9540 -0.2998 -0.0043
vn -0.6397 -0.7686 -0.0043
vn -0.8306 -0.5568 -0.0043
vn -0.2844 0.9587 -0.0009
vn -0.1637 0.6750 0.7195
vn -0.0673 0.6824 0.7278
vn -0.1077 -0.9942 -0.0047
vn -0.1403 -0.9901 -0.0047
vn 0.2440 -0.8706 0.4271
vn -0.3053 0.7880 -0.5346
vn -0.4749 -0.2880 -0.8315
vn 0.2508 0.8628 0.4391
vn 0.3657 0.6756 0.6402
vn -0.4750 -0.2880 -0.8316
vn -0.1843 -0.9284 -0.3227
vn 0.1843 0.9284 0.3228
vn -0.1536 0.9881 0.0006
vn -0.4845 0.8748 -0.0028
vn -0.3191 -0.9477 -0.0043
vn -0.0999 0.9950 0.0009
vn -0.5324 0.8465 -0.0034
vn -0.3028 -0.9530 -0.0043
vn -0.7253 -0.6885 -0.0044
vn -0.2650 -0.9642 -0.0044
vn -0.6619 0.7496 -0.0040
vn -0.4036 -0.9149 -0.0043
vn -0.3114 0.9503 -0.0012
vn -0.1697 -0.9855 -0.0047
vn -0.2357 -0.9718 -0.0046
vn 0.8028 -0.2558 -0.5386
vn 0.1701 -0.0025 -0.9854
vn -0.0000 -0.0084 -1.0000
vn 0.2419 -0.0240 -0.9700
vn 0.5227 -0.3091 -0.7945
vn 0.2903 -0.0035 -0.9569
vn 0.3825 -0.0277 -0.9235
vn 0.4449 -0.3306 -0.8323
vn 0.4714 -0.0035 -0.8819
vn 0.5554 -0.0277 -0.8311
vn 0.5987 -0.3306 -0.7295
vn 0.6344 -0.0035 -0.7730
vn 0.7068 -0.0277 -0.7068
vn 0.7295 -0.3306 -0.5987
vn 0.7730 -0.0035 -0.6344
vn 0.8311 -0.0277 -0.5554
vn 0.8323 -0.3306 -0.4449
vn 0.8819 -0.0035 -0.4714
vn 0.9235 -0.0277 -0.3825
vn 0.9031 -0.3306 -0.2740
vn 0.9569 -0.0035 -0.2903
vn 0.9804 -0.0277 -0.1950
vn 0.9392 -0.3306 -0.0925
vn 0.9952 -0.0035 -0.0980
vn 0.9996 -0.0277 -0.0000
vn 0.9392 -0.3306 0.0925
vn 0.9952 -0.0035 0.0980
vn 0.9804 -0.0277 0.1950
vn 0.9031 -0.3306 0.2740
vn 0.9569 -0.0035 0.2903
vn 0.9235 -0.0277 0.3825
vn 0.8323 -0.3306 0.4449
vn 0.8819 -0.0035 0.4714
vn 0.8311 -0.0277 0.5554
vn 0.7295 -0.3306 0.5987
vn 0.7730 -0.0035 0.6344
vn 0.7068 -0.0277 0.7068
vn 0.5987 -0.3306 0.7295
vn 0.6344 -0.0035 0.7730
vn 0.5554 -0.0277 0.8311
vn 0.4449 -0.3306 0.8323
vn 0.4714 -0.0035 0.8819
vn 0.3825 -0.0277 0.9235
vn 0.5227 -0.3091 0.7945
vn 0.2903 -0.0035 0.9569
vn 0.2419 -0.0240 0.9700
vn 0.8028 -0.2558 0.5386
vn 0.1701 -0.0025 0.9854
vn -0.0000 -0.0084 1.0000
vn -0.8028 -0.2558 0.5386
vn -0.1701 -0.0025 0.9854
vn -0.2419 -0.0240 0.9700
vn -0.5227 -0.3091 0.7945
vn -0.2903 -0.0035 0.9569
vn -0.3825 -0.0277 0.9235
vn -0.4449 -0.3306 0.8323
vn -0.4714 -0.0035 0.8819
vn -0.5554 -0.0277 0.8311
vn -0.5987 -0.3306 0.7295
vn -0.6344 -0.0035 0.7730
vn -0.7068 -0.0277 0.7068
vn -0.7295 -0.3306 0.5987
vn -0.7730 -0.0035 0.6344
vn -0.8311 -0.0277 0.5554
vn -0.8323 -0.3306 0.4449
vn -0.8819 -0.0035 0.4714
vn -0.9235 -0.0277 0.3825
vn -0.9031 -0.3306 0.2740
vn -0.9569 -0.0035 0.2903
vn -0.9804 -0.0277 0.1950
vn -0.9392 -0.3306 0.0925
vn -0.9952 -0.0035 0.0980
vn -0.9996 -0.0277 -0.0000
vn -0.9392 -0.3306 -0.0925
vn -0.9952 -0.0035 -0.0980
vn -0.9804 -0.0277 -0.1950
vn -0.9031 -0.3306 -0.2740
vn -0.9569 -0.0035 -0.2903
vn -0.9235 -0.0277 -0.3825
vn -0.8323 -0.3306 -0.4449
vn -0.8819 -0.0035 -0.4714
vn -0.8311 -0.0277 -0.5554
vn -0.7295 -0.3306 -0.5987
vn -0.7730 -0.0035 -0.6344
vn -0.7068 -0.0277 -0.7068
vn -0.5987 -0.3306 -0.7295
vn -0.6344 -0.0035 -0.7730
vn -0.5554 -0.0277 -0.8311
vn -0.4449 -0.3306 -0.8323
vn -0.4714 -0.0035 -0.8819
vn -0.3825 -0.0277 -0.9235
vn -0.5227 -0.3091 -0.7945
vn -0.2903 -0.0035 -0.9569
vn -0.2419 -0.0240 -0.9700
vn -0.8028 -0.2558 -0.5386
vn -0.1701 -0.0025 -0.9854
vn 0.2533 0.5292 -0.8098
vn 0.2486 0.5162 -0.8196
vn 0.4037 0.5162 -0.7553
vn 0.5433 0.5162 -0.6621
vn 0.6621 0.5162 -0.5433
vn 0.7553 0.5162 -0.4037
vn 0.8196 0.5162 -0.2486
vn 0.8523 0.5162 -0.0839
vn 0.8523 0.5162 0.0839
vn 0.8196 0.5162 0.2486
vn 0.7553 0.5162 0.4037
vn 0.6621 0.5162 0.5433
vn 0.5433 0.5162 0.6621
vn 0.4037 0.5162 0.7553
vn 0.2486 0.5162 0.8196
vn 0.2533 0.5292 0.8098
vn -0.2533 0.5292 0.8098
vn -0.2486 0.5162 0.8196
vn -0.4037 0.5162 0.7553
vn -0.5433 0.5162 0.6621
vn -0.6621 0.5162 0.5433
vn -0.7553 0.5162 0.4037
vn -0.8196 0.5162 0.2486
vn -0.8523 0.5162 0.0839
vn -0.8523 0.5162 -0.0839
vn -0.8196 0.5162 -0.2486
vn -0.7553 0.5162 -0.4037
vn -0.6621 0.5162 -0.5433
vn -0.5433 0.5162 -0.6621
vn -0.4037 0.5162 -0.7553
vn -0.2486 0.5162 -0.8196
vn -0.2533 0.5292 -0.8098
vn 0.8307 0.0422 -0.5551
vn 0.9231 0.0422 -0.3823
vn 0.3823 0.0422 0.9231
vn 0.2039 0.0412 0.9781
vn -0.9799 0.0422 0.1949
vn -0.9991 0.0422 -0.0000
vn 0.2039 0.0412 -0.9781
vn 0.3823 0.0422 -0.9231
vn 0.9231 0.0422 0.3823
vn 0.8307 0.0422 0.5551
vn -0.5551 0.0422 0.8307
vn -0.7065 0.0422 0.7065
vn -0.7065 0.0422 -0.7065
vn -0.5551 0.0422 -0.8307
vn 0.9799 0.0422 -0.1949
vn -0.0000 0.0122 0.9999
vn -0.9799 0.0422 -0.1949
vn 0.5551 0.0422 -0.8307
vn 0.7065 0.0422 0.7065
vn -0.8307 0.0422 0.5551
vn -0.3823 0.0422 -0.9231
vn 0.9991 0.0422 -0.0000
vn -0.2039 0.0412 0.9781
vn -0.9231 0.0422 -0.3823
vn 0.7065 0.0422 -0.7065
vn 0.5551 0.0422 0.8307
vn -0.9231 0.0422 0.3823
vn -0.2039 0.0412 -0.9781
vn 0.9799 0.0422 0.1949
vn -0.3823 0.0422 0.9231
vn -0.8307 0.0422 -0.5551
vn -0.0000 0.0122 -0.9999
vn 0.0197 0.5358 0.8441
vn -0.2420 0.5524 0.7977
vn -0.3930 0.5524 0.7352
vn -0.5288 0.5524 0.6444
vn -0.6444 0.5524 0.5288
vn -0.7352 0.5524 0.3929
vn -0.7977 0.5524 0.2420
vn -0.8296 0.5524 0.0817
vn -0.8296 0.5524 -0.0817
vn -0.7977 0.5524 -0.2420
vn -0.7352 0.5524 -0.3930
vn -0.6444 0.5524 -0.5288
vn -0.5288 0.5524 -0.6444
vn -0.3929 0.5524 -0.7352
vn -0.2420 0.5524 -0.7977
vn 0.0197 0.5358 -0.8441
vn -0.0197 0.5358 -0.8441
vn 0.2420 0.5524 -0.7977
vn 0.3930 0.5524 -0.7352
vn 0.5288 0.5524 -0.6444
vn 0.6444 0.5524 -0.5288
vn 0.7352 0.5524 -0.3929
vn 0.7977 0.5524 -0.2420
vn 0.8296 0.5524 -0.0817
vn 0.8296 0.5524 0.0817
vn 0.7977 0.5524 0.2420
vn 0.7352 0.5524 0.3930
vn 0.6444 0.5524 0.5288
vn 0.5288 0.5524 0.6444
vn 0.3929 0.5524 0.7352
vn 0.2420 0.5524 0.7977
vn -0.0197 0.5358 0.8441
vn -0.0000 0.9997 0.0242
vn 0.0088 0.9961 0.0874
vn -0.0322 0.9965 0.0778
vn -0.0468 0.9965 0.0700
vn -0.0595 0.9965 0.0595
vn -0.0700 0.9965 0.0468
vn -0.0778 0.9965 0.0322
vn -0.0826 0.9965 0.0164
vn -0.0842 0.9965 -0.0000
vn -0.0826 0.9965 -0.0164
vn -0.0778 0.9965 -0.0322
vn -0.0700 0.9965 -0.0468
vn -0.0595 0.9965 -0.0595
vn -0.0468 0.9965 -0.0700
vn -0.0322 0.9965 -0.0778
vn 0.0088 0.9961 -0.0874
vn -0.0000 0.9997 -0.0242
vn -0.0088 0.9961 -0.0874
vn 0.0322 0.9965 -0.0778
vn 0.0468 0.9965 -0.0700
vn 0.0595 0.9965 -0.0595
vn 0.0700 0.9965 -0.0468
vn 0.0778 0.9965 -0.0322
vn 0.0826 0.9965 -0.0164
vn 0.0842 0.9965 -0.0000
vn 0.0826 0.9965 0.0164
vn 0.0778 0.9965 0.0322
vn 0.0700 0.9965 0.0468
vn 0.0595 0.9965 0.0595
vn 0.0468 0.9965 0.0700
vn 0.0322 0.9965 0.0778
vn -0.0088 0.9961 0.0874
vn -0.1943 0.9613 0.1951
vn -0.1117 0.9646 0.2389
vn -0.1214 0.9663 0.2272
vn -0.1634 0.9663 0.1991
vn -0.1991 0.9663 0.1634
vn -0.2272 0.9663 0.1214
vn -0.2465 0.9663 0.0748
vn -0.2564 0.9663 0.0252
vn -0.2564 0.9663 -0.0252
vn -0.2465 0.9663 -0.0748
vn -0.2272 0.9663 -0.1214
vn -0.1991 0.9663 -0.1634
vn -0.1634 0.9663 -0.1991
vn -0.1214 0.9663 -0.2272
vn -0.1117 0.9646 -0.2389
vn -0.1943 0.9613 -0.1951
vn 0.1943 0.9613 -0.1951
vn 0.1117 0.9646 -0.2389
vn 0.1214 0.9663 -0.2272
vn 0.1634 0.9663 -0.1991
vn 0.1991 0.9663 -0.1634
vn 0.2272 0.9663 -0.1214
vn 0.2465 0.9663 -0.0748
vn 0.2564 0.9663 -0.0252
vn 0.2564 0.9663 0.0252
vn 0.2465 0.9663 0.0748
vn 0.2272 0.9663 0.1214
vn 0.1991 0.9663 0.1634
vn 0.1634 0.9663 0.1991
vn 0.1214 0.9663 0.2272
vn 0.1117 0.9646 0.2389
vn 0.1943 0.9613 0.1951
vn 0.7990 0.5799 -0.1589
vn 0.8147 0.5799 -0.0000
vn -0.7526 0.5799 -0.3118
vn -0.6774 0.5799 -0.4526
vn 0.7990 0.5799 0.1589
vn -0.5761 0.5799 -0.5761
vn 0.7526 0.5799 0.3118
vn -0.4526 0.5799 -0.6774
vn 0.6774 0.5799 0.4526
vn -0.3118 0.5799 -0.7526
vn -0.0000 0.2643 0.9644
vn -0.1825 0.5696 0.8014
vn 0.5761 0.5799 0.5761
vn -0.1825 0.5696 -0.8014
vn -0.3118 0.5799 0.7526
vn 0.4526 0.5799 0.6774
vn -0.0000 0.2643 -0.9644
vn -0.4526 0.5799 0.6774
vn 0.3118 0.5799 0.7526
vn 0.1825 0.5696 -0.8014
vn -0.5761 0.5799 0.5761
vn 0.1825 0.5696 0.8014
vn 0.3118 0.5799 -0.7526
vn -0.6774 0.5799 0.4526
vn 0.4526 0.5799 -0.6774
vn -0.7526 0.5799 0.3118
vn 0.5761 0.5799 -0.5761
vn -0.7990 0.5799 0.1589
vn 0.6774 0.5799 -0.4526
vn -0.8147 0.5799 -0.0000
vn 0.7526 0.5799 -0.3118
vn -0.7990 0.5799 -0.1589
vn 0.0636 -0.6978 -0.7134
vn 0.0651 0.6961 -0.7150
vn 0.1835 -0.0008 -0.9830
vn 0.0625 -0.6952 0.7161
vn 0.0701 0.6979 0.7127
vn 0.1915 0.0032 0.9815
vn 0.2064 -0.6965 0.6872
vn 0.2174 0.6938 0.6866
vn 0.3924 0.0042 0.9198
vn 0.3461 -0.6948 0.6304
vn 0.3453 0.6976 0.6278
vn 0.5652 0.0048 0.8250
vn 0.4628 -0.6945 0.5509
vn 0.4608 0.6979 0.5483
vn 0.7153 0.0053 0.6988
vn 0.5614 -0.6944 0.4501
vn 0.5588 0.6980 0.4478
vn 0.8379 0.0056 0.5459
vn 0.6385 -0.6944 0.3320
vn 0.6354 0.6981 0.3301
vn 0.9282 0.0057 0.3719
vn 0.6909 -0.6944 0.2011
vn 0.6876 0.6980 0.1998
vn 0.9830 0.0056 0.1837
vn 0.7168 -0.6945 0.0624
vn 0.7135 0.6979 0.0618
vn 0.9999 0.0053 -0.0116
vn 0.7150 -0.6947 -0.0786
vn 0.7120 0.6978 -0.0786
vn 0.9784 0.0048 -0.2065
vn 0.6858 -0.6949 -0.2165
vn 0.6831 0.6976 -0.2161
vn 0.9194 0.0042 -0.3934
vn 0.6302 -0.6951 -0.3460
vn 0.6280 0.6974 -0.3453
vn 0.8250 0.0034 -0.5652
vn 0.5504 -0.6954 -0.4621
vn 0.5488 0.6971 -0.4614
vn 0.6988 0.0025 -0.7153
vn 0.4494 -0.6957 -0.5603
vn 0.4484 0.6968 -0.5598
vn 0.5459 0.0015 -0.8379
vn 0.3313 -0.6961 -0.6369
vn 0.3307 0.6964 -0.6369
vn 0.3719 0.0004 -0.9283
vn 0.2002 -0.6964 -0.6892
vn 0.2001 0.6961 -0.6895
vn 0.0941 -0.0000 -0.9956
vn 0.0673 0.6967 -0.7142
vn 0.0767 -0.0000 0.9971
vn 0.0535 0.6974 0.7147
vn 0.1749 -0.0000 0.9846
vn 0.2826 -0.0000 0.9592
vn 0.2009 0.6960 0.6893
vn 0.4715 -0.0000 0.8819
vn 0.3383 0.6963 0.6330
vn 0.6345 -0.0000 0.7729
vn 0.4554 0.6963 0.5548
vn 0.7731 -0.0000 0.6343
vn 0.5549 0.6963 0.4552
vn 0.8820 -0.0000 0.4713
vn 0.6330 0.6963 0.3382
vn 0.9570 -0.0000 0.2902
vn 0.6869 0.6963 0.2082
vn 0.9952 -0.0000 0.0979
vn 0.7143 0.6963 0.0702
vn 0.9952 -0.0000 -0.0982
vn 0.7143 0.6963 -0.0705
vn 0.9569 -0.0000 -0.2904
vn 0.6868 0.6963 -0.2084
vn 0.8819 -0.0000 -0.4715
vn 0.6329 0.6963 -0.3384
vn 0.7729 -0.0000 -0.6345
vn 0.5548 0.6963 -0.4554
vn 0.6343 -0.0000 -0.7731
vn 0.4553 0.6963 -0.5549
vn 0.4713 -0.0000 -0.8820
vn 0.3383 0.6963 -0.6331
vn 0.2880 -0.0000 -0.9576
vn 0.2068 0.6960 -0.6876
vn -0.0000 -0.9766 0.2148
vn -0.0000 0.9731 0.2303
vn -0.0000 0.8620 0.5070
vn 0.0061 -0.6967 -0.7173
vn 0.0057 0.6959 -0.7182
vn 0.1062 -0.0006 -0.9943
vn -0.0898 -0.0016 -0.9960
vn -0.1339 -0.6970 -0.7044
vn -0.1345 0.6955 -0.7058
vn -0.2824 -0.0025 -0.9593
vn -0.2687 -0.6973 -0.6645
vn -0.2698 0.6952 -0.6663
vn -0.4641 -0.0033 -0.8858
vn -0.3930 -0.6976 -0.5991
vn -0.3947 0.6949 -0.6011
vn -0.6280 -0.0039 -0.7782
vn -0.5022 -0.6978 -0.5107
vn -0.5045 0.6947 -0.5127
vn -0.7677 -0.0044 -0.6407
vn -0.5921 -0.6979 -0.4028
vn -0.5949 0.6946 -0.4045
vn -0.8780 -0.0047 -0.4786
vn -0.6593 -0.6980 -0.2795
vn -0.6624 0.6945 -0.2807
vn -0.9545 -0.0048 -0.2982
vn -0.7012 -0.6980 -0.1455
vn -0.7045 0.6945 -0.1461
vn -0.9943 -0.0047 -0.1062
vn -0.7162 -0.6979 -0.0058
vn -0.7194 0.6946 -0.0059
vn -0.9959 -0.0044 0.0898
vn -0.7037 -0.6977 0.1340
vn -0.7066 0.6947 0.1345
vn -0.9593 -0.0039 0.2824
vn -0.6642 -0.6975 0.2688
vn -0.6666 0.6949 0.2697
vn -0.8858 -0.0033 0.4641
vn -0.5992 -0.6973 0.3934
vn -0.6009 0.6952 0.3944
vn -0.7782 -0.0025 0.6280
vn -0.5112 -0.6969 0.5030
vn -0.5122 0.6955 0.5038
vn -0.6407 -0.0016 0.7678
vn -0.4034 -0.6966 0.5933
vn -0.4039 0.6959 0.5938
vn -0.4786 -0.0006 0.8780
vn -0.2802 0.6962 0.6609
vn -0.1458 0.6966 0.7025
vn -0.0059 0.6970 0.7171
vn 0.0898 0.0025 0.9960
vn 0.1345 -0.6951 0.7062
vn 0.1340 0.6973 0.7041
vn 0.2824 0.0034 0.9593
vn 0.2697 -0.6948 0.6667
vn 0.2687 0.6976 0.6642
vn 0.4641 0.0042 0.8858
vn 0.3947 -0.6946 0.6015
vn 0.3930 0.6979 0.5988
vn 0.6280 0.0048 0.7782
vn 0.5046 -0.6944 0.5131
vn 0.5021 0.6981 0.5104
vn 0.7677 0.0053 0.6407
vn 0.5951 -0.6942 0.4049
vn 0.5920 0.6982 0.4026
vn 0.8780 0.0056 0.4786
vn 0.6627 -0.6942 0.2811
vn 0.6591 0.6983 0.2793
vn 0.9545 0.0057 0.2982
vn 0.7048 -0.6942 0.1464
vn 0.7009 0.6983 0.1453
vn 0.9943 0.0056 0.1062
vn 0.7197 -0.6943 0.0062
vn 0.7159 0.6982 0.0058
vn 0.9959 0.0053 -0.0898
vn 0.7069 -0.6944 -0.1343
vn 0.7034 0.6981 -0.1340
vn 0.9593 0.0048 -0.2824
vn 0.6669 -0.6946 -0.2696
vn 0.6639 0.6979 -0.2688
vn 0.8858 0.0042 -0.4641
vn 0.6013 -0.6949 -0.3943
vn 0.5989 0.6976 -0.3933
vn 0.7782 0.0034 -0.6280
vn 0.5126 -0.6952 -0.5039
vn 0.5109 0.6973 -0.5028
vn 0.6407 0.0025 -0.7678
vn 0.4043 -0.6956 -0.5939
vn 0.4031 0.6970 -0.5931
vn 0.4786 0.0015 -0.8780
vn 0.2805 -0.6960 -0.6610
vn 0.2798 0.6966 -0.6607
vn 0.2982 0.0004 -0.9545
vn 0.1461 -0.6963 -0.7027
vn 0.1456 0.6962 -0.7029
vn 0.0058 -0.6962 -0.7178
vn 0.0058 0.6962 -0.7178
vn 0.1060 -0.0000 -0.9944
vn -0.0900 -0.0000 -0.9959
vn -0.1344 -0.6962 -0.7051
vn -0.1344 0.6962 -0.7051
vn -0.2826 -0.0000 -0.9592
vn -0.2693 -0.6962 -0.6654
vn -0.2693 0.6962 -0.6654
vn -0.4643 -0.0000 -0.8857
vn -0.3940 -0.6962 -0.6000
vn -0.3940 0.6962 -0.6000
vn -0.6281 -0.0000 -0.7781
vn -0.5035 -0.6962 -0.5116
vn -0.5035 0.6962 -0.5116
vn -0.7679 -0.0000 -0.6406
vn -0.5936 -0.6962 -0.4036
vn -0.5936 0.6962 -0.4036
vn -0.8781 -0.0000 -0.4785
vn -0.6609 -0.6962 -0.2800
vn -0.6609 0.6962 -0.2800
vn -0.9546 -0.0000 -0.2980
vn -0.7029 -0.6962 -0.1457
vn -0.7029 0.6962 -0.1457
vn -0.9944 -0.0000 -0.1060
vn -0.7178 -0.6962 -0.0058
vn -0.7178 0.6962 -0.0058
vn -0.9959 -0.0000 0.0900
vn -0.7051 -0.6962 0.1344
vn -0.7051 0.6962 0.1344
vn -0.9592 -0.0000 0.2826
vn -0.6654 -0.6962 0.2693
vn -0.6654 0.6962 0.2693
vn -0.8857 -0.0000 0.4643
vn -0.6000 -0.6962 0.3940
vn -0.6000 0.6962 0.3940
vn -0.7781 -0.0000 0.6281
vn -0.5116 -0.6962 0.5035
vn -0.5116 0.6962 0.5035
vn -0.6406 -0.0000 0.7679
vn -0.4036 -0.6962 0.5936
vn -0.4036 0.6962 0.5936
vn -0.4785 -0.0000 0.8781
vn -0.2800 -0.6962 0.6609
vn -0.2800 0.6962 0.6609
vn -0.2980 -0.0000 0.9546
vn -0.1457 -0.6962 0.7029
vn -0.1457 0.6962 0.7029
vn -0.1060 -0.0000 0.9944
vn -0.0058 -0.6962 0.7178
vn -0.0058 0.6962 0.7178
vn 0.0900 -0.0000 0.9959
vn 0.1344 -0.6962 0.7051
vn 0.1344 0.6962 0.7051
vn 0.2693 -0.6962 0.6654
vn 0.2693 0.6962 0.6654
vn 0.4643 -0.0000 0.8857
vn 0.3940 -0.6962 0.6000
vn 0.3940 0.6962 0.6000
vn 0.6281 -0.0000 0.7781
vn 0.5035 -0.6962 0.5116
vn 0.5035 0.6962 0.5116
vn 0.7679 -0.0000 0.6406
vn 0.5936 -0.6962 0.4036
vn 0.5936 0.6962 0.4036
vn 0.8781 -0.0000 0.4785
vn 0.6609 -0.6962 0.2800
vn 0.6609 0.6962 0.2800
vn 0.9546 -0.0000 0.2980
vn 0.7029 -0.6962 0.1457
vn 0.7029 0.6962 0.1457
vn 0.9944 -0.0000 0.1060
vn 0.7178 -0.6962 0.0058
vn 0.7178 0.6962 0.0058
vn 0.9959 -0.0000 -0.0900
vn 0.7051 -0.6962 -0.1344
vn 0.7051 0.6962 -0.1344
vn 0.9592 -0.0000 -0.2826
vn 0.6654 -0.6962 -0.2693
vn 0.6654 0.6962 -0.2693
vn 0.8857 -0.0000 -0.4643
vn 0.6000 -0.6962 -0.3940
vn 0.6000 0.6962 -0.3940
vn 0.7781 -0.0000 -0.6282
vn 0.5116 -0.6962 -0.5035
vn 0.5116 0.6962 -0.5035
vn 0.6406 -0.0000 -0.7679
vn 0.4036 -0.6962 -0.5936
vn 0.4036 0.6962 -0.5936
vn 0.4785 -0.0000 -0.8781
vn 0.2800 -0.6962 -0.6609
vn 0.2800 0.6962 -0.6609
vn 0.2980 -0.0000 -0.9546
vn 0.1457 -0.6962 -0.7029
vn 0.1457 0.6962 -0.7029
vn -0.2801 -0.6962 0.6609
vn -0.0059 -0.6955 0.7185
vn -0.1458 -0.6958 0.7032
vn -0.2982 0.0005 0.9545
vn -0.1062 0.0015 0.9943
vn 0.7210 -0.5540 -0.4162
vn -0.2012 0.9726 0.1161
vn -0.4416 0.8602 0.2549
vn -0.7843 0.4241 0.4528
vn -0.6417 0.6715 0.3705
vn -0.1875 -0.9763 0.1083
vn -0.4296 -0.8683 0.2480
vn -0.8575 0.1402 0.4951
vn -0.6324 -0.6832 0.3651
vn -0.7784 -0.4383 0.4494
vn 0.0578 0.9978 -0.0334
vn 0.0718 -0.9966 -0.0415
vn 0.3115 0.9331 -0.1798
vn 0.5366 0.7849 -0.3098
vn 0.7131 0.5675 -0.4117
vn 0.8301 -0.2852 -0.4792
vn 0.5476 -0.7748 -0.3161
vn 0.3246 -0.9271 -0.1874
vn 0.8660 0.0081 -0.5000
vn 0.8259 0.3007 -0.4769
vn -0.8555 -0.1557 0.4939
vn 0.7210 -0.5539 -0.4163
vn -0.2008 0.9727 0.1160
vn -0.4413 0.8604 0.2548
vn -0.6416 0.6716 0.3704
vn -0.1872 -0.9764 0.1081
vn -0.4293 -0.8685 0.2478
vn -0.8575 0.1401 0.4951
vn -0.6322 -0.6835 0.3650
vn -0.7783 -0.4386 0.4493
vn 0.0582 0.9977 -0.0336
vn 0.0722 -0.9965 -0.0417
vn 0.3118 0.9329 -0.1800
vn 0.5368 0.7847 -0.3099
vn 0.7132 0.5672 -0.4118
vn 0.5477 -0.7746 -0.3162
vn 0.3248 -0.9270 -0.1876
vn 0.8660 0.0080 -0.5000
vn 0.8260 0.3005 -0.4769
vn -0.8554 -0.1559 0.4939
vn 0.7210 -0.5540 -0.4163
vn -0.2011 0.9727 0.1161
vn -0.4415 0.8603 0.2549
vn -0.1874 -0.9763 0.1082
vn -0.4295 -0.8683 0.2480
vn -0.6323 -0.6833 0.3651
vn -0.7784 -0.4384 0.4494
vn 0.0579 0.9978 -0.0334
vn 0.0719 -0.9965 -0.0415
vn 0.3116 0.9330 -0.1799
vn 0.7131 0.5674 -0.4117
vn 0.5476 -0.7747 -0.3162
vn 0.8260 0.3006 -0.4769
vn -0.8555 -0.1558 0.4939
vn -0.2009 0.9727 0.1160
vn -0.4414 0.8604 0.2548
vn -0.7843 0.4242 0.4528
vn 0.3249 -0.9270 -0.1876
vn 0.6015 -0.1218 -0.7895
vn -0.8063 0.5445 0.2313
vn -0.7762 0.4033 0.4846
vn -0.5217 0.0282 0.8526
vn -0.6792 0.2266 0.6981
vn 0.7217 -0.6675 0.1835
vn 0.5839 -0.6777 0.4470
vn -0.3159 -0.1749 0.9325
vn 0.3927 -0.6272 0.6726
vn 0.1644 -0.5194 0.8386
vn -0.7679 0.6392 -0.0413
vn 0.7953 -0.5987 -0.0947
vn -0.6639 0.6798 -0.3116
vn -0.5013 0.6619 -0.5573
vn -0.2925 0.5850 -0.7564
vn 0.4143 0.0832 -0.9063
vn 0.7333 -0.3143 -0.6029
vn 0.7994 -0.4777 -0.3643
vn 0.1882 0.2818 -0.9408
vn -0.0553 0.4546 -0.8890
vn -0.0797 -0.3636 0.9281
vn 0.6018 -0.1222 -0.7892
vn -0.8064 0.5398 0.2417
vn -0.7727 0.3947 0.4972
vn -0.5077 0.0127 0.8615
vn -0.6706 0.2141 0.7102
vn 0.7280 -0.6649 0.1668
vn 0.5959 -0.6790 0.4289
vn -0.2972 -0.1913 0.9354
vn 0.4098 -0.6335 0.6563
vn 0.1849 -0.5307 0.8272
vn -0.7696 0.6375 -0.0347
vn 0.7971 -0.5943 -0.1074
vn -0.6651 0.6797 -0.3092
vn -0.5006 0.6617 -0.5582
vn -0.2894 0.5836 -0.7587
vn 0.4170 0.0806 -0.9053
vn 0.7320 -0.3121 -0.6056
vn 0.7985 -0.4735 -0.3718
vn 0.1927 0.2782 -0.9410
vn -0.0507 0.4516 -0.8908
vn -0.0586 -0.3785 0.9237
vn -0.4157 -0.0820 0.9058
vn -0.6017 0.1220 0.7893
vn 0.3066 0.1830 -0.9341
vn 0.0693 0.3710 -0.9261
vn 0.8063 -0.5420 -0.2368
vn 0.7689 -0.6383 0.0376
vn -0.7328 0.3132 0.6041
vn -0.1744 0.5249 -0.8331
vn -0.5897 0.6783 -0.4384
vn -0.7248 0.6663 -0.1756
vn 0.6647 -0.6798 0.3100
vn -0.1903 -0.2801 0.9409
vn 0.0532 -0.4532 0.8898
vn -0.4010 0.6303 -0.6648
vn 0.5012 -0.6618 0.5575
vn 0.5146 -0.0205 -0.8572
vn 0.6748 -0.2203 -0.7044
vn 0.2912 -0.5844 0.7574
vn -0.7962 0.5966 0.1007
vn -0.7990 0.4757 0.3678
vn 0.7743 -0.3990 -0.4912
vn 0.4115 -0.5581 -0.7205
vn -0.1140 0.9732 0.1995
vn -0.2508 0.8627 0.4392
vn -0.4483 0.4278 0.7849
vn -0.3657 0.6755 0.6403
vn -0.1062 -0.9768 0.1860
vn -0.2440 -0.8706 0.4271
vn -0.4910 0.1416 0.8596
vn -0.3603 -0.6872 0.6308
vn -0.4448 -0.4422 0.7788
vn 0.0329 0.9978 -0.0575
vn 0.0408 -0.9966 -0.0714
vn 0.1768 0.9343 -0.3096
vn 0.3054 0.7880 -0.5346
vn 0.4070 0.5715 -0.7126
vn 0.4750 -0.2880 -0.8315
vn 0.3116 -0.7780 -0.5456
vn 0.1843 -0.9284 -0.3226
vn 0.4959 0.0081 -0.8683
vn 0.4726 0.3035 -0.8274
vn -0.4898 -0.1574 0.8575
vn 0.4116 -0.5580 -0.7206
vn -0.1139 0.9733 0.1994
vn -0.2508 0.8628 0.4390
vn -0.4483 0.4279 0.7848
vn -0.3657 0.6755 0.6402
vn -0.1061 -0.9768 0.1858
vn -0.2439 -0.8708 0.4270
vn -0.3603 -0.6873 0.6307
vn -0.4448 -0.4424 0.7788
vn 0.0330 0.9978 -0.0577
vn 0.0409 -0.9966 -0.0716
vn 0.1769 0.9342 -0.3098
vn 0.3054 0.7879 -0.5348
vn 0.4071 0.5713 -0.7127
vn 0.4750 -0.2880 -0.8316
vn 0.3117 -0.7779 -0.5457
vn 0.1843 -0.9284 -0.3228
vn 0.4960 0.0081 -0.8683
vn 0.4726 0.3034 -0.8274
vn -0.4898 -0.1575 0.8575
vn -0.1843 0.9284 0.3227
vn 0.6035 0.5467 0.5804
vn 0.8079 0.4049 0.4281
vn 0.9993 0.0281 0.0253
vn 0.9443 0.2274 0.2381
vn 0.1317 -0.6777 -0.7235
vn 0.9655 -0.1757 -0.1920
vn 0.3936 -0.6278 -0.6715
vn 0.6443 -0.5215 -0.5594
vn 0.3588 0.6392 0.6802
vn 0.8437 -0.3651 -0.3935
vn 0.6124 0.5421 0.5754
vn 0.8169 0.3964 0.4190
vn 0.9999 0.0129 0.0090
vn 0.9504 0.2150 0.2249
vn 0.1137 -0.6792 -0.7251
vn 0.9588 -0.1919 -0.2093
vn 0.3661 -0.6356 -0.6797
vn 0.6244 -0.5327 -0.5713
vn 0.3536 0.6405 0.6817
vn 0.1046 0.6803 0.7254
vn 0.8296 -0.3799 -0.4092
vn 0.9923 -0.0823 -0.0925
vn 0.9845 0.1224 0.1259
vn 0.8896 0.3145 0.3313
vn 0.2253 0.6668 0.7104
vn 0.9101 -0.2812 -0.3043
vn 0.7443 -0.4550 -0.4889
vn 0.2493 -0.6618 -0.7070
vn 0.5113 -0.5865 -0.6281
vn 0.4861 0.5988 0.6365
vn 0.7180 0.4777 0.5062
vn 0.1287 0.9917 0.0008
vn 0.4691 0.8832 -0.0027
vn 0.8947 0.4467 -0.0038
vn 0.7277 0.6858 -0.0036
vn 0.3055 -0.9522 -0.0043
vn 0.5401 -0.8416 -0.0043
vn 0.9855 0.1696 -0.0039
vn 0.7599 -0.6500 -0.0042
vn 0.9151 -0.4032 -0.0041
vn 0.9925 -0.1220 -0.0040
vn 0.0882 0.9961 0.0010
vn 0.5181 0.8553 -0.0032
vn 0.9363 0.3511 -0.0046
vn 0.8032 0.5958 -0.0047
vn 0.2894 -0.9572 -0.0044
vn 0.5071 -0.8619 -0.0044
vn 0.9969 0.0792 -0.0045
vn 0.7253 -0.6885 -0.0044
vn 0.8871 -0.4616 -0.0044
vn 0.9800 -0.1989 -0.0045
vn 0.9644 0.2645 -0.0042
vn 0.8505 0.5259 -0.0042
vn 0.2156 -0.9765 -0.0045
vn 0.6595 0.7517 -0.0040
vn 0.4018 -0.9157 -0.0043
vn 0.9998 -0.0184 -0.0042
vn 0.9540 -0.2998 -0.0043
vn 0.6397 -0.7686 -0.0043
vn 0.8306 -0.5568 -0.0043
vn 0.2844 0.9587 -0.0009
vn 0.1637 0.6750 0.7195
vn 0.0673 0.6824 0.7278
vn 0.1077 -0.9942 -0.0047
vn 0.1403 -0.9901 -0.0047
vn 0.3053 0.7880 -0.5346
vn 0.4070 0.5714 -0.7126
vn 0.4749 -0.2880 -0.8315
vn -0.2508 0.8628 0.4391
vn -0.3657 0.6756 0.6402
vn -0.3602 -0.6873 0.6307
vn 0.1536 0.9881 0.0006
vn 0.4845 0.8748 -0.0028
vn 0.3191 -0.9477 -0.0043
vn 0.5400 -0.8416 -0.0043
vn 0.0999 0.9950 0.0009
vn 0.5324 0.8465 -0.0034
vn 0.3028 -0.9530 -0.0043
vn 0.2650 -0.9642 -0.0044
vn 0.6619 0.7496 -0.0040
vn 0.4036 -0.9149 -0.0043
vn 0.3114 0.9503 -0.0012
vn 0.1697 -0.9855 -0.0047
vn 0.2357 -0.9718 -0.0046
vn -0.0929 -0.7016 -0.7064
vn -0.1305 -0.0000 -0.9915
vn -0.2084 -0.6962 -0.6869
vn -0.2903 -0.0000 -0.9569
vn -0.3384 -0.6962 -0.6330
vn -0.4714 -0.0000 -0.8819
vn -0.4554 -0.6962 -0.5549
vn -0.6344 -0.0000 -0.7730
vn -0.5549 -0.6962 -0.4554
vn -0.7730 -0.0000 -0.6344
vn -0.6330 -0.6962 -0.3384
vn -0.8819 -0.0000 -0.4714
vn -0.6869 -0.6962 -0.2084
vn -0.9569 -0.0000 -0.2903
vn -0.7143 -0.6962 -0.0704
vn -0.9952 -0.0000 -0.0980
vn -0.7143 -0.6962 0.0704
vn -0.9952 -0.0000 0.0980
vn -0.6869 -0.6962 0.2084
vn -0.9569 -0.0000 0.2903
vn -0.6330 -0.6962 0.3384
vn -0.8819 -0.0000 0.4714
vn -0.5549 -0.6962 0.4554
vn -0.7730 -0.0000 0.6344
vn -0.4554 -0.6962 0.5549
vn -0.6344 -0.0000 0.7730
vn -0.3384 -0.6962 0.6330
vn -0.4714 -0.0000 0.8819
vn -0.2084 -0.6962 0.6869
vn -0.2903 -0.0000 0.9569
vn -0.0929 -0.7016 0.7064
vn -0.1305 -0.0000 0.9915
vn 0.0929 -0.7016 0.7064
vn 0.1305 -0.0000 0.9915
vn 0.2084 -0.6962 0.6869
vn 0.2903 -0.0000 0.9569
vn 0.3384 -0.6962 0.6330
vn 0.4714 -0.0000 0.8819
vn 0.4554 -0.6962 0.5549
vn 0.6344 -0.0000 0.7730
vn 0.5549 -0.6962 0.4554
vn 0.7730 -0.0000 0.6344
vn 0.6330 -0.6962 0.3384
vn 0.8819 -0.0000 0.4714
vn 0.6869 -0.6962 0.2084
vn 0.9569 -0.0000 0.2903
vn 0.7143 -0.6962 0.0704
vn 0.9952 -0.0000 0.0980
vn 0.7143 -0.6962 -0.0704
vn 0.9952 -0.0000 -0.0980
vn 0.6869 -0.6962 -0.2084
vn 0.9569 -0.0000 -0.2903
vn 0.6330 -0.6962 -0.3384
vn 0.8819 -0.0000 -0.4714
vn 0.5549 -0.6962 -0.4554
vn 0.7730 -0.0000 -0.6344
vn 0.4554 -0.6962 -0.5549
vn 0.6344 -0.0000 -0.7730
vn 0.3384 -0.6962 -0.6330
vn 0.4714 -0.0000 -0.8819
vn 0.2084 -0.6962 -0.6869
vn 0.2903 -0.0000 -0.9569
vn 0.0929 -0.7016 -0.7064
vn 0.1305 -0.0000 -0.9915
vn -0.0750 0.6993 -0.7109
vn -0.2084 0.6962 -0.6869
vn -0.3384 0.6962 -0.6330
vn -0.4554 0.6962 -0.5549
vn -0.5549 0.6962 -0.4554
vn -0.6330 0.6962 -0.3384
vn -0.6869 0.6962 -0.2084
vn -0.7143 0.6962 -0.0704
vn -0.7143 0.6962 0.0704
vn -0.6869 0.6962 0.2084
vn -0.6330 0.6962 0.3384
vn -0.5549 0.6962 0.4554
vn -0.4554 0.6962 0.5549
vn -0.3384 0.6962 0.6330
vn -0.2084 0.6962 0.6869
vn -0.0750 0.6993 0.7109
vn 0.0750 0.6993 0.7109
vn 0.2084 0.6962 0.6869
vn 0.3384 0.6962 0.6330
vn 0.4554 0.6962 0.5549
vn 0.5549 0.6962 0.4554
vn 0.6330 0.6962 0.3384
vn 0.6869 0.6962 0.2084
vn 0.7143 0.6962 0.0704
vn 0.7143 0.6962 -0.0704
vn 0.6869 0.6962 -0.2084
vn 0.6330 0.6962 -0.3384
vn 0.5549 0.6962 -0.4554
vn 0.4554 0.6962 -0.5549
vn 0.3384 0.6962 -0.6330
vn 0.2084 0.6962 -0.6869
vn 0.0750 0.6993 -0.7109
vn 0.1551 0.7418 0.6525
vn 0.1886 0.7603 0.6216
vn 0.3062 0.7603 0.5729
vn 0.4121 0.7603 0.5022
vn 0.5022 0.7603 0.4121
vn 0.5729 0.7603 0.3062
vn 0.6216 0.7603 0.1886
vn 0.6465 0.7603 0.0637
vn 0.6465 0.7603 -0.0637
vn 0.6216 0.7603 -0.1886
vn 0.5729 0.7603 -0.3062
vn 0.5022 0.7603 -0.4121
vn 0.4121 0.7603 -0.5022
vn 0.3062 0.7603 -0.5729
vn 0.1886 0.7603 -0.6216
vn 0.1551 0.7418 -0.6525
vn -0.1551 0.7418 -0.6525
vn -0.1886 0.7603 -0.6216
vn -0.3062 0.7603 -0.5729
vn -0.4121 0.7603 -0.5022
vn -0.5022 0.7603 -0.4121
vn -0.5729 0.7603 -0.3062
vn -0.6216 0.7603 -0.1886
vn -0.6465 0.7603 -0.0637
vn -0.6465 0.7603 0.0637
vn -0.6216 0.7603 0.1886
vn -0.5729 0.7603 0.3062
vn -0.5022 0.7603 0.4121
vn -0.4121 0.7603 0.5022
vn -0.3062 0.7603 0.5729
vn -0.1886 0.7603 0.6216
vn -0.1551 0.7418 0.6525
vn -0.0000 1.0000 -0.0000
vn 0.1992 0.9591 0.2013
vn 0.1150 0.9615 0.2496
vn 0.1267 0.9632 0.2371
vn 0.1705 0.9632 0.2078
vn 0.2078 0.9632 0.1705
vn 0.2371 0.9632 0.1267
vn 0.2572 0.9632 0.0780
vn 0.2675 0.9632 0.0263
vn 0.2675 0.9632 -0.0263
vn 0.2572 0.9632 -0.0780
vn 0.2371 0.9632 -0.1267
vn 0.2078 0.9632 -0.1705
vn 0.1705 0.9632 -0.2078
vn 0.1267 0.9632 -0.2371
vn 0.1150 0.9615 -0.2496
vn 0.1992 0.9591 -0.2013
vn -0.1992 0.9591 -0.2013
vn -0.1150 0.9615 -0.2496
vn -0.1267 0.9632 -0.2371
vn -0.1705 0.9632 -0.2078
vn -0.2078 0.9632 -0.1705
vn -0.2371 0.9632 -0.1267
vn -0.2572 0.9632 -0.0780
vn -0.2675 0.9632 -0.0263
vn -0.2675 0.9632 0.0263
vn -0.2572 0.9632 0.0780
vn -0.2371 0.9632 0.1267
vn -0.2078 0.9632 0.1705
vn -0.1705 0.9632 0.2078
vn -0.1267 0.9632 0.2371
vn -0.1150 0.9615 0.2496
vn -0.1992 0.9591 0.2013
vn -0.8710 0.4596 -0.1733
vn -0.8881 0.4596 -0.0000
vn 0.8205 0.4596 -0.3399
vn 0.7384 0.4596 -0.4934
vn -0.8710 0.4596 0.1733
vn 0.6280 0.4596 -0.6280
vn -0.8205 0.4596 0.3399
vn 0.4934 0.4596 -0.7384
vn -0.7384 0.4596 0.4934
vn 0.3399 0.4596 -0.8205
vn 0.2088 0.4515 0.8675
vn -0.6280 0.4596 0.6280
vn 0.2088 0.4515 -0.8675
vn 0.3399 0.4596 0.8205
vn -0.4934 0.4596 0.7384
vn 0.4934 0.4596 0.7384
vn -0.3399 0.4596 0.8205
vn -0.2088 0.4515 -0.8675
vn 0.6280 0.4596 0.6280
vn -0.2088 0.4515 0.8675
vn -0.3399 0.4596 -0.8205
vn 0.7384 0.4596 0.4934
vn -0.4934 0.4596 -0.7384
vn 0.8205 0.4596 0.3399
vn -0.6280 0.4596 -0.6280
vn 0.8710 0.4596 0.1733
vn -0.7384 0.4596 -0.4934
vn 0.8881 0.4596 -0.0000
vn -0.8205 0.4596 -0.3399
vn 0.8710 0.4596 -0.1733
vn -0.0897 -0.0013 -0.9960
vn -0.0924 0.0027 0.9957
vn -0.2948 0.0037 0.9555
vn -0.4816 0.0045 0.8764
vn -0.6433 0.0051 0.7656
vn -0.7803 0.0055 0.6254
vn -0.8873 0.0057 0.4611
vn -0.9602 0.0057 0.2792
vn -0.9962 0.0055 0.0865
vn -0.9940 0.0051 -0.1096
vn -0.9535 0.0045 -0.3014
vn -0.8764 0.0038 -0.4816
vn -0.7656 0.0029 -0.6433
vn -0.6254 0.0020 -0.7803
vn -0.4611 0.0010 -0.8873
vn -0.2788 -0.0002 -0.9603
vn -0.0768 -0.0000 0.9970
vn -0.2827 -0.0000 0.9592
vn 0.0014 -1.0000 0.0005
vn -0.0014 1.0000 -0.0004
vn 0.0005 1.0000 0.0001
vn -0.0082 -0.0011 -1.0000
vn 0.1870 -0.0020 -0.9824
vn 0.3751 -0.0029 -0.9270
vn 0.5487 -0.0036 -0.8360
vn 0.7013 -0.0042 -0.7129
vn 0.8269 -0.0046 -0.5624
vn 0.9207 -0.0048 -0.3903
vn 0.9791 -0.0048 -0.2032
vn 1.0000 -0.0046 -0.0082
vn 0.9824 -0.0042 0.1870
vn 0.9270 -0.0036 0.3751
vn 0.8360 -0.0029 0.5487
vn 0.7129 -0.0020 0.7013
vn 0.5624 -0.0011 0.8269
vn -0.1870 0.0030 0.9824
vn -0.3751 0.0038 0.9270
vn -0.5487 0.0045 0.8360
vn -0.7012 0.0051 0.7129
vn -0.8269 0.0055 0.5624
vn -0.9207 0.0057 0.3903
vn -0.9791 0.0057 0.2032
vn -1.0000 0.0055 0.0082
vn -0.9823 0.0051 -0.1870
vn -0.9270 0.0045 -0.3751
vn -0.8360 0.0038 -0.5487
vn -0.7129 0.0029 -0.7013
vn -0.5624 0.0020 -0.8269
vn -0.3903 0.0010 -0.9207
vn -0.2032 -0.0001 -0.9791
vn -0.0081 -0.0000 -1.0000
vn 0.1872 -0.0000 -0.9823
vn 0.3752 -0.0000 -0.9269
vn 0.5489 -0.0000 -0.8359
vn 0.7014 -0.0000 -0.7128
vn 0.8270 -0.0000 -0.5623
vn 0.9208 -0.0000 -0.3901
vn 0.9792 -0.0000 -0.2030
vn 1.0000 -0.0000 -0.0081
vn 0.9823 -0.0000 0.1872
vn 0.9269 -0.0000 0.3752
vn 0.8359 -0.0000 0.5489
vn 0.7128 -0.0000 0.7014
vn 0.5622 -0.0000 0.8270
vn 0.3901 -0.0000 0.9208
vn 0.2030 -0.0000 0.9792
vn 0.0081 -0.0000 1.0000
vn -0.1872 -0.0000 0.9823
vn -0.3752 -0.0000 0.9269
vn -0.5489 -0.0000 0.8359
vn -0.7014 -0.0000 0.7128
vn -0.8270 -0.0000 0.5622
vn -0.9208 -0.0000 0.3901
vn -0.9792 -0.0000 0.2030
vn -1.0000 -0.0000 0.0080
vn -0.9823 -0.0000 -0.1872
vn -0.9269 -0.0000 -0.3752
vn -0.8359 -0.0000 -0.5489
vn -0.7128 -0.0000 -0.7014
vn -0.5622 -0.0000 -0.8270
vn -0.3901 -0.0000 -0.9208
vn -0.2030 -0.0000 -0.9792
vn -0.0000 -1.0000 -0.0000
vn 0.3903 -0.0000 0.9207
vn 0.2032 0.0010 0.9791
vn 0.0082 0.0020 1.0000
vn -0.0000 -1.0000 0.0002
vn -0.3248 -0.9270 -0.1876
vn 0.5147 0.0205 0.8571
vn -0.1903 0.2801 -0.9409
vn -0.7962 -0.5966 -0.1008
vn 0.6749 0.2203 0.7043
vn 0.0532 0.4532 -0.8898
vn 0.6647 0.6798 -0.3101
vn -0.7248 -0.6663 0.1755
vn 0.0694 -0.3710 0.9261
vn 0.5012 0.6618 -0.5575
vn -0.5897 -0.6783 0.4383
vn 0.2912 0.5844 -0.7574
vn 0.3067 -0.1830 0.9341
vn -0.6016 -0.1220 -0.7894
vn -0.4156 0.0820 -0.9059
vn -0.4010 -0.6303 0.6647
vn 0.8063 0.5420 0.2367
vn -0.7327 -0.3133 -0.6042
vn -0.1744 -0.5249 0.8331
vn 0.7744 0.3989 0.4911
vn -0.7990 -0.4757 -0.3679
vn 0.7689 0.6383 -0.0377
vn -0.9996 0.0205 0.0171
vn -0.9474 0.2211 0.2314
vn -0.8369 -0.3724 -0.4012
vn -0.1223 -0.6785 -0.7244
vn -0.9623 -0.1837 -0.2006
vn -0.3804 -0.6316 -0.6755
vn -0.6082 0.5443 0.5778
vn -0.6347 -0.5270 -0.5652
vn -0.8125 0.4006 0.4235
vn -0.3566 0.6398 0.6808
vn -0.9168 0.3993 -0.0042
vn -0.7668 0.6418 -0.0041
vn -0.2970 -0.9549 -0.0043
vn -0.9870 -0.1607 -0.0042
vn -0.5236 -0.8519 -0.0043
vn -0.9922 0.1244 -0.0042
vn -0.7428 -0.6695 -0.0043
vn -0.1100 0.9939 0.0009
vn -0.9015 -0.4327 -0.0043
vn -0.4956 0.8685 -0.0030
vn -0.1123 0.6798 0.7248
vn -0.1212 -0.9926 -0.0047
vn -0.7669 0.6418 -0.0041
vn -0.3105 -0.9505 -0.0043
vn -0.1286 0.9917 0.0008
vn -0.5104 0.8599 -0.0031
vn -0.1976 -0.9803 -0.0046
vn 0.2005 -0.0288 -0.9793
vn 0.2900 -0.0453 -0.9560
vn 0.4709 -0.0453 -0.8810
vn 0.6337 -0.0453 -0.7722
vn 0.7722 -0.0453 -0.6337
vn 0.8810 -0.0453 -0.4709
vn 0.9560 -0.0453 -0.2900
vn 0.9942 -0.0453 -0.0979
vn 0.9942 -0.0453 0.0979
vn 0.9560 -0.0453 0.2900
vn 0.8810 -0.0453 0.4709
vn 0.7722 -0.0453 0.6337
vn 0.6337 -0.0453 0.7722
vn 0.4709 -0.0453 0.8810
vn 0.2900 -0.0453 0.9560
vn 0.2005 -0.0288 0.9793
vn -0.2005 -0.0288 0.9793
vn -0.2900 -0.0453 0.9560
vn -0.4709 -0.0453 0.8810
vn -0.6337 -0.0453 0.7722
vn -0.7722 -0.0453 0.6337
vn -0.8810 -0.0453 0.4709
vn -0.9560 -0.0453 0.2900
vn -0.9942 -0.0453 0.0979
vn -0.9942 -0.0453 -0.0979
vn -0.9560 -0.0453 -0.2900
vn -0.8810 -0.0453 -0.4709
vn -0.7722 -0.0453 -0.6337
vn -0.6337 -0.0453 -0.7722
vn -0.4709 -0.0453 -0.8810
vn 0.8811 0.0422 -0.4710
vn -0.2900 -0.0453 -0.9560
vn -0.2005 -0.0288 -0.9793
vn 0.8007 0.5939 -0.0789
vn 0.2900 0.0422 0.9561
vn -0.9943 0.0422 0.0979
vn 0.2900 0.0422 -0.9561
vn 0.8811 0.0422 0.4710
vn -0.6338 0.0422 0.7723
vn -0.6338 0.0422 -0.7723
vn 0.9561 0.0422 -0.2900
vn 0.1729 0.0305 0.9845
vn -0.9943 0.0422 -0.0979
vn 0.4710 0.0422 -0.8811
vn 0.7723 0.0422 0.6338
vn -0.7723 0.0422 0.6338
vn -0.4710 0.0422 -0.8811
vn 0.9943 0.0422 -0.0979
vn -0.1729 0.0305 0.9845
vn -0.9561 0.0422 -0.2900
vn 0.6338 0.0422 -0.7723
vn 0.6338 0.0422 0.7723
vn -0.8811 0.0422 0.4710
vn -0.2900 0.0422 -0.9561
vn 0.9943 0.0422 0.0979
vn -0.2900 0.0422 0.9561
vn -0.8811 0.0422 -0.4710
vn 0.7723 0.0422 -0.6338
vn 0.4710 0.0422 0.8811
vn -0.9561 0.0422 0.2900
vn 0.1729 0.0305 -0.9845
vn -0.1729 0.0305 -0.9845
vn 0.9561 0.0422 0.2900
vn -0.4710 0.0422 0.8811
vn -0.7723 0.0422 -0.6338
vn 0.2144 0.9736 0.0780
vn -0.0244 0.9964 0.0806
vn -0.0397 0.9964 0.0743
vn -0.0534 0.9964 0.0651
vn -0.0651 0.9964 0.0534
vn -0.0743 0.9964 0.0397
vn -0.0806 0.9964 0.0244
vn -0.0838 0.9964 0.0083
vn -0.0838 0.9964 -0.0083
vn -0.0806 0.9964 -0.0244
vn -0.0743 0.9964 -0.0397
vn -0.0651 0.9964 -0.0534
vn -0.0534 0.9964 -0.0651
vn -0.0397 0.9964 -0.0743
vn -0.0244 0.9964 -0.0806
vn 0.2144 0.9736 -0.0780
vn -0.2144 0.9736 -0.0780
vn 0.0244 0.9964 -0.0806
vn 0.0397 0.9964 -0.0743
vn 0.0534 0.9964 -0.0651
vn 0.0651 0.9964 -0.0534
vn 0.0743 0.9964 -0.0397
vn 0.0806 0.9964 -0.0244
vn 0.0838 0.9964 -0.0083
vn 0.0838 0.9964 0.0083
vn 0.0806 0.9964 0.0244
vn 0.0743 0.9964 0.0397
vn 0.0651 0.9964 0.0534
vn 0.0534 0.9964 0.0651
vn 0.0397 0.9964 0.0743
vn 0.0244 0.9964 0.0806
vn -0.2144 0.9736 0.0780
vn -0.7096 0.5939 -0.3793
vn 0.8007 0.5939 0.0789
vn -0.6219 0.5939 -0.5104
vn 0.7699 0.5939 0.2336
vn -0.5104 0.5939 -0.6219
vn 0.7096 0.5939 0.3793
vn -0.3793 0.5939 -0.7096
vn -0.3170 0.4360 0.8423
vn 0.6219 0.5939 0.5104
vn -0.2336 0.5939 -0.7699
vn -0.2336 0.5939 0.7699
vn 0.5104 0.5939 0.6219
vn -0.3170 0.4360 -0.8423
vn -0.3793 0.5939 0.7096
vn 0.3793 0.5939 0.7096
vn 0.3170 0.4360 -0.8423
vn -0.5104 0.5939 0.6219
vn 0.2336 0.5939 0.7699
vn 0.2336 0.5939 -0.7699
vn -0.6219 0.5939 0.5104
vn 0.3170 0.4360 0.8423
vn 0.3793 0.5939 -0.7096
vn -0.7096 0.5939 0.3793
vn 0.5104 0.5939 -0.6219
vn -0.7699 0.5939 0.2336
vn 0.6219 0.5939 -0.5104
vn -0.8007 0.5939 0.0789
vn 0.7096 0.5939 -0.3793
vn -0.8007 0.5939 -0.0789
vn 0.7699 0.5939 -0.2336
vn -0.7699 0.5939 -0.2336
vn 0.0897 -0.0013 -0.9960
vn 0.0924 0.0027 0.9957
vn 0.2948 0.0037 0.9555
vn 0.4816 0.0045 0.8764
vn 0.6433 0.0051 0.7656
vn 0.7803 0.0055 0.6254
vn 0.8873 0.0057 0.4611
vn 0.9602 0.0057 0.2791
vn 0.9962 0.0055 0.0865
vn 0.9940 0.0051 -0.1096
vn 0.9535 0.0045 -0.3014
vn 0.8764 0.0038 -0.4816
vn 0.7656 0.0029 -0.6433
vn 0.6254 0.0020 -0.7803
vn 0.4611 0.0010 -0.8873
vn 0.2788 -0.0002 -0.9603
vn 0.0768 -0.0000 0.9970
vn 0.2827 -0.0000 0.9592
vn -0.0014 -1.0000 0.0005
vn 0.0014 1.0000 -0.0004
vn -0.0005 1.0000 0.0001
vn 0.0082 -0.0011 -1.0000
vn -0.1870 -0.0020 -0.9824
vn -0.3751 -0.0029 -0.9270
vn -0.5487 -0.0036 -0.8360
vn -0.7013 -0.0042 -0.7129
vn -0.8269 -0.0046 -0.5624
vn -0.9207 -0.0048 -0.3903
vn -0.9791 -0.0048 -0.2032
vn -1.0000 -0.0046 -0.0082
vn -0.9824 -0.0042 0.1870
vn -0.9270 -0.0036 0.3751
vn -0.8360 -0.0029 0.5487
vn -0.7129 -0.0020 0.7013
vn -0.5624 -0.0011 0.8269
vn 0.1870 0.0030 0.9824
vn 0.3751 0.0038 0.9270
vn 0.5487 0.0045 0.8360
vn 0.7012 0.0051 0.7129
vn 0.8269 0.0055 0.5624
vn 0.9207 0.0057 0.3903
vn 0.9791 0.0057 0.2032
vn 1.0000 0.0055 0.0082
vn 0.9823 0.0051 -0.1870
vn 0.9270 0.0045 -0.3751
vn 0.8360 0.0038 -0.5487
vn 0.7129 0.0029 -0.7013
vn 0.5624 0.0020 -0.8269
vn 0.3903 0.0010 -0.9207
vn 0.2032 -0.0001 -0.9791
vn 0.0081 -0.0000 -1.0000
vn -0.1872 -0.0000 -0.9823
vn -0.3752 -0.0000 -0.9269
vn -0.5489 -0.0000 -0.8359
vn -0.7014 -0.0000 -0.7128
vn -0.8270 -0.0000 -0.5623
vn -0.9208 -0.0000 -0.3901
vn -0.9792 -0.0000 -0.2030
vn -1.0000 -0.0000 -0.0081
vn -0.9823 -0.0000 0.1872
vn -0.9269 -0.0000 0.3752
vn -0.8359 -0.0000 0.5489
vn -0.7128 -0.0000 0.7014
vn -0.5622 -0.0000 0.8270
vn -0.3901 -0.0000 0.9208
vn -0.2030 -0.0000 0.9792
vn -0.0081 -0.0000 1.0000
vn 0.1872 -0.0000 0.9823
vn 0.3752 -0.0000 0.9269
vn 0.5488 -0.0000 0.8359
vn 0.7014 -0.0000 0.7128
vn 0.8270 -0.0000 0.5622
vn 0.9208 -0.0000 0.3901
vn 0.9792 -0.0000 0.2030
vn 1.0000 -0.0000 0.0081
vn 0.9823 -0.0000 -0.1872
vn 0.9269 -0.0000 -0.3752
vn 0.8359 -0.0000 -0.5489
vn 0.7128 -0.0000 -0.7014
vn 0.5622 -0.0000 -0.8270
vn 0.3901 -0.0000 -0.9208
vn 0.2030 -0.0000 -0.9792
vn -0.3903 -0.0000 0.9207
vn -0.2032 0.0010 0.9791
vn -0.0082 0.0020 1.0000
vn 0.3248 -0.9270 -0.1875
vn -0.5147 0.0205 0.8571
vn 0.1903 0.2801 -0.9409
vn 0.7962 -0.5966 -0.1008
vn -0.6749 0.2203 0.7043
vn -0.0532 0.4532 -0.8898
vn -0.6647 0.6798 -0.3101
vn 0.7248 -0.6663 0.1755
vn -0.0694 -0.3710 0.9261
vn -0.5012 0.6618 -0.5575
vn 0.5897 -0.6783 0.4383
vn -0.2912 0.5844 -0.7574
vn -0.3067 -0.1830 0.9341
vn 0.6016 -0.1220 -0.7894
vn 0.4156 0.0820 -0.9059
vn 0.4010 -0.6303 0.6647
vn -0.8063 0.5420 0.2367
vn 0.7327 -0.3133 -0.6042
vn 0.1744 -0.5249 0.8331
vn -0.7744 0.3989 0.4911
vn 0.7990 -0.4757 -0.3679
vn -0.7689 0.6383 -0.0377
vn -0.4483 0.4279 0.7849
vn 0.9996 0.0205 0.0171
vn 0.9474 0.2211 0.2314
vn 0.8369 -0.3724 -0.4012
vn 0.1223 -0.6785 -0.7244
vn 0.9623 -0.1837 -0.2006
vn 0.3804 -0.6316 -0.6755
vn 0.6082 0.5443 0.5778
vn 0.6347 -0.5270 -0.5652
vn 0.8125 0.4006 0.4235
vn 0.3566 0.6398 0.6808
vn 0.9168 0.3993 -0.0042
vn 0.7668 0.6418 -0.0041
vn 0.2970 -0.9549 -0.0043
vn 0.9870 -0.1607 -0.0042
vn 0.5236 -0.8519 -0.0043
vn 0.9922 0.1244 -0.0042
vn 0.7428 -0.6695 -0.0043
vn 0.1100 0.9939 0.0009
vn 0.9015 -0.4327 -0.0043
vn 0.4956 0.8685 -0.0030
vn 0.1123 0.6798 0.7248
vn 0.1212 -0.9926 -0.0047
vn 0.1843 -0.9284 -0.3227
vn 0.7669 0.6418 -0.0041
vn 0.3105 -0.9505 -0.0043
vn 0.1286 0.9917 0.0008
vn 0.5104 0.8599 -0.0031
vn 0.1976 -0.9803 -0.0046
vn -0.1304 -0.0000 -0.9915
vn -0.1304 -0.0000 0.9915
vn 0.1304 -0.0000 0.9915
vn 0.1304 -0.0000 -0.9915
vn -0.8735 0.4791 -0.0860
vn -0.1259 0.0013 0.9920
vn 0.1259 0.0013 0.9920
vn -0.1259 0.0013 -0.9920
vn 0.1259 0.0013 -0.9920
vn 0.0220 0.9998 0.0025
vn 0.0220 0.9998 -0.0025
vn -0.0220 0.9998 -0.0025
vn -0.0220 0.9998 0.0025
vn 0.7741 0.4791 -0.4138
vn -0.8735 0.4791 0.0860
vn 0.6785 0.4791 -0.5568
vn -0.8400 0.4791 0.2548
vn 0.5568 0.4791 -0.6785
vn -0.7741 0.4791 0.4138
vn 0.4138 0.4791 -0.7741
vn 0.3834 0.3413 0.8582
vn -0.6785 0.4791 0.5568
vn 0.2548 0.4791 -0.8400
vn 0.2548 0.4791 0.8400
vn -0.5568 0.4791 0.6785
vn 0.3834 0.3413 -0.8582
vn 0.4138 0.4791 0.7741
vn -0.4138 0.4791 0.7741
vn -0.3834 0.3413 -0.8582
vn 0.5568 0.4791 0.6785
vn -0.2548 0.4791 0.8400
vn -0.2548 0.4791 -0.8400
vn 0.6785 0.4791 0.5568
vn -0.3834 0.3413 0.8582
vn -0.4138 0.4791 -0.7741
vn 0.7741 0.4791 0.4138
vn -0.5568 0.4791 -0.6785
vn 0.8400 0.4791 0.2548
vn -0.6785 0.4791 -0.5568
vn 0.8735 0.4791 0.0860
vn -0.7741 0.4791 -0.4138
vn 0.8735 0.4791 -0.0860
vn -0.8400 0.4791 -0.2548
vn 0.8400 0.4791 -0.2548
vt 1.000000 0.500000
vt 1.000000 0.750000
vt 0.984375 0.750000
vt 0.984375 0.500000
vt 1.000000 1.000000
vt 0.984375 1.000000
vt 0.968750 1.000000
vt 0.968750 0.750000
vt 0.968750 0.500000
vt 0.468750 0.500000
vt 0.468750 0.750000
vt 0.453125 0.750000
vt 0.453125 0.500000
vt 0.468750 1.000000
vt 0.453125 1.000000
vt 0.437500 1.000000
vt 0.437500 0.750000
vt 0.437500 0.500000
vt 0.421875 0.750000
vt 0.421875 0.500000
vt 0.421875 1.000000
vt 0.406250 1.000000
vt 0.406250 0.750000
vt 0.406250 0.500000
vt 0.390625 0.750000
vt 0.390625 0.500000
vt 0.390625 1.000000
vt 0.375000 1.000000
vt 0.375000 0.750000
vt 0.375000 0.500000
vt 0.359375 0.750000
vt 0.359375 0.500000
vt 0.359375 1.000000
vt 0.343750 1.000000
vt 0.343750 0.750000
vt 0.343750 0.500000
vt 0.328125 0.750000
vt 0.328125 0.500000
vt 0.328125 1.000000
vt 0.312500 1.000000
vt 0.312500 0.750000
vt 0.312500 0.500000
vt 0.296875 0.750000
vt 0.296875 0.500000
vt 0.296875 1.000000
vt 0.281250 1.000000
vt 0.281250 0.750000
vt 0.281250 0.500000
vt 0.265625 0.750000
vt 0.265625 0.500000
vt 0.265625 1.000000
vt 0.250000 1.000000
vt 0.250000 0.750000
vt 0.250000 0.500000
vt 0.234375 0.750000
vt 0.234375 0.500000
vt 0.234375 1.000000
vt 0.218750 1.000000
vt 0.218750 0.750000
vt 0.218750 0.500000
vt 0.203125 0.750000
vt 0.203125 0.500000
vt 0.203125 1.000000
vt 0.187500 1.000000
vt 0.187500 0.750000
vt 0.187500 0.500000
vt 0.171875 0.750000
vt 0.171875 0.500000
vt 0.171875 1.000000
vt 0.156250 1.000000
vt 0.156250 0.750000
vt 0.156250 0.500000
vt 0.140625 0.750000
vt 0.140625 0.500000
vt 0.140625 1.000000
vt 0.125000 1.000000
vt 0.125000 0.750000
vt 0.125000 0.500000
vt 0.109375 0.750000
vt 0.109375 0.500000
vt 0.109375 1.000000
vt 0.093750 1.000000
vt 0.093750 0.750000
vt 0.093750 0.500000
vt 0.078125 0.750000
vt 0.078125 0.500000
vt 0.078125 1.000000
vt 0.062500 1.000000
vt 0.062500 0.750000
vt 0.062500 0.500000
vt 0.046875 0.750000
vt 0.046875 0.500000
vt 0.046875 1.000000
vt 0.031250 1.000000
vt 0.031250 0.750000
vt 0.031250 0.500000
vt 0.015625 0.750000
vt 0.015625 0.500000
vt 0.015625 1.000000
vt 0.000000 1.000000
vt 0.000000 0.750000
vt 0.000000 0.500000
vt 0.437500 0.500000
vt 0.406250 0.500000
vt 0.375000 0.500000
vt 0.343750 0.500000
vt 0.312500 0.500000
vt 0.281250 0.500000
vt 0.250000 0.500000
vt 0.218750 0.500000
vt 0.187500 0.500000
vt 0.156250 0.500000
vt 0.125000 0.500000
vt 0.093750 0.500000
vt 0.062500 0.500000
vt 0.031250 0.500000
vt 0.484375 0.500000
vt 0.275214 0.500000
vt 0.968750 0.500000
vt 0.494894 0.500000
vt 0.484375 0.500000
vt 0.468750 0.500000
vt 0.437500 0.500000
vt 0.421875 0.500000
vt 0.343750 0.500000
vt 0.359375 0.500000
vt 0.328125 0.500000
vt 0.218750 0.500000
vt 0.187500 0.500000
vt 0.140625 0.500000
vt 0.078125 0.500000
vt 0.046875 0.500000
vt 0.968750 1.000000
vt 0.484375 1.000000
vt 0.275214 1.000000
vt 0.494894 1.000000
vt 0.484375 1.000000
vt 0.031250 1.000000
vt 0.046875 1.000000
vt 0.062500 1.000000
vt 0.078125 1.000000
vt 0.093750 1.000000
vt 0.125000 1.000000
vt 0.140625 1.000000
vt 0.156250 1.000000
vt 0.187500 1.000000
vt 0.218750 1.000000
vt 0.250000 1.000000
vt 0.281250 1.000000
vt 0.312500 1.000000
vt 0.328125 1.000000
vt 0.343750 1.000000
vt 0.359375 1.000000
vt 0.375000 1.000000
vt 0.406250 1.000000
vt 0.421875 1.000000
vt 0.437500 1.000000
vt 0.468750 1.000000
vt 0.494894 1.000000
vt 0.000000 0.000000
vt 0.968750 0.750000
vt 0.953125 0.750000
vt 0.953125 0.500000
vt 0.953125 1.000000
vt 0.937500 1.000000
vt 0.937500 0.750000
vt 0.937500 0.500000
vt 0.921875 0.750000
vt 0.921875 0.500000
vt 0.921875 1.000000
vt 0.906250 1.000000
vt 0.906250 0.750000
vt 0.906250 0.500000
vt 0.890625 0.750000
vt 0.890625 0.500000
vt 0.890625 1.000000
vt 0.875000 1.000000
vt 0.875000 0.750000
vt 0.875000 0.500000
vt 0.859375 0.750000
vt 0.859375 0.500000
vt 0.859375 1.000000
vt 0.843750 1.000000
vt 0.843750 0.750000
vt 0.843750 0.500000
vt 0.828125 0.750000
vt 0.828125 0.500000
vt 0.828125 1.000000
vt 0.812500 1.000000
vt 0.812500 0.750000
vt 0.812500 0.500000
vt 0.796875 0.750000
vt 0.796875 0.500000
vt 0.796875 1.000000
vt 0.781250 1.000000
vt 0.781250 0.750000
vt 0.781250 0.500000
vt 0.765625 0.750000
vt 0.765625 0.500000
vt 0.765625 1.000000
vt 0.750000 1.000000
vt 0.750000 0.750000
vt 0.750000 0.500000
vt 0.734375 0.750000
vt 0.734375 0.500000
vt 0.734375 1.000000
vt 0.718750 1.000000
vt 0.718750 0.750000
vt 0.718750 0.500000
vt 0.703125 0.750000
vt 0.703125 0.500000
vt 0.703125 1.000000
vt 0.687500 1.000000
vt 0.687500 0.750000
vt 0.687500 0.500000
vt 0.671875 0.750000
vt 0.671875 0.500000
vt 0.671875 1.000000
vt 0.656250 1.000000
vt 0.656250 0.750000
vt 0.656250 0.500000
vt 0.640625 0.750000
vt 0.640625 0.500000
vt 0.640625 1.000000
vt 0.625000 1.000000
vt 0.625000 0.750000
vt 0.625000 0.500000
vt 0.609375 0.750000
vt 0.609375 0.500000
vt 0.609375 1.000000
vt 0.593750 1.000000
vt 0.593750 0.750000
vt 0.593750 0.500000
vt 0.578125 0.750000
vt 0.578125 0.500000
vt 0.578125 1.000000
vt 0.562500 1.000000
vt 0.562500 0.750000
vt 0.562500 0.500000
vt 0.416667 0.646528
vt 0.447917 0.739653
vt 0.437500 1.000000
vt 0.343750 1.000000
vt 0.218750 1.000000
vt 0.187500 1.000000
vt 0.296822 0.485389
vt 0.273411 0.487694
vt 0.250000 0.250000
vt 0.319333 0.478560
vt 0.250000 0.490000
vt 0.226589 0.487694
vt 0.203178 0.485389
vt 0.180667 0.478560
vt 0.158156 0.471731
vt 0.137410 0.460642
vt 0.180667 0.478560
vt 0.116663 0.449553
vt 0.098479 0.434629
vt 0.137410 0.460642
vt 0.080294 0.419706
vt 0.065371 0.401521
vt 0.050447 0.383337
vt 0.039358 0.362590
vt 0.065371 0.401521
vt 0.028269 0.341844
vt 0.021440 0.319333
vt 0.039358 0.362590
vt 0.014612 0.296822
vt 0.012306 0.273411
vt 0.021440 0.319333
vt 0.010000 0.250000
vt 0.012306 0.226589
vt 0.014612 0.203178
vt 0.021440 0.180667
vt 0.028269 0.158156
vt 0.039358 0.137410
vt 0.021440 0.180667
vt 0.050447 0.116663
vt 0.065371 0.098479
vt 0.039358 0.137410
vt 0.080294 0.080294
vt 0.098479 0.065371
vt 0.116663 0.050447
vt 0.137410 0.039358
vt 0.158156 0.028269
vt 0.180667 0.021440
vt 0.137410 0.039358
vt 0.203178 0.014612
vt 0.226589 0.012306
vt 0.180667 0.021440
vt 0.250000 0.010000
vt 0.273411 0.012306
vt 0.296822 0.014612
vt 0.319333 0.021440
vt 0.341844 0.028269
vt 0.362590 0.039358
vt 0.319333 0.021440
vt 0.383337 0.050447
vt 0.401521 0.065371
vt 0.362590 0.039358
vt 0.419706 0.080294
vt 0.434629 0.098479
vt 0.401521 0.065371
vt 0.449553 0.116663
vt 0.460642 0.137410
vt 0.471731 0.158156
vt 0.478560 0.180667
vt 0.460642 0.137410
vt 0.485389 0.203178
vt 0.487694 0.226589
vt 0.478560 0.180667
vt 0.490000 0.250000
vt 0.487694 0.273411
vt 0.485389 0.296822
vt 0.478560 0.319333
vt 0.471731 0.341844
vt 0.460642 0.362590
vt 0.478560 0.319333
vt 0.449553 0.383337
vt 0.434629 0.401521
vt 0.460642 0.362590
vt 0.419706 0.419706
vt 0.401521 0.434629
vt 0.434629 0.401521
vt 0.383337 0.449553
vt 0.362590 0.460642
vt 0.401521 0.434629
vt 0.341844 0.471731
vt 0.319333 0.478560
vt 0.362590 0.460642
vt 0.562500 1.000000
vt 0.562500 0.500000
vt 0.546875 0.750000
vt 0.546875 0.500000
vt 0.546875 1.000000
vt 0.531250 1.000000
vt 0.531250 0.750000
vt 0.531250 0.500000
vt 0.515625 0.750000
vt 0.515625 0.500000
vt 0.515625 1.000000
vt 0.500000 1.000000
vt 0.500000 0.750000
vt 0.500000 0.500000
vt 0.484375 0.750000
vt 0.750000 0.490000
vt 0.773411 0.487694
vt 0.750000 0.250000
vt 0.726589 0.487694
vt 0.796822 0.485389
vt 0.819333 0.478560
vt 0.773411 0.487694
vt 0.841844 0.471731
vt 0.862591 0.460642
vt 0.883337 0.449553
vt 0.901521 0.434629
vt 0.919706 0.419706
vt 0.934629 0.401521
vt 0.949553 0.383337
vt 0.960642 0.362590
vt 0.934629 0.401521
vt 0.971731 0.341844
vt 0.978560 0.319333
vt 0.960642 0.362590
vt 0.985389 0.296822
vt 0.987694 0.273411
vt 0.978560 0.319333
vt 0.990000 0.250000
vt 0.987694 0.226589
vt 0.985389 0.203178
vt 0.978560 0.180667
vt 0.971731 0.158156
vt 0.960642 0.137410
vt 0.978560 0.180667
vt 0.949553 0.116663
vt 0.934629 0.098479
vt 0.960642 0.137410
vt 0.919706 0.080294
vt 0.901521 0.065371
vt 0.883337 0.050447
vt 0.862591 0.039358
vt 0.841844 0.028269
vt 0.819333 0.021440
vt 0.796822 0.014612
vt 0.773411 0.012306
vt 0.750000 0.010000
vt 0.726589 0.012306
vt 0.773411 0.012306
vt 0.703178 0.014612
vt 0.680667 0.021440
vt 0.726589 0.012306
vt 0.658156 0.028269
vt 0.637410 0.039358
vt 0.616663 0.050447
vt 0.598479 0.065371
vt 0.580294 0.080294
vt 0.565371 0.098479
vt 0.598479 0.065371
vt 0.550447 0.116663
vt 0.539358 0.137410
vt 0.528269 0.158156
vt 0.521440 0.180667
vt 0.539358 0.137410
vt 0.514612 0.203178
vt 0.512306 0.226589
vt 0.521440 0.180667
vt 0.510000 0.250000
vt 0.512306 0.273411
vt 0.514612 0.296822
vt 0.521440 0.319333
vt 0.528269 0.341844
vt 0.539358 0.362590
vt 0.521440 0.319333
vt 0.550447 0.383337
vt 0.565371 0.401521
vt 0.539358 0.362590
vt 0.580294 0.419706
vt 0.598479 0.434629
vt 0.565371 0.401521
vt 0.616663 0.449553
vt 0.637410 0.460642
vt 0.598479 0.434629
vt 0.658156 0.471731
vt 0.680667 0.478560
vt 0.703178 0.485389
vt 0.726589 0.487694
vt 0.452172 0.264134
vt 0.306138 0.140991
vt 0.292969 0.260417
vt 0.296822 0.014612
vt 0.195161 0.049601
vt 0.093750 0.083333
vt 0.142552 0.011424
vt 0.195161 0.049601
vt 0.125000 0.005000
vt 0.011719 0.010417
vt 0.359375 0.505000
vt 0.291667 0.367153
vt 0.416667 0.646528
vt 0.234375 0.250000
vt 0.452208 0.468803
vt 0.937500 0.500000
vt 0.906250 0.500000
vt 0.875000 0.500000
vt 0.843750 0.500000
vt 0.812500 0.500000
vt 0.781250 0.500000
vt 0.796875 0.500000
vt 0.750000 0.500000
vt 0.718750 0.500000
vt 0.734375 0.500000
vt 0.687500 0.500000
vt 0.656250 0.500000
vt 0.671875 0.500000
vt 0.625000 0.500000
vt 0.593750 0.500000
vt 0.609375 0.500000
vt 0.578125 0.500000
vt 0.093750 0.083333
vt 0.437500 0.500000
vt 0.375000 0.500000
vt 0.312500 0.500000
vt 0.218750 0.500000
vt 0.093750 0.500000
vt 1.000000 0.500000
vt 1.000000 0.750000
vt 0.984375 0.741320
vt 1.000000 1.000000
vt 0.984375 0.923611
vt 0.968750 0.916667
vt 0.968750 0.739583
vt 0.953125 0.739583
vt 0.953125 0.916667
vt 0.937500 0.916667
vt 0.937500 0.739583
vt 0.921875 0.739583
vt 0.921875 0.916667
vt 0.906250 0.916667
vt 0.906250 0.739583
vt 0.890625 0.739583
vt 0.890625 0.916667
vt 0.875000 0.916667
vt 0.875000 0.739583
vt 0.859375 0.739583
vt 0.859375 0.916667
vt 0.843750 0.916667
vt 0.843750 0.739583
vt 0.828125 0.739583
vt 0.828125 0.916667
vt 0.812500 0.916667
vt 0.812500 0.739583
vt 0.796875 0.739583
vt 0.796875 0.916667
vt 0.781250 0.916667
vt 0.781250 0.739583
vt 0.765625 0.739583
vt 0.765625 0.916667
vt 0.750000 0.916667
vt 0.750000 0.739583
vt 0.734375 0.739583
vt 0.734375 0.916667
vt 0.718750 0.916667
vt 0.718750 0.739583
vt 0.703125 0.739583
vt 0.703125 0.916667
vt 0.687500 0.916667
vt 0.687500 0.739583
vt 0.671875 0.739583
vt 0.671875 0.916667
vt 0.656250 0.916667
vt 0.656250 0.739583
vt 0.640625 0.739583
vt 0.640625 0.916667
vt 0.625000 0.916667
vt 0.625000 0.739583
vt 0.609375 0.739583
vt 0.609375 0.916667
vt 0.593750 0.916667
vt 0.593750 0.739583
vt 0.578125 0.739583
vt 0.578125 0.916667
vt 0.562500 0.916667
vt 0.562500 0.739583
vt 0.546875 0.739583
vt 0.546875 0.916667
vt 0.531250 0.916667
vt 0.531250 0.739583
vt 0.515625 0.741320
vt 0.515625 0.923611
vt 0.500000 0.750000
vt 0.484375 0.741320
vt 0.484375 0.923611
vt 0.468750 0.916667
vt 0.468750 0.739583
vt 0.453125 0.739583
vt 0.453125 0.916667
vt 0.437500 0.916667
vt 0.437500 0.739583
vt 0.421875 0.739583
vt 0.421875 0.916667
vt 0.406250 0.916667
vt 0.406250 0.739583
vt 0.390625 0.739583
vt 0.390625 0.916667
vt 0.375000 0.916667
vt 0.375000 0.739583
vt 0.359375 0.739583
vt 0.359375 0.916667
vt 0.343750 0.916667
vt 0.343750 0.739583
vt 0.328125 0.739583
vt 0.328125 0.916667
vt 0.312500 0.916667
vt 0.312500 0.739583
vt 0.296875 0.739583
vt 0.296875 0.916667
vt 0.281250 0.916667
vt 0.281250 0.739583
vt 0.265625 0.739583
vt 0.265625 0.916667
vt 0.250000 0.916667
vt 0.250000 0.739583
vt 0.234375 0.739583
vt 0.234375 0.916667
vt 0.218750 0.916667
vt 0.218750 0.739583
vt 0.203125 0.739583
vt 0.203125 0.916667
vt 0.187500 0.916667
vt 0.187500 0.739583
vt 0.171875 0.739583
vt 0.171875 0.916667
vt 0.156250 0.916667
vt 0.156250 0.739583
vt 0.140625 0.739583
vt 0.140625 0.916667
vt 0.125000 0.916667
vt 0.125000 0.739583
vt 0.109375 0.739583
vt 0.109375 0.916667
vt 0.093750 0.916667
vt 0.093750 0.739583
vt 0.078125 0.739583
vt 0.078125 0.916667
vt 0.062500 0.916667
vt 0.062500 0.739583
vt 0.812500 0.916667
vt 0.828125 0.916667
vt 0.828125 0.989583
vt 0.812500 0.989583
vt 0.843750 0.916667
vt 0.843750 0.989583
vt 0.046875 0.739583
vt 0.046875 0.916667
vt 0.031250 0.916667
vt 0.031250 0.739583
vt 0.015625 0.741320
vt 0.015625 0.923611
vt 0.000000 1.000000
vt 0.000000 0.750000
vt 0.000000 0.500000
vt 0.045946 0.250000
vt 0.046929 0.229999
vt 0.059611 0.231248
vt 0.057182 0.250000
vt 0.049866 0.210191
vt 0.060887 0.212383
vt 0.089054 0.217986
vt 0.105210 0.235739
vt 0.085901 0.250000
vt 0.531250 0.916667
vt 0.546875 0.916667
vt 0.546875 0.989583
vt 0.531250 0.989583
vt 0.562500 0.916667
vt 0.562500 0.989583
vt 0.250000 0.916667
vt 0.265625 0.916667
vt 0.265625 0.989583
vt 0.250000 0.989583
vt 0.281250 0.916667
vt 0.281250 0.989583
vt 0.937500 0.916667
vt 0.953125 0.916667
vt 0.953125 0.989583
vt 0.937500 0.989583
vt 0.968750 0.916667
vt 0.968750 0.989583
vt 0.656250 0.916667
vt 0.671875 0.916667
vt 0.671875 0.989583
vt 0.656250 0.989583
vt 0.687500 0.916667
vt 0.687500 0.989583
vt 0.671875 1.000000
vt 0.375000 0.916667
vt 0.390625 0.916667
vt 0.390625 0.989583
vt 0.375000 0.989583
vt 0.406250 0.916667
vt 0.406250 0.989583
vt 0.093750 0.916667
vt 0.109375 0.916667
vt 0.109375 0.989583
vt 0.093750 0.989583
vt 0.125000 0.916667
vt 0.125000 0.989583
vt 0.781250 0.916667
vt 0.796875 0.916667
vt 0.796875 0.989583
vt 0.781250 0.989583
vt 0.796875 1.000000
vt 0.515625 0.923611
vt 0.515625 0.991320
vt 0.500000 1.000000
vt 0.218750 0.916667
vt 0.234375 0.916667
vt 0.234375 0.989583
vt 0.218750 0.989583
vt 0.906250 0.916667
vt 0.921875 0.916667
vt 0.921875 0.989583
vt 0.906250 0.989583
vt 0.625000 0.916667
vt 0.640625 0.916667
vt 0.640625 0.989583
vt 0.625000 0.989583
vt 0.343750 0.916667
vt 0.359375 0.916667
vt 0.359375 0.989583
vt 0.343750 0.989583
vt 0.062500 0.916667
vt 0.078125 0.916667
vt 0.078125 0.989583
vt 0.062500 0.989583
vt 0.750000 0.916667
vt 0.765625 0.916667
vt 0.765625 0.989583
vt 0.750000 0.989583
vt 0.468750 0.916667
vt 0.484375 0.923611
vt 0.484375 0.991320
vt 0.468750 0.989583
vt 0.187500 0.916667
vt 0.203125 0.916667
vt 0.203125 0.989583
vt 0.187500 0.989583
vt 0.875000 0.916667
vt 0.890625 0.916667
vt 0.890625 0.989583
vt 0.875000 0.989583
vt 0.593750 0.916667
vt 0.609375 0.916667
vt 0.609375 0.989583
vt 0.593750 0.989583
vt 0.609375 1.000000
vt 0.312500 0.916667
vt 0.328125 0.916667
vt 0.328125 0.989583
vt 0.312500 0.989583
vt 0.031250 0.916667
vt 0.046875 0.916667
vt 0.046875 0.989583
vt 0.031250 0.989583
vt 0.718750 0.916667
vt 0.734375 0.916667
vt 0.734375 0.989583
vt 0.718750 0.989583
vt 0.734375 1.000000
vt 0.437500 0.916667
vt 0.453125 0.916667
vt 0.453125 0.989583
vt 0.437500 0.989583
vt 0.156250 0.916667
vt 0.171875 0.916667
vt 0.171875 0.989583
vt 0.156250 0.989583
vt 0.859375 0.916667
vt 0.859375 0.989583
vt 0.578125 0.916667
vt 0.578125 0.989583
vt 0.578125 1.000000
vt 0.296875 0.916667
vt 0.296875 0.989583
vt 0.984375 0.923611
vt 0.984375 0.991320
vt 0.015625 0.923611
vt 0.015625 0.991320
vt 0.703125 0.916667
vt 0.703125 0.989583
vt 0.421875 0.916667
vt 0.421875 0.989583
vt 0.140625 0.916667
vt 0.140625 0.989583
vt 0.250000 0.448444
vt 0.270001 0.452658
vt 0.271440 0.467687
vt 0.250000 0.469222
vt 0.289809 0.450134
vt 0.292687 0.464602
vt 0.296822 0.485388
vt 0.250000 0.490000
vt 0.309234 0.445267
vt 0.313497 0.459322
vt 0.328088 0.438522
vt 0.333733 0.452150
vt 0.341844 0.471731
vt 0.346190 0.429959
vt 0.353114 0.442912
vt 0.363367 0.419665
vt 0.371562 0.431931
vt 0.383337 0.449553
vt 0.379450 0.407736
vt 0.388768 0.419089
vt 0.394288 0.394288
vt 0.404719 0.404719
vt 0.419706 0.419706
vt 0.407736 0.379450
vt 0.419089 0.388768
vt 0.419665 0.363367
vt 0.431931 0.371562
vt 0.449553 0.383337
vt 0.429959 0.346190
vt 0.442912 0.353114
vt 0.438522 0.328088
vt 0.452150 0.333733
vt 0.471731 0.341844
vt 0.445267 0.309234
vt 0.459322 0.313497
vt 0.450134 0.289809
vt 0.464602 0.292687
vt 0.485388 0.296822
vt 0.453071 0.270001
vt 0.467688 0.271440
vt 0.454054 0.250000
vt 0.468806 0.250000
vt 0.490000 0.250000
vt 0.453071 0.229999
vt 0.467688 0.228560
vt 0.450134 0.210191
vt 0.464602 0.207313
vt 0.485388 0.203178
vt 0.445267 0.190766
vt 0.459322 0.186503
vt 0.438522 0.171912
vt 0.452150 0.166267
vt 0.471731 0.158156
vt 0.429959 0.153810
vt 0.442912 0.146886
vt 0.419665 0.136633
vt 0.431931 0.128438
vt 0.449553 0.116663
vt 0.407736 0.120550
vt 0.419089 0.111232
vt 0.394288 0.105712
vt 0.404719 0.095281
vt 0.419706 0.080294
vt 0.379450 0.092264
vt 0.388768 0.080911
vt 0.363367 0.080335
vt 0.371562 0.068069
vt 0.383337 0.050447
vt 0.346190 0.070041
vt 0.353114 0.057088
vt 0.328088 0.061478
vt 0.333733 0.047850
vt 0.341844 0.028269
vt 0.309234 0.054733
vt 0.313497 0.040678
vt 0.289809 0.049866
vt 0.292687 0.035398
vt 0.270001 0.047342
vt 0.271440 0.032313
vt 0.250000 0.051556
vt 0.250000 0.030778
vt 0.250000 0.010000
vt 0.229999 0.047342
vt 0.228560 0.032313
vt 0.210191 0.049866
vt 0.207313 0.035398
vt 0.203178 0.014612
vt 0.190766 0.054733
vt 0.186503 0.040678
vt 0.171912 0.061478
vt 0.166267 0.047850
vt 0.158156 0.028269
vt 0.153810 0.070041
vt 0.146886 0.057088
vt 0.136633 0.080335
vt 0.128438 0.068069
vt 0.116663 0.050447
vt 0.120550 0.092264
vt 0.111232 0.080911
vt 0.105712 0.105712
vt 0.095281 0.095281
vt 0.080294 0.080294
vt 0.092264 0.120550
vt 0.080911 0.111232
vt 0.080335 0.136633
vt 0.068069 0.128438
vt 0.050447 0.116663
vt 0.070041 0.153810
vt 0.057088 0.146886
vt 0.061478 0.171912
vt 0.047850 0.166267
vt 0.028269 0.158156
vt 0.054733 0.190766
vt 0.040678 0.186503
vt 0.035398 0.207313
vt 0.014612 0.203178
vt 0.046929 0.229999
vt 0.032312 0.228560
vt 0.031194 0.250000
vt 0.010000 0.250000
vt 0.046929 0.270001
vt 0.032312 0.271440
vt 0.049866 0.289809
vt 0.035398 0.292687
vt 0.014612 0.296822
vt 0.054733 0.309234
vt 0.040678 0.313497
vt 0.061478 0.328088
vt 0.047850 0.333733
vt 0.028269 0.341844
vt 0.070041 0.346190
vt 0.057088 0.353114
vt 0.080335 0.363367
vt 0.068069 0.371562
vt 0.050447 0.383337
vt 0.092264 0.379450
vt 0.080911 0.388768
vt 0.105712 0.394288
vt 0.095281 0.404719
vt 0.080294 0.419706
vt 0.120550 0.407736
vt 0.111232 0.419089
vt 0.136633 0.419665
vt 0.128438 0.431931
vt 0.116663 0.449553
vt 0.153810 0.429959
vt 0.146886 0.442912
vt 0.171912 0.438522
vt 0.166267 0.452150
vt 0.158156 0.471731
vt 0.190766 0.445267
vt 0.186503 0.459322
vt 0.210191 0.450134
vt 0.207313 0.464602
vt 0.203178 0.485388
vt 0.229999 0.452658
vt 0.228560 0.467688
vt 0.282014 0.410946
vt 0.264261 0.397408
vt 0.250000 0.250000
vt 0.292234 0.389226
vt 0.235739 0.397408
vt 0.217986 0.410946
vt 0.207766 0.389226
vt 0.235739 0.397408
vt 0.187202 0.401608
vt 0.181416 0.378312
vt 0.158832 0.386443
vt 0.157702 0.362466
vt 0.181416 0.378312
vt 0.133965 0.366035
vt 0.137534 0.342299
vt 0.157702 0.362466
vt 0.113557 0.341168
vt 0.121689 0.318584
vt 0.137534 0.342298
vt 0.098392 0.312798
vt 0.110774 0.292234
vt 0.121688 0.318584
vt 0.089054 0.282014
vt 0.105210 0.264261
vt 0.110774 0.292234
vt 0.110774 0.207766
vt 0.098392 0.187202
vt 0.121688 0.181416
vt 0.110774 0.207766
vt 0.113557 0.158832
vt 0.137534 0.157702
vt 0.121689 0.181416
vt 0.133965 0.133965
vt 0.157702 0.137534
vt 0.137534 0.157702
vt 0.158832 0.113557
vt 0.181416 0.121689
vt 0.187202 0.098392
vt 0.207766 0.110774
vt 0.181416 0.121688
vt 0.217986 0.089054
vt 0.235739 0.102592
vt 0.207766 0.110774
vt 0.264261 0.102592
vt 0.235739 0.102592
vt 0.282014 0.089054
vt 0.292234 0.110774
vt 0.264261 0.102592
vt 0.312798 0.098392
vt 0.318584 0.121688
vt 0.292234 0.110774
vt 0.341168 0.113557
vt 0.342299 0.137534
vt 0.318584 0.121689
vt 0.366035 0.133965
vt 0.362466 0.157702
vt 0.342299 0.137534
vt 0.386443 0.158832
vt 0.378312 0.181416
vt 0.362466 0.157702
vt 0.401608 0.187202
vt 0.389226 0.207766
vt 0.378312 0.181416
vt 0.410946 0.217986
vt 0.394790 0.235739
vt 0.389226 0.207766
vt 0.414099 0.250000
vt 0.394790 0.264261
vt 0.394790 0.235739
vt 0.410946 0.282014
vt 0.389226 0.292234
vt 0.394790 0.264261
vt 0.401608 0.312798
vt 0.378312 0.318584
vt 0.389226 0.292234
vt 0.386443 0.341168
vt 0.362466 0.342299
vt 0.378312 0.318584
vt 0.366035 0.366035
vt 0.342299 0.362466
vt 0.341168 0.386443
vt 0.318584 0.378312
vt 0.342298 0.362466
vt 0.312798 0.401608
vt 0.318584 0.378312
vt 0.419665 0.136633
vt 0.429959 0.153810
vt 0.418720 0.159817
vt 0.410322 0.142876
vt 0.438522 0.171912
vt 0.428141 0.176212
vt 0.049866 0.289809
vt 0.046929 0.270001
vt 0.059611 0.268752
vt 0.060887 0.287617
vt 0.394288 0.105712
vt 0.407736 0.120550
vt 0.397884 0.128634
vt 0.386343 0.113657
vt 0.054733 0.309234
vt 0.066928 0.305534
vt 0.071859 0.323788
vt 0.363367 0.080335
vt 0.379450 0.092264
vt 0.371366 0.102116
vt 0.357124 0.089678
vt 0.080335 0.363367
vt 0.070041 0.346190
vt 0.081280 0.340183
vt 0.089678 0.357124
vt 0.328088 0.061478
vt 0.346190 0.070041
vt 0.340183 0.081280
vt 0.323788 0.071859
vt 0.289809 0.450134
vt 0.270001 0.452658
vt 0.268752 0.441025
vt 0.287617 0.439113
vt 0.250000 0.448444
vt 0.105712 0.394288
vt 0.102116 0.371366
vt 0.113657 0.386343
vt 0.289809 0.049866
vt 0.309234 0.054733
vt 0.305534 0.066928
vt 0.287617 0.060887
vt 0.305534 0.433072
vt 0.323788 0.428141
vt 0.120550 0.407736
vt 0.128634 0.397884
vt 0.142876 0.410322
vt 0.268752 0.058975
vt 0.250000 0.051556
vt 0.363367 0.419665
vt 0.346190 0.429959
vt 0.340183 0.418720
vt 0.357124 0.410322
vt 0.171912 0.438522
vt 0.153810 0.429959
vt 0.159817 0.418720
vt 0.176212 0.428141
vt 0.210191 0.049866
vt 0.229999 0.047342
vt 0.231248 0.058975
vt 0.212383 0.060887
vt 0.394288 0.394288
vt 0.379450 0.407736
vt 0.371366 0.397884
vt 0.386343 0.386343
vt 0.210191 0.450134
vt 0.190766 0.445267
vt 0.194466 0.433072
vt 0.212383 0.439113
vt 0.171912 0.061478
vt 0.190766 0.054733
vt 0.194466 0.066928
vt 0.176212 0.071859
vt 0.419665 0.363367
vt 0.407736 0.379450
vt 0.397884 0.371366
vt 0.410322 0.357124
vt 0.229999 0.452658
vt 0.231248 0.441025
vt 0.136633 0.080335
vt 0.153810 0.070041
vt 0.159817 0.081280
vt 0.142876 0.089678
vt 0.438522 0.328088
vt 0.429959 0.346190
vt 0.418720 0.340183
vt 0.428141 0.323788
vt 0.105712 0.105712
vt 0.128634 0.102116
vt 0.113657 0.113657
vt 0.445267 0.309234
vt 0.433072 0.305534
vt 0.439113 0.287617
vt 0.080335 0.136633
vt 0.092264 0.120550
vt 0.102116 0.128634
vt 0.089678 0.142876
vt 0.454054 0.250000
vt 0.453071 0.270001
vt 0.440389 0.268752
vt 0.442818 0.250000
vt 0.061478 0.171912
vt 0.070041 0.153810
vt 0.081280 0.159817
vt 0.071859 0.176212
vt 0.453071 0.229999
vt 0.440389 0.231248
vt 0.439113 0.212383
vt 0.054733 0.190766
vt 0.066928 0.194466
vt 0.445267 0.190766
vt 0.433072 0.194466
vt 0.437500 0.750000
vt 0.406250 0.750000
vt 0.390625 0.750000
vt 0.312500 0.750000
vt 0.296875 0.750000
vt 0.281250 0.750000
vt 0.250000 0.750000
vt 0.203125 0.750000
vt 0.187500 0.750000
vt 0.140625 0.750000
vt 0.109375 0.750000
vt 0.093750 0.750000
vt 0.031250 0.750000
vt 0.275214 0.500000
vt 0.494894 0.500000
vt 0.275214 1.000000
vt 0.437500 1.000000
vt 0.375000 1.000000
vt 0.312500 1.000000
vt 0.218750 1.000000
vt 0.093750 1.000000
vt 0.953125 0.750000
vt 0.937500 0.750000
vt 0.921875 0.750000
vt 0.859375 0.750000
vt 0.843750 0.750000
vt 0.812500 0.750000
vt 0.796875 0.750000
vt 0.765625 0.750000
vt 0.734375 0.750000
vt 0.703125 0.750000
vt 0.656250 0.750000
vt 0.609375 0.750000
vt 0.593750 0.750000
vt 0.578125 0.750000
vt 0.447917 0.739653
vt 0.531250 0.750000
vt 0.484375 0.750000
vt 0.306138 0.140991
vt 0.142552 0.011424
vt 0.291667 0.367153
vt 0.452208 0.468803
vt 0.812500 1.000000
vt 0.828125 1.000000
vt 0.843750 1.000000
vt 0.051556 0.250000
vt 0.052615 0.250000
vt 0.053673 0.230663
vt 0.053463 0.230643
vt 0.055369 0.211286
vt 0.056408 0.211492
vt 0.531250 1.000000
vt 0.546875 1.000000
vt 0.562500 1.000000
vt 0.250000 1.000000
vt 0.265625 1.000000
vt 0.281250 1.000000
vt 0.937500 1.000000
vt 0.953125 1.000000
vt 0.968750 1.000000
vt 0.656250 1.000000
vt 0.671875 1.000000
vt 0.687500 1.000000
vt 0.375000 1.000000
vt 0.390625 1.000000
vt 0.406250 1.000000
vt 0.109375 1.000000
vt 0.781250 1.000000
vt 0.796875 1.000000
vt 0.515625 1.000000
vt 0.234375 1.000000
vt 0.906250 1.000000
vt 0.921875 1.000000
vt 0.640625 1.000000
vt 0.359375 1.000000
vt 0.062500 1.000000
vt 0.078125 1.000000
vt 0.750000 1.000000
vt 0.765625 1.000000
vt 0.484375 1.000000
vt 0.187500 1.000000
vt 0.203125 1.000000
vt 0.890625 1.000000
vt 0.609375 1.000000
vt 0.312500 1.000000
vt 0.328125 1.000000
vt 0.046875 1.000000
vt 0.718750 1.000000
vt 0.734375 1.000000
vt 0.437500 1.000000
vt 0.453125 1.000000
vt 0.156250 1.000000
vt 0.171875 1.000000
vt 0.859375 1.000000
vt 0.578125 1.000000
vt 0.296875 1.000000
vt 0.984375 1.000000
vt 0.015625 1.000000
vt 0.703125 1.000000
vt 0.421875 1.000000
vt 0.140625 1.000000
vt 0.271361 0.467001
vt 0.269357 0.446537
vt 0.292540 0.463862
vt 0.288714 0.444631
vt 0.313263 0.458549
vt 0.307328 0.438984
vt 0.333445 0.451454
vt 0.325941 0.433338
vt 0.352733 0.442200
vt 0.343095 0.424169
vt 0.371143 0.431304
vt 0.360249 0.415000
vt 0.388256 0.418465
vt 0.375285 0.402661
vt 0.404186 0.404186
vt 0.390321 0.390321
vt 0.418465 0.388255
vt 0.402661 0.375285
vt 0.431303 0.371143
vt 0.415000 0.360249
vt 0.442200 0.352733
vt 0.424169 0.343095
vt 0.451454 0.333445
vt 0.433338 0.325941
vt 0.458549 0.313263
vt 0.438985 0.307328
vt 0.463862 0.292540
vt 0.444631 0.288714
vt 0.466884 0.271361
vt 0.446537 0.269357
vt 0.468052 0.250000
vt 0.448444 0.250000
vt 0.466884 0.228639
vt 0.446537 0.230643
vt 0.463862 0.207460
vt 0.444631 0.211286
vt 0.458549 0.186737
vt 0.438984 0.192672
vt 0.451454 0.166555
vt 0.433338 0.174059
vt 0.442200 0.147267
vt 0.424169 0.156905
vt 0.431304 0.128857
vt 0.415000 0.139751
vt 0.418465 0.111745
vt 0.402661 0.124715
vt 0.404186 0.095814
vt 0.390321 0.109679
vt 0.388256 0.081535
vt 0.375285 0.097340
vt 0.371143 0.068697
vt 0.360249 0.085000
vt 0.352733 0.057800
vt 0.343095 0.075831
vt 0.333445 0.048546
vt 0.325941 0.066662
vt 0.313263 0.041451
vt 0.307328 0.061016
vt 0.292540 0.036138
vt 0.288714 0.055369
vt 0.271361 0.032999
vt 0.269357 0.053463
vt 0.228639 0.032999
vt 0.230643 0.053463
vt 0.207460 0.036138
vt 0.211286 0.055369
vt 0.186737 0.041451
vt 0.192672 0.061016
vt 0.166555 0.048546
vt 0.174059 0.066662
vt 0.147267 0.057800
vt 0.156905 0.075831
vt 0.128857 0.068697
vt 0.139751 0.085000
vt 0.111745 0.081535
vt 0.124715 0.097340
vt 0.095814 0.095814
vt 0.109679 0.109679
vt 0.081535 0.111745
vt 0.097340 0.124715
vt 0.068697 0.128857
vt 0.085000 0.139751
vt 0.057800 0.147267
vt 0.075831 0.156905
vt 0.048546 0.166555
vt 0.066662 0.174059
vt 0.041451 0.186737
vt 0.061016 0.192672
vt 0.036138 0.207460
vt 0.033116 0.228639
vt 0.031948 0.250000
vt 0.033116 0.271361
vt 0.053463 0.269357
vt 0.036138 0.292540
vt 0.055369 0.288714
vt 0.041451 0.313263
vt 0.061016 0.307328
vt 0.048546 0.333445
vt 0.066662 0.325941
vt 0.057800 0.352733
vt 0.075831 0.343095
vt 0.068697 0.371143
vt 0.085000 0.360249
vt 0.081535 0.388256
vt 0.097340 0.375285
vt 0.095814 0.404186
vt 0.109679 0.390321
vt 0.111745 0.418465
vt 0.124715 0.402661
vt 0.128857 0.431303
vt 0.139751 0.415000
vt 0.147267 0.442200
vt 0.156905 0.424169
vt 0.166555 0.451454
vt 0.174059 0.433338
vt 0.186737 0.458549
vt 0.192672 0.438984
vt 0.207460 0.463862
vt 0.211286 0.444631
vt 0.228639 0.467001
vt 0.230643 0.446537
vt 0.288714 0.444631
vt 0.250000 0.250000
vt 0.269357 0.446537
vt 0.325941 0.433338
vt 0.360250 0.415000
vt 0.343095 0.424169
vt 0.390321 0.390321
vt 0.415000 0.360249
vt 0.402661 0.375285
vt 0.433338 0.325941
vt 0.444631 0.288714
vt 0.438984 0.307328
vt 0.448444 0.250000
vt 0.444631 0.211286
vt 0.433338 0.174059
vt 0.438985 0.192672
vt 0.415000 0.139751
vt 0.390321 0.109679
vt 0.360250 0.085000
vt 0.325941 0.066662
vt 0.288714 0.055369
vt 0.250000 0.051556
vt 0.211286 0.055369
vt 0.174059 0.066662
vt 0.192672 0.061016
vt 0.139751 0.085000
vt 0.156905 0.075831
vt 0.109679 0.109679
vt 0.085000 0.139751
vt 0.097340 0.124715
vt 0.066662 0.174059
vt 0.055369 0.211286
vt 0.061016 0.192672
vt 0.051556 0.250000
vt 0.055369 0.288714
vt 0.066662 0.325941
vt 0.085000 0.360250
vt 0.109679 0.390321
vt 0.139751 0.415000
vt 0.124715 0.402661
vt 0.174059 0.433338
vt 0.211286 0.444631
vt 0.192672 0.438984
vt 0.414119 0.140339
vt 0.423983 0.157004
vt 0.432360 0.174464
vt 0.056408 0.288508
vt 0.053673 0.269337
vt 0.389572 0.110428
vt 0.402498 0.124849
vt 0.067640 0.325536
vt 0.061217 0.307267
vt 0.359661 0.085881
vt 0.375151 0.097503
vt 0.085881 0.359661
vt 0.076017 0.342996
vt 0.325536 0.067640
vt 0.342996 0.076017
vt 0.288508 0.443592
vt 0.269337 0.446433
vt 0.110428 0.389572
vt 0.097503 0.375152
vt 0.288508 0.056408
vt 0.307267 0.061217
vt 0.325536 0.432360
vt 0.307267 0.438783
vt 0.140339 0.414119
vt 0.124849 0.402498
vt 0.269337 0.053567
vt 0.359661 0.414119
vt 0.342996 0.423983
vt 0.174464 0.432360
vt 0.157004 0.423983
vt 0.211492 0.056408
vt 0.230663 0.053567
vt 0.389572 0.389572
vt 0.375152 0.402498
vt 0.211492 0.443592
vt 0.192733 0.438783
vt 0.174464 0.067640
vt 0.192733 0.061217
vt 0.414119 0.359661
vt 0.402498 0.375151
vt 0.230663 0.446433
vt 0.140339 0.085881
vt 0.157004 0.076017
vt 0.432360 0.325536
vt 0.423983 0.342996
vt 0.110428 0.110428
vt 0.124849 0.097503
vt 0.443592 0.288508
vt 0.438783 0.307267
vt 0.085881 0.140339
vt 0.097503 0.124849
vt 0.447385 0.250000
vt 0.446328 0.269337
vt 0.067640 0.174464
vt 0.076017 0.157004
vt 0.443592 0.211492
vt 0.446327 0.230663
vt 0.061217 0.192733
vt 0.438783 0.192733
s 1
usemtl Material.002
f 257/34/198 1653/35/1318 3858/36/2883 1651/37/1316
f 1653/35/1318 258/38/199 1652/39/1317 3858/36/2883
f 3858/36/2883 1652/39/1317 260/40/201 1654/41/1319
f 1651/37/1316 3858/36/2883 1654/41/1319 259/42/200
f 261/43/202 1655/44/1320 3859/45/2884 1656/46/1321
f 1655/44/1320 262/47/203 1657/48/1322 3859/45/2884
f 3859/45/2884 1657/48/1322 264/49/205 1658/50/1323
f 1656/46/1321 3859/45/2884 1658/50/1323 263/51/204
f 263/51/204 1658/50/1323 3860/52/2885 1659/53/1324
f 1658/50/1323 264/49/205 1660/54/1325 3860/52/2885
f 3860/52/2885 1660/54/1325 266/55/207 1661/56/1326
f 1659/53/1324 3860/52/2885 1661/56/1326 265/57/206
f 265/57/206 1661/56/1326 3861/58/2886 1662/59/1327
f 1661/56/1326 266/55/207 1663/60/1328 3861/58/2886
f 3861/58/2886 1663/60/1328 268/61/209 1664/62/1329
f 1662/59/1327 3861/58/2886 1664/62/1329 267/63/208
f 267/63/208 1664/62/1329 3862/64/2887 1665/65/1330
f 1664/62/1329 268/61/209 1666/66/1331 3862/64/2887
f 3862/64/2887 1666/66/1331 270/67/211 1667/68/1332
f 1665/65/1330 3862/64/2887 1667/68/1332 269/69/210
f 269/69/210 1667/68/1332 3863/70/2888 1668/71/1333
f 1667/68/1332 270/67/211 1669/72/1334 3863/70/2888
f 3863/70/2888 1669/72/1334 272/73/213 1670/74/1335
f 1668/71/1333 3863/70/2888 1670/74/1335 271/75/212
f 271/75/212 1670/74/1335 3864/76/2889 1671/77/1336
f 1670/74/1335 272/73/213 1672/78/1337 3864/76/2889
f 3864/76/2889 1672/78/1337 274/79/215 1673/80/1338
f 1671/77/1336 3864/76/2889 1673/80/1338 273/81/214
f 273/81/214 1673/80/1338 3865/82/2890 1674/83/1339
f 1673/80/1338 274/79/215 1675/84/1340 3865/82/2890
f 3865/82/2890 1675/84/1340 276/85/217 1676/86/1341
f 1674/83/1339 3865/82/2890 1676/86/1341 275/87/216
f 275/87/216 1676/86/1341 3866/88/2891 1677/89/1342
f 1676/86/1341 276/85/217 1678/90/1343 3866/88/2891
f 3866/88/2891 1678/90/1343 278/91/219 1679/92/1344
f 1677/89/1342 3866/88/2891 1679/92/1344 277/93/218
f 277/93/218 1679/92/1344 3867/94/2892 1680/95/1345
f 1679/92/1344 278/91/219 1681/96/1346 3867/94/2892
f 3867/94/2892 1681/96/1346 280/97/221 1682/98/1347
f 1680/95/1345 3867/94/2892 1682/98/1347 279/99/220
f 279/99/220 1682/98/1347 3868/100/2893 1683/101/1348
f 1682/98/1347 280/97/221 1684/102/1349 3868/100/2893
f 3868/100/2893 1684/102/1349 282/103/223 1685/104/1350
f 1683/101/1348 3868/100/2893 1685/104/1350 281/105/222
f 281/105/222 1685/104/1350 3869/106/2894 1686/107/1351
f 1685/104/1350 282/103/223 1687/108/1352 3869/106/2894
f 3869/106/2894 1687/108/1352 284/109/225 1688/110/1353
f 1686/107/1351 3869/106/2894 1688/110/1353 283/111/224
f 283/111/224 1688/110/1353 3870/112/2895 1689/113/1354
f 1688/110/1353 284/109/225 1690/114/1355 3870/112/2895
f 3870/112/2895 1690/114/1355 286/115/227 1691/116/1356
f 1689/113/1354 3870/112/2895 1691/116/1356 285/117/226
f 285/117/226 1691/116/1356 3871/118/2896 1692/119/1357
f 1691/116/1356 286/115/227 1693/120/1358 3871/118/2896
f 3871/118/2896 1693/120/1358 288/121/229 1694/122/1359
f 1692/119/1357 3871/118/2896 1694/122/1359 287/123/228
f 287/123/228 1694/122/1359 3872/124/2897 1695/125/1360
f 1694/122/1359 288/121/229 1696/126/1361 3872/124/2897
f 3872/124/2897 1696/126/1361 290/127/231 1697/128/1362
f 1695/125/1360 3872/124/2897 1697/128/1362 289/129/230
f 289/129/230 1697/128/1362 3873/130/2898 1698/131/1363
f 1697/128/1362 290/127/231 1699/132/1364 3873/130/2898
f 3873/130/2898 1699/132/1364 258/133/199 1653/134/1318
f 1698/131/1363 3873/130/2898 1653/134/1318 257/135/198
f 291/34/232 1702/35/232 3874/36/1365 1700/37/1365
f 1702/35/232 292/38/233 1701/39/1366 3874/36/1365
f 3874/36/1365 1701/39/1366 294/40/235 1703/41/234
f 1700/37/1365 3874/36/1365 1703/41/234 293/42/234
f 295/43/236 1704/44/236 3875/45/2899 1705/46/1367
f 1704/44/236 296/47/237 1706/48/1368 3875/45/2899
f 3875/45/2899 1706/48/1368 298/49/239 1707/50/1369
f 1705/46/1367 3875/45/2899 1707/50/1369 297/136/238
f 297/136/238 1707/50/1369 3876/52/2900 1708/53/1370
f 1707/50/1369 298/49/239 1709/54/1371 3876/52/2900
f 3876/52/2900 1709/54/1371 300/55/241 1710/56/240
f 1708/53/1370 3876/52/2900 1710/56/240 299/137/240
f 299/137/240 1710/56/240 3877/58/1372 1711/59/1372
f 1710/56/240 300/55/241 1712/60/1373 3877/58/1372
f 3877/58/1372 1712/60/1373 302/61/243 1713/62/242
f 1711/59/1372 3877/58/1372 1713/62/242 301/138/242
f 301/138/242 1713/62/242 3878/64/1374 1714/65/1374
f 1713/62/242 302/61/243 1715/66/1375 3878/64/1374
f 3878/64/1374 1715/66/1375 304/67/245 1716/68/244
f 1714/65/1374 3878/64/1374 1716/68/244 303/139/244
f 303/139/244 1716/68/244 3879/70/1376 1717/71/1376
f 1716/68/244 304/67/245 1718/72/1377 3879/70/1376
f 3879/70/1376 1718/72/1377 306/73/247 1719/74/1378
f 1717/71/1376 3879/70/1376 1719/74/1378 305/140/246
f 305/140/246 1719/74/1378 3880/76/1379 1720/77/1379
f 1719/74/1378 306/73/247 1721/78/1380 3880/76/1379
f 3880/76/1379 1721/78/1380 308/79/249 1722/80/248
f 1720/77/1379 3880/76/1379 1722/80/248 307/141/248
f 307/141/248 1722/80/248 3881/82/1381 1723/83/1381
f 1722/80/248 308/79/249 1724/84/1382 3881/82/1381
f 3881/82/1381 1724/84/1382 310/85/251 1725/86/250
f 1723/83/1381 3881/82/1381 1725/86/250 309/142/250
f 309/142/250 1725/86/250 3882/88/1383 1726/89/1383
f 1725/86/250 310/85/251 1727/90/1384 3882/88/1383
f 3882/88/1383 1727/90/1384 312/91/253 1728/92/252
f 1726/89/1383 3882/88/1383 1728/92/252 311/143/252
f 311/143/252 1728/92/252 3883/94/1385 1729/95/1385
f 1728/92/252 312/91/253 1730/96/1386 3883/94/1385
f 3883/94/1385 1730/96/1386 314/97/255 1731/98/254
f 1729/95/1385 3883/94/1385 1731/98/254 313/144/254
f 313/144/254 1731/98/254 3884/100/1387 1732/101/1387
f 1731/98/254 314/97/255 1733/102/1388 3884/100/1387
f 3884/100/1387 1733/102/1388 316/103/257 1734/104/256
f 1732/101/1387 3884/100/1387 1734/104/256 315/145/256
f 315/145/256 1734/104/256 3885/106/1389 1735/107/1389
f 1734/104/256 316/103/257 1736/108/1390 3885/106/1389
f 3885/106/1389 1736/108/1390 318/109/259 1737/110/258
f 1735/107/1389 3885/106/1389 1737/110/258 317/146/258
f 317/146/258 1737/110/258 3886/112/1391 1738/113/1391
f 1737/110/258 318/109/259 1739/114/1392 3886/112/1391
f 3886/112/1391 1739/114/1392 320/115/261 1740/116/260
f 1738/113/1391 3886/112/1391 1740/116/260 319/147/260
f 319/147/260 1740/116/260 3887/118/1393 1741/119/1393
f 1740/116/260 320/115/261 1742/120/1394 3887/118/1393
f 3887/118/1393 1742/120/1394 322/121/263 1743/122/262
f 1741/119/1393 3887/118/1393 1743/122/262 321/148/262
f 321/148/262 1743/122/262 3888/124/1395 1744/125/1395
f 1743/122/262 322/121/263 1745/126/1396 3888/124/1395
f 3888/124/1395 1745/126/1396 324/127/265 1746/128/264
f 1744/125/1395 3888/124/1395 1746/128/264 323/149/264
f 323/149/264 1746/128/264 3889/130/1397 1747/131/1397
f 1746/128/264 324/127/265 1748/132/1398 3889/130/1397
f 3889/130/1397 1748/132/1398 292/133/233 1702/134/232
f 1747/131/1397 3889/130/1397 1702/134/232 291/135/232
f 257/135/198 1651/150/1316 3890/151/2901 1698/131/1363
f 259/152/200 1749/153/1399 3890/151/2901 1651/154/1316
f 261/155/202 1656/46/1321 3890/151/2901 1749/153/1399
f 263/156/204 1659/53/1324 3890/151/2901 1656/46/1321
f 265/137/206 1662/59/1327 3890/151/2901 1659/157/1324
f 267/138/208 1665/65/1330 3890/151/2901 1662/59/1327
f 269/158/210 1668/71/1333 3890/151/2901 1665/159/1330
f 271/140/212 1671/77/1336 3890/151/2901 1668/160/1333
f 273/141/214 1674/83/1339 3890/151/2901 1671/77/1336
f 275/142/216 1677/89/1342 3890/151/2901 1674/83/1339
f 277/161/218 1680/95/1345 3890/151/2901 1677/89/1342
f 279/162/220 1683/101/1348 3890/151/2901 1680/95/1345
f 281/145/222 1686/107/1351 3890/151/2901 1683/101/1348
f 283/146/224 1689/113/1354 3890/151/2901 1686/163/1351
f 285/147/226 1692/119/1357 3890/151/2901 1689/113/1354
f 287/148/228 1695/125/1360 3890/151/2901 1692/164/1357
f 289/149/230 1698/131/1363 3890/151/2901 1695/165/1360
f 260/166/201 1652/167/1317 3891/168/2902 1750/169/1400
f 258/133/199 1699/132/1364 3891/168/2902 1652/170/1317
f 290/171/231 1696/172/1361 3891/168/2902 1699/132/1364
f 288/173/229 1693/174/1358 3891/168/2902 1696/126/1361
f 286/175/227 1690/114/1355 3891/168/2902 1693/120/1358
f 284/176/225 1687/177/1352 3891/168/2902 1690/114/1355
f 282/178/223 1684/102/1349 3891/168/2902 1687/108/1352
f 280/179/221 1681/96/1346 3891/168/2902 1684/102/1349
f 278/180/219 1678/90/1343 3891/168/2902 1681/96/1346
f 276/181/217 1675/84/1340 3891/168/2902 1678/90/1343
f 274/182/215 1672/78/1337 3891/168/2902 1675/84/1340
f 272/183/213 1669/184/1334 3891/168/2902 1672/78/1337
f 270/185/211 1666/186/1331 3891/168/2902 1669/72/1334
f 268/187/209 1663/60/1328 3891/168/2902 1666/66/1331
f 266/188/207 1660/189/1325 3891/168/2902 1663/60/1328
f 264/190/205 1657/48/1322 3891/168/2902 1660/54/1325
f 262/191/203 1750/192/1400 3891/168/2902 1657/48/1322
f 294/166/235 1701/167/1366 3892/168/2903 1751/169/1401
f 292/133/233 1748/132/1398 3892/168/2903 1701/170/1366
f 324/171/265 1745/172/1396 3892/168/2903 1748/132/1398
f 322/173/263 1742/174/1394 3892/168/2903 1745/126/1396
f 320/175/261 1739/114/1392 3892/168/2903 1742/120/1394
f 318/176/259 1736/177/1390 3892/168/2903 1739/114/1392
f 316/178/257 1733/102/1388 3892/168/2903 1736/108/1390
f 314/179/255 1730/96/1386 3892/168/2903 1733/102/1388
f 312/180/253 1727/90/1384 3892/168/2903 1730/96/1386
f 310/181/251 1724/84/1382 3892/168/2903 1727/90/1384
f 308/182/249 1721/78/1380 3892/168/2903 1724/84/1382
f 306/183/247 1718/184/1377 3892/168/2903 1721/78/1380
f 304/185/245 1715/186/1375 3892/168/2903 1718/72/1377
f 302/187/243 1712/60/1373 3892/168/2903 1715/66/1375
f 300/188/241 1709/189/1371 3892/168/2903 1712/60/1373
f 298/190/239 1706/48/1368 3892/168/2903 1709/54/1371
f 296/191/237 1751/192/1401 3892/168/2903 1706/48/1368
f 337/193/278 1755/193/1405 3893/193/1405 1795/193/298
f 1755/193/1405 338/193/279 1794/193/279 3893/193/1405
f 3893/193/1405 1794/193/279 359/193/279 1776/193/1405
f 1795/193/298 3893/193/1405 1776/193/1405 358/193/298
f 328/193/269 1797/193/290 3894/193/1437 1770/193/1420
f 1797/193/290 349/193/290 1791/193/1437 3894/193/1437
f 3894/193/1437 1791/193/1437 355/193/275 1796/193/275
f 1770/193/1420 3894/193/1437 1796/193/275 334/193/275
f 327/193/268 1763/193/1413 3895/193/1431 1799/193/289
f 1763/193/1413 333/193/274 1798/193/295 3895/193/1431
f 3895/193/1431 1798/193/295 354/193/295 1784/193/1431
f 1799/193/289 3895/193/1431 1784/193/1431 348/193/289
f 337/193/278 1795/193/298 3896/193/1425 1756/193/1406
f 1795/193/298 358/193/298 1777/193/1425 3896/193/1425
f 3896/193/1425 1777/193/1425 364/193/302 1800/193/302
f 1756/193/1406 3896/193/1425 1800/193/302 343/193/284
f 328/193/269 1771/193/1421 3897/193/1438 1797/193/290
f 1771/193/1421 344/193/285 1801/193/303 3897/193/1438
f 3897/193/1438 1801/193/303 365/193/303 1792/193/1438
f 1797/193/290 3897/193/1438 1792/193/1438 349/193/290
f 326/193/267 1803/193/288 3898/193/1432 1764/193/1414
f 1803/193/288 347/193/288 1785/193/1432 3898/193/1432
f 3898/193/1432 1785/193/1432 353/193/294 1802/193/294
f 1764/193/1414 3898/193/1432 1802/193/294 332/193/273
f 325/193/266 1757/193/1407 3899/193/1426 1804/193/287
f 1757/193/1407 327/193/268 1799/193/289 3899/193/1426
f 3899/193/1426 1799/193/289 348/193/289 1778/193/1426
f 1804/193/287 3899/193/1426 1778/193/1426 346/193/287
f 345/193/286 1806/193/304 3900/193/1439 1772/193/1422
f 1806/193/304 366/193/304 1793/193/1439 3900/193/1439
f 3900/193/1439 1793/193/1439 360/193/280 1805/193/280
f 1772/193/1422 3900/193/1439 1805/193/280 339/193/280
f 331/193/272 1765/193/1415 3901/193/1433 1807/193/293
f 1765/193/1415 332/193/273 1802/193/294 3901/193/1433
f 3901/193/1433 1802/193/294 353/193/294 1786/193/1433
f 1807/193/293 3901/193/1433 1786/193/1433 352/193/293
f 325/193/266 1804/193/287 3902/193/1427 1758/193/1408
f 1804/193/287 346/193/287 1779/193/1427 3902/193/1427
f 3902/193/1427 1779/193/1427 362/193/300 1808/193/300
f 1758/193/1408 3902/193/1427 1808/193/300 341/193/282
f 331/193/272 1807/193/293 3903/193/1434 1766/193/1416
f 1807/193/293 352/193/293 1787/193/1434 3903/193/1434
f 3903/193/1434 1787/193/1434 365/193/303 1801/193/303
f 1766/193/1416 3903/193/1434 1801/193/303 344/193/285
f 338/193/279 1759/193/1409 3904/193/1409 1794/193/279
f 1759/193/1409 339/193/280 1805/193/280 3904/193/1409
f 3904/193/1409 1805/193/280 360/193/280 1780/193/1409
f 1794/193/279 3904/193/1409 1780/193/1409 359/193/279
f 330/193/271 1752/193/1402 3905/193/1402 1810/193/292
f 1752/193/1402 342/193/283 1809/193/301 3905/193/1402
f 3905/193/1402 1809/193/301 363/193/301 1773/193/1402
f 1810/193/292 3905/193/1402 1773/193/1402 351/193/292
f 334/193/275 1796/193/275 3906/193/1417 1767/193/1417
f 1796/193/275 355/193/275 1788/193/1417 3906/193/1417
f 3906/193/1417 1788/193/1417 363/193/301 1809/193/301
f 1767/193/1417 3906/193/1417 1809/193/301 342/193/283
f 340/193/281 1760/193/1410 3907/193/1428 1811/193/299
f 1760/193/1410 341/193/282 1808/193/300 3907/193/1428
f 3907/193/1428 1808/193/300 362/193/300 1781/193/1428
f 1811/193/299 3907/193/1428 1781/193/1428 361/193/299
f 335/193/276 1813/193/296 3908/193/1423 1753/193/1403
f 1813/193/296 356/193/296 1774/193/1423 3908/193/1423
f 3908/193/1423 1774/193/1423 357/193/297 1812/193/297
f 1753/193/1403 3908/193/1423 1812/193/297 336/193/277
f 329/193/270 1768/193/1418 3909/193/1435 1814/193/291
f 1768/193/1418 330/193/271 1810/193/292 3909/193/1435
f 3909/193/1435 1810/193/292 351/193/292 1789/193/1435
f 1814/193/291 3909/193/1435 1789/193/1435 350/193/291
f 340/193/281 1811/193/299 3910/193/1429 1761/193/1411
f 1811/193/299 361/193/299 1782/193/1429 3910/193/1429
f 3910/193/1429 1782/193/1429 366/193/304 1806/193/304
f 1761/193/1411 3910/193/1429 1806/193/304 345/193/286
f 335/193/276 1754/193/1404 3911/193/2253 1813/193/296
f 1754/193/1404 343/193/284 1800/193/302 3911/193/2253
f 3911/193/2253 1800/193/302 364/193/302 1775/193/1424
f 1813/193/296 3911/193/2253 1775/193/1424 356/193/296
f 329/193/270 1814/193/291 3912/193/1436 1769/193/1419
f 1814/193/291 350/193/291 1790/193/1436 3912/193/1436
f 3912/193/1436 1790/193/1436 354/193/295 1798/193/295
f 1769/193/1419 3912/193/1436 1798/193/295 333/193/274
f 326/193/267 1762/193/1412 3913/193/1430 1803/193/288
f 1762/193/1412 336/193/277 1812/193/297 3913/193/1430
f 3913/193/1430 1812/193/297 357/193/297 1783/193/1430
f 1803/193/288 3913/193/1430 1783/193/1430 347/193/288
f 379/193/278 1818/193/1405 3914/193/1405 1858/193/298
f 1818/193/1405 380/193/279 1857/193/279 3914/193/1405
f 3914/193/1405 1857/193/279 401/193/279 1839/193/1405
f 1858/193/298 3914/193/1405 1839/193/1405 400/193/298
f 370/193/269 1860/193/290 3915/193/1437 1833/193/1420
f 1860/193/290 391/193/290 1854/193/1437 3915/193/1437
f 3915/193/1437 1854/193/1437 397/193/275 1859/193/275
f 1833/193/1420 3915/193/1437 1859/193/275 376/193/275
f 369/193/268 1826/193/1442 3916/193/1446 1862/193/289
f 1826/193/1442 375/193/307 1861/193/295 3916/193/1446
f 3916/193/1446 1861/193/295 396/193/295 1847/193/1446
f 1862/193/289 3916/193/1446 1847/193/1446 390/193/289
f 379/193/278 1858/193/298 3917/193/1425 1819/193/1440
f 1858/193/298 400/193/298 1840/193/1425 3917/193/1425
f 3917/193/1425 1840/193/1425 406/193/302 1863/193/302
f 1819/193/1440 3917/193/1425 1863/193/302 385/193/309
f 370/193/269 1834/193/1421 3918/193/1438 1860/193/290
f 1834/193/1421 386/193/285 1864/193/303 3918/193/1438
f 3918/193/1438 1864/193/303 407/193/303 1855/193/1438
f 1860/193/290 3918/193/1438 1855/193/1438 391/193/290
f 368/193/267 1866/193/288 3919/193/1432 1827/193/1443
f 1866/193/288 389/193/288 1848/193/1432 3919/193/1432
f 3919/193/1432 1848/193/1432 395/193/294 1865/193/294
f 1827/193/1443 3919/193/1432 1865/193/294 374/193/306
f 367/193/266 1820/193/1441 3920/193/1426 1867/193/287
f 1820/193/1441 369/193/268 1862/193/289 3920/193/1426
f 3920/193/1426 1862/193/289 390/193/289 1841/193/1426
f 1867/193/287 3920/193/1426 1841/193/1426 388/193/287
f 387/193/286 1869/193/304 3921/193/1439 1835/193/1422
f 1869/193/304 408/193/304 1856/193/1439 3921/193/1439
f 3921/193/1439 1856/193/1439 402/193/280 1868/193/280
f 1835/193/1422 3921/193/1439 1868/193/280 381/193/280
f 373/193/305 1828/193/1444 3922/193/1433 1870/193/293
f 1828/193/1444 374/193/306 1865/193/294 3922/193/1433
f 3922/193/1433 1865/193/294 395/193/294 1849/193/1433
f 1870/193/293 3922/193/1433 1849/193/1433 394/193/293
f 367/193/266 1867/193/287 3923/193/1427 1821/193/1408
f 1867/193/287 388/193/287 1842/193/1427 3923/193/1427
f 3923/193/1427 1842/193/1427 404/193/300 1871/193/300
f 1821/193/1408 3923/193/1427 1871/193/300 383/193/282
f 373/193/305 1870/193/293 3924/193/1434 1829/193/1445
f 1870/193/293 394/193/293 1850/193/1434 3924/193/1434
f 3924/193/1434 1850/193/1434 407/193/303 1864/193/303
f 1829/193/1445 3924/193/1434 1864/193/303 386/193/285
f 380/193/279 1822/193/1409 3925/193/1409 1857/193/279
f 1822/193/1409 381/193/280 1868/193/280 3925/193/1409
f 3925/193/1409 1868/193/280 402/193/280 1843/193/1409
f 1857/193/279 3925/193/1409 1843/193/1409 401/193/279
f 372/193/271 1815/193/1402 3926/193/1402 1873/193/292
f 1815/193/1402 384/193/283 1872/193/301 3926/193/1402
f 3926/193/1402 1872/193/301 405/193/301 1836/193/1402
f 1873/193/292 3926/193/1402 1836/193/1402 393/193/292
f 376/193/275 1859/193/275 3927/193/1417 1830/193/1417
f 1859/193/275 397/193/275 1851/193/1417 3927/193/1417
f 3927/193/1417 1851/193/1417 405/193/301 1872/193/301
f 1830/193/1417 3927/193/1417 1872/193/301 384/193/283
f 382/193/281 1823/193/1410 3928/193/1428 1874/193/299
f 1823/193/1410 383/193/282 1871/193/300 3928/193/1428
f 3928/193/1428 1871/193/300 404/193/300 1844/193/1428
f 1874/193/299 3928/193/1428 1844/193/1428 403/193/299
f 377/193/308 1876/193/296 3929/193/1423 1816/193/1403
f 1876/193/296 398/193/296 1837/193/1423 3929/193/1423
f 3929/193/1423 1837/193/1423 399/193/310 1875/193/297
f 1816/193/1403 3929/193/1423 1875/193/297 378/193/277
f 371/193/291 1831/193/1418 3930/193/1435 1877/193/291
f 1831/193/1418 372/193/271 1873/193/292 3930/193/1435
f 3930/193/1435 1873/193/292 393/193/292 1852/193/1435
f 1877/193/291 3930/193/1435 1852/193/1435 392/193/291
f 382/193/281 1874/193/299 3931/193/1429 1824/193/1411
f 1874/193/299 403/193/299 1845/193/1429 3931/193/1429
f 3931/193/1429 1845/193/1429 408/193/304 1869/193/304
f 1824/193/1411 3931/193/1429 1869/193/304 387/193/286
f 377/193/308 1817/193/1404 3932/193/1424 1876/193/296
f 1817/193/1404 385/193/309 1863/193/302 3932/193/1424
f 3932/193/1424 1863/193/302 406/193/302 1838/193/1424
f 1876/193/296 3932/193/1424 1838/193/1424 398/193/296
f 371/193/291 1877/193/291 3933/193/1436 1832/193/1419
f 1877/193/291 392/193/291 1853/193/1436 3933/193/1436
f 3933/193/1436 1853/193/1436 396/193/295 1861/193/295
f 1832/193/1419 3933/193/1436 1861/193/295 375/193/307
f 368/193/267 1825/193/1412 3934/193/1430 1866/193/288
f 1825/193/1412 378/193/277 1875/193/297 3934/193/1430
f 3934/193/1430 1875/193/297 399/193/310 1846/193/1430
f 1866/193/288 3934/193/1430 1846/193/1430 389/193/288
f 409/34/311 1880/35/1449 3935/36/2904 1878/37/1447
f 1880/35/1449 410/38/312 1879/39/1448 3935/36/2904
f 3935/36/2904 1879/39/1448 412/166/314 1881/194/1450
f 1878/37/1447 3935/36/2904 1881/194/1450 411/152/313
f 411/152/313 1881/194/1450 3936/195/2905 1882/196/1451
f 1881/194/1450 412/166/314 1883/197/1452 3936/195/2905
f 3936/195/2905 1883/197/1452 414/198/316 1884/199/1453
f 1882/196/1451 3936/195/2905 1884/199/1453 413/200/315
f 413/200/315 1884/199/1453 3937/201/2906 1885/202/1454
f 1884/199/1453 414/198/316 1886/203/1455 3937/201/2906
f 3937/201/2906 1886/203/1455 416/204/318 1887/205/1456
f 1885/202/1454 3937/201/2906 1887/205/1456 415/206/317
f 415/206/317 1887/205/1456 3938/207/2907 1888/208/1457
f 1887/205/1456 416/204/318 1889/209/1458 3938/207/2907
f 3938/207/2907 1889/209/1458 418/210/320 1890/211/1459
f 1888/208/1457 3938/207/2907 1890/211/1459 417/212/319
f 417/212/319 1890/211/1459 3939/213/2908 1891/214/1460
f 1890/211/1459 418/210/320 1892/215/1461 3939/213/2908
f 3939/213/2908 1892/215/1461 420/216/322 1893/217/1462
f 1891/214/1460 3939/213/2908 1893/217/1462 419/218/321
f 419/218/321 1893/217/1462 3940/219/2909 1894/220/1463
f 1893/217/1462 420/216/322 1895/221/1464 3940/219/2909
f 3940/219/2909 1895/221/1464 422/222/324 1896/223/1465
f 1894/220/1463 3940/219/2909 1896/223/1465 421/224/323
f 421/224/323 1896/223/1465 3941/225/2910 1897/226/1466
f 1896/223/1465 422/222/324 1898/227/1467 3941/225/2910
f 3941/225/2910 1898/227/1467 424/228/326 1899/229/1468
f 1897/226/1466 3941/225/2910 1899/229/1468 423/230/325
f 423/230/325 1899/229/1468 3942/231/2911 1900/232/1469
f 1899/229/1468 424/228/326 1901/233/1470 3942/231/2911
f 3942/231/2911 1901/233/1470 426/234/328 1902/235/1471
f 1900/232/1469 3942/231/2911 1902/235/1471 425/236/327
f 425/236/327 1902/235/1471 3943/237/2912 1903/238/1472
f 1902/235/1471 426/234/328 1904/239/1473 3943/237/2912
f 3943/237/2912 1904/239/1473 428/240/330 1905/241/1474
f 1903/238/1472 3943/237/2912 1905/241/1474 427/242/329
f 427/242/329 1905/241/1474 3944/243/2913 1906/244/1475
f 1905/241/1474 428/240/330 1907/245/1476 3944/243/2913
f 3944/243/2913 1907/245/1476 430/246/332 1908/247/1477
f 1906/244/1475 3944/243/2913 1908/247/1477 429/248/331
f 429/248/331 1908/247/1477 3945/249/2914 1909/250/1478
f 1908/247/1477 430/246/332 1910/251/1479 3945/249/2914
f 3945/249/2914 1910/251/1479 432/252/334 1911/253/1480
f 1909/250/1478 3945/249/2914 1911/253/1480 431/254/333
f 431/254/333 1911/253/1480 3946/255/2915 1912/256/1481
f 1911/253/1480 432/252/334 1913/257/1482 3946/255/2915
f 3946/255/2915 1913/257/1482 434/258/336 1914/259/1483
f 1912/256/1481 3946/255/2915 1914/259/1483 433/260/335
f 433/260/335 1914/259/1483 3947/261/2916 1915/262/1484
f 1914/259/1483 434/258/336 1916/263/1485 3947/261/2916
f 3947/261/2916 1916/263/1485 436/264/338 1917/265/1486
f 1915/262/1484 3947/261/2916 1917/265/1486 435/266/337
f 435/266/337 1917/265/1486 3948/267/2917 1918/268/1487
f 1917/265/1486 436/264/338 1919/269/1488 3948/267/2917
f 3948/267/2917 1919/269/1488 438/270/340 1920/271/1489
f 1918/268/1487 3948/267/2917 1920/271/1489 437/272/339
f 441/155/343 1924/273/1493 3949/274/2918 1925/46/1494
f 1924/273/1493 442/191/344 1926/48/1495 3949/274/2918
f 3949/274/2918 1926/48/1495 444/275/346 1927/50/1496
f 1925/46/1494 3949/274/2918 1927/50/1496 443/136/345
f 443/136/345 1927/50/1496 3950/52/2919 1928/53/1497
f 1927/50/1496 444/275/346 1929/54/1498 3950/52/2919
f 3950/52/2919 1929/54/1498 446/188/348 1930/56/1499
f 1928/53/1497 3950/52/2919 1930/56/1499 445/137/347
f 445/137/347 1930/56/1499 3951/58/2920 1931/59/1500
f 1930/56/1499 446/188/348 1932/60/1501 3951/58/2920
f 3951/58/2920 1932/60/1501 448/187/350 1933/62/1502
f 1931/59/1500 3951/58/2920 1933/62/1502 447/138/349
f 447/138/349 1933/62/1502 3952/64/2921 1934/65/1503
f 1933/62/1502 448/187/350 1935/66/1504 3952/64/2921
f 3952/64/2921 1935/66/1504 450/276/352 1936/68/1505
f 1934/65/1503 3952/64/2921 1936/68/1505 449/139/351
f 449/139/351 1936/68/1505 3953/70/2922 1937/71/1506
f 1936/68/1505 450/276/352 1938/72/1507 3953/70/2922
f 3953/70/2922 1938/72/1507 452/183/354 1939/74/1508
f 1937/71/1506 3953/70/2922 1939/74/1508 451/140/353
f 451/140/353 1939/74/1508 3954/76/2923 1940/77/1509
f 1939/74/1508 452/183/354 1941/78/1510 3954/76/2923
f 3954/76/2923 1941/78/1510 454/182/356 1942/80/1511
f 1940/77/1509 3954/76/2923 1942/80/1511 453/141/355
f 453/141/355 1942/80/1511 3955/82/2924 1943/83/1512
f 1942/80/1511 454/182/356 1944/84/1513 3955/82/2924
f 3955/82/2924 1944/84/1513 456/181/358 1945/86/1514
f 1943/83/1512 3955/82/2924 1945/86/1514 455/142/357
f 455/142/357 1945/86/1514 3956/88/2925 1946/89/1515
f 1945/86/1514 456/181/358 1947/90/1516 3956/88/2925
f 3956/88/2925 1947/90/1516 458/277/360 1948/92/1517
f 1946/89/1515 3956/88/2925 1948/92/1517 457/143/359
f 457/143/359 1948/92/1517 3957/94/2926 1949/95/1518
f 1948/92/1517 458/277/360 1950/96/1519 3957/94/2926
f 3957/94/2926 1950/96/1519 460/278/362 1951/98/1520
f 1949/95/1518 3957/94/2926 1951/98/1520 459/144/361
f 459/144/361 1951/98/1520 3958/100/2927 1952/101/1521
f 1951/98/1520 460/278/362 1953/102/1522 3958/100/2927
f 3958/100/2927 1953/102/1522 462/178/364 1954/104/1523
f 1952/101/1521 3958/100/2927 1954/104/1523 461/145/363
f 461/145/363 1954/104/1523 3959/106/2928 1955/107/1524
f 1954/104/1523 462/178/364 1956/108/1525 3959/106/2928
f 3959/106/2928 1956/108/1525 464/176/366 1957/110/1526
f 1955/107/1524 3959/106/2928 1957/110/1526 463/146/365
f 463/146/365 1957/110/1526 3960/112/2929 1958/113/1527
f 1957/110/1526 464/176/366 1959/114/1528 3960/112/2929
f 3960/112/2929 1959/114/1528 466/175/368 1960/116/1529
f 1958/113/1527 3960/112/2929 1960/116/1529 465/147/367
f 465/147/367 1960/116/1529 3961/118/2930 1961/119/1530
f 1960/116/1529 466/175/368 1962/120/1531 3961/118/2930
f 3961/118/2930 1962/120/1531 468/173/370 1963/122/1532
f 1961/119/1530 3961/118/2930 1963/122/1532 467/148/369
f 412/279/314 1879/280/1448 3962/281/2820 1883/282/1452
f 410/283/312 1968/284/1537 3962/281/2820 1879/280/1448
f 470/285/372 1965/286/1534 3962/281/2820 1968/284/1537
f 468/287/370 1962/288/1531 3962/281/2820 1965/289/1534
f 466/290/368 1959/291/1528 3962/281/2820 1962/292/1531
f 464/293/366 1956/294/1525 3962/281/2820 1959/291/1528
f 462/295/364 1953/296/1522 3962/281/2820 1956/297/1525
f 460/298/362 1950/299/1519 3962/281/2820 1953/300/1522
f 458/301/360 1947/302/1516 3962/281/2820 1950/303/1519
f 456/304/358 1944/305/1513 3962/281/2820 1947/302/1516
f 454/306/356 1941/307/1510 3962/281/2820 1944/305/1513
f 452/308/354 1938/309/1507 3962/281/2820 1941/310/1510
f 450/311/352 1935/312/1504 3962/281/2820 1938/313/1507
f 448/314/350 1932/315/1501 3962/281/2820 1935/312/1504
f 446/316/348 1929/317/1498 3962/281/2820 1932/315/1501
f 444/318/346 1926/319/1495 3962/281/2820 1929/320/1498
f 442/321/344 1923/322/1492 3962/281/2820 1926/323/1495
f 440/324/342 1922/325/1491 3962/281/2820 1923/322/1492
f 439/326/341 1921/327/1490 3962/281/2820 1922/325/1491
f 438/328/340 1919/329/1488 3962/281/2820 1921/330/1490
f 436/331/338 1916/332/1485 3962/281/2820 1919/333/1488
f 434/334/336 1913/335/1482 3962/281/2820 1916/336/1485
f 432/337/334 1910/338/1479 3962/281/2820 1913/335/1482
f 430/339/332 1907/340/1476 3962/281/2820 1910/341/1479
f 428/342/330 1904/343/1473 3962/281/2820 1907/344/1476
f 426/345/328 1901/346/1470 3962/281/2820 1904/343/1473
f 424/347/326 1898/348/1467 3962/281/2820 1901/346/1470
f 422/349/324 1895/350/1464 3962/281/2820 1898/351/1467
f 420/352/322 1892/353/1461 3962/281/2820 1895/354/1464
f 418/355/320 1889/356/1458 3962/281/2820 1892/357/1461
f 416/358/318 1886/359/1455 3962/281/2820 1889/360/1458
f 414/361/316 1883/362/1452 3962/281/2820 1886/363/1455
f 467/148/369 1963/122/1532 3963/124/2931 1964/125/1533
f 1963/122/1532 468/173/370 1965/126/1534 3963/124/2931
f 3963/124/2931 1965/126/1534 470/171/372 1966/128/1535
f 1964/125/1533 3963/124/2931 1966/128/1535 469/149/371
f 469/149/371 1966/128/1535 3964/130/2932 1967/131/1536
f 1966/128/1535 470/171/372 1968/132/1537 3964/130/2932
f 3964/130/2932 1968/132/1537 410/133/312 1880/134/1449
f 1967/131/1536 3964/130/2932 1880/134/1449 409/135/311
f 471/34/373 1971/35/1540 3965/36/2933 1969/37/1538
f 1971/35/1540 472/38/374 1970/39/1539 3965/36/2933
f 3965/36/2933 1970/39/1539 474/166/376 1972/194/1541
f 1969/37/1538 3965/36/2933 1972/194/1541 473/152/375
f 473/152/375 1972/194/1541 3966/195/2934 1973/196/1542
f 1972/194/1541 474/166/376 1974/197/1543 3966/195/2934
f 3966/195/2934 1974/197/1543 476/198/378 1975/199/1544
f 1973/196/1542 3966/195/2934 1975/199/1544 475/200/377
f 475/200/377 1975/199/1544 3967/201/2935 1976/202/1545
f 1975/199/1544 476/198/378 1977/203/1546 3967/201/2935
f 3967/201/2935 1977/203/1546 478/204/380 1978/205/1547
f 1976/202/1545 3967/201/2935 1978/205/1547 477/206/379
f 477/206/379 1978/205/1547 3968/207/2936 1979/208/1548
f 1978/205/1547 478/204/380 1980/209/1549 3968/207/2936
f 3968/207/2936 1980/209/1549 480/210/382 1981/211/1550
f 1979/208/1548 3968/207/2936 1981/211/1550 479/212/381
f 479/212/381 1981/211/1550 3969/213/2937 1982/214/1551
f 1981/211/1550 480/210/382 1983/215/1552 3969/213/2937
f 3969/213/2937 1983/215/1552 482/216/384 1984/217/1553
f 1982/214/1551 3969/213/2937 1984/217/1553 481/218/383
f 481/218/383 1984/217/1553 3970/219/2938 1985/220/1554
f 1984/217/1553 482/216/384 1986/221/1555 3970/219/2938
f 3970/219/2938 1986/221/1555 484/222/386 1987/223/1556
f 1985/220/1554 3970/219/2938 1987/223/1556 483/224/385
f 483/224/385 1987/223/1556 3971/225/2939 1988/226/1557
f 1987/223/1556 484/222/386 1989/227/1558 3971/225/2939
f 3971/225/2939 1989/227/1558 486/228/388 1990/229/1559
f 1988/226/1557 3971/225/2939 1990/229/1559 485/230/387
f 485/230/387 1990/229/1559 3972/231/2940 1991/232/1560
f 1990/229/1559 486/228/388 1992/233/1561 3972/231/2940
f 3972/231/2940 1992/233/1561 488/234/390 1993/235/1562
f 1991/232/1560 3972/231/2940 1993/235/1562 487/236/389
f 487/236/389 1993/235/1562 3973/237/2941 1994/238/1563
f 1993/235/1562 488/234/390 1995/239/1564 3973/237/2941
f 3973/237/2941 1995/239/1564 490/240/392 1996/241/1565
f 1994/238/1563 3973/237/2941 1996/241/1565 489/242/391
f 489/242/391 1996/241/1565 3974/243/2942 1997/244/1566
f 1996/241/1565 490/240/392 1998/245/1567 3974/243/2942
f 3974/243/2942 1998/245/1567 492/246/394 1999/247/1568
f 1997/244/1566 3974/243/2942 1999/247/1568 491/248/393
f 491/248/393 1999/247/1568 3975/249/2943 2000/250/1569
f 1999/247/1568 492/246/394 2001/251/1570 3975/249/2943
f 3975/249/2943 2001/251/1570 494/252/396 2002/253/1571
f 2000/250/1569 3975/249/2943 2002/253/1571 493/254/395
f 493/254/395 2002/253/1571 3976/255/2944 2003/256/1572
f 2002/253/1571 494/252/396 2004/257/1573 3976/255/2944
f 3976/255/2944 2004/257/1573 496/258/398 2005/259/1574
f 2003/256/1572 3976/255/2944 2005/259/1574 495/260/397
f 495/260/397 2005/259/1574 3977/261/2945 2006/262/1575
f 2005/259/1574 496/258/398 2007/263/1576 3977/261/2945
f 3977/261/2945 2007/263/1576 498/264/400 2008/265/1577
f 2006/262/1575 3977/261/2945 2008/265/1577 497/266/399
f 497/266/399 2008/265/1577 3978/267/2946 2009/268/1578
f 2008/265/1577 498/264/400 2010/269/1579 3978/267/2946
f 3978/267/2946 2010/269/1579 500/364/402 2011/271/1580
f 2009/268/1578 3978/267/2946 2011/271/1580 499/365/401
f 499/365/401 2011/271/1580 3979/366/2947 2012/367/1581
f 2011/271/1580 500/364/402 2013/368/1582 3979/366/2947
f 3979/366/2947 2013/368/1582 502/369/404 2014/370/1583
f 2012/367/1581 3979/366/2947 2014/370/1583 501/371/403
f 501/371/403 2014/370/1583 3980/372/2948 2015/373/1584
f 2014/370/1583 502/369/404 2016/374/1585 3980/372/2948
f 3980/372/2948 2016/374/1585 504/375/406 2017/376/1586
f 2015/373/1584 3980/372/2948 2017/376/1586 503/377/405
f 503/377/405 2017/376/1586 3981/378/2949 2018/150/1587
f 2017/376/1586 504/375/406 2019/170/1588 3981/378/2949
f 3981/378/2949 2019/170/1588 506/191/408 2020/44/1589
f 2018/150/1587 3981/378/2949 2020/44/1589 505/155/407
f 505/155/407 2020/44/1589 3982/45/2950 2021/46/1590
f 2020/44/1589 506/191/408 2022/48/1591 3982/45/2950
f 3982/45/2950 2022/48/1591 508/275/410 2023/50/1370
f 2021/46/1590 3982/45/2950 2023/50/1370 507/136/409
f 507/136/409 2023/50/1370 3983/52/2951 2024/53/1592
f 2023/50/1370 508/275/410 2025/54/1593 3983/52/2951
f 3983/52/2951 2025/54/1593 510/188/412 2026/56/1594
f 2024/53/1592 3983/52/2951 2026/56/1594 509/137/411
f 509/137/411 2026/56/1594 3984/58/2952 2027/59/1595
f 2026/56/1594 510/188/412 2028/60/1596 3984/58/2952
f 3984/58/2952 2028/60/1596 512/187/414 2029/62/1597
f 2027/59/1595 3984/58/2952 2029/62/1597 511/138/413
f 511/138/413 2029/62/1597 3985/64/2953 2030/65/1598
f 2029/62/1597 512/187/414 2031/66/1599 3985/64/2953
f 3985/64/2953 2031/66/1599 514/276/416 2032/68/1600
f 2030/65/1598 3985/64/2953 2032/68/1600 513/139/415
f 513/139/415 2032/68/1600 3986/70/2954 2033/71/1601
f 2032/68/1600 514/276/416 2034/72/1602 3986/70/2954
f 3986/70/2954 2034/72/1602 516/183/418 2035/74/1603
f 2033/71/1601 3986/70/2954 2035/74/1603 515/140/417
f 515/140/417 2035/74/1603 3987/76/2955 2036/77/1604
f 2035/74/1603 516/183/418 2037/78/1605 3987/76/2955
f 3987/76/2955 2037/78/1605 518/182/420 2038/80/1606
f 2036/77/1604 3987/76/2955 2038/80/1606 517/141/419
f 517/141/419 2038/80/1606 3988/82/2956 2039/83/1607
f 2038/80/1606 518/182/420 2040/84/1608 3988/82/2956
f 3988/82/2956 2040/84/1608 520/181/422 2041/86/1609
f 2039/83/1607 3988/82/2956 2041/86/1609 519/142/421
f 519/142/421 2041/86/1609 3989/88/2957 2042/89/1610
f 2041/86/1609 520/181/422 2043/90/1611 3989/88/2957
f 3989/88/2957 2043/90/1611 522/277/424 2044/92/1612
f 2042/89/1610 3989/88/2957 2044/92/1612 521/143/423
f 521/143/423 2044/92/1612 3990/94/2958 2045/95/1613
f 2044/92/1612 522/277/424 2046/96/1614 3990/94/2958
f 3990/94/2958 2046/96/1614 524/278/426 2047/98/1615
f 2045/95/1613 3990/94/2958 2047/98/1615 523/144/425
f 523/144/425 2047/98/1615 3991/100/2959 2048/101/1616
f 2047/98/1615 524/278/426 2049/102/1617 3991/100/2959
f 3991/100/2959 2049/102/1617 526/178/428 2050/104/1618
f 2048/101/1616 3991/100/2959 2050/104/1618 525/145/427
f 525/145/427 2050/104/1618 3992/106/2960 2051/107/1619
f 2050/104/1618 526/178/428 2052/108/1620 3992/106/2960
f 3992/106/2960 2052/108/1620 528/176/430 2053/110/1621
f 2051/107/1619 3992/106/2960 2053/110/1621 527/146/429
f 527/146/429 2053/110/1621 3993/112/2961 2054/113/1622
f 2053/110/1621 528/176/430 2055/114/1623 3993/112/2961
f 3993/112/2961 2055/114/1623 530/175/432 2056/116/1624
f 2054/113/1622 3993/112/2961 2056/116/1624 529/147/431
f 529/147/431 2056/116/1624 3994/118/2962 2057/119/1625
f 2056/116/1624 530/175/432 2058/120/1626 3994/118/2962
f 3994/118/2962 2058/120/1626 532/173/434 2059/122/1627
f 2057/119/1625 3994/118/2962 2059/122/1627 531/148/433
f 474/279/376 1970/280/1539 3995/281/2820 1974/282/1543
f 472/283/374 2064/284/1632 3995/281/2820 1970/280/1539
f 534/285/436 2061/286/1629 3995/281/2820 2064/284/1632
f 532/287/434 2058/288/1626 3995/281/2820 2061/289/1629
f 530/290/432 2055/291/1623 3995/281/2820 2058/292/1626
f 528/293/430 2052/294/1620 3995/281/2820 2055/291/1623
f 526/295/428 2049/296/1617 3995/281/2820 2052/297/1620
f 524/298/426 2046/299/1614 3995/281/2820 2049/300/1617
f 522/301/424 2043/302/1611 3995/281/2820 2046/303/1614
f 520/304/422 2040/305/1608 3995/281/2820 2043/302/1611
f 518/306/420 2037/307/1605 3995/281/2820 2040/305/1608
f 516/308/418 2034/309/1602 3995/281/2820 2037/310/1605
f 514/311/416 2031/312/1599 3995/281/2820 2034/313/1602
f 512/314/414 2028/315/1596 3995/281/2820 2031/312/1599
f 510/316/412 2025/317/1593 3995/281/2820 2028/315/1596
f 508/318/410 2022/319/1591 3995/281/2820 2025/320/1593
f 506/321/408 2019/322/1588 3995/281/2820 2022/323/1591
f 504/324/406 2016/325/1585 3995/281/2820 2019/322/1588
f 502/326/404 2013/327/1582 3995/281/2820 2016/325/1585
f 500/328/402 2010/329/1579 3995/281/2820 2013/330/1582
f 498/331/400 2007/332/1576 3995/281/2820 2010/333/1579
f 496/334/398 2004/335/1573 3995/281/2820 2007/336/1576
f 494/337/396 2001/338/1570 3995/281/2820 2004/335/1573
f 492/339/394 1998/340/1567 3995/281/2820 2001/341/1570
f 490/342/392 1995/343/1564 3995/281/2820 1998/344/1567
f 488/345/390 1992/346/1561 3995/281/2820 1995/343/1564
f 486/347/388 1989/348/1558 3995/281/2820 1992/346/1561
f 484/349/386 1986/350/1555 3995/281/2820 1989/351/1558
f 482/352/384 1983/353/1552 3995/281/2820 1986/354/1555
f 480/355/382 1980/356/1549 3995/281/2820 1983/357/1552
f 478/358/380 1977/359/1546 3995/281/2820 1980/360/1549
f 476/361/378 1974/362/1543 3995/281/2820 1977/363/1546
f 531/148/433 2059/122/1627 3996/124/2963 2060/125/1628
f 2059/122/1627 532/173/434 2061/126/1629 3996/124/2963
f 3996/124/2963 2061/126/1629 534/171/436 2062/128/1630
f 2060/125/1628 3996/124/2963 2062/128/1630 533/149/435
f 533/149/435 2062/128/1630 3997/130/2964 2063/131/1631
f 2062/128/1630 534/171/436 2064/132/1632 3997/130/2964
f 3997/130/2964 2064/132/1632 472/133/374 1971/134/1540
f 2063/131/1631 3997/130/2964 1971/134/1540 471/135/373
f 471/379/373 1969/380/1538 3998/381/2965 2063/382/1631
f 473/383/375 1973/384/1542 3998/381/2965 1969/385/1538
f 475/386/377 1976/387/1545 3998/381/2965 1973/384/1542
f 477/388/379 1979/389/1548 3998/381/2965 1976/387/1545
f 479/390/381 1982/391/1551 3998/381/2965 1979/389/1548
f 481/392/383 1985/393/1554 3998/381/2965 1982/394/1551
f 483/395/385 1988/396/1557 3998/381/2965 1985/397/1554
f 485/398/387 1991/399/1560 3998/381/2965 1988/400/1557
f 487/401/389 1994/402/1563 3998/381/2965 1991/399/1560
f 489/403/391 1997/404/1566 3998/381/2965 1994/402/1563
f 491/405/393 2000/406/1569 3998/381/2965 1997/407/1566
f 493/408/395 2003/409/1572 3998/381/2965 2000/410/1569
f 495/411/397 2006/412/1575 3998/381/2965 2003/409/1572
f 497/413/399 2009/414/1578 3998/381/2965 2006/412/1575
f 499/415/401 2012/416/1581 3998/381/2965 2009/414/1578
f 501/417/403 2015/418/1584 3998/381/2965 2012/416/1581
f 503/419/405 2018/420/1587 3998/381/2965 2015/421/1584
f 505/422/407 2021/423/1590 3998/381/2965 2018/424/1587
f 507/425/409 2024/426/1592 3998/381/2965 2021/423/1590
f 509/427/411 2027/428/1595 3998/381/2965 2024/426/1592
f 511/429/413 2030/430/1598 3998/381/2965 2027/431/1595
f 513/432/415 2033/433/1601 3998/381/2965 2030/430/1598
f 515/434/417 2036/435/1604 3998/381/2965 2033/436/1601
f 517/437/419 2039/438/1607 3998/381/2965 2036/439/1604
f 519/440/421 2042/441/1610 3998/381/2965 2039/438/1607
f 521/442/423 2045/443/1613 3998/381/2965 2042/441/1610
f 523/444/425 2048/445/1616 3998/381/2965 2045/446/1613
f 525/447/427 2051/448/1619 3998/381/2965 2048/449/1616
f 527/450/429 2054/451/1622 3998/381/2965 2051/452/1619
f 529/453/431 2057/454/1625 3998/381/2965 2054/455/1622
f 531/456/433 2060/457/1628 3998/381/2965 2057/454/1625
f 533/458/435 2063/459/1631 3998/381/2965 2060/457/1628
f 437/272/339 1920/460/1489 3999/461/2966 2065/462/1633
f 1920/460/1489 438/328/340 1921/330/1490 3999/461/2966
f 3999/461/2966 1921/330/1490 439/463/341 2068/464/1636
f 2065/462/1633 3999/461/2966 2068/464/1636 535/465/437
f 439/463/341 1922/325/1491 4000/466/2967 2068/467/1636
f 1922/325/1491 440/324/342 2069/468/1637 4000/466/2967
f 4000/466/2967 2069/468/1637 536/193/438 2067/469/1635
f 2068/467/1636 4000/466/2967 2067/469/1635 535/465/437
f 440/324/342 1923/470/1492 4001/471/2968 2069/468/1637
f 1923/470/1492 442/191/344 1924/472/1493 4001/471/2968
f 4001/471/2968 1924/472/1493 441/155/343 2066/473/1634
f 2069/468/1637 4001/471/2968 2066/473/1634 536/193/438
f 411/42/313 1882/196/1451 4002/474/2969 1878/154/1447
f 413/475/315 1885/202/1454 4002/474/2969 1882/196/1451
f 415/476/317 1888/208/1457 4002/474/2969 1885/202/1454
f 417/477/319 1891/214/1460 4002/474/2969 1888/208/1457
f 419/478/321 1894/220/1463 4002/474/2969 1891/214/1460
f 421/479/323 1897/226/1466 4002/474/2969 1894/220/1463
f 423/480/325 1900/232/1469 4002/474/2969 1897/481/1466
f 425/482/327 1903/238/1472 4002/474/2969 1900/232/1469
f 427/483/329 1906/244/1475 4002/474/2969 1903/484/1472
f 429/485/331 1909/250/1478 4002/474/2969 1906/244/1475
f 431/486/333 1912/256/1481 4002/474/2969 1909/487/1478
f 433/488/335 1915/262/1484 4002/474/2969 1912/256/1481
f 435/489/337 1918/268/1487 4002/474/2969 1915/490/1484
f 437/272/339 2065/462/1633 4002/474/2969 1918/491/1487
f 535/492/437 2067/469/1635 4002/474/2969 2065/462/1633
f 536/193/438 2066/473/1634 4002/474/2969 2067/469/1635
f 441/43/343 1925/46/1494 4002/474/2969 2066/473/1634
f 443/493/345 1928/53/1497 4002/474/2969 1925/46/1494
f 445/57/347 1931/59/1500 4002/474/2969 1928/157/1497
f 447/494/349 1934/65/1503 4002/474/2969 1931/59/1500
f 449/69/351 1937/71/1506 4002/474/2969 1934/159/1503
f 451/495/353 1940/77/1509 4002/474/2969 1937/160/1506
f 453/81/355 1943/83/1512 4002/474/2969 1940/77/1509
f 455/87/357 1946/89/1515 4002/474/2969 1943/83/1512
f 457/496/359 1949/95/1518 4002/474/2969 1946/89/1515
f 459/99/361 1952/101/1521 4002/474/2969 1949/95/1518
f 461/105/363 1955/107/1524 4002/474/2969 1952/101/1521
f 463/111/365 1958/113/1527 4002/474/2969 1955/163/1524
f 465/497/367 1961/119/1530 4002/474/2969 1958/113/1527
f 467/123/369 1964/125/1533 4002/474/2969 1961/164/1530
f 469/129/371 1967/131/1536 4002/474/2969 1964/165/1533
f 409/135/311 1878/150/1447 4002/474/2969 1967/131/1536
f 549/193/451 2073/193/1641 4003/193/1662 2113/193/471
f 2073/193/1641 550/193/452 2112/193/452 4003/193/1662
f 4003/193/1662 2112/193/452 571/193/452 2094/193/1662
f 2113/193/471 4003/193/1662 2094/193/1662 570/193/471
f 540/193/442 2115/193/463 4004/193/1676 2088/193/1656
f 2115/193/463 561/193/463 2109/193/1676 4004/193/1676
f 4004/193/1676 2109/193/1676 567/193/448 2114/193/448
f 2088/193/1656 4004/193/1676 2114/193/448 546/193/448
f 539/193/441 2081/193/1649 4005/193/1670 2117/193/462
f 2081/193/1649 545/193/447 2116/193/468 4005/193/1670
f 4005/193/1670 2116/193/468 566/193/468 2102/193/1670
f 2117/193/462 4005/193/1670 2102/193/1670 560/193/462
f 549/193/451 2113/193/471 4006/193/1663 2074/193/1642
f 2113/193/471 570/193/471 2095/193/1663 4006/193/1663
f 4006/193/1663 2095/193/1663 576/193/476 2118/193/476
f 2074/193/1642 4006/193/1663 2118/193/476 555/193/457
f 540/193/442 2089/193/1657 4007/193/1677 2115/193/463
f 2089/193/1657 556/193/458 2119/193/477 4007/193/1677
f 4007/193/1677 2119/193/477 577/193/477 2110/193/1677
f 2115/193/463 4007/193/1677 2110/193/1677 561/193/463
f 538/193/440 2121/193/461 4008/193/1671 2082/193/1650
f 2121/193/461 559/193/461 2103/193/1671 4008/193/1671
f 4008/193/1671 2103/193/1671 565/193/467 2120/193/467
f 2082/193/1650 4008/193/1671 2120/193/467 544/193/446
f 537/193/439 2075/193/1643 4009/193/1664 2122/193/460
f 2075/193/1643 539/193/441 2117/193/462 4009/193/1664
f 4009/193/1664 2117/193/462 560/193/462 2096/193/1664
f 2122/193/460 4009/193/1664 2096/193/1664 558/193/460
f 557/193/459 2124/193/478 4010/193/1678 2090/193/1658
f 2124/193/478 578/193/478 2111/193/1678 4010/193/1678
f 4010/193/1678 2111/193/1678 572/193/472 2123/193/472
f 2090/193/1658 4010/193/1678 2123/193/472 551/193/453
f 543/193/445 2083/193/1651 4011/193/1672 2125/193/466
f 2083/193/1651 544/193/446 2120/193/467 4011/193/1672
f 4011/193/1672 2120/193/467 565/193/467 2104/193/1672
f 2125/193/466 4011/193/1672 2104/193/1672 564/193/466
f 537/193/439 2122/193/460 4012/193/1665 2076/193/1644
f 2122/193/460 558/193/460 2097/193/1665 4012/193/1665
f 4012/193/1665 2097/193/1665 574/193/474 2126/193/474
f 2076/193/1644 4012/193/1665 2126/193/474 553/193/455
f 543/193/445 2125/193/466 4013/193/1673 2084/193/1652
f 2125/193/466 564/193/466 2105/193/1673 4013/193/1673
f 4013/193/1673 2105/193/1673 577/193/477 2119/193/477
f 2084/193/1652 4013/193/1673 2119/193/477 556/193/458
f 550/193/452 2077/193/1645 4014/193/1666 2112/193/452
f 2077/193/1645 551/193/453 2123/193/472 4014/193/1666
f 4014/193/1666 2123/193/472 572/193/472 2098/193/1666
f 2112/193/452 4014/193/1666 2098/193/1666 571/193/452
f 542/193/444 2070/193/1638 4015/193/1659 2128/193/465
f 2070/193/1638 554/193/456 2127/193/475 4015/193/1659
f 4015/193/1659 2127/193/475 575/193/475 2091/193/1659
f 2128/193/465 4015/193/1659 2091/193/1659 563/193/465
f 546/193/448 2114/193/448 4016/193/1653 2085/193/1653
f 2114/193/448 567/193/448 2106/193/1653 4016/193/1653
f 4016/193/1653 2106/193/1653 575/193/475 2127/193/475
f 2085/193/1653 4016/193/1653 2127/193/475 554/193/456
f 552/193/454 2078/193/1646 4017/193/1667 2129/193/473
f 2078/193/1646 553/193/455 2126/193/474 4017/193/1667
f 4017/193/1667 2126/193/474 574/193/474 2099/193/1667
f 2129/193/473 4017/193/1667 2099/193/1667 573/193/473
f 547/193/449 2131/193/469 4018/193/1660 2071/193/1639
f 2131/193/469 568/193/469 2092/193/1660 4018/193/1660
f 4018/193/1660 2092/193/1660 569/193/470 2130/193/470
f 2071/193/1639 4018/193/1660 2130/193/470 548/193/450
f 541/193/443 2086/193/1654 4019/193/1674 2132/193/464
f 2086/193/1654 542/193/444 2128/193/465 4019/193/1674
f 4019/193/1674 2128/193/465 563/193/465 2107/193/1674
f 2132/193/464 4019/193/1674 2107/193/1674 562/193/464
f 552/193/454 2129/193/473 4020/193/1668 2079/193/1647
f 2129/193/473 573/193/473 2100/193/1668 4020/193/1668
f 4020/193/1668 2100/193/1668 578/193/478 2124/193/478
f 2079/193/1647 4020/193/1668 2124/193/478 557/193/459
f 547/193/449 2072/193/1640 4021/193/1661 2131/193/469
f 2072/193/1640 555/193/457 2118/193/476 4021/193/1661
f 4021/193/1661 2118/193/476 576/193/476 2093/193/1661
f 2131/193/469 4021/193/1661 2093/193/1661 568/193/469
f 541/193/443 2132/193/464 4022/193/2970 2087/193/1655
f 2132/193/464 562/193/464 2108/193/1675 4022/193/2970
f 4022/193/2970 2108/193/1675 566/193/468 2116/193/468
f 2087/193/1655 4022/193/2970 2116/193/468 545/193/447
f 538/193/440 2080/193/1648 4023/193/1669 2121/193/461
f 2080/193/1648 548/193/450 2130/193/470 4023/193/1669
f 4023/193/1669 2130/193/470 569/193/470 2101/193/1669
f 2121/193/461 4023/193/1669 2101/193/1669 559/193/461
f 591/193/451 2136/193/1641 4024/193/1662 2176/193/471
f 2136/193/1641 592/193/452 2175/193/452 4024/193/1662
f 4024/193/1662 2175/193/452 613/193/452 2157/193/1662
f 2176/193/471 4024/193/1662 2157/193/1662 612/193/471
f 582/193/482 2178/193/463 4025/193/1676 2151/193/1656
f 2178/193/463 603/193/463 2172/193/1676 4025/193/1676
f 4025/193/1676 2172/193/1676 609/193/448 2177/193/448
f 2151/193/1656 4025/193/1676 2177/193/448 588/193/448
f 581/193/481 2144/193/1687 4026/193/1670 2180/193/462
f 2144/193/1687 587/193/485 2179/193/468 4026/193/1670
f 4026/193/1670 2179/193/468 608/193/468 2165/193/1670
f 2180/193/462 4026/193/1670 2165/193/1670 602/193/462
f 591/193/451 2176/193/471 4027/193/1663 2137/193/1642
f 2176/193/471 612/193/471 2158/193/1663 4027/193/1663
f 4027/193/1663 2158/193/1663 618/193/476 2181/193/476
f 2137/193/1642 4027/193/1663 2181/193/476 597/193/489
f 582/193/482 2152/193/1691 4028/193/1677 2178/193/463
f 2152/193/1691 598/193/458 2182/193/477 4028/193/1677
f 4028/193/1677 2182/193/477 619/193/477 2173/193/1677
f 2178/193/463 4028/193/1677 2173/193/1677 603/193/463
f 580/193/480 2184/193/461 4029/193/1671 2145/193/1688
f 2184/193/461 601/193/461 2166/193/1671 4029/193/1671
f 4029/193/1671 2166/193/1671 607/193/467 2183/193/467
f 2145/193/1688 4029/193/1671 2183/193/467 586/193/446
f 579/193/479 2138/193/1682 4030/193/1664 2185/193/460
f 2138/193/1682 581/193/481 2180/193/462 4030/193/1664
f 4030/193/1664 2180/193/462 602/193/462 2159/193/1664
f 2185/193/460 4030/193/1664 2159/193/1664 600/193/460
f 599/193/459 2187/193/478 4031/193/1678 2153/193/1692
f 2187/193/478 620/193/478 2174/193/1678 4031/193/1678
f 4031/193/1678 2174/193/1678 614/193/472 2186/193/472
f 2153/193/1692 4031/193/1678 2186/193/472 593/193/453
f 585/193/445 2146/193/1651 4032/193/1672 2188/193/466
f 2146/193/1651 586/193/446 2183/193/467 4032/193/1672
f 4032/193/1672 2183/193/467 607/193/467 2167/193/1672
f 2188/193/466 4032/193/1672 2167/193/1672 606/193/466
f 579/193/479 2185/193/460 4033/193/1665 2139/193/1683
f 2185/193/460 600/193/460 2160/193/1665 4033/193/1665
f 4033/193/1665 2160/193/1665 616/193/491 2189/193/491
f 2139/193/1683 4033/193/1665 2189/193/491 595/193/488
f 585/193/445 2188/193/466 4034/193/1673 2147/193/1689
f 2188/193/466 606/193/466 2168/193/1673 4034/193/1673
f 4034/193/1673 2168/193/1673 619/193/477 2182/193/477
f 2147/193/1689 4034/193/1673 2182/193/477 598/193/458
f 592/193/452 2140/193/1645 4035/193/1666 2175/193/452
f 2140/193/1645 593/193/453 2186/193/472 4035/193/1666
f 4035/193/1666 2186/193/472 614/193/472 2161/193/1666
f 2175/193/452 4035/193/1666 2161/193/1666 613/193/452
f 584/193/484 2133/193/1679 4036/193/1659 2191/193/465
f 2133/193/1679 596/193/456 2190/193/475 4036/193/1659
f 4036/193/1659 2190/193/475 617/193/475 2154/193/1659
f 2191/193/465 4036/193/1659 2154/193/1659 605/193/465
f 588/193/448 2177/193/448 4037/193/1653 2148/193/1653
f 2177/193/448 609/193/448 2169/193/1653 4037/193/1653
f 4037/193/1653 2169/193/1653 617/193/475 2190/193/475
f 2148/193/1653 4037/193/1653 2190/193/475 596/193/456
f 594/193/487 2141/193/1684 4038/193/1667 2192/193/473
f 2141/193/1684 595/193/488 2189/193/491 4038/193/1667
f 4038/193/1667 2189/193/491 616/193/491 2162/193/1667
f 2192/193/473 4038/193/1667 2162/193/1667 615/193/473
f 589/193/449 2194/193/490 4039/193/1660 2134/193/1680
f 2194/193/490 610/193/490 2155/193/1660 4039/193/1660
f 4039/193/1660 2155/193/1660 611/193/470 2193/193/470
f 2134/193/1680 4039/193/1660 2193/193/470 590/193/486
f 583/193/483 2149/193/1690 4040/193/1674 2195/193/464
f 2149/193/1690 584/193/484 2191/193/465 4040/193/1674
f 4040/193/1674 2191/193/465 605/193/465 2170/193/1674
f 2195/193/464 4040/193/1674 2170/193/1674 604/193/464
f 594/193/487 2192/193/473 4041/193/1668 2142/193/1685
f 2192/193/473 615/193/473 2163/193/1668 4041/193/1668
f 4041/193/1668 2163/193/1668 620/193/478 2187/193/478
f 2142/193/1685 4041/193/1668 2187/193/478 599/193/459
f 589/193/449 2135/193/1681 4042/193/1693 2194/193/490
f 2135/193/1681 597/193/489 2181/193/476 4042/193/1693
f 4042/193/1693 2181/193/476 618/193/476 2156/193/1693
f 2194/193/490 4042/193/1693 2156/193/1693 610/193/490
f 583/193/483 2195/193/464 4043/193/1675 2150/193/1655
f 2195/193/464 604/193/464 2171/193/1675 4043/193/1675
f 4043/193/1675 2171/193/1675 608/193/468 2179/193/468
f 2150/193/1655 4043/193/1675 2179/193/468 587/193/485
f 580/193/480 2143/193/1686 4044/193/1669 2184/193/461
f 2143/193/1686 590/193/486 2193/193/470 4044/193/1669
f 4044/193/1669 2193/193/470 611/193/470 2164/193/1669
f 2184/193/461 4044/193/1669 2164/193/1669 601/193/461
f 633/193/504 2199/193/1697 4045/193/2971 2239/193/1737
f 2199/193/1697 634/193/505 2238/193/1736 4045/193/2971
f 4045/193/2971 2238/193/1736 655/193/526 2220/193/1718
f 2239/193/1737 4045/193/2971 2220/193/1718 654/193/525
f 624/193/495 2241/193/1739 4046/193/2972 2214/193/1712
f 2241/193/1739 645/193/516 2235/193/1733 4046/193/2972
f 4046/193/2972 2235/193/1733 651/193/522 2240/193/1738
f 2214/193/1712 4046/193/2972 2240/193/1738 630/193/501
f 623/193/494 2207/193/1705 4047/193/2973 2243/193/1741
f 2207/193/1705 629/193/500 2242/193/1740 4047/193/2973
f 4047/193/2973 2242/193/1740 650/193/521 2228/193/1726
f 2243/193/1741 4047/193/2973 2228/193/1726 644/193/515
f 633/193/504 2239/193/1737 4048/193/2974 2200/193/1698
f 2239/193/1737 654/193/525 2221/193/1719 4048/193/2974
f 4048/193/2974 2221/193/1719 660/193/531 2244/193/1742
f 2200/193/1698 4048/193/2974 2244/193/1742 639/193/510
f 624/193/495 2215/193/1713 4049/193/2975 2241/193/1739
f 2215/193/1713 640/193/511 2245/193/1743 4049/193/2975
f 4049/193/2975 2245/193/1743 661/193/532 2236/193/1734
f 2241/193/1739 4049/193/2975 2236/193/1734 645/193/516
f 622/193/493 2247/193/1745 4050/193/2976 2208/193/1706
f 2247/193/1745 643/193/514 2229/193/1727 4050/193/2976
f 4050/193/2976 2229/193/1727 649/193/520 2246/193/1744
f 2208/193/1706 4050/193/2976 2246/193/1744 628/193/499
f 621/193/492 2201/193/1699 4051/193/2977 2248/193/1746
f 2201/193/1699 623/193/494 2243/193/1741 4051/193/2977
f 4051/193/2977 2243/193/1741 644/193/515 2222/193/1720
f 2248/193/1746 4051/193/2977 2222/193/1720 642/193/513
f 641/193/512 2250/193/1748 4052/193/2978 2216/193/1714
f 2250/193/1748 662/193/533 2237/193/1735 4052/193/2978
f 4052/193/2978 2237/193/1735 656/193/527 2249/193/1747
f 2216/193/1714 4052/193/2978 2249/193/1747 635/193/506
f 627/193/498 2209/193/1707 4053/193/2979 2251/193/1749
f 2209/193/1707 628/193/499 2246/193/1744 4053/193/2979
f 4053/193/2979 2246/193/1744 649/193/520 2230/193/1728
f 2251/193/1749 4053/193/2979 2230/193/1728 648/193/519
f 621/193/492 2248/193/1746 4054/193/2980 2202/193/1700
f 2248/193/1746 642/193/513 2223/193/1721 4054/193/2980
f 4054/193/2980 2223/193/1721 658/193/529 2252/193/1750
f 2202/193/1700 4054/193/2980 2252/193/1750 637/193/508
f 627/193/498 2251/193/1749 4055/193/2981 2210/193/1708
f 2251/193/1749 648/193/519 2231/193/1729 4055/193/2981
f 4055/193/2981 2231/193/1729 661/193/532 2245/193/1743
f 2210/193/1708 4055/193/2981 2245/193/1743 640/193/511
f 634/193/505 2203/193/1701 4056/193/2982 2238/193/1736
f 2203/193/1701 635/193/506 2249/193/1747 4056/193/2982
f 4056/193/2982 2249/193/1747 656/193/527 2224/193/1722
f 2238/193/1736 4056/193/2982 2224/193/1722 655/193/526
f 626/193/497 2196/193/1694 4057/193/2983 2254/193/1752
f 2196/193/1694 638/193/509 2253/193/1751 4057/193/2983
f 4057/193/2983 2253/193/1751 659/193/530 2217/193/1715
f 2254/193/1752 4057/193/2983 2217/193/1715 647/193/518
f 630/193/501 2240/193/1738 4058/193/2984 2211/193/1709
f 2240/193/1738 651/193/522 2232/193/1730 4058/193/2984
f 4058/193/2984 2232/193/1730 659/193/530 2253/193/1751
f 2211/193/1709 4058/193/2984 2253/193/1751 638/193/509
f 636/193/507 2204/193/1702 4059/193/2985 2255/193/1753
f 2204/193/1702 637/193/508 2252/193/1750 4059/193/2985
f 4059/193/2985 2252/193/1750 658/193/529 2225/193/1723
f 2255/193/1753 4059/193/2985 2225/193/1723 657/193/528
f 631/193/502 2257/193/1755 4060/193/2986 2197/193/1695
f 2257/193/1755 652/193/523 2218/193/1716 4060/193/2986
f 4060/193/2986 2218/193/1716 653/193/524 2256/193/1754
f 2197/193/1695 4060/193/2986 2256/193/1754 632/193/503
f 625/193/496 2212/193/1710 4061/193/2987 2258/193/1756
f 2212/193/1710 626/193/497 2254/193/1752 4061/193/2987
f 4061/193/2987 2254/193/1752 647/193/518 2233/193/1731
f 2258/193/1756 4061/193/2987 2233/193/1731 646/193/517
f 636/193/507 2255/193/1753 4062/193/2988 2205/193/1703
f 2255/193/1753 657/193/528 2226/193/1724 4062/193/2988
f 4062/193/2988 2226/193/1724 662/193/533 2250/193/1748
f 2205/193/1703 4062/193/2988 2250/193/1748 641/193/512
f 631/193/502 2198/193/1696 4063/193/2989 2257/193/1755
f 2198/193/1696 639/193/510 2244/193/1742 4063/193/2989
f 4063/193/2989 2244/193/1742 660/193/531 2219/193/1717
f 2257/193/1755 4063/193/2989 2219/193/1717 652/193/523
f 625/193/496 2258/193/1756 4064/193/2990 2213/193/1711
f 2258/193/1756 646/193/517 2234/193/1732 4064/193/2990
f 4064/193/2990 2234/193/1732 650/193/521 2242/193/1740
f 2213/193/1711 4064/193/2990 2242/193/1740 629/193/500
f 622/193/493 2206/193/1704 4065/193/2991 2247/193/1745
f 2206/193/1704 632/193/503 2256/193/1754 4065/193/2991
f 4065/193/2991 2256/193/1754 653/193/524 2227/193/1725
f 2247/193/1745 4065/193/2991 2227/193/1725 643/193/514
f 675/193/546 2262/193/1760 4066/193/1781 2302/193/546
f 2262/193/1760 676/193/547 2301/193/547 4066/193/1781
f 4066/193/1781 2301/193/547 697/193/547 2283/193/1781
f 2302/193/546 4066/193/1781 2283/193/1781 696/193/546
f 666/193/537 2304/193/558 4067/193/1775 2277/193/1775
f 2304/193/558 687/193/558 2298/193/1775 4067/193/1775
f 4067/193/1775 2298/193/1775 693/193/543 2303/193/543
f 2277/193/1775 4067/193/1775 2303/193/543 672/193/543
f 665/193/536 2270/193/1768 4068/193/1788 2306/193/557
f 2270/193/1768 671/193/542 2305/193/563 4068/193/1788
f 4068/193/1788 2305/193/563 692/193/563 2291/193/1788
f 2306/193/557 4068/193/1788 2291/193/1788 686/193/557
f 675/193/546 2302/193/546 4069/193/1782 2263/193/1761
f 2302/193/546 696/193/546 2284/193/1782 4069/193/1782
f 4069/193/1782 2284/193/1782 702/193/569 2307/193/569
f 2263/193/1761 4069/193/1782 2307/193/569 681/193/552
f 666/193/537 2278/193/1776 4070/193/1795 2304/193/558
f 2278/193/1776 682/193/553 2308/193/570 4070/193/1795
f 4070/193/1795 2308/193/570 703/193/570 2299/193/1795
f 2304/193/558 4070/193/1795 2299/193/1795 687/193/558
f 664/193/535 2310/193/556 4071/193/1789 2271/193/1769
f 2310/193/556 685/193/556 2292/193/1789 4071/193/1789
f 4071/193/1789 2292/193/1789 691/193/562 2309/193/562
f 2271/193/1769 4071/193/1789 2309/193/562 670/193/541
f 663/193/534 2264/193/1762 4072/193/1783 2311/193/555
f 2264/193/1762 665/193/536 2306/193/557 4072/193/1783
f 4072/193/1783 2306/193/557 686/193/557 2285/193/1783
f 2311/193/555 4072/193/1783 2285/193/1783 684/193/555
f 683/193/554 2313/193/571 4073/193/1796 2279/193/1777
f 2313/193/571 704/193/571 2300/193/1796 4073/193/1796
f 4073/193/1796 2300/193/1796 698/193/566 2312/193/618
f 2279/193/1777 4073/193/1796 2312/193/618 677/193/548
f 669/193/540 2272/193/1770 4074/193/1790 2314/193/561
f 2272/193/1770 670/193/541 2309/193/562 4074/193/1790
f 4074/193/1790 2309/193/562 691/193/562 2293/193/1790
f 2314/193/561 4074/193/1790 2293/193/1790 690/193/561
f 663/193/534 2311/193/555 4075/193/1784 2265/193/1763
f 2311/193/555 684/193/555 2286/193/1784 4075/193/1784
f 4075/193/1784 2286/193/1784 700/193/568 2315/193/568
f 2265/193/1763 4075/193/1784 2315/193/568 679/193/550
f 669/193/540 2314/193/561 4076/193/1791 2273/193/1771
f 2314/193/561 690/193/561 2294/193/1791 4076/193/1791
f 4076/193/1791 2294/193/1791 703/193/570 2308/193/570
f 2273/193/1771 4076/193/1791 2308/193/570 682/193/553
f 676/193/547 2266/193/1764 4077/193/1764 2301/193/547
f 2266/193/1764 677/193/548 2312/193/618 4077/193/1764
f 4077/193/1764 2312/193/618 698/193/566 2287/193/1764
f 2301/193/547 4077/193/1764 2287/193/1764 697/193/547
f 668/193/539 2259/193/1757 4078/193/1778 2317/193/560
f 2259/193/1757 680/193/551 2316/193/551 4078/193/1778
f 4078/193/1778 2316/193/551 701/193/551 2280/193/1778
f 2317/193/560 4078/193/1778 2280/193/1778 689/193/560
f 672/193/543 2303/193/543 4079/193/1867 2274/193/1772
f 2303/193/543 693/193/543 2295/193/1792 4079/193/1867
f 4079/193/1867 2295/193/1792 701/193/551 2316/193/551
f 2274/193/1772 4079/193/1867 2316/193/551 680/193/551
f 678/193/549 2267/193/1765 4080/193/1785 2318/193/567
f 2267/193/1765 679/193/550 2315/193/568 4080/193/1785
f 4080/193/1785 2315/193/568 700/193/568 2288/193/1785
f 2318/193/567 4080/193/1785 2288/193/1785 699/193/567
f 673/193/544 2320/193/564 4081/193/1779 2260/193/1758
f 2320/193/564 694/193/564 2281/193/1779 4081/193/1779
f 4081/193/1779 2281/193/1779 695/193/565 2319/193/565
f 2260/193/1758 4081/193/1779 2319/193/565 674/193/545
f 667/193/538 2275/193/1773 4082/193/1793 2321/193/559
f 2275/193/1773 668/193/539 2317/193/560 4082/193/1793
f 4082/193/1793 2317/193/560 689/193/560 2296/193/1793
f 2321/193/559 4082/193/1793 2296/193/1793 688/193/559
f 678/193/549 2318/193/567 4083/193/1786 2268/193/1766
f 2318/193/567 699/193/567 2289/193/1786 4083/193/1786
f 4083/193/1786 2289/193/1786 704/193/571 2313/193/571
f 2268/193/1766 4083/193/1786 2313/193/571 683/193/554
f 673/193/544 2261/193/1759 4084/193/1780 2320/193/564
f 2261/193/1759 681/193/552 2307/193/569 4084/193/1780
f 4084/193/1780 2307/193/569 702/193/569 2282/193/1780
f 2320/193/564 4084/193/1780 2282/193/1780 694/193/564
f 667/193/538 2321/193/559 4085/193/1794 2276/193/1774
f 2321/193/559 688/193/559 2297/193/1794 4085/193/1794
f 4085/193/1794 2297/193/1794 692/193/563 2305/193/563
f 2276/193/1774 4085/193/1794 2305/193/563 671/193/542
f 664/193/535 2269/193/1767 4086/193/1787 2310/193/556
f 2269/193/1767 674/193/545 2319/193/565 4086/193/1787
f 4086/193/1787 2319/193/565 695/193/565 2290/193/1787
f 2310/193/556 4086/193/1787 2290/193/1787 685/193/556
f 709/193/576 2324/193/1799 4087/193/2992 2344/193/1819
f 2324/193/1799 710/193/577 2343/193/1818 4087/193/2992
f 4087/193/2992 2343/193/1818 722/193/588 2334/193/1809
f 2344/193/1819 4087/193/2992 2334/193/1809 721/193/587
f 709/193/576 2344/193/1819 4088/193/2993 2325/193/1800
f 2344/193/1819 721/193/587 2335/193/1810 4088/193/2993
f 4088/193/2993 2335/193/1810 726/193/592 2345/193/1820
f 2325/193/1800 4088/193/2993 2345/193/1820 714/193/581
f 715/193/582 2349/193/1823 4089/193/2994 2331/193/1806
f 2349/193/1823 727/193/593 2342/193/1817 4089/193/2994
f 4089/193/2994 2342/193/1817 723/193/589 2348/193/1822
f 2331/193/1806 4089/193/2994 2348/193/1822 711/193/578
f 705/193/572 2347/193/572 4090/193/2995 2326/193/1801
f 2347/193/572 716/193/572 2336/193/1811 4090/193/2995
f 4090/193/2995 2336/193/1811 725/193/591 2350/193/1824
f 2326/193/1801 4090/193/2995 2350/193/1824 713/193/580
f 710/193/577 2327/193/1802 4091/193/2996 2343/193/1818
f 2327/193/1802 711/193/578 2348/193/1822 4091/193/2996
f 4091/193/2996 2348/193/1822 723/193/589 2337/193/1812
f 2343/193/1818 4091/193/2996 2337/193/1812 722/193/588
f 712/193/579 2328/193/1803 4092/193/2997 2351/193/1825
f 2328/193/1803 713/193/580 2350/193/1824 4092/193/2997
f 4092/193/2997 2350/193/1824 725/193/591 2338/193/1813
f 2351/193/1825 4092/193/2997 2338/193/1813 724/193/590
f 707/193/574 2353/193/1827 4093/193/2998 2322/193/1797
f 2353/193/1827 719/193/585 2332/193/1807 4093/193/2998
f 4093/193/2998 2332/193/1807 720/193/586 2352/193/1826
f 2322/193/1797 4093/193/2998 2352/193/1826 708/193/575
f 712/193/579 2351/193/1825 4094/193/2999 2329/193/1804
f 2351/193/1825 724/193/590 2339/193/1814 4094/193/2999
f 4094/193/2999 2339/193/1814 727/193/593 2349/193/1823
f 2329/193/1804 4094/193/2999 2349/193/1823 715/193/582
f 707/193/574 2323/193/1798 4095/193/3000 2353/193/1827
f 2323/193/1798 714/193/581 2345/193/1820 4095/193/3000
f 4095/193/3000 2345/193/1820 726/193/592 2333/193/1808
f 2353/193/1827 4095/193/3000 2333/193/1808 719/193/585
f 706/193/573 2330/193/1805 4096/193/3001 2346/193/1821
f 2330/193/1805 708/193/575 2352/193/1826 4096/193/3001
f 4096/193/3001 2352/193/1826 720/193/586 2340/193/1815
f 2346/193/1821 4096/193/3001 2340/193/1815 717/193/583
f 732/193/598 2356/193/1830 4097/193/3002 2375/193/1849
f 2356/193/1830 733/193/599 2374/193/1848 4097/193/3002
f 4097/193/3002 2374/193/1848 744/193/609 2366/193/1840
f 2375/193/1849 4097/193/3002 2366/193/1840 743/193/608
f 732/193/598 2375/193/1849 4098/193/3003 2357/193/1831
f 2375/193/1849 743/193/608 2367/193/1841 4098/193/3003
f 4098/193/3003 2367/193/1841 748/193/613 2377/193/1851
f 2357/193/1831 4098/193/3003 2377/193/1851 737/193/603
f 728/193/594 2358/193/1832 4099/193/3004 2378/193/1852
f 2358/193/1832 729/193/595 2376/193/1850 4099/193/3004
f 4099/193/3004 2376/193/1850 740/193/606 2368/193/1842
f 2378/193/1852 4099/193/3004 2368/193/1842 739/193/605
f 738/193/604 2380/193/1854 4100/193/3005 2363/193/1837
f 2380/193/1854 749/193/614 2373/193/1847 4100/193/3005
f 4100/193/3005 2373/193/1847 745/193/610 2379/193/1853
f 2363/193/1837 4100/193/3005 2379/193/1853 734/193/600
f 728/193/594 2378/193/1852 4101/193/3006 2359/193/1833
f 2378/193/1852 739/193/605 2369/193/1843 4101/193/3006
f 4101/193/3006 2369/193/1843 747/193/612 2381/193/1855
f 2359/193/1833 4101/193/3006 2381/193/1855 736/193/602
f 733/193/599 2360/193/1834 4102/193/3007 2374/193/1848
f 2360/193/1834 734/193/600 2379/193/1853 4102/193/3007
f 4102/193/3007 2379/193/1853 745/193/610 2370/193/1844
f 2374/193/1848 4102/193/3007 2370/193/1844 744/193/609
f 735/193/601 2361/193/1835 4103/193/3008 2382/193/1856
f 2361/193/1835 736/193/602 2381/193/1855 4103/193/3008
f 4103/193/3008 2381/193/1855 747/193/612 2371/193/1845
f 2382/193/1856 4103/193/3008 2371/193/1845 746/193/611
f 730/193/596 2384/193/1857 4104/193/3009 2354/193/1828
f 2384/193/1857 741/193/607 2364/193/1838 4104/193/3009
f 4104/193/3009 2364/193/1838 742/193/597 2383/193/597
f 2354/193/1828 4104/193/3009 2383/193/597 731/193/597
f 735/193/601 2382/193/1856 4105/193/3010 2362/193/1836
f 2382/193/1856 746/193/611 2372/193/1846 4105/193/3010
f 4105/193/3010 2372/193/1846 749/193/614 2380/193/1854
f 2362/193/1836 4105/193/3010 2380/193/1854 738/193/604
f 730/193/596 2355/193/1829 4106/193/3011 2384/193/1857
f 2355/193/1829 737/193/603 2377/193/1851 4106/193/3011
f 4106/193/3011 2377/193/1851 748/193/613 2365/193/1839
f 2384/193/1857 4106/193/3011 2365/193/1839 741/193/607
f 718/193/584 2386/193/1859 4107/193/3012 2341/193/1816
f 2386/193/1859 750/193/615 2385/193/1858 4107/193/3012
f 4107/193/3012 2385/193/1858 706/193/573 2346/193/1821
f 2341/193/1816 4107/193/3012 2346/193/1821 717/193/583
f 752/193/616 2388/193/1861 4108/193/3013 2389/193/616
f 2388/193/1861 740/193/606 2376/193/1850 4108/193/3013
f 4108/193/3013 2376/193/1850 729/193/595 2387/193/1860
f 2389/193/616 4108/193/3013 2387/193/1860 751/193/616
f 765/193/546 2393/193/1760 4109/193/1781 2433/193/546
f 2393/193/1760 766/193/547 2432/193/547 4109/193/1781
f 4109/193/1781 2432/193/547 787/193/547 2414/193/1781
f 2433/193/546 4109/193/1781 2414/193/1781 786/193/546
f 756/193/537 2435/193/558 4110/193/1775 2408/193/1775
f 2435/193/558 777/193/558 2429/193/1775 4110/193/1775
f 4110/193/1775 2429/193/1775 783/193/543 2434/193/543
f 2408/193/1775 4110/193/1775 2434/193/543 762/193/543
f 755/193/536 2401/193/1768 4111/193/1788 2437/193/557
f 2401/193/1768 761/193/542 2436/193/563 4111/193/1788
f 4111/193/1788 2436/193/563 782/193/563 2422/193/1788
f 2437/193/557 4111/193/1788 2422/193/1788 776/193/557
f 765/193/546 2433/193/546 4112/193/1866 2394/193/1761
f 2433/193/546 786/193/546 2415/193/1866 4112/193/1866
f 4112/193/1866 2415/193/1866 792/193/569 2438/193/569
f 2394/193/1761 4112/193/1866 2438/193/569 771/193/552
f 756/193/537 2409/193/1776 4113/193/1795 2435/193/558
f 2409/193/1776 772/193/553 2439/193/570 4113/193/1795
f 4113/193/1795 2439/193/570 793/193/570 2430/193/1795
f 2435/193/558 4113/193/1795 2430/193/1795 777/193/558
f 754/193/535 2441/193/556 4114/193/1789 2402/193/1769
f 2441/193/556 775/193/556 2423/193/1789 4114/193/1789
f 4114/193/1789 2423/193/1789 781/193/562 2440/193/562
f 2402/193/1769 4114/193/1789 2440/193/562 760/193/541
f 753/193/534 2395/193/1762 4115/193/1783 2442/193/555
f 2395/193/1762 755/193/536 2437/193/557 4115/193/1783
f 4115/193/1783 2437/193/557 776/193/557 2416/193/1783
f 2442/193/555 4115/193/1783 2416/193/1783 774/193/555
f 773/193/554 2444/193/571 4116/193/1796 2410/193/1777
f 2444/193/571 794/193/571 2431/193/1796 4116/193/1796
f 4116/193/1796 2431/193/1796 788/193/618 2443/193/618
f 2410/193/1777 4116/193/1796 2443/193/618 767/193/548
f 759/193/540 2403/193/1863 4117/193/1790 2445/193/561
f 2403/193/1863 760/193/541 2440/193/562 4117/193/1790
f 4117/193/1790 2440/193/562 781/193/562 2424/193/1790
f 2445/193/561 4117/193/1790 2424/193/1790 780/193/561
f 753/193/534 2442/193/555 4118/193/1784 2396/193/1862
f 2442/193/555 774/193/555 2417/193/1784 4118/193/1784
f 4118/193/1784 2417/193/1784 790/193/568 2446/193/568
f 2396/193/1862 4118/193/1784 2446/193/568 769/193/550
f 759/193/540 2445/193/561 4119/193/1791 2404/193/1771
f 2445/193/561 780/193/561 2425/193/1791 4119/193/1791
f 4119/193/1791 2425/193/1791 793/193/570 2439/193/570
f 2404/193/1771 4119/193/1791 2439/193/570 772/193/553
f 766/193/547 2397/193/1764 4120/193/1764 2432/193/547
f 2397/193/1764 767/193/548 2443/193/618 4120/193/1764
f 4120/193/1764 2443/193/618 788/193/618 2418/193/1764
f 2432/193/547 4120/193/1764 2418/193/1764 787/193/547
f 758/193/539 2390/193/1757 4121/193/1778 2448/193/560
f 2390/193/1757 770/193/551 2447/193/551 4121/193/1778
f 4121/193/1778 2447/193/551 791/193/551 2411/193/1778
f 2448/193/560 4121/193/1778 2411/193/1778 779/193/560
f 762/193/543 2434/193/543 4122/193/1867 2405/193/1864
f 2434/193/543 783/193/543 2426/193/1867 4122/193/1867
f 4122/193/1867 2426/193/1867 791/193/551 2447/193/551
f 2405/193/1864 4122/193/1867 2447/193/551 770/193/551
f 768/193/549 2398/193/1765 4123/193/1785 2449/193/567
f 2398/193/1765 769/193/550 2446/193/568 4123/193/1785
f 4123/193/1785 2446/193/568 790/193/568 2419/193/1785
f 2449/193/567 4123/193/1785 2419/193/1785 789/193/567
f 763/193/544 2451/193/1869 4124/193/1779 2391/193/1758
f 2451/193/1869 784/193/564 2412/193/1779 4124/193/1779
f 4124/193/1779 2412/193/1779 785/193/565 2450/193/565
f 2391/193/1758 4124/193/1779 2450/193/565 764/193/545
f 757/193/538 2406/193/1773 4125/193/1793 2452/193/617
f 2406/193/1773 758/193/539 2448/193/560 4125/193/1793
f 4125/193/1793 2448/193/560 779/193/560 2427/193/1793
f 2452/193/617 4125/193/1793 2427/193/1793 778/193/617
f 768/193/549 2449/193/567 4126/193/1786 2399/193/1766
f 2449/193/567 789/193/567 2420/193/1786 4126/193/1786
f 4126/193/1786 2420/193/1786 794/193/571 2444/193/571
f 2399/193/1766 4126/193/1786 2444/193/571 773/193/554
f 763/193/544 2392/193/1759 4127/193/1865 2451/193/1869
f 2392/193/1759 771/193/552 2438/193/569 4127/193/1865
f 4127/193/1865 2438/193/569 792/193/569 2413/193/1865
f 2451/193/1869 4127/193/1865 2413/193/1865 784/193/564
f 757/193/538 2452/193/617 4128/193/1794 2407/193/1774
f 2452/193/617 778/193/617 2428/193/1868 4128/193/1794
f 4128/193/1794 2428/193/1868 782/193/563 2436/193/563
f 2407/193/1774 4128/193/1794 2436/193/563 761/193/542
f 754/193/535 2400/193/1767 4129/193/1787 2441/193/556
f 2400/193/1767 764/193/545 2450/193/565 4129/193/1787
f 4129/193/1787 2450/193/565 785/193/565 2421/193/1787
f 2441/193/556 4129/193/1787 2421/193/1787 775/193/556
f 799/193/598 2455/193/1830 4130/193/3002 2474/193/1849
f 2455/193/1830 800/193/599 2473/193/1848 4130/193/3002
f 4130/193/3002 2473/193/1848 811/193/609 2465/193/1840
f 2474/193/1849 4130/193/3002 2465/193/1840 810/193/608
f 799/193/598 2474/193/1849 4131/193/3014 2456/193/1831
f 2474/193/1849 810/193/608 2466/193/1841 4131/193/3014
f 4131/193/3014 2466/193/1841 815/193/627 2476/193/1878
f 2456/193/1831 4131/193/3014 2476/193/1878 804/193/623
f 795/193/619 2457/193/1872 4132/193/3015 2477/193/1879
f 2457/193/1872 796/193/620 2475/193/1877 4132/193/3015
f 4132/193/3015 2475/193/1877 807/193/625 2467/193/1875
f 2477/193/1879 4132/193/3015 2467/193/1875 806/193/624
f 805/193/604 2479/193/1854 4133/193/3005 2462/193/1837
f 2479/193/1854 816/193/614 2472/193/1847 4133/193/3005
f 4133/193/3005 2472/193/1847 812/193/610 2478/193/1853
f 2462/193/1837 4133/193/3005 2478/193/1853 801/193/600
f 795/193/619 2477/193/1879 4134/193/3006 2458/193/1833
f 2477/193/1879 806/193/624 2468/193/1843 4134/193/3006
f 4134/193/3006 2468/193/1843 814/193/612 2480/193/1855
f 2458/193/1833 4134/193/3006 2480/193/1855 803/193/602
f 800/193/599 2459/193/1834 4135/193/3007 2473/193/1848
f 2459/193/1834 801/193/600 2478/193/1853 4135/193/3007
f 4135/193/3007 2478/193/1853 812/193/610 2469/193/1844
f 2473/193/1848 4135/193/3007 2469/193/1844 811/193/609
f 802/193/601 2460/193/1835 4136/193/3008 2481/193/1856
f 2460/193/1835 803/193/602 2480/193/1855 4136/193/3008
f 4136/193/3008 2480/193/1855 814/193/612 2470/193/1876
f 2481/193/1856 4136/193/3008 2470/193/1876 813/193/611
f 797/193/621 2483/193/1880 4137/193/3016 2453/193/1870
f 2483/193/1880 808/193/626 2463/193/1873 4137/193/3016
f 4137/193/3016 2463/193/1873 809/193/597 2482/193/597
f 2453/193/1870 4137/193/3016 2482/193/597 798/193/622
f 802/193/601 2481/193/1856 4138/193/3010 2461/193/1836
f 2481/193/1856 813/193/611 2471/193/1846 4138/193/3010
f 4138/193/3010 2471/193/1846 816/193/614 2479/193/1854
f 2461/193/1836 4138/193/3010 2479/193/1854 805/193/604
f 797/193/621 2454/193/1871 4139/193/3017 2483/193/1880
f 2454/193/1871 804/193/623 2476/193/1878 4139/193/3017
f 4139/193/3017 2476/193/1878 815/193/627 2464/193/1874
f 2483/193/1880 4139/193/3017 2464/193/1874 808/193/626
f 818/193/616 2485/193/1882 4140/193/3018 2486/193/616
f 2485/193/1882 807/193/625 2475/193/1877 4140/193/3018
f 4140/193/3018 2475/193/1877 796/193/620 2484/193/1881
f 2486/193/616 4140/193/3018 2484/193/1881 817/193/616
f 819/498/628 2489/499/1885 4141/500/3019 2487/37/1883
f 2489/499/1885 820/501/629 2488/502/1884 4141/500/3019
f 4141/500/3019 2488/502/1884 822/503/631 2490/504/1886
f 2487/37/1883 4141/500/3019 2490/504/1886 821/152/630
f 821/152/630 2490/504/1886 4142/505/3020 2491/196/1887
f 2490/504/1886 822/503/631 2492/506/1888 4142/505/3020
f 4142/505/3020 2492/506/1888 824/507/633 2493/508/1889
f 2491/196/1887 4142/505/3020 2493/508/1889 823/200/632
f 823/200/632 2493/508/1889 4143/509/3021 2494/202/1890
f 2493/508/1889 824/507/633 2495/510/1891 4143/509/3021
f 4143/509/3021 2495/510/1891 826/511/635 2496/512/1892
f 2494/202/1890 4143/509/3021 2496/512/1892 825/206/634
f 825/206/634 2496/512/1892 4144/513/3022 2497/208/1893
f 2496/512/1892 826/511/635 2498/514/1894 4144/513/3022
f 4144/513/3022 2498/514/1894 828/515/637 2499/516/1895
f 2497/208/1893 4144/513/3022 2499/516/1895 827/212/636
f 827/212/636 2499/516/1895 4145/517/3023 2500/214/1896
f 2499/516/1895 828/515/637 2501/518/1897 4145/517/3023
f 4145/517/3023 2501/518/1897 830/519/639 2502/520/1898
f 2500/214/1896 4145/517/3023 2502/520/1898 829/218/638
f 829/218/638 2502/520/1898 4146/521/3024 2503/220/1899
f 2502/520/1898 830/519/639 2504/522/1900 4146/521/3024
f 4146/521/3024 2504/522/1900 832/523/641 2505/524/1901
f 2503/220/1899 4146/521/3024 2505/524/1901 831/224/640
f 831/224/640 2505/524/1901 4147/525/3025 2506/226/1902
f 2505/524/1901 832/523/641 2507/526/1903 4147/525/3025
f 4147/525/3025 2507/526/1903 834/527/643 2508/528/1904
f 2506/226/1902 4147/525/3025 2508/528/1904 833/230/642
f 833/230/642 2508/528/1904 4148/529/3026 2509/232/1905
f 2508/528/1904 834/527/643 2510/530/1906 4148/529/3026
f 4148/529/3026 2510/530/1906 836/531/645 2511/532/1907
f 2509/232/1905 4148/529/3026 2511/532/1907 835/236/644
f 835/236/644 2511/532/1907 4149/533/3027 2512/238/1908
f 2511/532/1907 836/531/645 2513/534/1909 4149/533/3027
f 4149/533/3027 2513/534/1909 838/535/647 2514/536/1910
f 2512/238/1908 4149/533/3027 2514/536/1910 837/242/646
f 837/242/646 2514/536/1910 4150/537/3028 2515/244/1911
f 2514/536/1910 838/535/647 2516/538/1912 4150/537/3028
f 4150/537/3028 2516/538/1912 840/539/649 2517/540/1913
f 2515/244/1911 4150/537/3028 2517/540/1913 839/248/648
f 839/248/648 2517/540/1913 4151/541/3029 2518/250/1914
f 2517/540/1913 840/539/649 2519/542/1915 4151/541/3029
f 4151/541/3029 2519/542/1915 842/543/651 2520/544/1916
f 2518/250/1914 4151/541/3029 2520/544/1916 841/254/650
f 841/254/650 2520/544/1916 4152/545/3030 2521/256/1917
f 2520/544/1916 842/543/651 2522/546/1918 4152/545/3030
f 4152/545/3030 2522/546/1918 844/547/653 2523/548/1919
f 2521/256/1917 4152/545/3030 2523/548/1919 843/260/652
f 843/260/652 2523/548/1919 4153/549/3031 2524/262/1920
f 2523/548/1919 844/547/653 2525/550/1921 4153/549/3031
f 4153/549/3031 2525/550/1921 846/551/655 2526/552/1922
f 2524/262/1920 4153/549/3031 2526/552/1922 845/266/654
f 845/266/654 2526/552/1922 4154/553/3032 2527/268/1923
f 2526/552/1922 846/551/655 2528/554/1924 4154/553/3032
f 4154/553/3032 2528/554/1924 848/555/657 2529/556/1925
f 2527/268/1923 4154/553/3032 2529/556/1925 847/365/656
f 847/365/656 2529/556/1925 4155/557/3033 2530/367/1926
f 2529/556/1925 848/555/657 2531/558/1927 4155/557/3033
f 4155/557/3033 2531/558/1927 850/559/659 2532/560/1928
f 2530/367/1926 4155/557/3033 2532/560/1928 849/371/658
f 849/371/658 2532/560/1928 4156/561/3034 2533/373/1929
f 2532/560/1928 850/559/659 2534/562/1930 4156/561/3034
f 4156/561/3034 2534/562/1930 852/375/661 2535/563/1931
f 2533/373/1929 4156/561/3034 2535/563/1931 851/377/660
f 851/377/660 2535/563/1931 4157/564/3035 2536/150/1932
f 2535/563/1931 852/375/661 2537/565/1933 4157/564/3035
f 4157/564/3035 2537/565/1933 854/566/663 2538/567/1934
f 2536/150/1932 4157/564/3035 2538/567/1934 853/155/662
f 853/155/662 2538/567/1934 4158/568/3036 2539/46/1935
f 2538/567/1934 854/566/663 2540/569/1936 4158/568/3036
f 4158/568/3036 2540/569/1936 856/570/665 2541/571/1937
f 2539/46/1935 4158/568/3036 2541/571/1937 855/136/664
f 855/136/664 2541/571/1937 4159/572/3037 2542/53/1938
f 2541/571/1937 856/570/665 2543/573/1939 4159/572/3037
f 4159/572/3037 2543/573/1939 858/574/667 2544/575/1940
f 2542/53/1938 4159/572/3037 2544/575/1940 857/137/666
f 857/137/666 2544/575/1940 4160/576/3038 2545/59/1941
f 2544/575/1940 858/574/667 2546/577/1942 4160/576/3038
f 4160/576/3038 2546/577/1942 860/578/669 2547/579/1943
f 2545/59/1941 4160/576/3038 2547/579/1943 859/138/668
f 859/138/668 2547/579/1943 4161/580/3039 2548/65/1944
f 2547/579/1943 860/578/669 2549/581/1945 4161/580/3039
f 4161/580/3039 2549/581/1945 862/582/671 2550/583/1946
f 2548/65/1944 4161/580/3039 2550/583/1946 861/139/670
f 861/139/670 2550/583/1946 4162/584/3040 2551/71/1947
f 2550/583/1946 862/582/671 2552/585/1948 4162/584/3040
f 4162/584/3040 2552/585/1948 864/586/673 2553/587/1949
f 2551/71/1947 4162/584/3040 2553/587/1949 863/140/672
f 863/140/672 2553/587/1949 4163/588/3041 2554/77/1950
f 2553/587/1949 864/586/673 2555/589/1951 4163/588/3041
f 4163/588/3041 2555/589/1951 866/590/675 2556/591/1952
f 2554/77/1950 4163/588/3041 2556/591/1952 865/141/674
f 865/141/674 2556/591/1952 4164/592/3042 2557/83/1953
f 2556/591/1952 866/590/675 2558/593/1954 4164/592/3042
f 4164/592/3042 2558/593/1954 868/594/677 2559/595/1955
f 2557/83/1953 4164/592/3042 2559/595/1955 867/142/676
f 867/142/676 2559/595/1955 4165/596/3043 2560/89/1956
f 2559/595/1955 868/594/677 2561/597/1957 4165/596/3043
f 4165/596/3043 2561/597/1957 870/598/679 2562/599/1958
f 2560/89/1956 4165/596/3043 2562/599/1958 869/143/678
f 869/143/678 2562/599/1958 4166/600/3044 2563/95/1959
f 2562/599/1958 870/598/679 2564/601/1960 4166/600/3044
f 4166/600/3044 2564/601/1960 872/602/681 2565/603/1961
f 2563/95/1959 4166/600/3044 2565/603/1961 871/144/680
f 871/144/680 2565/603/1961 4167/604/3045 2566/101/1962
f 2565/603/1961 872/602/681 2567/605/1963 4167/604/3045
f 4167/604/3045 2567/605/1963 874/606/683 2568/607/1964
f 2566/101/1962 4167/604/3045 2568/607/1964 873/145/682
f 873/145/682 2568/607/1964 4168/608/3046 2569/107/1965
f 2568/607/1964 874/606/683 2570/609/1966 4168/608/3046
f 4168/608/3046 2570/609/1966 876/610/685 2571/611/1967
f 2569/107/1965 4168/608/3046 2571/611/1967 875/146/684
f 875/146/684 2571/611/1967 4169/612/3047 2572/113/1968
f 2571/611/1967 876/610/685 2573/613/1969 4169/612/3047
f 4169/612/3047 2573/613/1969 878/614/687 2574/615/1970
f 2572/113/1968 4169/612/3047 2574/615/1970 877/147/686
f 877/147/686 2574/615/1970 4170/616/3048 2575/119/1971
f 2574/615/1970 878/614/687 2576/617/1972 4170/616/3048
f 4170/616/3048 2576/617/1972 880/618/689 2577/619/1973
f 2575/119/1971 4170/616/3048 2577/619/1973 879/148/688
f 832/620/641 2504/621/1900 4171/622/3049 2616/623/2012
f 2504/621/1900 830/624/639 2615/625/2011 4171/622/3049
f 4171/622/3049 2615/625/2011 920/216/729 2588/221/1984
f 2616/623/2012 4171/622/3049 2588/221/1984 921/222/730
f 879/148/688 2577/619/1973 4172/626/3050 2578/125/1974
f 2577/619/1973 880/618/689 2579/627/1975 4172/626/3050
f 4172/626/3050 2579/627/1975 882/628/691 2580/629/1976
f 2578/125/1974 4172/626/3050 2580/629/1976 881/149/690
f 881/149/690 2580/629/1976 4173/630/3051 2581/131/1977
f 2580/629/1976 882/628/691 2582/631/1978 4173/630/3051
f 4173/630/3051 2582/631/1978 820/632/629 2489/633/1885
f 2581/131/1977 4173/630/3051 2489/633/1885 819/634/628
f 819/379/628 2487/380/1883 4174/381/2965 2581/382/1977
f 821/383/630 2491/384/1887 4174/381/2965 2487/385/1883
f 823/386/632 2494/387/1890 4174/381/2965 2491/384/1887
f 825/388/634 2497/389/1893 4174/381/2965 2494/387/1890
f 827/390/636 2500/391/1896 4174/381/2965 2497/389/1893
f 829/392/638 2503/393/1899 4174/381/2965 2500/394/1896
f 831/395/640 2506/396/1902 4174/381/2965 2503/397/1899
f 833/398/642 2509/399/1905 4174/381/2965 2506/400/1902
f 835/401/644 2512/402/1908 4174/381/2965 2509/399/1905
f 837/403/646 2515/404/1911 4174/381/2965 2512/402/1908
f 839/405/648 2518/406/1914 4174/381/2965 2515/407/1911
f 841/408/650 2521/409/1917 4174/381/2965 2518/410/1914
f 843/411/652 2524/412/1920 4174/381/2965 2521/409/1917
f 845/413/654 2527/414/1923 4174/381/2965 2524/412/1920
f 847/415/656 2530/416/1926 4174/381/2965 2527/414/1923
f 849/417/658 2533/418/1929 4174/381/2965 2530/416/1926
f 851/419/660 2536/420/1932 4174/381/2965 2533/421/1929
f 853/422/662 2539/423/1935 4174/381/2965 2536/424/1932
f 855/425/664 2542/426/1938 4174/381/2965 2539/423/1935
f 857/427/666 2545/428/1941 4174/381/2965 2542/426/1938
f 859/429/668 2548/430/1944 4174/381/2965 2545/431/1941
f 861/432/670 2551/433/1947 4174/381/2965 2548/430/1944
f 863/434/672 2554/435/1950 4174/381/2965 2551/436/1947
f 865/437/674 2557/438/1953 4174/381/2965 2554/439/1950
f 867/440/676 2560/441/1956 4174/381/2965 2557/438/1953
f 869/442/678 2563/443/1959 4174/381/2965 2560/441/1956
f 871/444/680 2566/445/1962 4174/381/2965 2563/446/1959
f 873/447/682 2569/448/1965 4174/381/2965 2566/449/1962
f 875/450/684 2572/451/1968 4174/381/2965 2569/452/1965
f 877/453/686 2575/454/1971 4174/381/2965 2572/455/1968
f 879/456/688 2578/457/1974 4174/381/2965 2575/454/1971
f 881/458/690 2581/459/1977 4174/381/2965 2578/457/1974
f 907/635/716 2670/636/2066 4175/637/3052 2744/638/2140
f 2670/636/2066 906/639/715 2743/640/2139 4175/637/3052
f 4175/637/3052 2743/640/2139 970/641/779 2734/642/2130
f 2744/638/2140 4175/637/3052 2734/642/2130 971/643/780
f 850/644/659 2531/645/1927 4176/646/3053 2618/647/2014
f 2531/645/1927 848/648/657 2617/649/2013 4176/646/3053
f 4176/646/3053 2617/649/2013 929/364/738 2597/368/1993
f 2618/647/2014 4176/646/3053 2597/368/1993 930/369/739
f 868/650/677 2558/651/1954 4177/652/3054 2620/653/2016
f 2558/651/1954 866/654/675 2619/655/2015 4177/652/3054
f 4177/652/3054 2619/655/2015 938/182/747 2606/84/2002
f 2620/653/2016 4177/652/3054 2606/84/2002 939/181/748
f 824/656/633 2492/657/1888 4178/658/3055 2622/659/2018
f 2492/657/1888 822/660/631 2621/661/2017 4178/658/3055
f 4178/658/3055 2621/661/2017 915/166/724 2584/197/1980
f 2622/659/2018 4178/658/3055 2584/197/1980 917/198/726
f 842/662/651 2519/663/1915 4179/664/3056 2624/665/2020
f 2519/663/1915 840/666/649 2623/667/2019 4179/664/3056
f 4179/664/3056 2623/667/2019 925/246/734 2593/668/1989
f 2624/665/2020 4179/664/3056 2593/668/1989 926/252/735
f 860/669/669 2546/670/1942 4180/671/3057 2626/672/2022
f 2546/670/1942 858/673/667 2625/674/2021 4180/671/3057
f 4180/671/3057 2625/674/2021 934/188/743 2602/60/1998
f 2626/672/2022 4180/671/3057 2602/60/1998 935/187/744
f 878/675/687 2573/676/1969 4181/677/3058 2628/678/2024
f 2573/676/1969 876/679/685 2627/680/2023 4181/677/3058
f 4181/677/3058 2627/680/2023 943/176/752 2611/114/2007
f 2628/678/2024 4181/677/3058 2611/114/2007 944/175/753
f 834/681/643 2507/682/1903 4182/683/3059 2629/684/2025
f 2507/682/1903 832/620/641 2616/623/2012 4182/683/3059
f 4182/683/3059 2616/623/2012 921/222/730 2589/685/1985
f 2629/684/2025 4182/683/3059 2589/685/1985 922/228/731
f 852/375/661 2534/686/1930 4183/687/3060 2630/688/2026
f 2534/686/1930 850/644/659 2618/647/2014 4183/687/3060
f 4183/687/3060 2618/647/2014 930/369/739 2598/374/1994
f 2630/688/2026 4183/687/3060 2598/374/1994 931/688/740
f 870/689/679 2561/690/1957 4184/691/3061 2631/692/2027
f 2561/690/1957 868/650/677 2620/653/2016 4184/691/3061
f 4184/691/3061 2620/653/2016 939/181/748 2607/90/2003
f 2631/692/2027 4184/691/3061 2607/90/2003 940/277/749
f 826/693/635 2495/694/1891 4185/695/3062 2632/696/2028
f 2495/694/1891 824/656/633 2622/659/2018 4185/695/3062
f 4185/695/3062 2622/659/2018 917/198/726 2585/203/1981
f 2632/696/2028 4185/695/3062 2585/203/1981 918/204/727
f 844/697/653 2522/698/1918 4186/699/3063 2633/700/2029
f 2522/698/1918 842/662/651 2624/665/2020 4186/699/3063
f 4186/699/3063 2624/665/2020 926/252/735 2594/257/1990
f 2633/700/2029 4186/699/3063 2594/257/1990 927/258/736
f 862/701/671 2549/702/1945 4187/703/3064 2634/704/2030
f 2549/702/1945 860/669/669 2626/672/2022 4187/703/3064
f 4187/703/3064 2626/672/2022 935/187/744 2603/186/1999
f 2634/704/2030 4187/703/3064 2603/186/1999 936/276/745
f 880/705/689 2576/706/1972 4188/707/3065 2635/708/2031
f 2576/706/1972 878/675/687 2628/678/2024 4188/707/3065
f 4188/707/3065 2628/678/2024 944/175/753 2612/174/2008
f 2635/708/2031 4188/707/3065 2612/174/2008 945/173/754
f 836/709/645 2510/710/1906 4189/711/3066 2636/712/2032
f 2510/710/1906 834/681/643 2629/684/2025 4189/711/3066
f 4189/711/3066 2629/684/2025 922/228/731 2590/233/1986
f 2636/712/2032 4189/711/3066 2590/233/1986 923/234/732
f 854/713/663 2537/714/1933 4190/715/3067 2637/716/2033
f 2537/714/1933 852/375/661 2630/688/2026 4190/715/3067
f 4190/715/3067 2630/688/2026 931/688/740 2599/170/1995
f 2637/716/2033 4190/715/3067 2599/170/1995 932/191/741
f 872/717/681 2564/718/1960 4191/719/3068 2638/720/2034
f 2564/718/1960 870/689/679 2631/692/2027 4191/719/3068
f 4191/719/3068 2631/692/2027 940/277/749 2608/96/2004
f 2638/720/2034 4191/719/3068 2608/96/2004 941/278/750
f 828/721/637 2498/722/1894 4192/723/3069 2639/724/2035
f 2498/722/1894 826/693/635 2632/696/2028 4192/723/3069
f 4192/723/3069 2632/696/2028 918/204/727 2586/209/1982
f 2639/724/2035 4192/723/3069 2586/209/1982 919/210/728
f 846/725/655 2525/726/1921 4193/727/3070 2640/728/2036
f 2525/726/1921 844/697/653 2633/700/2029 4193/727/3070
f 4193/727/3070 2633/700/2029 927/258/736 2595/729/1991
f 2640/728/2036 4193/727/3070 2595/729/1991 928/264/737
f 864/730/673 2552/731/1948 4194/732/3071 2641/733/2037
f 2552/731/1948 862/701/671 2634/704/2030 4194/732/3071
f 4194/732/3071 2634/704/2030 936/276/745 2604/184/2000
f 2641/733/2037 4194/732/3071 2604/184/2000 937/183/746
f 882/734/691 2579/735/1975 4195/736/3072 2642/737/2038
f 2579/735/1975 880/705/689 2635/708/2031 4195/736/3072
f 4195/736/3072 2635/708/2031 945/173/754 2613/172/2009
f 2642/737/2038 4195/736/3072 2613/172/2009 946/171/755
f 838/738/647 2513/739/1909 4196/740/3073 2643/741/2039
f 2513/739/1909 836/709/645 2636/712/2032 4196/740/3073
f 4196/740/3073 2636/712/2032 923/234/732 2591/742/1987
f 2643/741/2039 4196/740/3073 2591/742/1987 924/240/733
f 856/743/665 2540/744/1936 4197/745/3074 2644/746/2040
f 2540/744/1936 854/713/663 2637/716/2033 4197/745/3074
f 4197/745/3074 2637/716/2033 932/191/741 2600/48/1996
f 2644/746/2040 4197/745/3074 2600/48/1996 933/275/742
f 874/747/683 2567/748/1963 4198/749/3075 2645/750/2041
f 2567/748/1963 872/717/681 2638/720/2034 4198/749/3075
f 4198/749/3075 2638/720/2034 941/278/750 2609/102/2005
f 2645/750/2041 4198/749/3075 2609/102/2005 942/178/751
f 830/624/639 2501/751/1897 4199/752/3076 2615/625/2011
f 2501/751/1897 828/721/637 2639/724/2035 4199/752/3076
f 4199/752/3076 2639/724/2035 919/210/728 2587/215/1983
f 2615/625/2011 4199/752/3076 2587/215/1983 920/216/729
f 848/648/657 2528/753/1924 4200/754/3077 2617/649/2013
f 2528/753/1924 846/725/655 2640/728/2036 4200/754/3077
f 4200/754/3077 2640/728/2036 928/264/737 2596/755/1992
f 2617/649/2013 4200/754/3077 2596/755/1992 929/364/738
f 866/654/675 2555/756/1951 4201/757/3078 2619/655/2015
f 2555/756/1951 864/730/673 2641/733/2037 4201/757/3078
f 4201/757/3078 2641/733/2037 937/183/746 2605/78/2001
f 2619/655/2015 4201/757/3078 2605/78/2001 938/182/747
f 822/660/631 2488/758/1884 4202/759/3079 2621/661/2017
f 2488/758/1884 820/501/629 2646/501/2042 4202/759/3079
f 4202/759/3079 2646/501/2042 916/501/725 2583/39/1979
f 2621/661/2017 4202/759/3079 2583/39/1979 915/166/724
f 820/632/629 2582/760/1978 4203/761/3080 2646/632/2042
f 2582/760/1978 882/734/691 2642/737/2038 4203/761/3080
f 4203/761/3080 2642/737/2038 946/171/755 2614/132/2010
f 2646/632/2042 4203/761/3080 2614/132/2010 916/632/725
f 840/666/649 2516/762/1912 4204/763/3081 2623/667/2019
f 2516/762/1912 838/738/647 2643/741/2039 4204/763/3081
f 4204/763/3081 2643/741/2039 924/240/733 2592/245/1988
f 2623/667/2019 4204/763/3081 2592/245/1988 925/246/734
f 858/673/667 2543/764/1939 4205/765/3082 2625/674/2021
f 2543/764/1939 856/743/665 2644/746/2040 4205/765/3082
f 4205/765/3082 2644/746/2040 933/275/742 2601/189/1997
f 2625/674/2021 4205/765/3082 2601/189/1997 934/188/743
f 876/679/685 2570/766/1966 4206/767/3083 2627/680/2023
f 2570/766/1966 874/747/683 2645/750/2041 4206/767/3083
f 4206/767/3083 2645/750/2041 942/178/751 2610/177/2006
f 2627/680/2023 4206/767/3083 2610/177/2006 943/176/752
f 883/768/692 2647/769/2043 4207/770/3084 2679/771/2075
f 2647/769/2043 884/772/693 2680/773/2076 4207/770/3084
f 4207/770/3084 2680/773/2076 915/774/724 2583/280/1979
f 2679/771/2075 4207/770/3084 2583/280/1979 916/775/725
f 884/772/693 2648/776/2044 4208/777/3085 2680/773/2076
f 2648/776/2044 885/778/694 2681/779/2077 4208/777/3085
f 4208/777/3085 2681/779/2077 917/780/726 2584/282/1980
f 2680/773/2076 4208/777/3085 2584/282/1980 915/774/724
f 885/778/694 2649/781/2045 4209/782/3086 2681/779/2077
f 2649/781/2045 886/783/695 2682/784/2078 4209/782/3086
f 4209/782/3086 2682/784/2078 918/785/727 2585/363/1981
f 2681/779/2077 4209/782/3086 2585/363/1981 917/780/726
f 886/783/695 2650/786/2046 4210/787/3087 2682/784/2078
f 2650/786/2046 887/788/696 2683/789/2079 4210/787/3087
f 4210/787/3087 2683/789/2079 919/790/728 2586/360/1982
f 2682/784/2078 4210/787/3087 2586/360/1982 918/785/727
f 887/788/696 2651/791/2047 4211/792/3088 2683/789/2079
f 2651/791/2047 888/793/697 2684/794/2080 4211/792/3088
f 4211/792/3088 2684/794/2080 920/795/729 2587/357/1983
f 2683/789/2079 4211/792/3088 2587/357/1983 919/790/728
f 888/793/697 2652/796/2048 4212/797/3089 2684/794/2080
f 2652/796/2048 889/798/698 2685/799/2081 4212/797/3089
f 4212/797/3089 2685/799/2081 921/800/730 2588/354/1984
f 2684/794/2080 4212/797/3089 2588/354/1984 920/795/729
f 889/798/698 2653/801/2049 4213/802/3090 2685/799/2081
f 2653/801/2049 890/803/699 2686/804/2082 4213/802/3090
f 4213/802/3090 2686/804/2082 922/805/731 2589/351/1985
f 2685/799/2081 4213/802/3090 2589/351/1985 921/800/730
f 890/803/699 2654/806/2050 4214/807/3091 2686/804/2082
f 2654/806/2050 891/808/700 2687/809/2083 4214/807/3091
f 4214/807/3091 2687/809/2083 923/810/732 2590/346/1986
f 2686/804/2082 4214/807/3091 2590/346/1986 922/805/731
f 891/808/700 2655/811/2051 4215/812/3092 2687/809/2083
f 2655/811/2051 892/813/701 2688/814/2084 4215/812/3092
f 4215/812/3092 2688/814/2084 924/815/733 2591/343/1987
f 2687/809/2083 4215/812/3092 2591/343/1987 923/810/732
f 892/813/701 2656/816/2052 4216/817/3093 2688/814/2084
f 2656/816/2052 893/818/702 2689/819/2085 4216/817/3093
f 4216/817/3093 2689/819/2085 925/820/734 2592/344/1988
f 2688/814/2084 4216/817/3093 2592/344/1988 924/815/733
f 893/818/702 2657/821/2053 4217/822/3094 2689/819/2085
f 2657/821/2053 894/823/703 2690/824/2086 4217/822/3094
f 4217/822/3094 2690/824/2086 926/825/735 2593/341/1989
f 2689/819/2085 4217/822/3094 2593/341/1989 925/820/734
f 894/823/703 2658/826/2054 4218/827/3095 2690/824/2086
f 2658/826/2054 895/828/704 2691/829/2087 4218/827/3095
f 4218/827/3095 2691/829/2087 927/830/736 2594/335/1990
f 2690/824/2086 4218/827/3095 2594/335/1990 926/825/735
f 895/828/704 2659/831/2055 4219/832/3096 2691/829/2087
f 2659/831/2055 896/833/705 2692/834/2088 4219/832/3096
f 4219/832/3096 2692/834/2088 928/835/737 2595/336/1991
f 2691/829/2087 4219/832/3096 2595/336/1991 927/830/736
f 896/833/705 2660/836/2056 4220/837/3097 2692/834/2088
f 2660/836/2056 897/838/706 2693/839/2089 4220/837/3097
f 4220/837/3097 2693/839/2089 929/840/738 2596/333/1992
f 2692/834/2088 4220/837/3097 2596/333/1992 928/835/737
f 897/838/706 2661/841/2057 4221/842/3098 2693/839/2089
f 2661/841/2057 898/843/707 2694/844/2090 4221/842/3098
f 4221/842/3098 2694/844/2090 930/463/739 2597/330/1993
f 2693/839/2089 4221/842/3098 2597/330/1993 929/840/738
f 898/843/707 2662/845/2058 4222/846/3099 2694/844/2090
f 2662/845/2058 899/847/708 2695/848/2091 4222/846/3099
f 4222/846/3099 2695/848/2091 931/849/740 2598/325/1994
f 2694/844/2090 4222/846/3099 2598/325/1994 930/463/739
f 899/847/708 2663/850/2059 4223/851/3100 2695/848/2091
f 2663/850/2059 900/852/709 2696/853/2092 4223/851/3100
f 4223/851/3100 2696/853/2092 932/854/741 2599/322/1995
f 2695/848/2091 4223/851/3100 2599/322/1995 931/849/740
f 900/852/709 2664/855/2060 4224/856/3101 2696/853/2092
f 2664/855/2060 901/857/710 2697/858/2093 4224/856/3101
f 4224/856/3101 2697/858/2093 933/859/742 2600/323/1996
f 2696/853/2092 4224/856/3101 2600/323/1996 932/854/741
f 901/857/710 2665/860/2061 4225/861/3102 2697/858/2093
f 2665/860/2061 902/862/711 2698/863/2094 4225/861/3102
f 4225/861/3102 2698/863/2094 934/864/743 2601/320/1997
f 2697/858/2093 4225/861/3102 2601/320/1997 933/859/742
f 902/862/711 2666/865/2062 4226/866/3103 2698/863/2094
f 2666/865/2062 903/867/712 2699/868/2095 4226/866/3103
f 4226/866/3103 2699/868/2095 935/869/744 2602/315/1998
f 2698/863/2094 4226/866/3103 2602/315/1998 934/864/743
f 903/867/712 2667/870/2063 4227/871/3104 2699/868/2095
f 2667/870/2063 904/872/713 2700/873/2096 4227/871/3104
f 4227/871/3104 2700/873/2096 936/874/745 2603/312/1999
f 2699/868/2095 4227/871/3104 2603/312/1999 935/869/744
f 904/872/713 2668/875/2064 4228/876/3105 2700/873/2096
f 2668/875/2064 905/877/714 2701/878/2097 4228/876/3105
f 4228/876/3105 2701/878/2097 937/879/746 2604/313/2000
f 2700/873/2096 4228/876/3105 2604/313/2000 936/874/745
f 905/877/714 2669/880/2065 4229/881/3106 2701/878/2097
f 2669/880/2065 906/639/715 2702/882/2098 4229/881/3106
f 4229/881/3106 2702/882/2098 938/883/747 2605/310/2001
f 2701/878/2097 4229/881/3106 2605/310/2001 937/879/746
f 906/639/715 2670/884/2066 4230/885/3107 2702/882/2098
f 2670/884/2066 907/635/716 2703/886/2099 4230/885/3107
f 4230/885/3107 2703/886/2099 939/887/748 2606/305/2002
f 2702/882/2098 4230/885/3107 2606/305/2002 938/883/747
f 907/635/716 2671/888/2067 4231/889/3108 2703/886/2099
f 2671/888/2067 908/890/717 2704/891/2100 4231/889/3108
f 4231/889/3108 2704/891/2100 940/892/749 2607/302/2003
f 2703/886/2099 4231/889/3108 2607/302/2003 939/887/748
f 908/890/717 2672/893/2068 4232/894/3109 2704/891/2100
f 2672/893/2068 909/895/718 2705/896/2101 4232/894/3109
f 4232/894/3109 2705/896/2101 941/897/750 2608/303/2004
f 2704/891/2100 4232/894/3109 2608/303/2004 940/892/749
f 909/895/718 2673/898/2069 4233/899/3110 2705/896/2101
f 2673/898/2069 910/900/719 2706/901/2102 4233/899/3110
f 4233/899/3110 2706/901/2102 942/902/751 2609/300/2005
f 2705/896/2101 4233/899/3110 2609/300/2005 941/897/750
f 910/900/719 2674/903/2070 4234/904/3111 2706/901/2102
f 2674/903/2070 911/905/720 2707/906/2103 4234/904/3111
f 4234/904/3111 2707/906/2103 943/907/752 2610/297/2006
f 2706/901/2102 4234/904/3111 2610/297/2006 942/902/751
f 911/905/720 2675/908/2071 4235/909/3112 2707/906/2103
f 2675/908/2071 912/910/721 2708/911/2104 4235/909/3112
f 4235/909/3112 2708/911/2104 944/912/753 2611/291/2007
f 2707/906/2103 4235/909/3112 2611/291/2007 943/907/752
f 912/910/721 2676/913/2072 4236/914/3113 2708/911/2104
f 2676/913/2072 913/915/722 2709/916/2105 4236/914/3113
f 4236/914/3113 2709/916/2105 945/917/754 2612/292/2008
f 2708/911/2104 4236/914/3113 2612/292/2008 944/912/753
f 913/915/722 2677/918/2073 4237/919/3114 2709/916/2105
f 2677/918/2073 914/920/723 2710/921/2106 4237/919/3114
f 4237/919/3114 2710/921/2106 946/922/755 2613/289/2009
f 2709/916/2105 4237/919/3114 2613/289/2009 945/917/754
f 914/920/723 2678/923/2074 4238/924/3115 2710/921/2106
f 2678/923/2074 883/768/692 2679/771/2075 4238/924/3115
f 4238/924/3115 2679/771/2075 916/775/725 2614/284/2010
f 2710/921/2106 4238/924/3115 2614/284/2010 946/922/755
f 947/925/756 2711/926/2107 4239/927/2820 2712/928/2108
f 948/768/757 2742/929/2138 4239/927/2820 2711/926/2107
f 978/930/787 2741/931/2137 4239/927/2820 2742/932/2138
f 977/933/786 2740/934/2136 4239/927/2820 2741/931/2137
f 976/935/785 2739/936/2135 4239/927/2820 2740/937/2136
f 975/938/784 2738/939/2134 4239/927/2820 2739/940/2135
f 974/941/783 2737/942/2133 4239/927/2820 2738/943/2134
f 973/944/782 2736/945/2132 4239/927/2820 2737/946/2133
f 972/947/781 2735/948/2131 4239/927/2820 2736/949/2132
f 971/643/780 2734/642/2130 4239/927/2820 2735/948/2131
f 970/641/779 2733/950/2129 4239/927/2820 2734/642/2130
f 969/951/778 2732/952/2128 4239/927/2820 2733/953/2129
f 968/954/777 2731/955/2127 4239/927/2820 2732/956/2128
f 967/957/776 2730/958/2126 4239/927/2820 2731/959/2127
f 966/960/775 2729/961/2125 4239/927/2820 2730/958/2126
f 965/962/774 2728/963/2124 4239/927/2820 2729/964/2125
f 964/965/773 2727/966/2123 4239/927/2820 2728/967/2124
f 963/847/772 2726/968/2122 4239/927/2820 2727/969/2123
f 962/970/771 2725/971/2121 4239/927/2820 2726/972/2122
f 961/973/770 2724/974/2120 4239/927/2820 2725/975/2121
f 960/976/769 2723/977/2119 4239/927/2820 2724/978/2120
f 959/979/768 2722/980/2118 4239/927/2820 2723/981/2119
f 958/982/767 2721/983/2117 4239/927/2820 2722/984/2118
f 957/985/766 2720/986/2116 4239/927/2820 2721/987/2117
f 956/988/765 2719/989/2115 4239/927/2820 2720/990/2116
f 955/991/764 2718/992/2114 4239/927/2820 2719/993/2115
f 954/994/763 2717/995/2113 4239/927/2820 2718/996/2114
f 953/997/762 2716/998/2112 4239/927/2820 2717/999/2113
f 952/1000/761 2715/1001/2111 4239/927/2820 2716/1002/2112
f 951/1003/760 2714/1004/2110 4239/927/2820 2715/1001/2111
f 950/1005/759 2713/1006/2109 4239/927/2820 2714/1007/2110
f 949/1008/758 2712/928/2108 4239/927/2820 2713/1009/2109
f 894/1010/703 2657/1011/2053 4240/1012/3116 2746/1013/2142
f 2657/1011/2053 893/1014/702 2745/1015/2141 4240/1012/3116
f 4240/1012/3116 2745/1015/2141 957/985/766 2721/983/2117
f 2746/1013/2142 4240/1012/3116 2721/983/2117 958/982/767
f 908/1016/717 2671/1017/2067 4241/1018/3117 2747/1019/2143
f 2671/1017/2067 907/635/716 2744/638/2140 4241/1018/3117
f 4241/1018/3117 2744/638/2140 971/643/780 2735/948/2131
f 2747/1019/2143 4241/1018/3117 2735/948/2131 972/947/781
f 895/1020/704 2658/1021/2054 4242/1022/3118 2748/1023/2144
f 2658/1021/2054 894/1010/703 2746/1013/2142 4242/1022/3118
f 4242/1022/3118 2746/1013/2142 958/982/767 2722/980/2118
f 2748/1023/2144 4242/1022/3118 2722/980/2118 959/979/768
f 909/895/718 2672/1024/2068 4243/1025/3119 2749/1026/2145
f 2672/1024/2068 908/1016/717 2747/1019/2143 4243/1025/3119
f 4243/1025/3119 2747/1019/2143 972/947/781 2736/945/2132
f 2749/1026/2145 4243/1025/3119 2736/945/2132 973/944/782
f 896/1027/705 2659/1028/2055 4244/1029/3120 2750/1030/2146
f 2659/1028/2055 895/1020/704 2748/1023/2144 4244/1029/3120
f 4244/1029/3120 2748/1023/2144 959/979/768 2723/977/2119
f 2750/1030/2146 4244/1029/3120 2723/977/2119 960/976/769
f 910/1031/719 2673/1032/2069 4245/1033/3121 2751/1034/2147
f 2673/1032/2069 909/895/718 2749/1026/2145 4245/1033/3121
f 4245/1033/3121 2749/1026/2145 973/944/782 2737/942/2133
f 2751/1034/2147 4245/1033/3121 2737/942/2133 974/941/783
f 897/1035/706 2660/1036/2056 4246/1037/3122 2752/1038/2148
f 2660/1036/2056 896/1027/705 2750/1030/2146 4246/1037/3122
f 4246/1037/3122 2750/1030/2146 960/976/769 2724/974/2120
f 2752/1038/2148 4246/1037/3122 2724/974/2120 961/973/770
f 884/1039/693 2647/1040/2043 4247/1041/3123 2754/1042/2150
f 2647/1040/2043 883/768/692 2753/1043/2149 4247/1041/3123
f 4247/1041/3123 2753/1043/2149 948/768/757 2711/926/2107
f 2754/1042/2150 4247/1041/3123 2711/926/2107 947/925/756
f 911/1044/720 2674/903/2070 4248/1045/3124 2755/1046/2151
f 2674/903/2070 910/1031/719 2751/1034/2147 4248/1045/3124
f 4248/1045/3124 2751/1034/2147 974/941/783 2738/939/2134
f 2755/1046/2151 4248/1045/3124 2738/939/2134 975/938/784
f 898/1047/707 2661/1048/2057 4249/1049/3125 2756/1050/2152
f 2661/1048/2057 897/1035/706 2752/1038/2148 4249/1049/3125
f 4249/1049/3125 2752/1038/2148 961/973/770 2725/971/2121
f 2756/1050/2152 4249/1049/3125 2725/971/2121 962/970/771
f 885/778/694 2648/776/2044 4250/1051/3126 2757/1052/2153
f 2648/776/2044 884/1039/693 2754/1042/2150 4250/1051/3126
f 4250/1051/3126 2754/1042/2150 947/925/756 2712/928/2108
f 2757/1052/2153 4250/1051/3126 2712/928/2108 949/1008/758
f 912/910/721 2675/1053/2071 4251/1054/3127 2758/1055/2154
f 2675/1053/2071 911/1044/720 2755/1046/2151 4251/1054/3127
f 4251/1054/3127 2755/1046/2151 975/938/784 2739/936/2135
f 2758/1055/2154 4251/1054/3127 2739/936/2135 976/935/785
f 899/847/708 2662/845/2058 4252/1056/3128 2759/1057/2155
f 2662/845/2058 898/1047/707 2756/1050/2152 4252/1056/3128
f 4252/1056/3128 2756/1050/2152 962/970/771 2726/968/2122
f 2759/1057/2155 4252/1056/3128 2726/968/2122 963/847/772
f 886/1058/695 2649/1059/2045 4253/1060/3129 2760/1061/2156
f 2649/1059/2045 885/778/694 2757/1052/2153 4253/1060/3129
f 4253/1060/3129 2757/1052/2153 949/1008/758 2713/1006/2109
f 2760/1061/2156 4253/1060/3129 2713/1006/2109 950/1005/759
f 913/1062/722 2676/1063/2072 4254/1064/3130 2761/1065/2157
f 2676/1063/2072 912/910/721 2758/1055/2154 4254/1064/3130
f 4254/1064/3130 2758/1055/2154 976/935/785 2740/934/2136
f 2761/1065/2157 4254/1064/3130 2740/934/2136 977/933/786
f 900/1066/709 2663/1067/2059 4255/1068/3131 2762/1069/2158
f 2663/1067/2059 899/847/708 2759/1057/2155 4255/1068/3131
f 4255/1068/3131 2759/1057/2155 963/847/772 2727/966/2123
f 2762/1069/2158 4255/1068/3131 2727/966/2123 964/965/773
f 887/1070/696 2650/1071/2046 4256/1072/3132 2763/1073/2159
f 2650/1071/2046 886/1058/695 2760/1061/2156 4256/1072/3132
f 4256/1072/3132 2760/1061/2156 950/1005/759 2714/1004/2110
f 2763/1073/2159 4256/1072/3132 2714/1004/2110 951/1003/760
f 914/1074/723 2677/1075/2073 4257/1076/3133 2764/1077/2160
f 2677/1075/2073 913/1062/722 2761/1065/2157 4257/1076/3133
f 4257/1076/3133 2761/1065/2157 977/933/786 2741/931/2137
f 2764/1077/2160 4257/1076/3133 2741/931/2137 978/930/787
f 901/1078/710 2664/1079/2060 4258/1080/3134 2765/1081/2161
f 2664/1079/2060 900/1066/709 2762/1069/2158 4258/1080/3134
f 4258/1080/3134 2762/1069/2158 964/965/773 2728/963/2124
f 2765/1081/2161 4258/1080/3134 2728/963/2124 965/962/774
f 888/1082/697 2651/1083/2047 4259/1084/3135 2766/1085/2162
f 2651/1083/2047 887/1070/696 2763/1073/2159 4259/1084/3135
f 4259/1084/3135 2763/1073/2159 951/1003/760 2715/1001/2111
f 2766/1085/2162 4259/1084/3135 2715/1001/2111 952/1000/761
f 883/768/692 2678/1086/2074 4260/1087/3136 2753/1043/2149
f 2678/1086/2074 914/1074/723 2764/1077/2160 4260/1087/3136
f 4260/1087/3136 2764/1077/2160 978/930/787 2742/929/2138
f 2753/1043/2149 4260/1087/3136 2742/929/2138 948/768/757
f 902/1088/711 2665/1089/2061 4261/1090/3137 2767/1091/2163
f 2665/1089/2061 901/1078/710 2765/1081/2161 4261/1090/3137
f 4261/1090/3137 2765/1081/2161 965/962/774 2729/961/2125
f 2767/1091/2163 4261/1090/3137 2729/961/2125 966/960/775
f 889/1092/698 2652/1093/2048 4262/1094/3138 2768/1095/2164
f 2652/1093/2048 888/1082/697 2766/1085/2162 4262/1094/3138
f 4262/1094/3138 2766/1085/2162 952/1000/761 2716/998/2112
f 2768/1095/2164 4262/1094/3138 2716/998/2112 953/997/762
f 903/1096/712 2666/865/2062 4263/1097/3139 2769/1098/2165
f 2666/865/2062 902/1088/711 2767/1091/2163 4263/1097/3139
f 4263/1097/3139 2767/1091/2163 966/960/775 2730/958/2126
f 2769/1098/2165 4263/1097/3139 2730/958/2126 967/957/776
f 890/803/699 2653/1099/2049 4264/1100/3140 2770/1101/2166
f 2653/1099/2049 889/1092/698 2768/1095/2164 4264/1100/3140
f 4264/1100/3140 2768/1095/2164 953/997/762 2717/995/2113
f 2770/1101/2166 4264/1100/3140 2717/995/2113 954/994/763
f 904/1102/713 2667/1103/2063 4265/1104/3141 2771/1105/2167
f 2667/1103/2063 903/1096/712 2769/1098/2165 4265/1104/3141
f 4265/1104/3141 2769/1098/2165 967/957/776 2731/955/2127
f 2771/1105/2167 4265/1104/3141 2731/955/2127 968/954/777
f 891/1106/700 2654/1107/2050 4266/1108/3142 2772/1109/2168
f 2654/1107/2050 890/803/699 2770/1101/2166 4266/1108/3142
f 4266/1108/3142 2770/1101/2166 954/994/763 2718/992/2114
f 2772/1109/2168 4266/1108/3142 2718/992/2114 955/991/764
f 905/1110/714 2668/1111/2064 4267/1112/3143 2773/1113/2169
f 2668/1111/2064 904/1102/713 2771/1105/2167 4267/1112/3143
f 4267/1112/3143 2771/1105/2167 968/954/777 2732/952/2128
f 2773/1113/2169 4267/1112/3143 2732/952/2128 969/951/778
f 892/813/701 2655/1114/2051 4268/1115/3144 2774/1116/2170
f 2655/1114/2051 891/1106/700 2772/1109/2168 4268/1115/3144
f 4268/1115/3144 2772/1109/2168 955/991/764 2719/989/2115
f 2774/1116/2170 4268/1115/3144 2719/989/2115 956/988/765
f 906/639/715 2669/1117/2065 4269/1118/3145 2743/640/2139
f 2669/1117/2065 905/1110/714 2773/1113/2169 4269/1118/3145
f 4269/1118/3145 2773/1113/2169 969/951/778 2733/950/2129
f 2743/640/2139 4269/1118/3145 2733/950/2129 970/641/779
f 893/1014/702 2656/1119/2052 4270/1120/3146 2745/1015/2141
f 2656/1119/2052 892/813/701 2774/1116/2170 4270/1120/3146
f 4270/1120/3146 2774/1116/2170 956/988/765 2720/986/2116
f 2745/1015/2141 4270/1120/3146 2720/986/2116 957/985/766
f 979/34/788 2775/37/2171 4271/36/3147 2777/35/2173
f 2775/37/2171 259/42/200 1654/41/1319 4271/36/3147
f 4271/36/3147 1654/41/1319 260/40/201 2776/39/2172
f 2777/35/2173 4271/36/3147 2776/39/2172 980/38/789
f 261/43/202 2778/46/2174 4272/45/3148 1655/44/1320
f 2778/46/2174 981/136/790 2780/1121/2176 4272/45/3148
f 4272/45/3148 2780/1121/2176 982/275/791 2779/48/2175
f 1655/44/1320 4272/45/3148 2779/48/2175 262/47/203
f 981/136/790 2781/53/2177 4273/52/3149 2780/1121/2176
f 2781/53/2177 983/137/792 2783/1122/2179 4273/52/3149
f 4273/52/3149 2783/1122/2179 984/188/793 2782/54/2178
f 2780/1121/2176 4273/52/3149 2782/54/2178 982/275/791
f 983/137/792 2784/59/2180 4274/1123/3150 2783/1122/2179
f 2784/59/2180 985/138/794 2786/62/2182 4274/1123/3150
f 4274/1123/3150 2786/62/2182 986/187/795 2785/60/2181
f 2783/1122/2179 4274/1123/3150 2785/60/2181 984/188/793
f 985/138/794 2787/65/2183 4275/64/3151 2786/62/2182
f 2787/65/2183 987/139/796 2789/68/2185 4275/64/3151
f 4275/64/3151 2789/68/2185 988/276/797 2788/66/2184
f 2786/62/2182 4275/64/3151 2788/66/2184 986/187/795
f 987/139/796 2790/71/2186 4276/70/3152 2789/68/2185
f 2790/71/2186 989/140/798 2792/1124/2188 4276/70/3152
f 4276/70/3152 2792/1124/2188 990/183/799 2791/72/2187
f 2789/68/2185 4276/70/3152 2791/72/2187 988/276/797
f 989/140/798 2793/77/2189 4277/1125/3153 2792/1124/2188
f 2793/77/2189 991/141/800 2795/1126/2191 4277/1125/3153
f 4277/1125/3153 2795/1126/2191 992/182/801 2794/78/2190
f 2792/1124/2188 4277/1125/3153 2794/78/2190 990/183/799
f 991/141/800 2796/83/2192 4278/82/3154 2795/1126/2191
f 2796/83/2192 993/142/802 2798/1127/2194 4278/82/3154
f 4278/82/3154 2798/1127/2194 994/181/803 2797/84/2193
f 2795/1126/2191 4278/82/3154 2797/84/2193 992/182/801
f 993/142/802 2799/89/2195 4279/88/3155 2798/1127/2194
f 2799/89/2195 995/143/804 2801/92/2197 4279/88/3155
f 4279/88/3155 2801/92/2197 996/277/805 2800/90/2196
f 2798/1127/2194 4279/88/3155 2800/90/2196 994/181/803
f 995/143/804 2802/95/2198 4280/1128/3156 2801/92/2197
f 2802/95/2198 997/144/806 2804/1129/2200 4280/1128/3156
f 4280/1128/3156 2804/1129/2200 998/278/807 2803/96/2199
f 2801/92/2197 4280/1128/3156 2803/96/2199 996/277/805
f 997/144/806 2805/101/2201 4281/100/3157 2804/1129/2200
f 2805/101/2201 999/145/808 2807/104/2203 4281/100/3157
f 4281/100/3157 2807/104/2203 1000/178/809 2806/102/2202
f 2804/1129/2200 4281/100/3157 2806/102/2202 998/278/807
f 999/145/808 2808/107/2204 4282/1130/3158 2807/104/2203
f 2808/107/2204 1001/146/810 2810/110/2206 4282/1130/3158
f 4282/1130/3158 2810/110/2206 1002/176/811 2809/108/2205
f 2807/104/2203 4282/1130/3158 2809/108/2205 1000/178/809
f 1001/146/810 2811/113/2207 4283/1131/3159 2810/110/2206
f 2811/113/2207 1003/147/812 2813/1132/2209 4283/1131/3159
f 4283/1131/3159 2813/1132/2209 1004/175/813 2812/114/2208
f 2810/110/2206 4283/1131/3159 2812/114/2208 1002/176/811
f 1003/147/812 2814/119/2210 4284/118/3160 2813/1132/2209
f 2814/119/2210 1005/148/814 2816/122/2212 4284/118/3160
f 4284/118/3160 2816/122/2212 1006/173/815 2815/120/2211
f 2813/1132/2209 4284/118/3160 2815/120/2211 1004/175/813
f 1005/148/814 2817/125/2213 4285/124/3161 2816/122/2212
f 2817/125/2213 1007/149/816 2819/1133/2215 4285/124/3161
f 4285/124/3161 2819/1133/2215 1008/171/817 2818/126/2214
f 2816/122/2212 4285/124/3161 2818/126/2214 1006/173/815
f 1007/149/816 2820/131/2216 4286/130/3162 2819/1133/2215
f 2820/131/2216 979/135/788 2777/134/2173 4286/130/3162
f 4286/130/3162 2777/134/2173 980/133/789 2821/132/2217
f 2819/1133/2215 4286/130/3162 2821/132/2217 1008/171/817
f 1009/34/818 2822/37/2218 4287/36/2218 2824/35/818
f 2822/37/2218 293/42/234 1703/41/234 4287/36/2218
f 4287/36/2218 1703/41/234 294/40/235 2823/39/2219
f 2824/35/818 4287/36/2218 2823/39/2219 1010/38/819
f 295/43/236 2825/46/2220 4288/45/3163 1704/44/236
f 2825/46/2220 1011/136/820 2827/1121/2222 4288/45/3163
f 4288/45/3163 2827/1121/2222 1012/275/821 2826/48/2221
f 1704/44/236 4288/45/3163 2826/48/2221 296/47/237
f 1011/136/820 2828/53/2223 4289/52/3164 2827/1121/2222
f 2828/53/2223 1013/137/822 2830/1122/822 4289/52/3164
f 4289/52/3164 2830/1122/822 1014/188/823 2829/54/2224
f 2827/1121/2222 4289/52/3164 2829/54/2224 1012/275/821
f 1013/137/822 2831/59/2225 4290/1123/2225 2830/1122/822
f 2831/59/2225 1015/138/824 2833/62/824 4290/1123/2225
f 4290/1123/2225 2833/62/824 1016/187/825 2832/60/2226
f 2830/1122/822 4290/1123/2225 2832/60/2226 1014/188/823
f 1015/138/824 2834/65/2227 4291/64/2227 2833/62/824
f 2834/65/2227 1017/139/826 2836/68/826 4291/64/2227
f 4291/64/2227 2836/68/826 1018/276/827 2835/66/2228
f 2833/62/824 4291/64/2227 2835/66/2228 1016/187/825
f 1017/139/826 2837/71/2229 4292/70/2229 2836/68/826
f 2837/71/2229 1019/140/828 2839/1124/828 4292/70/2229
f 4292/70/2229 2839/1124/828 1020/183/829 2838/72/2230
f 2836/68/826 4292/70/2229 2838/72/2230 1018/276/827
f 1019/140/828 2840/77/2231 4293/1125/2231 2839/1124/828
f 2840/77/2231 1021/141/830 2842/1126/830 4293/1125/2231
f 4293/1125/2231 2842/1126/830 1022/182/831 2841/78/2232
f 2839/1124/828 4293/1125/2231 2841/78/2232 1020/183/829
f 1021/141/830 2843/83/2233 4294/82/2233 2842/1126/830
f 2843/83/2233 1023/142/832 2845/1127/832 4294/82/2233
f 4294/82/2233 2845/1127/832 1024/181/833 2844/84/2234
f 2842/1126/830 4294/82/2233 2844/84/2234 1022/182/831
f 1023/142/832 2846/89/2235 4295/88/2235 2845/1127/832
f 2846/89/2235 1025/143/834 2848/92/834 4295/88/2235
f 4295/88/2235 2848/92/834 1026/277/835 2847/90/2236
f 2845/1127/832 4295/88/2235 2847/90/2236 1024/181/833
f 1025/143/834 2849/95/2237 4296/1128/2237 2848/92/834
f 2849/95/2237 1027/144/836 2851/1129/836 4296/1128/2237
f 4296/1128/2237 2851/1129/836 1028/278/837 2850/96/2238
f 2848/92/834 4296/1128/2237 2850/96/2238 1026/277/835
f 1027/144/836 2852/101/2239 4297/100/2239 2851/1129/836
f 2852/101/2239 1029/145/838 2854/104/838 4297/100/2239
f 4297/100/2239 2854/104/838 1030/178/839 2853/102/2240
f 2851/1129/836 4297/100/2239 2853/102/2240 1028/278/837
f 1029/145/838 2855/107/2241 4298/1130/2241 2854/104/838
f 2855/107/2241 1031/146/840 2857/110/840 4298/1130/2241
f 4298/1130/2241 2857/110/840 1032/176/841 2856/108/2242
f 2854/104/838 4298/1130/2241 2856/108/2242 1030/178/839
f 1031/146/840 2858/113/2243 4299/1131/2243 2857/110/840
f 2858/113/2243 1033/147/842 2860/1132/842 4299/1131/2243
f 4299/1131/2243 2860/1132/842 1034/175/843 2859/114/2244
f 2857/110/840 4299/1131/2243 2859/114/2244 1032/176/841
f 1033/147/842 2861/119/2245 4300/118/2245 2860/1132/842
f 2861/119/2245 1035/148/844 2863/122/844 4300/118/2245
f 4300/118/2245 2863/122/844 1036/173/845 2862/120/2246
f 2860/1132/842 4300/118/2245 2862/120/2246 1034/175/843
f 1035/148/844 2864/125/2247 4301/124/2247 2863/122/844
f 2864/125/2247 1037/149/846 2866/1133/846 4301/124/2247
f 4301/124/2247 2866/1133/846 1038/171/847 2865/126/2248
f 2863/122/844 4301/124/2247 2865/126/2248 1036/173/845
f 1037/149/846 2867/131/2249 4302/130/2249 2866/1133/846
f 2867/131/2249 1009/135/818 2824/134/818 4302/130/2249
f 4302/130/2249 2824/134/818 1010/133/819 2868/132/2250
f 2866/1133/846 4302/130/2249 2868/132/2250 1038/171/847
f 979/135/788 2820/131/2216 4303/1134/3165 2775/150/2171
f 1007/129/816 2817/165/2213 4303/1134/3165 2820/131/2216
f 1005/123/814 2814/164/2210 4303/1134/3165 2817/125/2213
f 1003/497/812 2811/113/2207 4303/1134/3165 2814/119/2210
f 1001/111/810 2808/163/2204 4303/1134/3165 2811/113/2207
f 999/105/808 2805/101/2201 4303/1134/3165 2808/107/2204
f 997/99/806 2802/95/2198 4303/1134/3165 2805/101/2201
f 995/496/804 2799/89/2195 4303/1134/3165 2802/95/2198
f 993/87/802 2796/83/2192 4303/1134/3165 2799/89/2195
f 991/81/800 2793/77/2189 4303/1134/3165 2796/83/2192
f 989/495/798 2790/160/2186 4303/1134/3165 2793/77/2189
f 987/69/796 2787/159/2183 4303/1134/3165 2790/71/2186
f 985/494/794 2784/59/2180 4303/1134/3165 2787/65/2183
f 983/57/792 2781/157/2177 4303/1134/3165 2784/59/2180
f 981/493/790 2778/46/2174 4303/1134/3165 2781/53/2177
f 261/155/202 1749/153/1399 4303/1134/3165 2778/46/2174
f 259/152/200 2775/154/2171 4303/1134/3165 1749/1135/1399
f 260/166/201 1750/192/1400 4304/1136/3166 2776/167/2172
f 262/191/203 2779/48/2175 4304/1136/3166 1750/192/1400
f 982/1137/791 2782/54/2178 4304/1136/3166 2779/48/2175
f 984/55/793 2785/60/2181 4304/1136/3166 2782/189/2178
f 986/1138/795 2788/66/2184 4304/1136/3166 2785/60/2181
f 988/67/797 2791/72/2187 4304/1136/3166 2788/186/2184
f 990/1139/799 2794/78/2190 4304/1136/3166 2791/184/2187
f 992/79/801 2797/84/2193 4304/1136/3166 2794/78/2190
f 994/85/803 2800/90/2196 4304/1136/3166 2797/84/2193
f 996/1140/805 2803/96/2199 4304/1136/3166 2800/90/2196
f 998/97/807 2806/102/2202 4304/1136/3166 2803/96/2199
f 1000/103/809 2809/108/2205 4304/1136/3166 2806/102/2202
f 1002/109/811 2812/114/2208 4304/1136/3166 2809/177/2205
f 1004/1141/813 2815/120/2211 4304/1136/3166 2812/114/2208
f 1006/121/815 2818/126/2214 4304/1136/3166 2815/174/2211
f 1008/127/817 2821/132/2217 4304/1136/3166 2818/172/2214
f 980/133/789 2776/170/2172 4304/1136/3166 2821/132/2217
f 294/166/235 1751/192/1401 4305/1136/3167 2823/167/2219
f 296/191/237 2826/48/2221 4305/1136/3167 1751/192/1401
f 1012/1137/821 2829/54/2224 4305/1136/3167 2826/48/2221
f 1014/55/823 2832/60/2226 4305/1136/3167 2829/189/2224
f 1016/1138/825 2835/66/2228 4305/1136/3167 2832/60/2226
f 1018/67/827 2838/72/2230 4305/1136/3167 2835/186/2228
f 1020/1139/829 2841/78/2232 4305/1136/3167 2838/184/2230
f 1022/79/831 2844/84/2234 4305/1136/3167 2841/78/2232
f 1024/85/833 2847/90/2236 4305/1136/3167 2844/84/2234
f 1026/1140/835 2850/96/2238 4305/1136/3167 2847/90/2236
f 1028/97/837 2853/102/2240 4305/1136/3167 2850/96/2238
f 1030/103/839 2856/108/2242 4305/1136/3167 2853/102/2240
f 1032/109/841 2859/114/2244 4305/1136/3167 2856/177/2242
f 1034/1141/843 2862/120/2246 4305/1136/3167 2859/114/2244
f 1036/121/845 2865/126/2248 4305/1136/3167 2862/174/2246
f 1038/127/847 2868/132/2250 4305/1136/3167 2865/172/2248
f 1010/133/819 2823/170/2219 4305/1136/3167 2868/132/2250
f 1051/193/278 2891/193/298 4306/193/1405 2872/193/1405
f 2891/193/298 358/193/298 1776/193/1405 4306/193/1405
f 4306/193/1405 1776/193/1405 359/193/279 2890/193/279
f 2872/193/1405 4306/193/1405 2890/193/279 1052/193/279
f 1042/193/269 2887/193/1420 4307/193/1437 2893/193/290
f 2887/193/1420 1048/193/275 2892/193/275 4307/193/1437
f 4307/193/1437 2892/193/275 355/193/275 1791/193/1437
f 2893/193/290 4307/193/1437 1791/193/1437 349/193/290
f 1041/193/268 2895/193/289 4308/193/1431 2880/193/1413
f 2895/193/289 348/193/289 1784/193/1431 4308/193/1431
f 4308/193/1431 1784/193/1431 354/193/295 2894/193/295
f 2880/193/1413 4308/193/1431 2894/193/295 1047/193/274
f 1051/193/278 2873/193/1406 4309/193/1425 2891/193/298
f 2873/193/1406 1057/193/284 2896/193/302 4309/193/1425
f 4309/193/1425 2896/193/302 364/193/302 1777/193/1425
f 2891/193/298 4309/193/1425 1777/193/1425 358/193/298
f 1042/193/269 2893/193/290 4310/193/1438 2888/193/1421
f 2893/193/290 349/193/290 1792/193/1438 4310/193/1438
f 4310/193/1438 1792/193/1438 365/193/303 2897/193/303
f 2888/193/1421 4310/193/1438 2897/193/303 1058/193/285
f 1040/193/267 2881/193/1414 4311/193/1432 2899/193/288
f 2881/193/1414 1046/193/273 2898/193/294 4311/193/1432
f 4311/193/1432 2898/193/294 353/193/294 1785/193/1432
f 2899/193/288 4311/193/1432 1785/193/1432 347/193/288
f 1039/193/266 2900/193/287 4312/193/1426 2874/193/1407
f 2900/193/287 346/193/287 1778/193/1426 4312/193/1426
f 4312/193/1426 1778/193/1426 348/193/289 2895/193/289
f 2874/193/1407 4312/193/1426 2895/193/289 1041/193/268
f 1059/193/286 2889/193/1422 4313/193/1439 2902/193/304
f 2889/193/1422 1053/193/280 2901/193/280 4313/193/1439
f 4313/193/1439 2901/193/280 360/193/280 1793/193/1439
f 2902/193/304 4313/193/1439 1793/193/1439 366/193/304
f 1045/193/272 2903/193/293 4314/193/1433 2882/193/1415
f 2903/193/293 352/193/293 1786/193/1433 4314/193/1433
f 4314/193/1433 1786/193/1433 353/193/294 2898/193/294
f 2882/193/1415 4314/193/1433 2898/193/294 1046/193/273
f 1039/193/266 2875/193/1408 4315/193/1427 2900/193/287
f 2875/193/1408 1055/193/282 2904/193/300 4315/193/1427
f 4315/193/1427 2904/193/300 362/193/300 1779/193/1427
f 2900/193/287 4315/193/1427 1779/193/1427 346/193/287
f 1045/193/272 2883/193/1416 4316/193/1434 2903/193/293
f 2883/193/1416 1058/193/285 2897/193/303 4316/193/1434
f 4316/193/1434 2897/193/303 365/193/303 1787/193/1434
f 2903/193/293 4316/193/1434 1787/193/1434 352/193/293
f 1052/193/279 2890/193/279 4317/193/1409 2876/193/1409
f 2890/193/279 359/193/279 1780/193/1409 4317/193/1409
f 4317/193/1409 1780/193/1409 360/193/280 2901/193/280
f 2876/193/1409 4317/193/1409 2901/193/280 1053/193/280
f 1044/193/271 2906/193/292 4318/193/1402 2869/193/1402
f 2906/193/292 351/193/292 1773/193/1402 4318/193/1402
f 4318/193/1402 1773/193/1402 363/193/301 2905/193/301
f 2869/193/1402 4318/193/1402 2905/193/301 1056/193/283
f 1048/193/275 2884/193/1417 4319/193/1417 2892/193/275
f 2884/193/1417 1056/193/283 2905/193/301 4319/193/1417
f 4319/193/1417 2905/193/301 363/193/301 1788/193/1417
f 2892/193/275 4319/193/1417 1788/193/1417 355/193/275
f 1054/193/281 2907/193/299 4320/193/1428 2877/193/1410
f 2907/193/299 361/193/299 1781/193/1428 4320/193/1428
f 4320/193/1428 1781/193/1428 362/193/300 2904/193/300
f 2877/193/1410 4320/193/1428 2904/193/300 1055/193/282
f 1049/193/276 2870/193/1403 4321/193/1423 2909/193/296
f 2870/193/1403 1050/193/848 2908/193/297 4321/193/1423
f 4321/193/1423 2908/193/297 357/193/297 1774/193/1423
f 2909/193/296 4321/193/1423 1774/193/1423 356/193/296
f 1043/193/270 2910/193/291 4322/193/1435 2885/193/1418
f 2910/193/291 350/193/291 1789/193/1435 4322/193/1435
f 4322/193/1435 1789/193/1435 351/193/292 2906/193/292
f 2885/193/1418 4322/193/1435 2906/193/292 1044/193/271
f 1054/193/281 2878/193/1411 4323/193/1429 2907/193/299
f 2878/193/1411 1059/193/286 2902/193/304 4323/193/1429
f 4323/193/1429 2902/193/304 366/193/304 1782/193/1429
f 2907/193/299 4323/193/1429 1782/193/1429 361/193/299
f 1049/193/276 2909/193/296 4324/193/1424 2871/193/1404
f 2909/193/296 356/193/296 1775/193/1424 4324/193/1424
f 4324/193/1424 1775/193/1424 364/193/302 2896/193/302
f 2871/193/1404 4324/193/1424 2896/193/302 1057/193/284
f 1043/193/270 2886/193/1419 4325/193/1436 2910/193/291
f 2886/193/1419 1047/193/274 2894/193/295 4325/193/1436
f 4325/193/1436 2894/193/295 354/193/295 1790/193/1436
f 2910/193/291 4325/193/1436 1790/193/1436 350/193/291
f 1040/193/267 2899/193/288 4326/193/1430 2879/193/1412
f 2899/193/288 347/193/288 1783/193/1430 4326/193/1430
f 4326/193/1430 1783/193/1430 357/193/297 2908/193/297
f 2879/193/1412 4326/193/1430 2908/193/297 1050/193/848
f 1072/193/278 2954/193/298 4327/193/1405 2914/193/1405
f 2954/193/298 1093/193/298 2935/193/1405 4327/193/1405
f 4327/193/1405 2935/193/1405 1094/193/279 2953/193/279
f 2914/193/1405 4327/193/1405 2953/193/279 1073/193/279
f 1063/193/269 2929/193/1420 4328/193/1437 2956/193/290
f 2929/193/1420 1069/193/275 2955/193/275 4328/193/1437
f 4328/193/1437 2955/193/275 1090/193/275 2950/193/1437
f 2956/193/290 4328/193/1437 2950/193/1437 1084/193/290
f 1062/193/268 2958/193/289 4329/193/1446 2922/193/1442
f 2958/193/289 1083/193/289 2943/193/1446 4329/193/1446
f 4329/193/1446 2943/193/1446 1089/193/295 2957/193/295
f 2922/193/1442 4329/193/1446 2957/193/295 1068/193/307
f 1072/193/278 2915/193/1406 4330/193/1425 2954/193/298
f 2915/193/1406 1078/193/309 2959/193/302 4330/193/1425
f 4330/193/1425 2959/193/302 1099/193/302 2936/193/1425
f 2954/193/298 4330/193/1425 2936/193/1425 1093/193/298
f 1063/193/269 2956/193/290 4331/193/1438 2930/193/1421
f 2956/193/290 1084/193/290 2951/193/1438 4331/193/1438
f 4331/193/1438 2951/193/1438 1100/193/303 2960/193/303
f 2930/193/1421 4331/193/1438 2960/193/303 1079/193/285
f 1061/193/267 2923/193/1443 4332/193/1432 2962/193/288
f 2923/193/1443 1067/193/306 2961/193/294 4332/193/1432
f 4332/193/1432 2961/193/294 1088/193/294 2944/193/1432
f 2962/193/288 4332/193/1432 2944/193/1432 1082/193/288
f 1060/193/266 2963/193/287 4333/193/1426 2916/193/2251
f 2963/193/287 1081/193/287 2937/193/1426 4333/193/1426
f 4333/193/1426 2937/193/1426 1083/193/289 2958/193/289
f 2916/193/2251 4333/193/1426 2958/193/289 1062/193/268
f 1080/193/286 2931/193/1422 4334/193/1439 2965/193/304
f 2931/193/1422 1074/193/280 2964/193/280 4334/193/1439
f 4334/193/1439 2964/193/280 1095/193/280 2952/193/1439
f 2965/193/304 4334/193/1439 2952/193/1439 1101/193/304
f 1066/193/305 2966/193/293 4335/193/1433 2924/193/1444
f 2966/193/293 1087/193/293 2945/193/1433 4335/193/1433
f 4335/193/1433 2945/193/1433 1088/193/294 2961/193/294
f 2924/193/1444 4335/193/1433 2961/193/294 1067/193/306
f 1060/193/266 2917/193/1408 4336/193/1427 2963/193/287
f 2917/193/1408 1076/193/282 2967/193/300 4336/193/1427
f 4336/193/1427 2967/193/300 1097/193/300 2938/193/1427
f 2963/193/287 4336/193/1427 2938/193/1427 1081/193/287
f 1066/193/305 2925/193/1416 4337/193/1434 2966/193/293
f 2925/193/1416 1079/193/285 2960/193/303 4337/193/1434
f 4337/193/1434 2960/193/303 1100/193/303 2946/193/1434
f 2966/193/293 4337/193/1434 2946/193/1434 1087/193/293
f 1073/193/279 2953/193/279 4338/193/1409 2918/193/1409
f 2953/193/279 1094/193/279 2939/193/1409 4338/193/1409
f 4338/193/1409 2939/193/1409 1095/193/280 2964/193/280
f 2918/193/1409 4338/193/1409 2964/193/280 1074/193/280
f 1065/193/292 2969/193/292 4339/193/1402 2911/193/1402
f 2969/193/292 1086/193/292 2932/193/1402 4339/193/1402
f 4339/193/1402 2932/193/1402 1098/193/301 2968/193/301
f 2911/193/1402 4339/193/1402 2968/193/301 1077/193/283
f 1069/193/275 2926/193/1417 4340/193/1417 2955/193/275
f 2926/193/1417 1077/193/283 2968/193/301 4340/193/1417
f 4340/193/1417 2968/193/301 1098/193/301 2947/193/1417
f 2955/193/275 4340/193/1417 2947/193/1417 1090/193/275
f 1075/193/281 2970/193/299 4341/193/1428 2919/193/1410
f 2970/193/299 1096/193/299 2940/193/1428 4341/193/1428
f 4341/193/1428 2940/193/1428 1097/193/300 2967/193/300
f 2919/193/1410 4341/193/1428 2967/193/300 1076/193/282
f 1070/193/308 2912/193/1403 4342/193/2252 2972/193/296
f 2912/193/1403 1071/193/277 2971/193/297 4342/193/2252
f 4342/193/2252 2971/193/297 1092/193/297 2933/193/2252
f 2972/193/296 4342/193/2252 2933/193/2252 1091/193/296
f 1064/193/849 2973/193/291 4343/193/1435 2927/193/1418
f 2973/193/291 1085/193/850 2948/193/1435 4343/193/1435
f 4343/193/1435 2948/193/1435 1086/193/292 2969/193/292
f 2927/193/1418 4343/193/1435 2969/193/292 1065/193/292
f 1075/193/281 2920/193/1411 4344/193/1429 2970/193/299
f 2920/193/1411 1080/193/286 2965/193/304 4344/193/1429
f 4344/193/1429 2965/193/304 1101/193/304 2941/193/1429
f 2970/193/299 4344/193/1429 2941/193/1429 1096/193/299
f 1070/193/308 2972/193/296 4345/193/2253 2913/193/1404
f 2972/193/296 1091/193/296 2934/193/2253 4345/193/2253
f 4345/193/2253 2934/193/2253 1099/193/302 2959/193/302
f 2913/193/1404 4345/193/2253 2959/193/302 1078/193/309
f 1064/193/849 2928/193/1419 4346/193/1436 2973/193/291
f 2928/193/1419 1068/193/307 2957/193/295 4346/193/1436
f 4346/193/1436 2957/193/295 1089/193/295 2949/193/1436
f 2973/193/291 4346/193/1436 2949/193/1436 1085/193/850
f 1061/193/267 2962/193/288 4347/193/1430 2921/193/1412
f 2962/193/288 1082/193/288 2942/193/1430 4347/193/1430
f 4347/193/1430 2942/193/1430 1092/193/297 2971/193/297
f 2921/193/1412 4347/193/1430 2971/193/297 1071/193/277
f 1102/34/851 2974/37/2254 4348/36/3168 2976/35/2256
f 2974/37/2254 1104/152/853 2977/194/2257 4348/36/3168
f 4348/36/3168 2977/194/2257 1105/166/854 2975/39/2255
f 2976/35/2256 4348/36/3168 2975/39/2255 1103/38/852
f 1104/152/853 2978/196/2258 4349/1142/3169 2977/194/2257
f 2978/196/2258 1106/200/855 2980/1143/2260 4349/1142/3169
f 4349/1142/3169 2980/1143/2260 1107/198/856 2979/197/2259
f 2977/194/2257 4349/1142/3169 2979/197/2259 1105/166/854
f 1106/200/855 2981/202/2261 4350/1144/3170 2980/1143/2260
f 2981/202/2261 1108/206/857 2983/205/2263 4350/1144/3170
f 4350/1144/3170 2983/205/2263 1109/204/858 2982/203/2262
f 2980/1143/2260 4350/1144/3170 2982/203/2262 1107/198/856
f 1108/206/857 2984/208/2264 4351/207/3171 2983/205/2263
f 2984/208/2264 1110/212/859 2986/211/2266 4351/207/3171
f 4351/207/3171 2986/211/2266 1111/210/860 2985/209/2265
f 2983/205/2263 4351/207/3171 2985/209/2265 1109/204/858
f 1110/212/859 2987/214/2267 4352/1145/3172 2986/211/2266
f 2987/214/2267 1112/218/861 2989/1146/2269 4352/1145/3172
f 4352/1145/3172 2989/1146/2269 1113/216/862 2988/215/2268
f 2986/211/2266 4352/1145/3172 2988/215/2268 1111/210/860
f 1112/218/861 2990/220/2270 4353/219/3173 2989/1146/2269
f 2990/220/2270 1114/224/863 2992/1147/2272 4353/219/3173
f 4353/219/3173 2992/1147/2272 1115/222/864 2991/221/2271
f 2989/1146/2269 4353/219/3173 2991/221/2271 1113/216/862
f 1114/224/863 2993/226/2273 4354/1148/3174 2992/1147/2272
f 2993/226/2273 1116/230/865 2995/229/2275 4354/1148/3174
f 4354/1148/3174 2995/229/2275 1117/228/866 2994/227/2274
f 2992/1147/2272 4354/1148/3174 2994/227/2274 1115/222/864
f 1116/230/865 2996/232/2276 4355/1149/3175 2995/229/2275
f 2996/232/2276 1118/236/867 2998/235/2278 4355/1149/3175
f 4355/1149/3175 2998/235/2278 1119/234/868 2997/233/2277
f 2995/229/2275 4355/1149/3175 2997/233/2277 1117/228/866
f 1118/236/867 2999/238/2279 4356/1150/3176 2998/235/2278
f 2999/238/2279 1120/242/869 3001/241/2281 4356/1150/3176
f 4356/1150/3176 3001/241/2281 1121/240/870 3000/239/2280
f 2998/235/2278 4356/1150/3176 3000/239/2280 1119/234/868
f 1120/242/869 3002/244/2282 4357/1151/3177 3001/241/2281
f 3002/244/2282 1122/248/871 3004/247/2284 4357/1151/3177
f 4357/1151/3177 3004/247/2284 1123/246/872 3003/245/2283
f 3001/241/2281 4357/1151/3177 3003/245/2283 1121/240/870
f 1122/248/871 3005/250/2285 4358/249/3178 3004/247/2284
f 3005/250/2285 1124/254/873 3007/1152/2287 4358/249/3178
f 4358/249/3178 3007/1152/2287 1125/252/874 3006/251/2286
f 3004/247/2284 4358/249/3178 3006/251/2286 1123/246/872
f 1124/254/873 3008/256/2288 4359/255/3179 3007/1152/2287
f 3008/256/2288 1126/260/875 3010/259/2290 4359/255/3179
f 4359/255/3179 3010/259/2290 1127/258/876 3009/257/2289
f 3007/1152/2287 4359/255/3179 3009/257/2289 1125/252/874
f 1126/260/875 3011/262/2291 4360/1153/3180 3010/259/2290
f 3011/262/2291 1128/266/877 3013/1154/2293 4360/1153/3180
f 4360/1153/3180 3013/1154/2293 1129/264/878 3012/263/2292
f 3010/259/2290 4360/1153/3180 3012/263/2292 1127/258/876
f 1128/266/877 3014/268/2294 4361/1155/3181 3013/1154/2293
f 3014/268/2294 1130/272/879 3016/271/2296 4361/1155/3181
f 4361/1155/3181 3016/271/2296 1131/270/880 3015/269/2295
f 3013/1154/2293 4361/1155/3181 3015/269/2295 1129/264/878
f 1134/155/883 3021/46/2301 4362/1156/3182 3020/472/2300
f 3021/46/2301 1136/136/885 3023/1121/2303 4362/1156/3182
f 4362/1156/3182 3023/1121/2303 1137/275/886 3022/48/2302
f 3020/472/2300 4362/1156/3182 3022/48/2302 1135/191/884
f 1136/136/885 3024/53/2304 4363/52/3183 3023/1121/2303
f 3024/53/2304 1138/137/887 3026/1122/2306 4363/52/3183
f 4363/52/3183 3026/1122/2306 1139/188/888 3025/54/2305
f 3023/1121/2303 4363/52/3183 3025/54/2305 1137/275/886
f 1138/137/887 3027/59/2307 4364/1123/3184 3026/1122/2306
f 3027/59/2307 1140/138/889 3029/62/2309 4364/1123/3184
f 4364/1123/3184 3029/62/2309 1141/187/890 3028/60/2308
f 3026/1122/2306 4364/1123/3184 3028/60/2308 1139/188/888
f 1140/138/889 3030/65/2310 4365/64/3185 3029/62/2309
f 3030/65/2310 1142/139/891 3032/68/2312 4365/64/3185
f 4365/64/3185 3032/68/2312 1143/276/892 3031/66/2311
f 3029/62/2309 4365/64/3185 3031/66/2311 1141/187/890
f 1142/139/891 3033/71/2313 4366/70/3186 3032/68/2312
f 3033/71/2313 1144/140/893 3035/1124/2315 4366/70/3186
f 4366/70/3186 3035/1124/2315 1145/183/894 3034/72/2314
f 3032/68/2312 4366/70/3186 3034/72/2314 1143/276/892
f 1144/140/893 3036/77/2316 4367/1125/3187 3035/1124/2315
f 3036/77/2316 1146/141/895 3038/1126/2318 4367/1125/3187
f 4367/1125/3187 3038/1126/2318 1147/182/896 3037/78/2317
f 3035/1124/2315 4367/1125/3187 3037/78/2317 1145/183/894
f 1146/141/895 3039/83/2319 4368/82/3188 3038/1126/2318
f 3039/83/2319 1148/142/897 3041/1127/2321 4368/82/3188
f 4368/82/3188 3041/1127/2321 1149/181/898 3040/84/2320
f 3038/1126/2318 4368/82/3188 3040/84/2320 1147/182/896
f 1148/142/897 3042/89/2322 4369/88/3189 3041/1127/2321
f 3042/89/2322 1150/143/899 3044/92/2324 4369/88/3189
f 4369/88/3189 3044/92/2324 1151/277/900 3043/90/2323
f 3041/1127/2321 4369/88/3189 3043/90/2323 1149/181/898
f 1150/143/899 3045/95/2325 4370/1128/3190 3044/92/2324
f 3045/95/2325 1152/144/901 3047/1129/2327 4370/1128/3190
f 4370/1128/3190 3047/1129/2327 1153/278/902 3046/96/2326
f 3044/92/2324 4370/1128/3190 3046/96/2326 1151/277/900
f 1152/144/901 3048/101/2328 4371/100/3191 3047/1129/2327
f 3048/101/2328 1154/145/903 3050/104/2330 4371/100/3191
f 4371/100/3191 3050/104/2330 1155/178/904 3049/102/2329
f 3047/1129/2327 4371/100/3191 3049/102/2329 1153/278/902
f 1154/145/903 3051/107/2331 4372/1130/3192 3050/104/2330
f 3051/107/2331 1156/146/905 3053/110/2333 4372/1130/3192
f 4372/1130/3192 3053/110/2333 1157/176/906 3052/108/2332
f 3050/104/2330 4372/1130/3192 3052/108/2332 1155/178/904
f 1156/146/905 3054/113/2334 4373/1131/3193 3053/110/2333
f 3054/113/2334 1158/147/907 3056/1132/2336 4373/1131/3193
f 4373/1131/3193 3056/1132/2336 1159/175/908 3055/114/2335
f 3053/110/2333 4373/1131/3193 3055/114/2335 1157/176/906
f 1158/147/907 3057/119/2337 4374/118/3194 3056/1132/2336
f 3057/119/2337 1160/148/909 3059/122/2339 4374/118/3194
f 4374/118/3194 3059/122/2339 1161/173/910 3058/120/2338
f 3056/1132/2336 4374/118/3194 3058/120/2338 1159/175/908
f 1105/279/854 2979/282/2259 4375/281/2820 2975/280/2255
f 1107/361/856 2982/363/2262 4375/281/2820 2979/362/2259
f 1109/358/858 2985/360/2265 4375/281/2820 2982/359/2262
f 1111/355/860 2988/357/2268 4375/281/2820 2985/356/2265
f 1113/352/862 2991/354/2271 4375/281/2820 2988/353/2268
f 1115/349/864 2994/351/2274 4375/281/2820 2991/350/2271
f 1117/347/866 2997/346/2277 4375/281/2820 2994/348/2274
f 1119/345/868 3000/343/2280 4375/281/2820 2997/346/2277
f 1121/342/870 3003/344/2283 4375/281/2820 3000/343/2280
f 1123/339/872 3006/341/2286 4375/281/2820 3003/340/2283
f 1125/337/874 3009/335/2289 4375/281/2820 3006/338/2286
f 1127/334/876 3012/336/2292 4375/281/2820 3009/335/2289
f 1129/331/878 3015/333/2295 4375/281/2820 3012/332/2292
f 1131/328/880 3017/330/2297 4375/281/2820 3015/329/2295
f 1132/326/881 3018/325/2298 4375/281/2820 3017/327/2297
f 1133/324/882 3019/322/2299 4375/281/2820 3018/325/2298
f 1135/321/884 3022/323/2302 4375/281/2820 3019/322/2299
f 1137/318/886 3025/320/2305 4375/281/2820 3022/319/2302
f 1139/316/888 3028/315/2308 4375/281/2820 3025/317/2305
f 1141/314/890 3031/312/2311 4375/281/2820 3028/315/2308
f 1143/311/892 3034/313/2314 4375/281/2820 3031/312/2311
f 1145/308/894 3037/310/2317 4375/281/2820 3034/309/2314
f 1147/306/896 3040/305/2320 4375/281/2820 3037/307/2317
f 1149/304/898 3043/302/2323 4375/281/2820 3040/305/2320
f 1151/301/900 3046/303/2326 4375/281/2820 3043/302/2323
f 1153/298/902 3049/300/2329 4375/281/2820 3046/299/2326
f 1155/295/904 3052/297/2332 4375/281/2820 3049/296/2329
f 1157/293/906 3055/291/2335 4375/281/2820 3052/294/2332
f 1159/290/908 3058/292/2338 4375/281/2820 3055/291/2335
f 1161/287/910 3061/289/2341 4375/281/2820 3058/288/2338
f 1163/285/912 3064/284/2344 4375/281/2820 3061/286/2341
f 1103/283/852 2975/280/2255 4375/281/2820 3064/284/2344
f 1160/148/909 3060/125/2340 4376/124/3195 3059/122/2339
f 3060/125/2340 1162/149/911 3062/1133/2342 4376/124/3195
f 4376/124/3195 3062/1133/2342 1163/171/912 3061/126/2341
f 3059/122/2339 4376/124/3195 3061/126/2341 1161/173/910
f 1162/149/911 3063/131/2343 4377/130/3196 3062/1133/2342
f 3063/131/2343 1102/135/851 2976/134/2256 4377/130/3196
f 4377/130/3196 2976/134/2256 1103/133/852 3064/132/2344
f 3062/1133/2342 4377/130/3196 3064/132/2344 1163/171/912
f 1164/34/913 3065/37/2345 4378/36/3197 3067/35/2347
f 3065/37/2345 1166/152/915 3068/194/2348 4378/36/3197
f 4378/36/3197 3068/194/2348 1167/166/916 3066/39/2346
f 3067/35/2347 4378/36/3197 3066/39/2346 1165/38/914
f 1166/152/915 3069/196/2349 4379/1142/3198 3068/194/2348
f 3069/196/2349 1168/200/917 3071/1143/2351 4379/1142/3198
f 4379/1142/3198 3071/1143/2351 1169/198/918 3070/197/2350
f 3068/194/2348 4379/1142/3198 3070/197/2350 1167/166/916
f 1168/200/917 3072/202/2352 4380/1144/3199 3071/1143/2351
f 3072/202/2352 1170/206/919 3074/205/2354 4380/1144/3199
f 4380/1144/3199 3074/205/2354 1171/204/920 3073/203/2353
f 3071/1143/2351 4380/1144/3199 3073/203/2353 1169/198/918
f 1170/206/919 3075/208/2355 4381/207/3200 3074/205/2354
f 3075/208/2355 1172/212/921 3077/211/2357 4381/207/3200
f 4381/207/3200 3077/211/2357 1173/210/922 3076/209/2356
f 3074/205/2354 4381/207/3200 3076/209/2356 1171/204/920
f 1172/212/921 3078/214/2358 4382/1145/3201 3077/211/2357
f 3078/214/2358 1174/218/923 3080/1146/2360 4382/1145/3201
f 4382/1145/3201 3080/1146/2360 1175/216/924 3079/215/2359
f 3077/211/2357 4382/1145/3201 3079/215/2359 1173/210/922
f 1174/218/923 3081/220/2361 4383/219/3202 3080/1146/2360
f 3081/220/2361 1176/224/925 3083/1147/2363 4383/219/3202
f 4383/219/3202 3083/1147/2363 1177/222/926 3082/221/2362
f 3080/1146/2360 4383/219/3202 3082/221/2362 1175/216/924
f 1176/224/925 3084/226/2364 4384/1148/3203 3083/1147/2363
f 3084/226/2364 1178/230/927 3086/229/2366 4384/1148/3203
f 4384/1148/3203 3086/229/2366 1179/228/928 3085/227/2365
f 3083/1147/2363 4384/1148/3203 3085/227/2365 1177/222/926
f 1178/230/927 3087/232/2367 4385/1149/3204 3086/229/2366
f 3087/232/2367 1180/236/929 3089/235/2369 4385/1149/3204
f 4385/1149/3204 3089/235/2369 1181/234/930 3088/233/2368
f 3086/229/2366 4385/1149/3204 3088/233/2368 1179/228/928
f 1180/236/929 3090/238/2370 4386/1150/3205 3089/235/2369
f 3090/238/2370 1182/242/931 3092/241/2372 4386/1150/3205
f 4386/1150/3205 3092/241/2372 1183/240/932 3091/239/2371
f 3089/235/2369 4386/1150/3205 3091/239/2371 1181/234/930
f 1182/242/931 3093/244/2373 4387/1151/3206 3092/241/2372
f 3093/244/2373 1184/248/933 3095/247/2375 4387/1151/3206
f 4387/1151/3206 3095/247/2375 1185/246/934 3094/245/2374
f 3092/241/2372 4387/1151/3206 3094/245/2374 1183/240/932
f 1184/248/933 3096/250/2376 4388/249/3207 3095/247/2375
f 3096/250/2376 1186/254/935 3098/1152/2378 4388/249/3207
f 4388/249/3207 3098/1152/2378 1187/252/936 3097/251/2377
f 3095/247/2375 4388/249/3207 3097/251/2377 1185/246/934
f 1186/254/935 3099/256/2379 4389/255/3208 3098/1152/2378
f 3099/256/2379 1188/260/937 3101/259/2381 4389/255/3208
f 4389/255/3208 3101/259/2381 1189/258/938 3100/257/2380
f 3098/1152/2378 4389/255/3208 3100/257/2380 1187/252/936
f 1188/260/937 3102/262/2382 4390/1153/3209 3101/259/2381
f 3102/262/2382 1190/266/939 3104/1154/2384 4390/1153/3209
f 4390/1153/3209 3104/1154/2384 1191/264/940 3103/263/2383
f 3101/259/2381 4390/1153/3209 3103/263/2383 1189/258/938
f 1190/266/939 3105/268/2385 4391/1155/3210 3104/1154/2384
f 3105/268/2385 1192/365/941 3107/271/2387 4391/1155/3210
f 4391/1155/3210 3107/271/2387 1193/364/942 3106/269/2386
f 3104/1154/2384 4391/1155/3210 3106/269/2386 1191/264/940
f 1192/365/941 3108/367/2388 4392/366/3211 3107/271/2387
f 3108/367/2388 1194/371/943 3110/1157/2390 4392/366/3211
f 4392/366/3211 3110/1157/2390 1195/369/944 3109/368/2389
f 3107/271/2387 4392/366/3211 3109/368/2389 1193/364/942
f 1194/371/943 3111/373/2391 4393/372/3212 3110/1157/2390
f 3111/373/2391 1196/377/945 3113/376/2393 4393/372/3212
f 4393/372/3212 3113/376/2393 1197/375/946 3112/374/2392
f 3110/1157/2390 4393/372/3212 3112/374/2392 1195/369/944
f 1196/377/945 3114/150/2394 4394/1158/3213 3113/376/2393
f 3114/150/2394 1198/155/947 3116/44/2396 4394/1158/3213
f 4394/1158/3213 3116/44/2396 1199/191/948 3115/170/2395
f 3113/376/2393 4394/1158/3213 3115/170/2395 1197/375/946
f 1198/155/947 3117/46/2397 4395/45/3214 3116/44/2396
f 3117/46/2397 1200/136/949 3119/1121/2223 4395/45/3214
f 4395/45/3214 3119/1121/2223 1201/275/950 3118/48/2398
f 3116/44/2396 4395/45/3214 3118/48/2398 1199/191/948
f 1200/136/949 3120/53/2399 4396/52/3215 3119/1121/2223
f 3120/53/2399 1202/137/951 3122/1122/2401 4396/52/3215
f 4396/52/3215 3122/1122/2401 1203/188/952 3121/54/2400
f 3119/1121/2223 4396/52/3215 3121/54/2400 1201/275/950
f 1202/137/951 3123/59/2402 4397/1123/3216 3122/1122/2401
f 3123/59/2402 1204/138/953 3125/62/2404 4397/1123/3216
f 4397/1123/3216 3125/62/2404 1205/187/954 3124/60/2403
f 3122/1122/2401 4397/1123/3216 3124/60/2403 1203/188/952
f 1204/138/953 3126/65/2405 4398/64/3217 3125/62/2404
f 3126/65/2405 1206/139/955 3128/68/2407 4398/64/3217
f 4398/64/3217 3128/68/2407 1207/276/956 3127/66/2406
f 3125/62/2404 4398/64/3217 3127/66/2406 1205/187/954
f 1206/139/955 3129/71/2408 4399/70/3218 3128/68/2407
f 3129/71/2408 1208/140/957 3131/1124/2410 4399/70/3218
f 4399/70/3218 3131/1124/2410 1209/183/958 3130/72/2409
f 3128/68/2407 4399/70/3218 3130/72/2409 1207/276/956
f 1208/140/957 3132/77/2411 4400/1125/3219 3131/1124/2410
f 3132/77/2411 1210/141/959 3134/1126/2413 4400/1125/3219
f 4400/1125/3219 3134/1126/2413 1211/182/960 3133/78/2412
f 3131/1124/2410 4400/1125/3219 3133/78/2412 1209/183/958
f 1210/141/959 3135/83/2414 4401/82/3220 3134/1126/2413
f 3135/83/2414 1212/142/961 3137/1127/2416 4401/82/3220
f 4401/82/3220 3137/1127/2416 1213/181/962 3136/84/2415
f 3134/1126/2413 4401/82/3220 3136/84/2415 1211/182/960
f 1212/142/961 3138/89/2417 4402/88/3221 3137/1127/2416
f 3138/89/2417 1214/143/963 3140/92/2419 4402/88/3221
f 4402/88/3221 3140/92/2419 1215/277/964 3139/90/2418
f 3137/1127/2416 4402/88/3221 3139/90/2418 1213/181/962
f 1214/143/963 3141/95/2420 4403/1128/3222 3140/92/2419
f 3141/95/2420 1216/144/965 3143/1129/2422 4403/1128/3222
f 4403/1128/3222 3143/1129/2422 1217/278/966 3142/96/2421
f 3140/92/2419 4403/1128/3222 3142/96/2421 1215/277/964
f 1216/144/965 3144/101/2423 4404/100/3223 3143/1129/2422
f 3144/101/2423 1218/145/967 3146/104/2425 4404/100/3223
f 4404/100/3223 3146/104/2425 1219/178/968 3145/102/2424
f 3143/1129/2422 4404/100/3223 3145/102/2424 1217/278/966
f 1218/145/967 3147/107/2426 4405/1130/3224 3146/104/2425
f 3147/107/2426 1220/146/969 3149/110/2428 4405/1130/3224
f 4405/1130/3224 3149/110/2428 1221/176/970 3148/108/2427
f 3146/104/2425 4405/1130/3224 3148/108/2427 1219/178/968
f 1220/146/969 3150/113/2429 4406/1131/3225 3149/110/2428
f 3150/113/2429 1222/147/971 3152/1132/2431 4406/1131/3225
f 4406/1131/3225 3152/1132/2431 1223/175/972 3151/114/2430
f 3149/110/2428 4406/1131/3225 3151/114/2430 1221/176/970
f 1222/147/971 3153/119/2432 4407/118/3226 3152/1132/2431
f 3153/119/2432 1224/148/973 3155/122/2434 4407/118/3226
f 4407/118/3226 3155/122/2434 1225/173/974 3154/120/2433
f 3152/1132/2431 4407/118/3226 3154/120/2433 1223/175/972
f 1167/279/916 3070/282/2350 4408/281/2820 3066/280/2346
f 1169/361/918 3073/363/2353 4408/281/2820 3070/362/2350
f 1171/358/920 3076/360/2356 4408/281/2820 3073/359/2353
f 1173/355/922 3079/357/2359 4408/281/2820 3076/356/2356
f 1175/352/924 3082/354/2362 4408/281/2820 3079/353/2359
f 1177/349/926 3085/351/2365 4408/281/2820 3082/350/2362
f 1179/347/928 3088/346/2368 4408/281/2820 3085/348/2365
f 1181/345/930 3091/343/2371 4408/281/2820 3088/346/2368
f 1183/342/932 3094/344/2374 4408/281/2820 3091/343/2371
f 1185/339/934 3097/341/2377 4408/281/2820 3094/340/2374
f 1187/337/936 3100/335/2380 4408/281/2820 3097/338/2377
f 1189/334/938 3103/336/2383 4408/281/2820 3100/335/2380
f 1191/331/940 3106/333/2386 4408/281/2820 3103/332/2383
f 1193/328/942 3109/330/2389 4408/281/2820 3106/329/2386
f 1195/326/944 3112/325/2392 4408/281/2820 3109/327/2389
f 1197/324/946 3115/322/2395 4408/281/2820 3112/325/2392
f 1199/321/948 3118/323/2398 4408/281/2820 3115/322/2395
f 1201/318/950 3121/320/2400 4408/281/2820 3118/319/2398
f 1203/316/952 3124/315/2403 4408/281/2820 3121/317/2400
f 1205/314/954 3127/312/2406 4408/281/2820 3124/315/2403
f 1207/311/956 3130/313/2409 4408/281/2820 3127/312/2406
f 1209/308/958 3133/310/2412 4408/281/2820 3130/309/2409
f 1211/306/960 3136/305/2415 4408/281/2820 3133/307/2412
f 1213/304/962 3139/302/2418 4408/281/2820 3136/305/2415
f 1215/301/964 3142/303/2421 4408/281/2820 3139/302/2418
f 1217/298/966 3145/300/2424 4408/281/2820 3142/299/2421
f 1219/295/968 3148/297/2427 4408/281/2820 3145/296/2424
f 1221/293/970 3151/291/2430 4408/281/2820 3148/294/2427
f 1223/290/972 3154/292/2433 4408/281/2820 3151/291/2430
f 1225/287/974 3157/289/2436 4408/281/2820 3154/288/2433
f 1227/285/976 3160/284/2439 4408/281/2820 3157/286/2436
f 1165/283/914 3066/280/2346 4408/281/2820 3160/284/2439
f 1224/148/973 3156/125/2435 4409/124/3227 3155/122/2434
f 3156/125/2435 1226/149/975 3158/1133/2437 4409/124/3227
f 4409/124/3227 3158/1133/2437 1227/171/976 3157/126/2436
f 3155/122/2434 4409/124/3227 3157/126/2436 1225/173/974
f 1226/149/975 3159/131/2438 4410/130/3228 3158/1133/2437
f 3159/131/2438 1164/135/913 3067/134/2347 4410/130/3228
f 4410/130/3228 3067/134/2347 1165/133/914 3160/132/2439
f 3158/1133/2437 4410/130/3228 3160/132/2439 1227/171/976
f 1164/379/913 3159/382/2438 4411/381/2965 3065/380/2345
f 1226/458/975 3156/457/2435 4411/381/2965 3159/459/2438
f 1224/456/973 3153/454/2432 4411/381/2965 3156/457/2435
f 1222/453/971 3150/455/2429 4411/381/2965 3153/454/2432
f 1220/450/969 3147/452/2426 4411/381/2965 3150/451/2429
f 1218/447/967 3144/449/2423 4411/381/2965 3147/448/2426
f 1216/444/965 3141/446/2420 4411/381/2965 3144/445/2423
f 1214/442/963 3138/441/2417 4411/381/2965 3141/443/2420
f 1212/440/961 3135/438/2414 4411/381/2965 3138/441/2417
f 1210/437/959 3132/439/2411 4411/381/2965 3135/438/2414
f 1208/434/957 3129/436/2408 4411/381/2965 3132/435/2411
f 1206/432/955 3126/430/2405 4411/381/2965 3129/433/2408
f 1204/429/953 3123/431/2402 4411/381/2965 3126/430/2405
f 1202/427/951 3120/426/2399 4411/381/2965 3123/428/2402
f 1200/425/949 3117/423/2397 4411/381/2965 3120/426/2399
f 1198/422/947 3114/424/2394 4411/381/2965 3117/423/2397
f 1196/419/945 3111/421/2391 4411/381/2965 3114/420/2394
f 1194/417/943 3108/416/2388 4411/381/2965 3111/418/2391
f 1192/415/941 3105/414/2385 4411/381/2965 3108/416/2388
f 1190/413/939 3102/412/2382 4411/381/2965 3105/414/2385
f 1188/411/937 3099/409/2379 4411/381/2965 3102/412/2382
f 1186/408/935 3096/410/2376 4411/381/2965 3099/409/2379
f 1184/405/933 3093/407/2373 4411/381/2965 3096/406/2376
f 1182/403/931 3090/402/2370 4411/381/2965 3093/404/2373
f 1180/401/929 3087/399/2367 4411/381/2965 3090/402/2370
f 1178/398/927 3084/400/2364 4411/381/2965 3087/399/2367
f 1176/395/925 3081/397/2361 4411/381/2965 3084/396/2364
f 1174/392/923 3078/394/2358 4411/381/2965 3081/393/2361
f 1172/390/921 3075/389/2355 4411/381/2965 3078/391/2358
f 1170/388/919 3072/387/2352 4411/381/2965 3075/389/2355
f 1168/386/917 3069/384/2349 4411/381/2965 3072/387/2352
f 1166/383/915 3065/385/2345 4411/381/2965 3069/384/2349
f 1130/272/879 3161/462/2440 4412/1159/3229 3016/460/2296
f 3161/462/2440 1228/465/977 3164/464/2443 4412/1159/3229
f 4412/1159/3229 3164/464/2443 1132/463/881 3017/330/2297
f 3016/460/2296 4412/1159/3229 3017/330/2297 1131/328/880
f 1132/463/881 3164/464/2443 4413/1160/3230 3018/325/2298
f 3164/464/2443 1228/465/977 3163/469/2442 4413/1160/3230
f 4413/1160/3230 3163/469/2442 1229/193/978 3165/468/2444
f 3018/325/2298 4413/1160/3230 3165/468/2444 1133/324/882
f 1133/324/882 3165/468/2444 4414/1161/3231 3019/470/2299
f 3165/468/2444 1229/193/978 3162/473/2441 4414/1161/3231
f 4414/1161/3231 3162/473/2441 1134/155/883 3020/273/2300
f 3019/470/2299 4414/1161/3231 3020/273/2300 1135/191/884
f 1104/42/853 2974/154/2254 4415/1162/2969 2978/196/2258
f 1102/135/851 3063/131/2343 4415/1162/2969 2974/150/2254
f 1162/129/911 3060/165/2340 4415/1162/2969 3063/131/2343
f 1160/123/909 3057/164/2337 4415/1162/2969 3060/125/2340
f 1158/497/907 3054/113/2334 4415/1162/2969 3057/119/2337
f 1156/111/905 3051/163/2331 4415/1162/2969 3054/113/2334
f 1154/105/903 3048/101/2328 4415/1162/2969 3051/107/2331
f 1152/99/901 3045/95/2325 4415/1162/2969 3048/101/2328
f 1150/496/899 3042/89/2322 4415/1162/2969 3045/95/2325
f 1148/87/897 3039/83/2319 4415/1162/2969 3042/89/2322
f 1146/81/895 3036/77/2316 4415/1162/2969 3039/83/2319
f 1144/495/893 3033/160/2313 4415/1162/2969 3036/77/2316
f 1142/69/891 3030/159/2310 4415/1162/2969 3033/71/2313
f 1140/494/889 3027/59/2307 4415/1162/2969 3030/65/2310
f 1138/57/887 3024/157/2304 4415/1162/2969 3027/59/2307
f 1136/493/885 3021/46/2301 4415/1162/2969 3024/53/2304
f 1134/43/883 3162/473/2441 4415/1162/2969 3021/46/2301
f 1229/193/978 3163/469/2442 4415/1162/2969 3162/473/2441
f 1228/492/977 3161/462/2440 4415/1162/2969 3163/469/2442
f 1130/272/879 3014/491/2294 4415/1162/2969 3161/462/2440
f 1128/489/877 3011/490/2291 4415/1162/2969 3014/268/2294
f 1126/488/875 3008/256/2288 4415/1162/2969 3011/262/2291
f 1124/486/873 3005/487/2285 4415/1162/2969 3008/256/2288
f 1122/485/871 3002/244/2282 4415/1162/2969 3005/250/2285
f 1120/483/869 2999/484/2279 4415/1162/2969 3002/244/2282
f 1118/482/867 2996/232/2276 4415/1162/2969 2999/238/2279
f 1116/480/865 2993/481/2273 4415/1162/2969 2996/232/2276
f 1114/479/863 2990/220/2270 4415/1162/2969 2993/226/2273
f 1112/478/861 2987/214/2267 4415/1162/2969 2990/220/2270
f 1110/477/859 2984/208/2264 4415/1162/2969 2987/214/2267
f 1108/476/857 2981/202/2261 4415/1162/2969 2984/208/2264
f 1106/475/855 2978/196/2258 4415/1162/2969 2981/202/2261
f 1242/193/991 3209/193/1011 4416/193/2501 3169/193/2448
f 3209/193/1011 1263/193/1011 3190/193/2448 4416/193/2501
f 4416/193/2501 3190/193/2448 1264/193/992 3208/193/992
f 3169/193/2448 4416/193/2501 3208/193/992 1243/193/992
f 1233/193/982 3184/193/2463 4417/193/2482 3211/193/1003
f 3184/193/2463 1239/193/988 3210/193/988 4417/193/2482
f 4417/193/2482 3210/193/988 1260/193/988 3205/193/2482
f 3211/193/1003 4417/193/2482 3205/193/2482 1254/193/1003
f 1232/193/981 3213/193/1002 4418/193/2476 3177/193/2456
f 3213/193/1002 1253/193/1002 3198/193/2476 4418/193/2476
f 4418/193/2476 3198/193/2476 1259/193/1008 3212/193/1008
f 3177/193/2456 4418/193/2476 3212/193/1008 1238/193/987
f 1242/193/991 3170/193/2449 4419/193/2469 3209/193/1011
f 3170/193/2449 1248/193/997 3214/193/1016 4419/193/2469
f 4419/193/2469 3214/193/1016 1269/193/1016 3191/193/2469
f 3209/193/1011 4419/193/2469 3191/193/2469 1263/193/1011
f 1233/193/982 3211/193/1003 4420/193/2483 3185/193/2464
f 3211/193/1003 1254/193/1003 3206/193/2483 4420/193/2483
f 4420/193/2483 3206/193/2483 1270/193/1017 3215/193/1017
f 3185/193/2464 4420/193/2483 3215/193/1017 1249/193/998
f 1231/193/980 3178/193/2457 4421/193/2477 3217/193/1001
f 3178/193/2457 1237/193/986 3216/193/1007 4421/193/2477
f 4421/193/2477 3216/193/1007 1258/193/1007 3199/193/2477
f 3217/193/1001 4421/193/2477 3199/193/2477 1252/193/1001
f 1230/193/979 3218/193/1000 4422/193/2470 3171/193/2450
f 3218/193/1000 1251/193/1000 3192/193/2470 4422/193/2470
f 4422/193/2470 3192/193/2470 1253/193/1002 3213/193/1002
f 3171/193/2450 4422/193/2470 3213/193/1002 1232/193/981
f 1250/193/999 3186/193/2465 4423/193/2484 3220/193/1018
f 3186/193/2465 1244/193/993 3219/193/1012 4423/193/2484
f 4423/193/2484 3219/193/1012 1265/193/1012 3207/193/2484
f 3220/193/1018 4423/193/2484 3207/193/2484 1271/193/1018
f 1236/193/985 3221/193/1006 4424/193/2478 3179/193/2458
f 3221/193/1006 1257/193/1006 3200/193/2478 4424/193/2478
f 4424/193/2478 3200/193/2478 1258/193/1007 3216/193/1007
f 3179/193/2458 4424/193/2478 3216/193/1007 1237/193/986
f 1230/193/979 3172/193/2451 4425/193/2471 3218/193/1000
f 3172/193/2451 1246/193/995 3222/193/1014 4425/193/2471
f 4425/193/2471 3222/193/1014 1267/193/1014 3193/193/2471
f 3218/193/1000 4425/193/2471 3193/193/2471 1251/193/1000
f 1236/193/985 3180/193/2459 4426/193/2479 3221/193/1006
f 3180/193/2459 1249/193/998 3215/193/1017 4426/193/2479
f 4426/193/2479 3215/193/1017 1270/193/1017 3201/193/2479
f 3221/193/1006 4426/193/2479 3201/193/2479 1257/193/1006
f 1243/193/992 3208/193/992 4427/193/2472 3173/193/2452
f 3208/193/992 1264/193/992 3194/193/2472 4427/193/2472
f 4427/193/2472 3194/193/2472 1265/193/1012 3219/193/1012
f 3173/193/2452 4427/193/2472 3219/193/1012 1244/193/993
f 1235/193/984 3224/193/1005 4428/193/2466 3166/193/2445
f 3224/193/1005 1256/193/1005 3187/193/2466 4428/193/2466
f 4428/193/2466 3187/193/2466 1268/193/1015 3223/193/1032
f 3166/193/2445 4428/193/2466 3223/193/1032 1247/193/996
f 1239/193/988 3181/193/2460 4429/193/2460 3210/193/988
f 3181/193/2460 1247/193/996 3223/193/1032 4429/193/2460
f 4429/193/2460 3223/193/1032 1268/193/1015 3202/193/2460
f 3210/193/988 4429/193/2460 3202/193/2460 1260/193/988
f 1245/193/994 3225/193/1013 4430/193/2473 3174/193/2453
f 3225/193/1013 1266/193/1013 3195/193/2473 4430/193/2473
f 4430/193/2473 3195/193/2473 1267/193/1014 3222/193/1014
f 3174/193/2453 4430/193/2473 3222/193/1014 1246/193/995
f 1240/193/989 3167/193/2446 4431/193/2467 3227/193/1009
f 3167/193/2446 1241/193/990 3226/193/1010 4431/193/2467
f 4431/193/2467 3226/193/1010 1262/193/1010 3188/193/2467
f 3227/193/1009 4431/193/2467 3188/193/2467 1261/193/1009
f 1234/193/983 3228/193/1004 4432/193/2480 3182/193/2461
f 3228/193/1004 1255/193/1004 3203/193/2480 4432/193/2480
f 4432/193/2480 3203/193/2480 1256/193/1005 3224/193/1005
f 3182/193/2461 4432/193/2480 3224/193/1005 1235/193/984
f 1245/193/994 3175/193/2454 4433/193/2474 3225/193/1013
f 3175/193/2454 1250/193/999 3220/193/1018 4433/193/2474
f 4433/193/2474 3220/193/1018 1271/193/1018 3196/193/2474
f 3225/193/1013 4433/193/2474 3196/193/2474 1266/193/1013
f 1240/193/989 3227/193/1009 4434/193/2468 3168/193/2447
f 3227/193/1009 1261/193/1009 3189/193/2468 4434/193/2468
f 4434/193/2468 3189/193/2468 1269/193/1016 3214/193/1016
f 3168/193/2447 4434/193/2468 3214/193/1016 1248/193/997
f 1234/193/983 3183/193/2462 4435/193/2481 3228/193/1004
f 3183/193/2462 1238/193/987 3212/193/1008 4435/193/2481
f 4435/193/2481 3212/193/1008 1259/193/1008 3204/193/2481
f 3228/193/1004 4435/193/2481 3204/193/2481 1255/193/1004
f 1231/193/980 3217/193/1001 4436/193/2475 3176/193/2455
f 3217/193/1001 1252/193/1001 3197/193/2475 4436/193/2475
f 4436/193/2475 3197/193/2475 1262/193/1010 3226/193/1010
f 3176/193/2455 4436/193/2475 3226/193/1010 1241/193/990
f 1284/193/991 3272/193/1011 4437/193/2501 3232/193/2448
f 3272/193/1011 1305/193/1011 3253/193/2501 4437/193/2501
f 4437/193/2501 3253/193/2501 1306/193/992 3271/193/992
f 3232/193/2448 4437/193/2501 3271/193/992 1285/193/992
f 1275/193/1022 3247/193/2463 4438/193/2482 3274/193/1003
f 3247/193/2463 1281/193/988 3273/193/988 4438/193/2482
f 4438/193/2482 3273/193/988 1302/193/988 3268/193/2482
f 3274/193/1003 4438/193/2482 3268/193/2482 1296/193/1003
f 1274/193/1021 3276/193/1002 4439/193/2476 3240/193/2493
f 3276/193/1002 1295/193/1002 3261/193/2476 4439/193/2476
f 4439/193/2476 3261/193/2476 1301/193/1008 3275/193/1008
f 3240/193/2493 4439/193/2476 3275/193/1008 1280/193/1025
f 1284/193/991 3233/193/2449 4440/193/2469 3272/193/1011
f 3233/193/2449 1290/193/1029 3277/193/1016 4440/193/2469
f 4440/193/2469 3277/193/1016 1311/193/1016 3254/193/2469
f 3272/193/1011 4440/193/2469 3254/193/2469 1305/193/1011
f 1275/193/1022 3274/193/1003 4441/193/2483 3248/193/2497
f 3274/193/1003 1296/193/1003 3269/193/2483 4441/193/2483
f 4441/193/2483 3269/193/2483 1312/193/1017 3278/193/1017
f 3248/193/2497 4441/193/2483 3278/193/1017 1291/193/998
f 1273/193/1020 3241/193/2494 4442/193/2477 3280/193/1001
f 3241/193/2494 1279/193/986 3279/193/1007 4442/193/2477
f 4442/193/2477 3279/193/1007 1300/193/1007 3262/193/2477
f 3280/193/1001 4442/193/2477 3262/193/2477 1294/193/1001
f 1272/193/1019 3281/193/1000 4443/193/2470 3234/193/2488
f 3281/193/1000 1293/193/1000 3255/193/2470 4443/193/2470
f 4443/193/2470 3255/193/2470 1295/193/1002 3276/193/1002
f 3234/193/2488 4443/193/2470 3276/193/1002 1274/193/1021
f 1292/193/999 3249/193/2498 4444/193/2484 3283/193/1018
f 3249/193/2498 1286/193/993 3282/193/1012 4444/193/2484
f 4444/193/2484 3282/193/1012 1307/193/1012 3270/193/2484
f 3283/193/1018 4444/193/2484 3270/193/2484 1313/193/1018
f 1278/193/985 3284/193/1006 4445/193/2478 3242/193/2458
f 3284/193/1006 1299/193/1006 3263/193/2478 4445/193/2478
f 4445/193/2478 3263/193/2478 1300/193/1007 3279/193/1007
f 3242/193/2458 4445/193/2478 3279/193/1007 1279/193/986
f 1272/193/1019 3235/193/2489 4446/193/2471 3281/193/1000
f 3235/193/2489 1288/193/1028 3285/193/1031 4446/193/2471
f 4446/193/2471 3285/193/1031 1309/193/1031 3256/193/2471
f 3281/193/1000 4446/193/2471 3256/193/2471 1293/193/1000
f 1278/193/985 3243/193/2495 4447/193/2479 3284/193/1006
f 3243/193/2495 1291/193/998 3278/193/1017 4447/193/2479
f 4447/193/2479 3278/193/1017 1312/193/1017 3264/193/2479
f 3284/193/1006 4447/193/2479 3264/193/2479 1299/193/1006
f 1285/193/992 3271/193/992 4448/193/2472 3236/193/2452
f 3271/193/992 1306/193/992 3257/193/2472 4448/193/2472
f 4448/193/2472 3257/193/2472 1307/193/1012 3282/193/1012
f 3236/193/2452 4448/193/2472 3282/193/1012 1286/193/993
f 1277/193/1024 3287/193/1005 4449/193/2466 3229/193/2485
f 3287/193/1005 1298/193/1005 3250/193/2466 4449/193/2466
f 4449/193/2466 3250/193/2466 1310/193/1032 3286/193/1032
f 3229/193/2485 4449/193/2466 3286/193/1032 1289/193/996
f 1281/193/988 3244/193/2460 4450/193/2460 3273/193/988
f 3244/193/2460 1289/193/996 3286/193/1032 4450/193/2460
f 4450/193/2460 3286/193/1032 1310/193/1032 3265/193/2460
f 3273/193/988 4450/193/2460 3265/193/2460 1302/193/988
f 1287/193/1027 3288/193/1013 4451/193/2473 3237/193/2490
f 3288/193/1013 1308/193/1013 3258/193/2473 4451/193/2473
f 4451/193/2473 3258/193/2473 1309/193/1031 3285/193/1031
f 3237/193/2490 4451/193/2473 3285/193/1031 1288/193/1028
f 1282/193/989 3230/193/2486 4452/193/2467 3290/193/1030
f 3230/193/2486 1283/193/1026 3289/193/1010 4452/193/2467
f 4452/193/2467 3289/193/1010 1304/193/1010 3251/193/2499
f 3290/193/1030 4452/193/2467 3251/193/2499 1303/193/1030
f 1276/193/1023 3291/193/1004 4453/193/2480 3245/193/2496
f 3291/193/1004 1297/193/1004 3266/193/2480 4453/193/2480
f 4453/193/2480 3266/193/2480 1298/193/1005 3287/193/1005
f 3245/193/2496 4453/193/2480 3287/193/1005 1277/193/1024
f 1287/193/1027 3238/193/2491 4454/193/2474 3288/193/1013
f 3238/193/2491 1292/193/999 3283/193/1018 4454/193/2474
f 4454/193/2474 3283/193/1018 1313/193/1018 3259/193/2474
f 3288/193/1013 4454/193/2474 3259/193/2474 1308/193/1013
f 1282/193/989 3290/193/1030 4455/193/2500 3231/193/2487
f 3290/193/1030 1303/193/1030 3252/193/2500 4455/193/2500
f 4455/193/2500 3252/193/2500 1311/193/1016 3277/193/1016
f 3231/193/2487 4455/193/2500 3277/193/1016 1290/193/1029
f 1276/193/1023 3246/193/2462 4456/193/3232 3291/193/1004
f 3246/193/2462 1280/193/1025 3275/193/1008 4456/193/3232
f 4456/193/3232 3275/193/1008 1301/193/1008 3267/193/2502
f 3291/193/1004 4456/193/3232 3267/193/2502 1297/193/1004
f 1273/193/1020 3280/193/1001 4457/193/2475 3239/193/2492
f 3280/193/1001 1294/193/1001 3260/193/2475 4457/193/2475
f 4457/193/2475 3260/193/2475 1304/193/1010 3289/193/1010
f 3239/193/2492 4457/193/2475 3289/193/1010 1283/193/1026
f 1326/193/1045 3335/193/2546 4458/193/3233 3295/193/2506
f 3335/193/2546 1347/193/1066 3316/193/2527 4458/193/3233
f 4458/193/3233 3316/193/2527 1348/193/1067 3334/193/2545
f 3295/193/2506 4458/193/3233 3334/193/2545 1327/193/1046
f 1317/193/1036 3310/193/2521 4459/193/3234 3337/193/2548
f 3310/193/2521 1323/193/1042 3336/193/2547 4459/193/3234
f 4459/193/3234 3336/193/2547 1344/193/1063 3331/193/2542
f 3337/193/2548 4459/193/3234 3331/193/2542 1338/193/1057
f 1316/193/1035 3339/193/2550 4460/193/3235 3303/193/2514
f 3339/193/2550 1337/193/1056 3324/193/2535 4460/193/3235
f 4460/193/3235 3324/193/2535 1343/193/1062 3338/193/2549
f 3303/193/2514 4460/193/3235 3338/193/2549 1322/193/1041
f 1326/193/1045 3296/193/2507 4461/193/3236 3335/193/2546
f 3296/193/2507 1332/193/1051 3340/193/2551 4461/193/3236
f 4461/193/3236 3340/193/2551 1353/193/1072 3317/193/2528
f 3335/193/2546 4461/193/3236 3317/193/2528 1347/193/1066
f 1317/193/1036 3337/193/2548 4462/193/3237 3311/193/2522
f 3337/193/2548 1338/193/1057 3332/193/2543 4462/193/3237
f 4462/193/3237 3332/193/2543 1354/193/1073 3341/193/2552
f 3311/193/2522 4462/193/3237 3341/193/2552 1333/193/1052
f 1315/193/1034 3304/193/2515 4463/193/3238 3343/193/2554
f 3304/193/2515 1321/193/1040 3342/193/2553 4463/193/3238
f 4463/193/3238 3342/193/2553 1342/193/1061 3325/193/2536
f 3343/193/2554 4463/193/3238 3325/193/2536 1336/193/1055
f 1314/193/1033 3344/193/2555 4464/193/3239 3297/193/2508
f 3344/193/2555 1335/193/1054 3318/193/2529 4464/193/3239
f 4464/193/3239 3318/193/2529 1337/193/1056 3339/193/2550
f 3297/193/2508 4464/193/3239 3339/193/2550 1316/193/1035
f 1334/193/1053 3312/193/2523 4465/193/3240 3346/193/2557
f 3312/193/2523 1328/193/1047 3345/193/2556 4465/193/3240
f 4465/193/3240 3345/193/2556 1349/193/1068 3333/193/2544
f 3346/193/2557 4465/193/3240 3333/193/2544 1355/193/1074
f 1320/193/1039 3347/193/2558 4466/193/3241 3305/193/2516
f 3347/193/2558 1341/193/1060 3326/193/2537 4466/193/3241
f 4466/193/3241 3326/193/2537 1342/193/1061 3342/193/2553
f 3305/193/2516 4466/193/3241 3342/193/2553 1321/193/1040
f 1314/193/1033 3298/193/2509 4467/193/3242 3344/193/2555
f 3298/193/2509 1330/193/1049 3348/193/2559 4467/193/3242
f 4467/193/3242 3348/193/2559 1351/193/1070 3319/193/2530
f 3344/193/2555 4467/193/3242 3319/193/2530 1335/193/1054
f 1320/193/1039 3306/193/2517 4468/193/3243 3347/193/2558
f 3306/193/2517 1333/193/1052 3341/193/2552 4468/193/3243
f 4468/193/3243 3341/193/2552 1354/193/1073 3327/193/2538
f 3347/193/2558 4468/193/3243 3327/193/2538 1341/193/1060
f 1327/193/1046 3334/193/2545 4469/193/3244 3299/193/2510
f 3334/193/2545 1348/193/1067 3320/193/2531 4469/193/3244
f 4469/193/3244 3320/193/2531 1349/193/1068 3345/193/2556
f 3299/193/2510 4469/193/3244 3345/193/2556 1328/193/1047
f 1319/193/1038 3350/193/2561 4470/193/3245 3292/193/2503
f 3350/193/2561 1340/193/1059 3313/193/2524 4470/193/3245
f 4470/193/3245 3313/193/2524 1352/193/1071 3349/193/2560
f 3292/193/2503 4470/193/3245 3349/193/2560 1331/193/1050
f 1323/193/1042 3307/193/2518 4471/193/3246 3336/193/2547
f 3307/193/2518 1331/193/1050 3349/193/2560 4471/193/3246
f 4471/193/3246 3349/193/2560 1352/193/1071 3328/193/2539
f 3336/193/2547 4471/193/3246 3328/193/2539 1344/193/1063
f 1329/193/1048 3351/193/2562 4472/193/3247 3300/193/2511
f 3351/193/2562 1350/193/1069 3321/193/2532 4472/193/3247
f 4472/193/3247 3321/193/2532 1351/193/1070 3348/193/2559
f 3300/193/2511 4472/193/3247 3348/193/2559 1330/193/1049
f 1324/193/1043 3293/193/2504 4473/193/3248 3353/193/2564
f 3293/193/2504 1325/193/1044 3352/193/2563 4473/193/3248
f 4473/193/3248 3352/193/2563 1346/193/1065 3314/193/2525
f 3353/193/2564 4473/193/3248 3314/193/2525 1345/193/1064
f 1318/193/1037 3354/193/2565 4474/193/3249 3308/193/2519
f 3354/193/2565 1339/193/1058 3329/193/2540 4474/193/3249
f 4474/193/3249 3329/193/2540 1340/193/1059 3350/193/2561
f 3308/193/2519 4474/193/3249 3350/193/2561 1319/193/1038
f 1329/193/1048 3301/193/2512 4475/193/3250 3351/193/2562
f 3301/193/2512 1334/193/1053 3346/193/2557 4475/193/3250
f 4475/193/3250 3346/193/2557 1355/193/1074 3322/193/2533
f 3351/193/2562 4475/193/3250 3322/193/2533 1350/193/1069
f 1324/193/1043 3353/193/2564 4476/193/3251 3294/193/2505
f 3353/193/2564 1345/193/1064 3315/193/2526 4476/193/3251
f 4476/193/3251 3315/193/2526 1353/193/1072 3340/193/2551
f 3294/193/2505 4476/193/3251 3340/193/2551 1332/193/1051
f 1318/193/1037 3309/193/2520 4477/193/3252 3354/193/2565
f 3309/193/2520 1322/193/1041 3338/193/2549 4477/193/3252
f 4477/193/3252 3338/193/2549 1343/193/1062 3330/193/2541
f 3354/193/2565 4477/193/3252 3330/193/2541 1339/193/1058
f 1315/193/1034 3343/193/2554 4478/193/3253 3302/193/2513
f 3343/193/2554 1336/193/1055 3323/193/2534 4478/193/3253
f 4478/193/3253 3323/193/2534 1346/193/1065 3352/193/2563
f 3302/193/2513 4478/193/3253 3352/193/2563 1325/193/1044
f 1368/193/1087 3398/193/1107 4479/193/3254 3358/193/2569
f 3398/193/1107 1389/193/1107 3379/193/2590 4479/193/3254
f 4479/193/3254 3379/193/2590 1390/193/1088 3397/193/1088
f 3358/193/2569 4479/193/3254 3397/193/1088 1369/193/1088
f 1359/193/1078 3373/193/2584 4480/193/2584 3400/193/1099
f 3373/193/2584 1365/193/1084 3399/193/1084 4480/193/2584
f 4480/193/2584 3399/193/1084 1386/193/1084 3394/193/2604
f 3400/193/1099 4480/193/2584 3394/193/2604 1380/193/1099
f 1358/193/1077 3402/193/1098 4481/193/2597 3366/193/2577
f 3402/193/1098 1379/193/1098 3387/193/2597 4481/193/2597
f 4481/193/2597 3387/193/2597 1385/193/1104 3401/193/1104
f 3366/193/2577 4481/193/2597 3401/193/1104 1364/193/1083
f 1368/193/1087 3359/193/2570 4482/193/2591 3398/193/1107
f 3359/193/2570 1374/193/1093 3403/193/1111 4482/193/2591
f 4482/193/2591 3403/193/1111 1395/193/1111 3380/193/2591
f 3398/193/1107 4482/193/2591 3380/193/2591 1389/193/1107
f 1359/193/1078 3400/193/1099 4483/193/2605 3374/193/2585
f 3400/193/1099 1380/193/1099 3395/193/2605 4483/193/2605
f 4483/193/2605 3395/193/2605 1396/193/1112 3404/193/1112
f 3374/193/2585 4483/193/2605 3404/193/1112 1375/193/1094
f 1357/193/1076 3367/193/2578 4484/193/2598 3406/193/1097
f 3367/193/2578 1363/193/1082 3405/193/1103 4484/193/2598
f 4484/193/2598 3405/193/1103 1384/193/1103 3388/193/2598
f 3406/193/1097 4484/193/2598 3388/193/2598 1378/193/1097
f 1356/193/1075 3407/193/1096 4485/193/2592 3360/193/2571
f 3407/193/1096 1377/193/1096 3381/193/2592 4485/193/2592
f 4485/193/2592 3381/193/2592 1379/193/1098 3402/193/1098
f 3360/193/2571 4485/193/2592 3402/193/1098 1358/193/1077
f 1376/193/1095 3375/193/2586 4486/193/2606 3409/193/1113
f 3375/193/2586 1370/193/1089 3408/193/1108 4486/193/2606
f 4486/193/2606 3408/193/1108 1391/193/1108 3396/193/2606
f 3409/193/1113 4486/193/2606 3396/193/2606 1397/193/1113
f 1362/193/1081 3410/193/1102 4487/193/2599 3368/193/2579
f 3410/193/1102 1383/193/1102 3389/193/2599 4487/193/2599
f 4487/193/2599 3389/193/2599 1384/193/1103 3405/193/1103
f 3368/193/2579 4487/193/2599 3405/193/1103 1363/193/1082
f 1356/193/1075 3361/193/2572 4488/193/2593 3407/193/1096
f 3361/193/2572 1372/193/1091 3411/193/1110 4488/193/2593
f 4488/193/2593 3411/193/1110 1393/193/1110 3382/193/2593
f 3407/193/1096 4488/193/2593 3382/193/2593 1377/193/1096
f 1362/193/1081 3369/193/2580 4489/193/2600 3410/193/1102
f 3369/193/2580 1375/193/1094 3404/193/1112 4489/193/2600
f 4489/193/2600 3404/193/1112 1396/193/1112 3390/193/2600
f 3410/193/1102 4489/193/2600 3390/193/2600 1383/193/1102
f 1369/193/1088 3397/193/1088 4490/193/2573 3362/193/2573
f 3397/193/1088 1390/193/1088 3383/193/2573 4490/193/2573
f 4490/193/2573 3383/193/2573 1391/193/1108 3408/193/1108
f 3362/193/2573 4490/193/2573 3408/193/1108 1370/193/1089
f 1361/193/1080 3413/193/1101 4491/193/2587 3355/193/2566
f 3413/193/1101 1382/193/1101 3376/193/2587 4491/193/2587
f 4491/193/2587 3376/193/2587 1394/193/1092 3412/193/1092
f 3355/193/2566 4491/193/2587 3412/193/1092 1373/193/1092
f 1365/193/1084 3370/193/2581 4492/193/2601 3399/193/1084
f 3370/193/2581 1373/193/1092 3412/193/1092 4492/193/2601
f 4492/193/2601 3412/193/1092 1394/193/1092 3391/193/2601
f 3399/193/1084 4492/193/2601 3391/193/2601 1386/193/1084
f 1371/193/1090 3414/193/1109 4493/193/2678 3363/193/2574
f 3414/193/1109 1392/193/1109 3384/193/2594 4493/193/2678
f 4493/193/2678 3384/193/2594 1393/193/1110 3411/193/1110
f 3363/193/2574 4493/193/2678 3411/193/1110 1372/193/1091
f 1366/193/1085 3356/193/2567 4494/193/2588 3416/193/2607
f 3356/193/2567 1367/193/1086 3415/193/1106 4494/193/2588
f 4494/193/2588 3415/193/1106 1388/193/1106 3377/193/2588
f 3416/193/2607 4494/193/2588 3377/193/2588 1387/193/1105
f 1360/193/1079 3417/193/1100 4495/193/2602 3371/193/2582
f 3417/193/1100 1381/193/1100 3392/193/2602 4495/193/2602
f 4495/193/2602 3392/193/2602 1382/193/1101 3413/193/1101
f 3371/193/2582 4495/193/2602 3413/193/1101 1361/193/1080
f 1371/193/1090 3364/193/2575 4496/193/2595 3414/193/1109
f 3364/193/2575 1376/193/1095 3409/193/1113 4496/193/2595
f 4496/193/2595 3409/193/1113 1397/193/1113 3385/193/2595
f 3414/193/1109 4496/193/2595 3385/193/2595 1392/193/1109
f 1366/193/1085 3416/193/2607 4497/193/2589 3357/193/2568
f 3416/193/2607 1387/193/1105 3378/193/2589 4497/193/2589
f 4497/193/2589 3378/193/2589 1395/193/1111 3403/193/1111
f 3357/193/2568 4497/193/2589 3403/193/1111 1374/193/1093
f 1360/193/1079 3372/193/2583 4498/193/2603 3417/193/1100
f 3372/193/2583 1364/193/1083 3401/193/1104 4498/193/2603
f 4498/193/2603 3401/193/1104 1385/193/1104 3393/193/2603
f 3417/193/1100 4498/193/2603 3393/193/2603 1381/193/1100
f 1357/193/1076 3406/193/1097 4499/193/2596 3365/193/2576
f 3406/193/1097 1378/193/1097 3386/193/2596 4499/193/2596
f 4499/193/2596 3386/193/2596 1388/193/1106 3415/193/1106
f 3365/193/2576 4499/193/2596 3415/193/1106 1367/193/1086
f 1401/193/1117 3440/193/2630 4500/193/3255 3420/193/2610
f 3440/193/2630 1411/193/1127 3430/193/2620 4500/193/3255
f 4500/193/3255 3430/193/2620 1412/193/1128 3439/193/2629
f 3420/193/2610 4500/193/3255 3439/193/2629 1402/193/1118
f 1401/193/1117 3421/193/2611 4501/193/3256 3440/193/2630
f 3421/193/2611 1406/193/1122 3441/193/2631 4501/193/3256
f 4501/193/3256 3441/193/2631 1416/193/1132 3431/193/2621
f 3440/193/2630 4501/193/3256 3431/193/2621 1411/193/1127
f 1407/193/1123 3427/193/2617 4502/193/3257 3444/193/2634
f 3427/193/2617 1403/193/1119 3443/193/2633 4502/193/3257
f 4502/193/3257 3443/193/2633 1413/193/1129 3438/193/2628
f 3444/193/2634 4502/193/3257 3438/193/2628 1417/193/1133
f 705/193/572 3422/193/2612 4503/193/3258 2347/193/572
f 3422/193/2612 1405/193/1121 3445/193/2635 4503/193/3258
f 4503/193/3258 3445/193/2635 1415/193/1131 3432/193/2622
f 2347/193/572 4503/193/3258 3432/193/2622 716/193/572
f 1402/193/1118 3439/193/2629 4504/193/3259 3423/193/2613
f 3439/193/2629 1412/193/1128 3433/193/2623 4504/193/3259
f 4504/193/3259 3433/193/2623 1413/193/1129 3443/193/2633
f 3423/193/2613 4504/193/3259 3443/193/2633 1403/193/1119
f 1404/193/1120 3446/193/2636 4505/193/3260 3424/193/2614
f 3446/193/2636 1414/193/1130 3434/193/2624 4505/193/3260
f 4505/193/3260 3434/193/2624 1415/193/1131 3445/193/2635
f 3424/193/2614 4505/193/3260 3445/193/2635 1405/193/1121
f 1399/193/1115 3418/193/2608 4506/193/3261 3448/193/2638
f 3418/193/2608 1400/193/1116 3447/193/2637 4506/193/3261
f 4506/193/3261 3447/193/2637 1410/193/1126 3428/193/2618
f 3448/193/2638 4506/193/3261 3428/193/2618 1409/193/1125
f 1404/193/1120 3425/193/2615 4507/193/3262 3446/193/2636
f 3425/193/2615 1407/193/1123 3444/193/2634 4507/193/3262
f 4507/193/3262 3444/193/2634 1417/193/1133 3435/193/2625
f 3446/193/2636 4507/193/3262 3435/193/2625 1414/193/1130
f 1399/193/1115 3448/193/2638 4508/193/3263 3419/193/2609
f 3448/193/2638 1409/193/1125 3429/193/2619 4508/193/3263
f 4508/193/3263 3429/193/2619 1416/193/1132 3441/193/2631
f 3419/193/2609 4508/193/3263 3441/193/2631 1406/193/1122
f 1398/193/1114 3442/193/2632 4509/193/3264 3426/193/2616
f 3442/193/2632 1408/193/1124 3436/193/2626 4509/193/3264
f 4509/193/3264 3436/193/2626 1410/193/1126 3447/193/2637
f 3426/193/2616 4509/193/3264 3447/193/2637 1400/193/1116
f 1421/193/1137 3470/193/2660 4510/193/3265 3451/193/2641
f 3470/193/2660 1431/193/1147 3461/193/2651 4510/193/3265
f 4510/193/3265 3461/193/2651 1432/193/1148 3469/193/2659
f 3451/193/2641 4510/193/3265 3469/193/2659 1422/193/1138
f 1421/193/1137 3452/193/2642 4511/193/3266 3470/193/2660
f 3452/193/2642 1426/193/1142 3472/193/2662 4511/193/3266
f 4511/193/3266 3472/193/2662 1436/193/1152 3462/193/2652
f 3470/193/2660 4511/193/3266 3462/193/2652 1431/193/1147
f 1418/193/1134 3473/193/2663 4512/193/3267 3453/193/2643
f 3473/193/2663 1428/193/1144 3463/193/2653 4512/193/3267
f 4512/193/3267 3463/193/2653 1429/193/1145 3471/193/2661
f 3453/193/2643 4512/193/3267 3471/193/2661 1419/193/1135
f 1427/193/1143 3458/193/2648 4513/193/3268 3475/193/2665
f 3458/193/2648 1423/193/1139 3474/193/2664 4513/193/3268
f 4513/193/3268 3474/193/2664 1433/193/1149 3468/193/2658
f 3475/193/2665 4513/193/3268 3468/193/2658 1437/193/1153
f 1418/193/1134 3454/193/2644 4514/193/3269 3473/193/2663
f 3454/193/2644 1425/193/1141 3476/193/2666 4514/193/3269
f 4514/193/3269 3476/193/2666 1435/193/1151 3464/193/2654
f 3473/193/2663 4514/193/3269 3464/193/2654 1428/193/1144
f 1422/193/1138 3469/193/2659 4515/193/3270 3455/193/2645
f 3469/193/2659 1432/193/1148 3465/193/2655 4515/193/3270
f 4515/193/3270 3465/193/2655 1433/193/1149 3474/193/2664
f 3455/193/2645 4515/193/3270 3474/193/2664 1423/193/1139
f 1424/193/1140 3477/193/2667 4516/193/3271 3456/193/2646
f 3477/193/2667 1434/193/1150 3466/193/2656 4516/193/3271
f 4516/193/3271 3466/193/2656 1435/193/1151 3476/193/2666
f 3456/193/2646 4516/193/3271 3476/193/2666 1425/193/1141
f 1420/193/1136 3449/193/2639 4517/193/3272 3478/193/2668
f 3449/193/2639 731/193/597 2383/193/597 4517/193/3272
f 4517/193/3272 2383/193/597 742/193/597 3459/193/2649
f 3478/193/2668 4517/193/3272 3459/193/2649 1430/193/1146
f 1424/193/1140 3457/193/2647 4518/193/3273 3477/193/2667
f 3457/193/2647 1427/193/1143 3475/193/2665 4518/193/3273
f 4518/193/3273 3475/193/2665 1437/193/1153 3467/193/2657
f 3477/193/2667 4518/193/3273 3467/193/2657 1434/193/1150
f 1420/193/1136 3478/193/2668 4519/193/3274 3450/193/2640
f 3478/193/2668 1430/193/1146 3460/193/2650 4519/193/3274
f 4519/193/3274 3460/193/2650 1436/193/1152 3472/193/2662
f 3450/193/2640 4519/193/3274 3472/193/2662 1426/193/1142
f 718/193/584 3437/193/2627 4520/193/3275 3480/193/2670
f 3437/193/2627 1408/193/1124 3442/193/2632 4520/193/3275
f 4520/193/3275 3442/193/2632 1398/193/1114 3479/193/2669
f 3480/193/2670 4520/193/3275 3479/193/2669 1438/193/1154
f 752/193/616 2389/193/616 4521/193/3276 3482/193/2672
f 2389/193/616 751/193/616 3481/193/2671 4521/193/3276
f 4521/193/3276 3481/193/2671 1419/193/1135 3471/193/2661
f 3482/193/2672 4521/193/3276 3471/193/2661 1429/193/1145
f 1451/193/1087 3526/193/1107 4522/193/2590 3486/193/2569
f 3526/193/1107 1472/193/1107 3507/193/2590 4522/193/2590
f 4522/193/2590 3507/193/2590 1473/193/1088 3525/193/1088
f 3486/193/2569 4522/193/2590 3525/193/1088 1452/193/1088
f 1442/193/1078 3501/193/2584 4523/193/2584 3528/193/1099
f 3501/193/2584 1448/193/1084 3527/193/1084 4523/193/2584
f 4523/193/2584 3527/193/1084 1469/193/1084 3522/193/2584
f 3528/193/1099 4523/193/2584 3522/193/2584 1463/193/1099
f 1441/193/1077 3530/193/1098 4524/193/2597 3494/193/2577
f 3530/193/1098 1462/193/1098 3515/193/2597 4524/193/2597
f 4524/193/2597 3515/193/2597 1468/193/1104 3529/193/1104
f 3494/193/2577 4524/193/2597 3529/193/1104 1447/193/1083
f 1451/193/1087 3487/193/2570 4525/193/2677 3526/193/1107
f 3487/193/2570 1457/193/1093 3531/193/1111 4525/193/2677
f 4525/193/2677 3531/193/1111 1478/193/1111 3508/193/2677
f 3526/193/1107 4525/193/2677 3508/193/2677 1472/193/1107
f 1442/193/1078 3528/193/1099 4526/193/2605 3502/193/2585
f 3528/193/1099 1463/193/1099 3523/193/2605 4526/193/2605
f 4526/193/2605 3523/193/2605 1479/193/1112 3532/193/1112
f 3502/193/2585 4526/193/2605 3532/193/1112 1458/193/1094
f 1440/193/1076 3495/193/2578 4527/193/2598 3534/193/1097
f 3495/193/2578 1446/193/1082 3533/193/1103 4527/193/2598
f 4527/193/2598 3533/193/1103 1467/193/1103 3516/193/2598
f 3534/193/1097 4527/193/2598 3516/193/2598 1461/193/1097
f 1439/193/1075 3535/193/1096 4528/193/2592 3488/193/2571
f 3535/193/1096 1460/193/1096 3509/193/2592 4528/193/2592
f 4528/193/2592 3509/193/2592 1462/193/1098 3530/193/1098
f 3488/193/2571 4528/193/2592 3530/193/1098 1441/193/1077
f 1459/193/1095 3503/193/2586 4529/193/2606 3537/193/1113
f 3503/193/2586 1453/193/1089 3536/193/1108 4529/193/2606
f 4529/193/2606 3536/193/1108 1474/193/1108 3524/193/2606
f 3537/193/1113 4529/193/2606 3524/193/2606 1480/193/1113
f 1445/193/1081 3538/193/1102 4530/193/2599 3496/193/2673
f 3538/193/1102 1466/193/1102 3517/193/2599 4530/193/2599
f 4530/193/2599 3517/193/2599 1467/193/1103 3533/193/1103
f 3496/193/2673 4530/193/2599 3533/193/1103 1446/193/1082
f 1439/193/1075 3489/193/2572 4531/193/2593 3535/193/1096
f 3489/193/2572 1455/193/1091 3539/193/1110 4531/193/2593
f 4531/193/2593 3539/193/1110 1476/193/1110 3510/193/2593
f 3535/193/1096 4531/193/2593 3510/193/2593 1460/193/1096
f 1445/193/1081 3497/193/2674 4532/193/2600 3538/193/1102
f 3497/193/2674 1458/193/1094 3532/193/1112 4532/193/2600
f 4532/193/2600 3532/193/1112 1479/193/1112 3518/193/2600
f 3538/193/1102 4532/193/2600 3518/193/2600 1466/193/1102
f 1452/193/1088 3525/193/1088 4533/193/2573 3490/193/2573
f 3525/193/1088 1473/193/1088 3511/193/2573 4533/193/2573
f 4533/193/2573 3511/193/2573 1474/193/1108 3536/193/1108
f 3490/193/2573 4533/193/2573 3536/193/1108 1453/193/1089
f 1444/193/1080 3541/193/1156 4534/193/2587 3483/193/2566
f 3541/193/1156 1465/193/1156 3504/193/2587 4534/193/2587
f 4534/193/2587 3504/193/2587 1477/193/1092 3540/193/1092
f 3483/193/2566 4534/193/2587 3540/193/1092 1456/193/1092
f 1448/193/1084 3498/193/2675 4535/193/2601 3527/193/1084
f 3498/193/2675 1456/193/1092 3540/193/1092 4535/193/2601
f 4535/193/2601 3540/193/1092 1477/193/1092 3519/193/2601
f 3527/193/1084 4535/193/2601 3519/193/2601 1469/193/1084
f 1454/193/1090 3542/193/1109 4536/193/2678 3491/193/2574
f 3542/193/1109 1475/193/1109 3512/193/2678 4536/193/2678
f 4536/193/2678 3512/193/2678 1476/193/1110 3539/193/1110
f 3491/193/2574 4536/193/2678 3539/193/1110 1455/193/1091
f 1449/193/1085 3484/193/2567 4537/193/2588 3544/193/1105
f 3484/193/2567 1450/193/1086 3543/193/1106 4537/193/2588
f 4537/193/2588 3543/193/1106 1471/193/1106 3505/193/2588
f 3544/193/1105 4537/193/2588 3505/193/2588 1470/193/1105
f 1443/193/1079 3545/193/1100 4538/193/2602 3499/193/2582
f 3545/193/1100 1464/193/1155 3520/193/2602 4538/193/2602
f 4538/193/2602 3520/193/2602 1465/193/1156 3541/193/1156
f 3499/193/2582 4538/193/2602 3541/193/1156 1444/193/1080
f 1454/193/1090 3492/193/2575 4539/193/2595 3542/193/1109
f 3492/193/2575 1459/193/1095 3537/193/1113 4539/193/2595
f 4539/193/2595 3537/193/1113 1480/193/1113 3513/193/2595
f 3542/193/1109 4539/193/2595 3513/193/2595 1475/193/1109
f 1449/193/1085 3544/193/1105 4540/193/2676 3485/193/2568
f 3544/193/1105 1470/193/1105 3506/193/2676 4540/193/2676
f 4540/193/2676 3506/193/2676 1478/193/1111 3531/193/1111
f 3485/193/2568 4540/193/2676 3531/193/1111 1457/193/1093
f 1443/193/1079 3500/193/2583 4541/193/3277 3545/193/1100
f 3500/193/2583 1447/193/1083 3529/193/1104 4541/193/3277
f 4541/193/3277 3529/193/1104 1468/193/1104 3521/193/2603
f 3545/193/1100 4541/193/3277 3521/193/2603 1464/193/1155
f 1440/193/1076 3534/193/1097 4542/193/2596 3493/193/2576
f 3534/193/1097 1461/193/1097 3514/193/2596 4542/193/2596
f 4542/193/2596 3514/193/2596 1471/193/1106 3543/193/1106
f 3493/193/2576 4542/193/2596 3543/193/1106 1450/193/1086
f 1484/193/1137 3567/193/2660 4543/193/3265 3548/193/2641
f 3567/193/2660 1494/193/1147 3558/193/2651 4543/193/3265
f 4543/193/3265 3558/193/2651 1495/193/1148 3566/193/2659
f 3548/193/2641 4543/193/3265 3566/193/2659 1485/193/1160
f 1484/193/1137 3549/193/2642 4544/193/3278 3567/193/2660
f 3549/193/2642 1489/193/1161 3569/193/2687 4544/193/3278
f 4544/193/3278 3569/193/2687 1499/193/1165 3559/193/2652
f 3567/193/2660 4544/193/3278 3559/193/2652 1494/193/1147
f 1481/193/1157 3570/193/2688 4545/193/3279 3550/193/2681
f 3570/193/2688 1491/193/1162 3560/193/2685 4545/193/3279
f 4545/193/3279 3560/193/2685 1492/193/1163 3568/193/2686
f 3550/193/2681 4545/193/3279 3568/193/2686 1482/193/1158
f 1490/193/1143 3555/193/2648 4546/193/3268 3572/193/2665
f 3555/193/2648 1486/193/1139 3571/193/2664 4546/193/3268
f 4546/193/3268 3571/193/2664 1496/193/1149 3565/193/2658
f 3572/193/2665 4546/193/3268 3565/193/2658 1500/193/1153
f 1481/193/1157 3551/193/2682 4547/193/3269 3570/193/2688
f 3551/193/2682 1488/193/1141 3573/193/2666 4547/193/3269
f 4547/193/3269 3573/193/2666 1498/193/1151 3561/193/2654
f 3570/193/2688 4547/193/3269 3561/193/2654 1491/193/1162
f 1485/193/1160 3566/193/2659 4548/193/3270 3552/193/2645
f 3566/193/2659 1495/193/1148 3562/193/2655 4548/193/3270
f 4548/193/3270 3562/193/2655 1496/193/1149 3571/193/2664
f 3552/193/2645 4548/193/3270 3571/193/2664 1486/193/1139
f 1487/193/1140 3574/193/2667 4549/193/3271 3553/193/2646
f 3574/193/2667 1497/193/1150 3563/193/2656 4549/193/3271
f 4549/193/3271 3563/193/2656 1498/193/1151 3573/193/2666
f 3553/193/2646 4549/193/3271 3573/193/2666 1488/193/1141
f 1483/193/1159 3546/193/2679 4550/193/3280 3575/193/2689
f 3546/193/2679 798/193/622 2482/193/597 4550/193/3280
f 4550/193/3280 2482/193/597 809/193/597 3556/193/2683
f 3575/193/2689 4550/193/3280 3556/193/2683 1493/193/1164
f 1487/193/1140 3554/193/2647 4551/193/3273 3574/193/2667
f 3554/193/2647 1490/193/1143 3572/193/2665 4551/193/3273
f 4551/193/3273 3572/193/2665 1500/193/1153 3564/193/2657
f 3574/193/2667 4551/193/3273 3564/193/2657 1497/193/1150
f 1483/193/1159 3575/193/2689 4552/193/3281 3547/193/2680
f 3575/193/2689 1493/193/1164 3557/193/2684 4552/193/3281
f 4552/193/3281 3557/193/2684 1499/193/1165 3569/193/2687
f 3547/193/2680 4552/193/3281 3569/193/2687 1489/193/1161
f 818/193/616 2486/193/616 4553/193/3282 3577/193/2691
f 2486/193/616 817/193/616 3576/193/2690 4553/193/3282
f 4553/193/3282 3576/193/2690 1482/193/1158 3568/193/2686
f 3577/193/2691 4553/193/3282 3568/193/2686 1492/193/1163
f 819/498/628 3578/37/2692 4554/36/3283 2489/499/1885
f 3578/37/2692 1501/152/1166 3580/194/1167 4554/36/3283
f 4554/36/3283 3580/194/1167 1502/166/1167 3579/39/2693
f 2489/499/1885 4554/36/3283 3579/39/2693 820/501/629
f 1501/152/1166 3581/196/2694 4555/1142/2695 3580/194/1167
f 3581/196/2694 1503/200/1168 3583/1143/1169 4555/1142/2695
f 4555/1142/2695 3583/1143/1169 1504/198/1169 3582/197/2695
f 3580/194/1167 4555/1142/2695 3582/197/2695 1502/166/1167
f 1503/200/1168 3584/202/2696 4556/1144/2697 3583/1143/1169
f 3584/202/2696 1505/206/1170 3586/205/1171 4556/1144/2697
f 4556/1144/2697 3586/205/1171 1506/204/1171 3585/203/2697
f 3583/1143/1169 4556/1144/2697 3585/203/2697 1504/198/1169
f 1505/206/1170 3587/208/2698 4557/207/2699 3586/205/1171
f 3587/208/2698 1507/212/1172 3589/211/1173 4557/207/2699
f 4557/207/2699 3589/211/1173 1508/210/1173 3588/209/2699
f 3586/205/1171 4557/207/2699 3588/209/2699 1506/204/1171
f 1507/212/1172 3590/214/2700 4558/1145/2701 3589/211/1173
f 3590/214/2700 1509/218/1174 3592/1146/1175 4558/1145/2701
f 4558/1145/2701 3592/1146/1175 1510/216/1175 3591/215/2701
f 3589/211/1173 4558/1145/2701 3591/215/2701 1508/210/1173
f 1509/218/1174 3593/220/2702 4559/219/2703 3592/1146/1175
f 3593/220/2702 1511/224/1176 3595/1147/1177 4559/219/2703
f 4559/219/2703 3595/1147/1177 1512/222/1177 3594/221/2703
f 3592/1146/1175 4559/219/2703 3594/221/2703 1510/216/1175
f 1511/224/1176 3596/226/2704 4560/1148/2705 3595/1147/1177
f 3596/226/2704 1513/230/1178 3598/229/1179 4560/1148/2705
f 4560/1148/2705 3598/229/1179 1514/228/1179 3597/227/2705
f 3595/1147/1177 4560/1148/2705 3597/227/2705 1512/222/1177
f 1513/230/1178 3599/232/2706 4561/1149/2707 3598/229/1179
f 3599/232/2706 1515/236/1180 3601/235/1181 4561/1149/2707
f 4561/1149/2707 3601/235/1181 1516/234/1181 3600/233/2707
f 3598/229/1179 4561/1149/2707 3600/233/2707 1514/228/1179
f 1515/236/1180 3602/238/2708 4562/1150/2709 3601/235/1181
f 3602/238/2708 1517/242/1182 3604/241/1183 4562/1150/2709
f 4562/1150/2709 3604/241/1183 1518/240/1183 3603/239/2709
f 3601/235/1181 4562/1150/2709 3603/239/2709 1516/234/1181
f 1517/242/1182 3605/244/2710 4563/1151/2711 3604/241/1183
f 3605/244/2710 1519/248/1184 3607/247/1185 4563/1151/2711
f 4563/1151/2711 3607/247/1185 1520/246/1185 3606/245/2711
f 3604/241/1183 4563/1151/2711 3606/245/2711 1518/240/1183
f 1519/248/1184 3608/250/2712 4564/249/2713 3607/247/1185
f 3608/250/2712 1521/254/1186 3610/1152/1187 4564/249/2713
f 4564/249/2713 3610/1152/1187 1522/252/1187 3609/251/2713
f 3607/247/1185 4564/249/2713 3609/251/2713 1520/246/1185
f 1521/254/1186 3611/256/2714 4565/255/2715 3610/1152/1187
f 3611/256/2714 1523/260/1188 3613/259/1189 4565/255/2715
f 4565/255/2715 3613/259/1189 1524/258/1189 3612/257/2715
f 3610/1152/1187 4565/255/2715 3612/257/2715 1522/252/1187
f 1523/260/1188 3614/262/2716 4566/1153/2717 3613/259/1189
f 3614/262/2716 1525/266/1190 3616/1154/1191 4566/1153/2717
f 4566/1153/2717 3616/1154/1191 1526/264/1191 3615/263/2717
f 3613/259/1189 4566/1153/2717 3615/263/2717 1524/258/1189
f 1525/266/1190 3617/268/2718 4567/1155/2719 3616/1154/1191
f 3617/268/2718 1527/365/1192 3619/271/1193 4567/1155/2719
f 4567/1155/2719 3619/271/1193 1528/364/1193 3618/269/2719
f 3616/1154/1191 4567/1155/2719 3618/269/2719 1526/264/1191
f 1527/365/1192 3620/367/2720 4568/366/2721 3619/271/1193
f 3620/367/2720 1529/371/1194 3622/1157/1195 4568/366/2721
f 4568/366/2721 3622/1157/1195 1530/369/1195 3621/368/2721
f 3619/271/1193 4568/366/2721 3621/368/2721 1528/364/1193
f 1529/371/1194 3623/373/2722 4569/372/3284 3622/1157/1195
f 3623/373/2722 851/377/660 2535/563/1931 4569/372/3284
f 4569/372/3284 2535/563/1931 852/375/661 3624/374/2723
f 3622/1157/1195 4569/372/3284 3624/374/2723 1530/369/1195
f 851/377/660 3625/150/2724 4570/1158/3285 2535/563/1931
f 3625/150/2724 1531/155/1196 3627/44/1197 4570/1158/3285
f 4570/1158/3285 3627/44/1197 1532/191/1197 3626/170/2725
f 2535/563/1931 4570/1158/3285 3626/170/2725 852/375/661
f 1531/155/1196 3628/46/2726 4571/45/2727 3627/44/1197
f 3628/46/2726 1533/136/1198 3630/1121/1199 4571/45/2727
f 4571/45/2727 3630/1121/1199 1534/275/1199 3629/48/2727
f 3627/44/1197 4571/45/2727 3629/48/2727 1532/191/1197
f 1533/136/1198 3631/53/2728 4572/52/2729 3630/1121/1199
f 3631/53/2728 1535/137/1200 3633/1122/1201 4572/52/2729
f 4572/52/2729 3633/1122/1201 1536/188/1201 3632/54/2729
f 3630/1121/1199 4572/52/2729 3632/54/2729 1534/275/1199
f 1535/137/1200 3634/59/2730 4573/1123/2731 3633/1122/1201
f 3634/59/2730 1537/138/1202 3636/62/1203 4573/1123/2731
f 4573/1123/2731 3636/62/1203 1538/187/1203 3635/60/2731
f 3633/1122/1201 4573/1123/2731 3635/60/2731 1536/188/1201
f 1537/138/1202 3637/65/2732 4574/64/2733 3636/62/1203
f 3637/65/2732 1539/139/1204 3639/68/1205 4574/64/2733
f 4574/64/2733 3639/68/1205 1540/276/1205 3638/66/2733
f 3636/62/1203 4574/64/2733 3638/66/2733 1538/187/1203
f 1539/139/1204 3640/71/2734 4575/70/2735 3639/68/1205
f 3640/71/2734 1541/140/1206 3642/1124/1207 4575/70/2735
f 4575/70/2735 3642/1124/1207 1542/183/1207 3641/72/2735
f 3639/68/1205 4575/70/2735 3641/72/2735 1540/276/1205
f 1541/140/1206 3643/77/2736 4576/1125/2737 3642/1124/1207
f 3643/77/2736 1543/141/1208 3645/1126/1209 4576/1125/2737
f 4576/1125/2737 3645/1126/1209 1544/182/1209 3644/78/2737
f 3642/1124/1207 4576/1125/2737 3644/78/2737 1542/183/1207
f 1543/141/1208 3646/83/2738 4577/82/2739 3645/1126/1209
f 3646/83/2738 1545/142/1210 3648/1127/1211 4577/82/2739
f 4577/82/2739 3648/1127/1211 1546/181/1211 3647/84/2739
f 3645/1126/1209 4577/82/2739 3647/84/2739 1544/182/1209
f 1545/142/1210 3649/89/2740 4578/88/2741 3648/1127/1211
f 3649/89/2740 1547/143/1212 3651/92/1213 4578/88/2741
f 4578/88/2741 3651/92/1213 1548/277/1213 3650/90/2741
f 3648/1127/1211 4578/88/2741 3650/90/2741 1546/181/1211
f 1547/143/1212 3652/95/2742 4579/1128/2743 3651/92/1213
f 3652/95/2742 1549/144/1214 3654/1129/1215 4579/1128/2743
f 4579/1128/2743 3654/1129/1215 1550/278/1215 3653/96/2743
f 3651/92/1213 4579/1128/2743 3653/96/2743 1548/277/1213
f 1549/144/1214 3655/101/2744 4580/100/2745 3654/1129/1215
f 3655/101/2744 1551/145/1216 3657/104/1217 4580/100/2745
f 4580/100/2745 3657/104/1217 1552/178/1217 3656/102/2745
f 3654/1129/1215 4580/100/2745 3656/102/2745 1550/278/1215
f 1551/145/1216 3658/107/2746 4581/1130/2747 3657/104/1217
f 3658/107/2746 1553/146/1218 3660/110/1219 4581/1130/2747
f 4581/1130/2747 3660/110/1219 1554/176/1219 3659/108/2747
f 3657/104/1217 4581/1130/2747 3659/108/2747 1552/178/1217
f 1553/146/1218 3661/113/2748 4582/1131/2749 3660/110/1219
f 3661/113/2748 1555/147/1220 3663/1132/1221 4582/1131/2749
f 4582/1131/2749 3663/1132/1221 1556/175/1221 3662/114/2749
f 3660/110/1219 4582/1131/2749 3662/114/2749 1554/176/1219
f 1555/147/1220 3664/119/2750 4583/118/2751 3663/1132/1221
f 3664/119/2750 1557/148/1222 3666/122/1223 4583/118/2751
f 4583/118/2751 3666/122/1223 1558/173/1223 3665/120/2751
f 3663/1132/1221 4583/118/2751 3665/120/2751 1556/175/1221
f 1512/222/1177 3705/1163/1177 4584/1164/2703 3594/221/2703
f 3705/1163/1177 1596/222/1261 3677/221/2761 4584/1164/2703
f 4584/1164/2703 3677/221/2761 1595/216/1260 3704/1165/1175
f 3594/221/2703 4584/1164/2703 3704/1165/1175 1510/216/1175
f 1557/148/1222 3667/125/2752 4585/124/2753 3666/122/1223
f 3667/125/2752 1559/149/1224 3669/1133/1225 4585/124/2753
f 4585/124/2753 3669/1133/1225 1560/171/1225 3668/126/2753
f 3666/122/1223 4585/124/2753 3668/126/2753 1558/173/1223
f 1559/149/1224 3670/131/2754 4586/130/3286 3669/1133/1225
f 3670/131/2754 819/634/628 2489/633/1885 4586/130/3286
f 4586/130/3286 2489/633/1885 820/632/629 3671/132/2755
f 3669/1133/1225 4586/130/3286 3671/132/2755 1560/171/1225
f 819/379/628 3670/382/2754 4587/381/2965 3578/380/2692
f 1559/458/1224 3667/457/2752 4587/381/2965 3670/459/2754
f 1557/456/1222 3664/454/2750 4587/381/2965 3667/457/2752
f 1555/453/1220 3661/455/2748 4587/381/2965 3664/454/2750
f 1553/450/1218 3658/452/2746 4587/381/2965 3661/451/2748
f 1551/447/1216 3655/449/2744 4587/381/2965 3658/448/2746
f 1549/444/1214 3652/446/2742 4587/381/2965 3655/445/2744
f 1547/442/1212 3649/441/2740 4587/381/2965 3652/443/2742
f 1545/440/1210 3646/438/2738 4587/381/2965 3649/441/2740
f 1543/437/1208 3643/439/2736 4587/381/2965 3646/438/2738
f 1541/434/1206 3640/436/2734 4587/381/2965 3643/435/2736
f 1539/432/1204 3637/430/2732 4587/381/2965 3640/433/2734
f 1537/429/1202 3634/431/2730 4587/381/2965 3637/430/2732
f 1535/427/1200 3631/426/2728 4587/381/2965 3634/428/2730
f 1533/425/1198 3628/423/2726 4587/381/2965 3631/426/2728
f 1531/422/1196 3625/424/2724 4587/381/2965 3628/423/2726
f 851/419/660 3623/421/2722 4587/381/2965 3625/420/2724
f 1529/417/1194 3620/416/2720 4587/381/2965 3623/418/2722
f 1527/415/1192 3617/414/2718 4587/381/2965 3620/416/2720
f 1525/413/1190 3614/412/2716 4587/381/2965 3617/414/2718
f 1523/411/1188 3611/409/2714 4587/381/2965 3614/412/2716
f 1521/408/1186 3608/410/2712 4587/381/2965 3611/409/2714
f 1519/405/1184 3605/407/2710 4587/381/2965 3608/406/2712
f 1517/403/1182 3602/402/2708 4587/381/2965 3605/404/2710
f 1515/401/1180 3599/399/2706 4587/381/2965 3602/402/2708
f 1513/398/1178 3596/400/2704 4587/381/2965 3599/399/2706
f 1511/395/1176 3593/397/2702 4587/381/2965 3596/396/2704
f 1509/392/1174 3590/394/2700 4587/381/2965 3593/393/2702
f 1507/390/1172 3587/389/2698 4587/381/2965 3590/391/2700
f 1505/388/1170 3584/387/2696 4587/381/2965 3587/389/2698
f 1503/386/1168 3581/384/2694 4587/381/2965 3584/387/2696
f 1501/383/1166 3578/385/2692 4587/381/2965 3581/384/2694
f 1583/1166/1248 3829/1167/2854 4588/1168/3287 3757/1169/2811
f 3829/1167/2854 1643/1166/1308 3819/1169/2844 4588/1168/3287
f 4588/1168/3287 3819/1169/2844 1642/1170/1307 3828/1171/2853
f 3757/1169/2811 4588/1168/3287 3828/1171/2853 1582/1170/1247
f 1530/369/1195 3707/1172/1195 4589/1173/2721 3621/368/2721
f 3707/1172/1195 1605/369/1270 3686/368/2770 4589/1173/2721
f 4589/1173/2721 3686/368/2770 1604/364/1269 3706/1174/1193
f 3621/368/2721 4589/1173/2721 3706/1174/1193 1528/364/1193
f 1546/181/1211 3709/1175/1211 4590/1176/2739 3647/84/2739
f 3709/1175/1211 1613/181/1278 3695/84/2779 4590/1176/2739
f 4590/1176/2739 3695/84/2779 1612/182/1277 3708/1177/1209
f 3647/84/2739 4590/1176/2739 3708/1177/1209 1544/182/1209
f 1504/198/1169 3711/1178/1169 4591/1179/2695 3582/197/2695
f 3711/1178/1169 1592/198/1257 3673/197/2757 4591/1179/2695
f 4591/1179/2695 3673/197/2757 1591/166/1256 3710/1180/1167
f 3582/197/2695 4591/1179/2695 3710/1180/1167 1502/166/1167
f 1522/252/1187 3713/1181/1187 4592/1182/2713 3609/668/2713
f 3713/1181/1187 1601/252/1266 3682/668/2766 4592/1182/2713
f 4592/1182/2713 3682/668/2766 1600/246/1265 3712/1183/1185
f 3609/668/2713 4592/1182/2713 3712/1183/1185 1520/246/1185
f 1538/187/1203 3715/1184/1203 4593/1185/2731 3635/60/2731
f 3715/1184/1203 1609/187/1274 3691/60/2775 4593/1185/2731
f 4593/1185/2731 3691/60/2775 1608/188/1273 3714/1186/1201
f 3635/60/2731 4593/1185/2731 3714/1186/1201 1536/188/1201
f 1556/175/1221 3717/175/1221 4594/1187/2749 3662/114/2749
f 3717/175/1221 1618/175/1283 3700/114/2784 4594/1187/2749
f 4594/1187/2749 3700/114/2784 1617/176/1282 3716/176/1219
f 3662/114/2749 4594/1187/2749 3716/176/1219 1554/176/1219
f 1514/228/1179 3718/1188/1179 4595/1189/2705 3597/685/2705
f 3718/1188/1179 1597/228/1262 3678/685/2762 4595/1189/2705
f 4595/1189/2705 3678/685/2762 1596/222/1261 3705/1163/1177
f 3597/685/2705 4595/1189/2705 3705/1163/1177 1512/222/1177
f 852/688/661 2630/688/2026 4596/1190/3288 3624/374/2723
f 2630/688/2026 931/688/740 3687/374/2771 4596/1190/3288
f 4596/1190/3288 3687/374/2771 1605/369/1270 3707/1172/1195
f 3624/374/2723 4596/1190/3288 3707/1172/1195 1530/369/1195
f 1548/277/1213 3719/180/1213 4597/1191/2741 3650/90/2741
f 3719/180/1213 1614/277/1279 3696/90/2780 4597/1191/2741
f 4597/1191/2741 3696/90/2780 1613/181/1278 3709/1175/1211
f 3650/90/2741 4597/1191/2741 3709/1175/1211 1546/181/1211
f 1506/204/1171 3720/1192/1171 4598/1193/2697 3585/203/2697
f 3720/1192/1171 1593/204/1258 3674/203/2758 4598/1193/2697
f 4598/1193/2697 3674/203/2758 1592/198/1257 3711/1178/1169
f 3585/203/2697 4598/1193/2697 3711/1178/1169 1504/198/1169
f 1524/258/1189 3721/258/1189 4599/1194/2715 3612/257/2715
f 3721/258/1189 1602/258/1267 3683/257/2767 4599/1194/2715
f 4599/1194/2715 3683/257/2767 1601/252/1266 3713/1181/1187
f 3612/257/2715 4599/1194/2715 3713/1181/1187 1522/252/1187
f 1540/276/1205 3722/185/1205 4600/1195/2733 3638/186/2733
f 3722/185/1205 1610/276/1275 3692/186/2776 4600/1195/2733
f 4600/1195/2733 3692/186/2776 1609/187/1274 3715/1184/1203
f 3638/186/2733 4600/1195/2733 3715/1184/1203 1538/187/1203
f 1558/173/1223 3723/1196/1223 4601/1197/2751 3665/174/2751
f 3723/1196/1223 1619/173/1284 3701/174/2785 4601/1197/2751
f 4601/1197/2751 3701/174/2785 1618/175/1283 3717/175/1221
f 3665/174/2751 4601/1197/2751 3717/175/1221 1556/175/1221
f 1516/234/1181 3724/1198/1181 4602/1199/2707 3600/233/2707
f 3724/1198/1181 1598/234/1263 3679/233/2763 4602/1199/2707
f 4602/1199/2707 3679/233/2763 1597/228/1262 3718/1188/1179
f 3600/233/2707 4602/1199/2707 3718/1188/1179 1514/228/1179
f 1532/191/1197 3725/191/1197 4603/1200/3289 3626/170/2725
f 3725/191/1197 1606/191/1271 3688/170/2772 4603/1200/3289
f 4603/1200/3289 3688/170/2772 931/688/740 2630/688/2026
f 3626/170/2725 4603/1200/3289 2630/688/2026 852/688/661
f 1550/278/1215 3726/1201/1215 4604/1202/2743 3653/96/2743
f 3726/1201/1215 1615/278/1280 3697/96/2781 4604/1202/2743
f 4604/1202/2743 3697/96/2781 1614/277/1279 3719/180/1213
f 3653/96/2743 4604/1202/2743 3719/180/1213 1548/277/1213
f 1508/210/1173 3727/210/1173 4605/1203/2699 3588/209/2699
f 3727/210/1173 1594/210/1259 3675/209/2759 4605/1203/2699
f 4605/1203/2699 3675/209/2759 1593/204/1258 3720/1192/1171
f 3588/209/2699 4605/1203/2699 3720/1192/1171 1506/204/1171
f 1526/264/1191 3728/264/1191 4606/1204/2717 3615/729/2717
f 3728/264/1191 1603/264/1268 3684/729/2768 4606/1204/2717
f 4606/1204/2717 3684/729/2768 1602/258/1267 3721/258/1189
f 3615/729/2717 4606/1204/2717 3721/258/1189 1524/258/1189
f 1542/183/1207 3729/1205/1207 4607/1206/2735 3641/184/2735
f 3729/1205/1207 1611/183/1276 3693/184/2777 4607/1206/2735
f 4607/1206/2735 3693/184/2777 1610/276/1275 3722/185/1205
f 3641/184/2735 4607/1206/2735 3722/185/1205 1540/276/1205
f 1560/171/1225 3730/171/1225 4608/1207/2753 3668/172/2753
f 3730/171/1225 1620/171/1285 3702/172/2786 4608/1207/2753
f 4608/1207/2753 3702/172/2786 1619/173/1284 3723/1196/1223
f 3668/172/2753 4608/1207/2753 3723/1196/1223 1558/173/1223
f 1518/240/1183 3731/1208/1183 4609/1209/2709 3603/742/2709
f 3731/1208/1183 1599/240/1264 3680/742/2764 4609/1209/2709
f 4609/1209/2709 3680/742/2764 1598/234/1263 3724/1198/1181
f 3603/742/2709 4609/1209/2709 3724/1198/1181 1516/234/1181
f 1534/275/1199 3732/1210/1199 4610/1211/2727 3629/48/2727
f 3732/1210/1199 1607/275/1272 3689/48/2773 4610/1211/2727
f 4610/1211/2727 3689/48/2773 1606/191/1271 3725/191/1197
f 3629/48/2727 4610/1211/2727 3725/191/1197 1532/191/1197
f 1552/178/1217 3733/1212/1217 4611/1213/2745 3656/102/2745
f 3733/1212/1217 1616/178/1281 3698/102/2782 4611/1213/2745
f 4611/1213/2745 3698/102/2782 1615/278/1280 3726/1201/1215
f 3656/102/2745 4611/1213/2745 3726/1201/1215 1550/278/1215
f 1510/216/1175 3704/1165/1175 4612/1214/2701 3591/215/2701
f 3704/1165/1175 1595/216/1260 3676/215/2760 4612/1214/2701
f 4612/1214/2701 3676/215/2760 1594/210/1259 3727/210/1173
f 3591/215/2701 4612/1214/2701 3727/210/1173 1508/210/1173
f 1528/364/1193 3706/1174/1193 4613/1215/2719 3618/755/2719
f 3706/1174/1193 1604/364/1269 3685/755/2769 4613/1215/2719
f 4613/1215/2719 3685/755/2769 1603/264/1268 3728/264/1191
f 3618/755/2719 4613/1215/2719 3728/264/1191 1526/264/1191
f 1544/182/1209 3708/1177/1209 4614/1216/2737 3644/78/2737
f 3708/1177/1209 1612/182/1277 3694/78/2778 4614/1216/2737
f 4614/1216/2737 3694/78/2778 1611/183/1276 3729/1205/1207
f 3644/78/2737 4614/1216/2737 3729/1205/1207 1542/183/1207
f 1502/166/1167 3710/1180/1167 4615/1217/3290 3579/39/2693
f 3710/1180/1167 1591/166/1256 3672/39/2756 4615/1217/3290
f 4615/1217/3290 3672/39/2756 916/501/725 2646/501/2042
f 3579/39/2693 4615/1217/3290 2646/501/2042 820/501/629
f 820/632/629 2646/632/2042 4616/1218/3291 3671/132/2755
f 2646/632/2042 916/632/725 3703/132/2787 4616/1218/3291
f 4616/1218/3291 3703/132/2787 1620/171/1285 3730/171/1225
f 3671/132/2755 4616/1218/3291 3730/171/1225 1560/171/1225
f 1520/246/1185 3712/1183/1185 4617/1219/2711 3606/245/2711
f 3712/1183/1185 1600/246/1265 3681/245/2765 4617/1219/2711
f 4617/1219/2711 3681/245/2765 1599/240/1264 3731/1208/1183
f 3606/245/2711 4617/1219/2711 3731/1208/1183 1518/240/1183
f 1536/188/1201 3714/1186/1201 4618/1220/2729 3632/189/2729
f 3714/1186/1201 1608/188/1273 3690/189/2774 4618/1220/2729
f 4618/1220/2729 3690/189/2774 1607/275/1272 3732/1210/1199
f 3632/189/2729 4618/1220/2729 3732/1210/1199 1534/275/1199
f 1554/176/1219 3716/176/1219 4619/1221/2747 3659/177/2747
f 3716/176/1219 1617/176/1282 3699/177/2783 4619/1221/2747
f 4619/1221/2747 3699/177/2783 1616/178/1281 3733/1212/1217
f 3659/177/2747 4619/1221/2747 3733/1212/1217 1552/178/1217
f 883/768/692 2679/771/2075 4620/1222/3292 3734/1223/2788
f 2679/771/2075 916/775/725 3672/280/2756 4620/1222/3292
f 4620/1222/3292 3672/280/2756 1591/774/1256 3766/1224/2820
f 3734/1223/2788 4620/1222/3292 3766/1224/2820 1561/1225/1226
f 1561/1225/1226 3766/1224/2820 4621/1226/2820 3735/1227/2789
f 3766/1224/2820 1591/774/1256 3673/282/2757 4621/1226/2820
f 4621/1226/2820 3673/282/2757 1592/780/1257 3767/1228/2820
f 3735/1227/2789 4621/1226/2820 3767/1228/2820 1562/1229/1227
f 1562/1229/1227 3767/1228/2820 4622/1230/2820 3736/1231/2790
f 3767/1228/2820 1592/780/1257 3674/363/2758 4622/1230/2820
f 4622/1230/2820 3674/363/2758 1593/785/1258 3768/1232/2820
f 3736/1231/2790 4622/1230/2820 3768/1232/2820 1563/1233/1228
f 1563/1233/1228 3768/1232/2820 4623/1234/2820 3737/1235/2791
f 3768/1232/2820 1593/785/1258 3675/360/2759 4623/1234/2820
f 4623/1234/2820 3675/360/2759 1594/790/1259 3769/1236/2820
f 3737/1235/2791 4623/1234/2820 3769/1236/2820 1564/1237/1229
f 1564/1237/1229 3769/1236/2820 4624/1238/2820 3738/1239/2792
f 3769/1236/2820 1594/790/1259 3676/357/2760 4624/1238/2820
f 4624/1238/2820 3676/357/2760 1595/795/1260 3770/1240/2820
f 3738/1239/2792 4624/1238/2820 3770/1240/2820 1565/1241/1230
f 1565/1241/1230 3770/1240/2820 4625/1242/2820 3739/1243/2793
f 3770/1240/2820 1595/795/1260 3677/354/2761 4625/1242/2820
f 4625/1242/2820 3677/354/2761 1596/800/1261 3771/1244/2820
f 3739/1243/2793 4625/1242/2820 3771/1244/2820 1566/1245/1231
f 1566/1245/1231 3771/1244/2820 4626/1246/2820 3740/1247/2794
f 3771/1244/2820 1596/800/1261 3678/351/2762 4626/1246/2820
f 4626/1246/2820 3678/351/2762 1597/805/1262 3772/1248/2820
f 3740/1247/2794 4626/1246/2820 3772/1248/2820 1567/1249/1232
f 1567/1249/1232 3772/1248/2820 4627/1250/2820 3741/1251/2795
f 3772/1248/2820 1597/805/1262 3679/346/2763 4627/1250/2820
f 4627/1250/2820 3679/346/2763 1598/810/1263 3773/1252/2820
f 3741/1251/2795 4627/1250/2820 3773/1252/2820 1568/1253/1233
f 1568/1253/1233 3773/1252/2820 4628/1254/2820 3742/1255/2796
f 3773/1252/2820 1598/810/1263 3680/343/2764 4628/1254/2820
f 4628/1254/2820 3680/343/2764 1599/815/1264 3774/1256/2820
f 3742/1255/2796 4628/1254/2820 3774/1256/2820 1569/1257/1234
f 1569/1257/1234 3774/1256/2820 4629/1258/2820 3743/1259/2797
f 3774/1256/2820 1599/815/1264 3681/344/2765 4629/1258/2820
f 4629/1258/2820 3681/344/2765 1600/820/1265 3775/1260/2820
f 3743/1259/2797 4629/1258/2820 3775/1260/2820 1570/1261/1235
f 1570/1261/1235 3775/1260/2820 4630/1262/2820 3744/1263/2798
f 3775/1260/2820 1600/820/1265 3682/341/2766 4630/1262/2820
f 4630/1262/2820 3682/341/2766 1601/825/1266 3776/1264/2820
f 3744/1263/2798 4630/1262/2820 3776/1264/2820 1571/1265/1236
f 1571/1265/1236 3776/1264/2820 4631/1266/2820 3745/1267/2799
f 3776/1264/2820 1601/825/1266 3683/335/2767 4631/1266/2820
f 4631/1266/2820 3683/335/2767 1602/830/1267 3777/1268/2820
f 3745/1267/2799 4631/1266/2820 3777/1268/2820 1572/1269/1237
f 1572/1269/1237 3777/1268/2820 4632/1270/2820 3746/1271/2800
f 3777/1268/2820 1602/830/1267 3684/336/2768 4632/1270/2820
f 4632/1270/2820 3684/336/2768 1603/835/1268 3778/1272/2820
f 3746/1271/2800 4632/1270/2820 3778/1272/2820 1573/1273/1238
f 1573/1273/1238 3778/1272/2820 4633/1274/2820 3747/1275/2801
f 3778/1272/2820 1603/835/1268 3685/333/2769 4633/1274/2820
f 4633/1274/2820 3685/333/2769 1604/840/1269 3779/1276/2820
f 3747/1275/2801 4633/1274/2820 3779/1276/2820 1574/1277/1239
f 1574/1277/1239 3779/1276/2820 4634/1278/2820 3748/1279/2802
f 3779/1276/2820 1604/840/1269 3686/330/2770 4634/1278/2820
f 4634/1278/2820 3686/330/2770 1605/463/1270 3780/1280/2820
f 3748/1279/2802 4634/1278/2820 3780/1280/2820 1575/1281/1240
f 1575/1281/1240 3780/1280/2820 4635/1282/3293 3749/1283/2803
f 3780/1280/2820 1605/463/1270 3687/325/2771 4635/1282/3293
f 4635/1282/3293 3687/325/2771 931/849/740 2695/848/2091
f 3749/1283/2803 4635/1282/3293 2695/848/2091 899/847/708
f 899/847/708 2695/848/2091 4636/1284/3294 3750/1285/2804
f 2695/848/2091 931/849/740 3688/322/2772 4636/1284/3294
f 4636/1284/3294 3688/322/2772 1606/854/1271 3781/1286/2820
f 3750/1285/2804 4636/1284/3294 3781/1286/2820 1576/1287/1241
f 1576/1287/1241 3781/1286/2820 4637/1288/2820 3751/1289/2805
f 3781/1286/2820 1606/854/1271 3689/323/2773 4637/1288/2820
f 4637/1288/2820 3689/323/2773 1607/859/1272 3782/1290/2820
f 3751/1289/2805 4637/1288/2820 3782/1290/2820 1577/1291/1242
f 1577/1291/1242 3782/1290/2820 4638/1292/2820 3752/1293/2806
f 3782/1290/2820 1607/859/1272 3690/320/2774 4638/1292/2820
f 4638/1292/2820 3690/320/2774 1608/864/1273 3783/1294/2820
f 3752/1293/2806 4638/1292/2820 3783/1294/2820 1578/1295/1243
f 1578/1295/1243 3783/1294/2820 4639/1296/2820 3753/1297/2807
f 3783/1294/2820 1608/864/1273 3691/315/2775 4639/1296/2820
f 4639/1296/2820 3691/315/2775 1609/869/1274 3784/1298/2820
f 3753/1297/2807 4639/1296/2820 3784/1298/2820 1579/1299/1244
f 1579/1299/1244 3784/1298/2820 4640/1300/2820 3754/1301/2808
f 3784/1298/2820 1609/869/1274 3692/312/2776 4640/1300/2820
f 4640/1300/2820 3692/312/2776 1610/874/1275 3785/1302/2820
f 3754/1301/2808 4640/1300/2820 3785/1302/2820 1580/1303/1245
f 1580/1303/1245 3785/1302/2820 4641/1304/2820 3755/1305/2809
f 3785/1302/2820 1610/874/1275 3693/313/2777 4641/1304/2820
f 4641/1304/2820 3693/313/2777 1611/879/1276 3786/1306/2820
f 3755/1305/2809 4641/1304/2820 3786/1306/2820 1581/1307/1246
f 1581/1307/1246 3786/1306/2820 4642/1308/2820 3756/1309/2810
f 3786/1306/2820 1611/879/1276 3694/310/2778 4642/1308/2820
f 4642/1308/2820 3694/310/2778 1612/883/1277 3787/1310/2820
f 3756/1309/2810 4642/1308/2820 3787/1310/2820 1582/1170/1247
f 1582/1170/1247 3787/1310/2820 4643/1311/2820 3757/1169/2811
f 3787/1310/2820 1612/883/1277 3695/305/2779 4643/1311/2820
f 4643/1311/2820 3695/305/2779 1613/887/1278 3788/1312/2820
f 3757/1169/2811 4643/1311/2820 3788/1312/2820 1583/1166/1248
f 1583/1166/1248 3788/1312/2820 4644/1313/2820 3758/1314/2812
f 3788/1312/2820 1613/887/1278 3696/302/2780 4644/1313/2820
f 4644/1313/2820 3696/302/2780 1614/892/1279 3789/1315/2820
f 3758/1314/2812 4644/1313/2820 3789/1315/2820 1584/1316/1249
f 1584/1316/1249 3789/1315/2820 4645/1317/2820 3759/1318/2813
f 3789/1315/2820 1614/892/1279 3697/303/2781 4645/1317/2820
f 4645/1317/2820 3697/303/2781 1615/897/1280 3790/1319/2820
f 3759/1318/2813 4645/1317/2820 3790/1319/2820 1585/1320/1250
f 1585/1320/1250 3790/1319/2820 4646/1321/2820 3760/1322/2814
f 3790/1319/2820 1615/897/1280 3698/300/2782 4646/1321/2820
f 4646/1321/2820 3698/300/2782 1616/902/1281 3791/1323/2820
f 3760/1322/2814 4646/1321/2820 3791/1323/2820 1586/1324/1251
f 1586/1324/1251 3791/1323/2820 4647/1325/2820 3761/1326/2815
f 3791/1323/2820 1616/902/1281 3699/297/2783 4647/1325/2820
f 4647/1325/2820 3699/297/2783 1617/907/1282 3792/1327/2820
f 3761/1326/2815 4647/1325/2820 3792/1327/2820 1587/1328/1252
f 1587/1328/1252 3792/1327/2820 4648/1329/2820 3762/1330/2816
f 3792/1327/2820 1617/907/1282 3700/291/2784 4648/1329/2820
f 4648/1329/2820 3700/291/2784 1618/912/1283 3793/1331/2820
f 3762/1330/2816 4648/1329/2820 3793/1331/2820 1588/1332/1253
f 1588/1332/1253 3793/1331/2820 4649/1333/2820 3763/1334/2817
f 3793/1331/2820 1618/912/1283 3701/292/2785 4649/1333/2820
f 4649/1333/2820 3701/292/2785 1619/917/1284 3794/1335/2820
f 3763/1334/2817 4649/1333/2820 3794/1335/2820 1589/1336/1254
f 1589/1336/1254 3794/1335/2820 4650/1337/2820 3764/1338/2818
f 3794/1335/2820 1619/917/1284 3702/289/2786 4650/1337/2820
f 4650/1337/2820 3702/289/2786 1620/922/1285 3795/1339/2820
f 3764/1338/2818 4650/1337/2820 3795/1339/2820 1590/1340/1255
f 1590/1340/1255 3795/1339/2820 4651/1341/3295 3765/1342/2819
f 3795/1339/2820 1620/922/1285 3703/284/2787 4651/1341/3295
f 4651/1341/3295 3703/284/2787 916/775/725 2679/771/2075
f 3765/1342/2819 4651/1341/3295 2679/771/2075 883/768/692
f 1621/1343/1286 3797/1227/2822 4652/1344/2820 3796/1345/2821
f 1622/1346/1287 3798/1231/2823 4652/1344/2820 3797/1227/2822
f 1623/1347/1288 3799/1235/2824 4652/1344/2820 3798/1348/2823
f 1624/1349/1289 3800/1239/2825 4652/1344/2820 3799/1235/2824
f 1625/1350/1290 3801/1243/2826 4652/1344/2820 3800/1351/2825
f 1626/1352/1291 3802/1247/2827 4652/1344/2820 3801/1243/2826
f 1627/1353/1292 3803/1251/2828 4652/1344/2820 3802/1354/2827
f 1628/1355/1293 3804/1255/2829 4652/1344/2820 3803/1251/2828
f 1629/1356/1294 3805/1259/2830 4652/1344/2820 3804/1255/2829
f 1630/1357/1295 3806/1263/2831 4652/1344/2820 3805/1358/2830
f 1631/1359/1296 3807/1267/2832 4652/1344/2820 3806/1263/2831
f 1632/1360/1297 3808/1271/2833 4652/1344/2820 3807/1267/2832
f 1633/1361/1298 3809/1275/2834 4652/1344/2820 3808/1271/2833
f 1634/1362/1299 3810/1279/2835 4652/1344/2820 3809/1275/2834
f 1635/1363/1300 3811/1283/2836 4652/1344/2820 3810/1279/2835
f 963/1364/772 3812/1285/2837 4652/1344/2820 3811/1283/2836
f 1636/1365/1301 3813/1289/2838 4652/1344/2820 3812/1285/2837
f 1637/1366/1302 3814/1293/2839 4652/1344/2820 3813/1367/2838
f 1638/1368/1303 3815/1297/2840 4652/1344/2820 3814/1369/2839
f 1639/1370/1304 3816/1301/2841 4652/1344/2820 3815/1297/2840
f 1640/1371/1305 3817/1305/2842 4652/1344/2820 3816/1372/2841
f 1641/1373/1306 3818/1309/2843 4652/1344/2820 3817/1305/2842
f 1642/1374/1307 3819/1169/2844 4652/1344/2820 3818/1375/2843
f 1643/1376/1308 3820/1314/2845 4652/1344/2820 3819/1169/2844
f 1644/1377/1309 3821/1318/2846 4652/1344/2820 3820/1314/2845
f 1645/1378/1310 3822/1322/2847 4652/1344/2820 3821/1318/2846
f 1646/1379/1311 3823/1326/2848 4652/1344/2820 3822/1322/2847
f 1647/1380/1312 3824/1330/2849 4652/1344/2820 3823/1326/2848
f 1648/1381/1313 3825/1334/2850 4652/1344/2820 3824/1382/2849
f 1649/1383/1314 3826/1338/2851 4652/1344/2820 3825/1334/2850
f 1650/1384/1315 3827/1342/2852 4652/1344/2820 3826/1385/2851
f 948/1043/757 3796/1223/2821 4652/1344/2820 3827/1342/2852
f 1571/1265/1236 3831/1386/2856 4653/1387/3296 3744/1263/2798
f 3831/1386/2856 1631/1265/1296 3806/1263/2831 4653/1387/3296
f 4653/1387/3296 3806/1263/2831 1630/1261/1295 3830/1388/2855
f 3744/1263/2798 4653/1387/3296 3830/1388/2855 1570/1261/1235
f 1584/1316/1249 3832/1389/2857 4654/1390/3297 3758/1314/2812
f 3832/1389/2857 1644/1316/1309 3820/1314/2845 4654/1390/3297
f 4654/1390/3297 3820/1314/2845 1643/1166/1308 3829/1167/2854
f 3758/1314/2812 4654/1390/3297 3829/1167/2854 1583/1166/1248
f 1572/1269/1237 3833/1391/2858 4655/1392/3298 3745/1267/2799
f 3833/1391/2858 1632/1269/1297 3807/1267/2832 4655/1392/3298
f 4655/1392/3298 3807/1267/2832 1631/1265/1296 3831/1386/2856
f 3745/1267/2799 4655/1392/3298 3831/1386/2856 1571/1265/1236
f 1585/1320/1250 3834/1393/2859 4656/1394/3299 3759/1318/2813
f 3834/1393/2859 1645/1320/1310 3821/1318/2846 4656/1394/3299
f 4656/1394/3299 3821/1318/2846 1644/1316/1309 3832/1389/2857
f 3759/1318/2813 4656/1394/3299 3832/1389/2857 1584/1316/1249
f 1573/1273/1238 3835/1395/2860 4657/1396/3300 3746/1271/2800
f 3835/1395/2860 1633/1273/1298 3808/1271/2833 4657/1396/3300
f 4657/1396/3300 3808/1271/2833 1632/1269/1297 3833/1391/2858
f 3746/1271/2800 4657/1396/3300 3833/1391/2858 1572/1269/1237
f 1586/1324/1251 3836/1397/2861 4658/1398/3301 3760/1322/2814
f 3836/1397/2861 1646/1324/1311 3822/1322/2847 4658/1398/3301
f 4658/1398/3301 3822/1322/2847 1645/1320/1310 3834/1393/2859
f 3760/1322/2814 4658/1398/3301 3834/1393/2859 1585/1320/1250
f 1574/1277/1239 3837/1399/2862 4659/1400/3302 3747/1275/2801
f 3837/1399/2862 1634/1277/1299 3809/1275/2834 4659/1400/3302
f 4659/1400/3302 3809/1275/2834 1633/1273/1298 3835/1395/2860
f 3747/1275/2801 4659/1400/3302 3835/1395/2860 1573/1273/1238
f 1561/1225/1226 3838/1401/2863 4660/1402/3303 3734/1345/2788
f 3838/1401/2863 1621/1225/1286 3796/1345/2821 4660/1402/3303
f 4660/1402/3303 3796/1345/2821 948/1043/757 2753/1043/2149
f 3734/1345/2788 4660/1402/3303 2753/1043/2149 883/1043/692
f 1587/1328/1252 3839/1403/2864 4661/1404/3304 3761/1326/2815
f 3839/1403/2864 1647/1328/1312 3823/1326/2848 4661/1404/3304
f 4661/1404/3304 3823/1326/2848 1646/1324/1311 3836/1397/2861
f 3761/1326/2815 4661/1404/3304 3836/1397/2861 1586/1324/1251
f 1575/1281/1240 3840/1405/2865 4662/1406/3305 3748/1279/2802
f 3840/1405/2865 1635/1281/1300 3810/1279/2835 4662/1406/3305
f 4662/1406/3305 3810/1279/2835 1634/1277/1299 3837/1399/2862
f 3748/1279/2802 4662/1406/3305 3837/1399/2862 1574/1277/1239
f 1562/1229/1227 3841/1407/2866 4663/1408/3306 3735/1227/2789
f 3841/1407/2866 1622/1229/1287 3797/1227/2822 4663/1408/3306
f 4663/1408/3306 3797/1227/2822 1621/1225/1286 3838/1401/2863
f 3735/1227/2789 4663/1408/3306 3838/1401/2863 1561/1225/1226
f 1588/1332/1253 3842/1409/2867 4664/1410/3307 3762/1382/2816
f 3842/1409/2867 1648/1332/1313 3824/1382/2849 4664/1410/3307
f 4664/1410/3307 3824/1382/2849 1647/1328/1312 3839/1403/2864
f 3762/1382/2816 4664/1410/3307 3839/1403/2864 1587/1328/1252
f 899/1364/708 2759/1057/2155 4665/1411/3308 3749/1283/2803
f 2759/1057/2155 963/1364/772 3811/1283/2836 4665/1411/3308
f 4665/1411/3308 3811/1283/2836 1635/1281/1300 3840/1405/2865
f 3749/1283/2803 4665/1411/3308 3840/1405/2865 1575/1281/1240
f 1563/1233/1228 3843/1412/2868 4666/1413/3309 3736/1348/2790
f 3843/1412/2868 1623/1233/1288 3798/1348/2823 4666/1413/3309
f 4666/1413/3309 3798/1348/2823 1622/1229/1287 3841/1407/2866
f 3736/1348/2790 4666/1413/3309 3841/1407/2866 1562/1229/1227
f 1589/1336/1254 3844/1414/2869 4667/1415/3310 3763/1334/2817
f 3844/1414/2869 1649/1336/1314 3825/1334/2850 4667/1415/3310
f 4667/1415/3310 3825/1334/2850 1648/1332/1313 3842/1409/2867
f 3763/1334/2817 4667/1415/3310 3842/1409/2867 1588/1332/1253
f 1576/1287/1241 3845/1416/2870 4668/1417/3311 3750/1285/2804
f 3845/1416/2870 1636/1287/1301 3812/1285/2837 4668/1417/3311
f 4668/1417/3311 3812/1285/2837 963/1364/772 2759/1057/2155
f 3750/1285/2804 4668/1417/3311 2759/1057/2155 899/1364/708
f 1564/1237/1229 3846/1418/2871 4669/1419/3312 3737/1235/2791
f 3846/1418/2871 1624/1237/1289 3799/1235/2824 4669/1419/3312
f 4669/1419/3312 3799/1235/2824 1623/1233/1288 3843/1412/2868
f 3737/1235/2791 4669/1419/3312 3843/1412/2868 1563/1233/1228
f 1590/1340/1255 3847/1420/2872 4670/1421/3313 3764/1385/2818
f 3847/1420/2872 1650/1340/1315 3826/1385/2851 4670/1421/3313
f 4670/1421/3313 3826/1385/2851 1649/1336/1314 3844/1414/2869
f 3764/1385/2818 4670/1421/3313 3844/1414/2869 1589/1336/1254
f 1577/1291/1242 3848/1422/2873 4671/1423/3314 3751/1367/2805
f 3848/1422/2873 1637/1291/1302 3813/1367/2838 4671/1423/3314
f 4671/1423/3314 3813/1367/2838 1636/1287/1301 3845/1416/2870
f 3751/1367/2805 4671/1423/3314 3845/1416/2870 1576/1287/1241
f 1565/1241/1230 3849/1424/2874 4672/1425/3315 3738/1351/2792
f 3849/1424/2874 1625/1241/1290 3800/1351/2825 4672/1425/3315
f 4672/1425/3315 3800/1351/2825 1624/1237/1289 3846/1418/2871
f 3738/1351/2792 4672/1425/3315 3846/1418/2871 1564/1237/1229
f 883/1043/692 2753/1043/2149 4673/1426/3316 3765/1342/2819
f 2753/1043/2149 948/1043/757 3827/1342/2852 4673/1426/3316
f 4673/1426/3316 3827/1342/2852 1650/1340/1315 3847/1420/2872
f 3765/1342/2819 4673/1426/3316 3847/1420/2872 1590/1340/1255
f 1578/1295/1243 3850/1427/2875 4674/1428/3317 3752/1369/2806
f 3850/1427/2875 1638/1295/1303 3814/1369/2839 4674/1428/3317
f 4674/1428/3317 3814/1369/2839 1637/1291/1302 3848/1422/2873
f 3752/1369/2806 4674/1428/3317 3848/1422/2873 1577/1291/1242
f 1566/1245/1231 3851/1429/2876 4675/1430/3318 3739/1243/2793
f 3851/1429/2876 1626/1245/1291 3801/1243/2826 4675/1430/3318
f 4675/1430/3318 3801/1243/2826 1625/1241/1290 3849/1424/2874
f 3739/1243/2793 4675/1430/3318 3849/1424/2874 1565/1241/1230
f 1579/1299/1244 3852/1431/2877 4676/1432/3319 3753/1297/2807
f 3852/1431/2877 1639/1299/1304 3815/1297/2840 4676/1432/3319
f 4676/1432/3319 3815/1297/2840 1638/1295/1303 3850/1427/2875
f 3753/1297/2807 4676/1432/3319 3850/1427/2875 1578/1295/1243
f 1567/1249/1232 3853/1433/2878 4677/1434/3320 3740/1354/2794
f 3853/1433/2878 1627/1249/1292 3802/1354/2827 4677/1434/3320
f 4677/1434/3320 3802/1354/2827 1626/1245/1291 3851/1429/2876
f 3740/1354/2794 4677/1434/3320 3851/1429/2876 1566/1245/1231
f 1580/1303/1245 3854/1435/2879 4678/1436/3321 3754/1372/2808
f 3854/1435/2879 1640/1303/1305 3816/1372/2841 4678/1436/3321
f 4678/1436/3321 3816/1372/2841 1639/1299/1304 3852/1431/2877
f 3754/1372/2808 4678/1436/3321 3852/1431/2877 1579/1299/1244
f 1568/1253/1233 3855/1437/2880 4679/1438/3322 3741/1251/2795
f 3855/1437/2880 1628/1253/1293 3803/1251/2828 4679/1438/3322
f 4679/1438/3322 3803/1251/2828 1627/1249/1292 3853/1433/2878
f 3741/1251/2795 4679/1438/3322 3853/1433/2878 1567/1249/1232
f 1581/1307/1246 3856/1439/2881 4680/1440/3323 3755/1305/2809
f 3856/1439/2881 1641/1307/1306 3817/1305/2842 4680/1440/3323
f 4680/1440/3323 3817/1305/2842 1640/1303/1305 3854/1435/2879
f 3755/1305/2809 4680/1440/3323 3854/1435/2879 1580/1303/1245
f 1569/1257/1234 3857/1441/2882 4681/1442/3324 3742/1255/2796
f 3857/1441/2882 1629/1257/1294 3804/1255/2829 4681/1442/3324
f 4681/1442/3324 3804/1255/2829 1628/1253/1293 3855/1437/2880
f 3742/1255/2796 4681/1442/3324 3855/1437/2880 1568/1253/1233
f 1582/1170/1247 3828/1171/2853 4682/1443/3325 3756/1375/2810
f 3828/1171/2853 1642/1170/1307 3818/1375/2843 4682/1443/3325
f 4682/1443/3325 3818/1375/2843 1641/1307/1306 3856/1439/2881
f 3756/1375/2810 4682/1443/3325 3856/1439/2881 1581/1307/1246
f 1570/1261/1235 3830/1388/2855 4683/1444/3326 3743/1358/2797
f 3830/1388/2855 1630/1261/1295 3805/1358/2830 4683/1444/3326
f 4683/1444/3326 3805/1358/2830 1629/1257/1294 3857/1441/2882
f 3743/1358/2797 4683/1444/3326 3857/1441/2882 1569/1257/1234
o Pole.002
v -2.809841 56.337250 -7.692954
v -2.809841 56.214218 -7.692954
v -2.782492 56.337250 -7.690072
v -2.782492 56.214218 -7.690072
v -2.756194 56.337250 -7.681536
v -2.756194 56.214218 -7.681536
v -2.731958 56.337250 -7.667674
v -2.731958 56.214218 -7.667674
v -2.710714 56.337250 -7.649020
v -2.710714 56.214218 -7.649020
v -2.693280 56.337250 -7.626289
v -2.693280 56.214218 -7.626289
v -2.680326 56.337250 -7.600356
v -2.680326 56.214218 -7.600356
v -2.672348 56.337250 -7.572217
v -2.672348 56.214218 -7.572217
v -2.669654 56.337250 -7.542953
v -2.669654 56.214218 -7.542953
v -2.672348 56.337250 -7.513690
v -2.672348 56.214218 -7.513690
v -2.680326 56.337250 -7.485551
v -2.680326 56.214218 -7.485551
v -2.693280 56.337250 -7.459618
v -2.693280 56.214218 -7.459618
v -2.710714 56.337250 -7.436888
v -2.710714 56.214218 -7.436888
v -2.731958 56.337250 -7.418233
v -2.731958 56.214218 -7.418233
v -2.756194 56.337250 -7.404372
v -2.756194 56.214218 -7.404372
v -2.782492 56.337250 -7.395836
v -2.782492 56.214218 -7.395836
v -2.809841 56.337250 -7.392954
v -2.809841 56.214218 -7.392954
v -2.837190 56.337250 -7.395836
v -2.837190 56.214218 -7.395836
v -2.863489 56.337250 -7.404372
v -2.863489 56.214218 -7.404372
v -2.887725 56.337250 -7.418233
v -2.887725 56.214218 -7.418233
v -2.908968 56.337250 -7.436888
v -2.908968 56.214218 -7.436888
v -2.926403 56.337250 -7.459618
v -2.926403 56.214218 -7.459618
v -2.939357 56.337250 -7.485551
v -2.939357 56.214218 -7.485551
v -2.947335 56.337250 -7.513690
v -2.947335 56.214218 -7.513690
v -2.950028 56.337250 -7.542953
v -2.950028 56.214218 -7.542953
v -2.947335 56.337250 -7.572217
v -2.947335 56.214218 -7.572217
v -2.939357 56.337250 -7.600356
v -2.939357 56.214218 -7.600356
v -2.926403 56.337250 -7.626289
v -2.926403 56.214218 -7.626289
v -2.908968 56.337250 -7.649020
v -2.908968 56.214218 -7.649020
v -2.887725 56.337250 -7.667674
v -2.887725 56.214218 -7.667674
v -2.863489 56.337250 -7.681536
v -2.863489 56.214218 -7.681536
v -2.837190 56.337250 -7.690072
v -2.837190 56.214218 -7.690072
v -2.807976 56.339653 -7.665041
v -2.784411 56.339653 -7.662721
v -2.761753 56.339653 -7.655847
v -2.740870 56.339653 -7.644685
v -2.722567 56.339653 -7.629664
v -2.707545 56.339653 -7.611360
v -2.696383 56.339653 -7.590478
v -2.689510 56.339653 -7.567819
v -2.687189 56.339653 -7.544255
v -2.689510 56.339653 -7.520690
v -2.696383 56.339653 -7.498032
v -2.707545 56.339653 -7.477149
v -2.722567 56.339653 -7.458846
v -2.740870 56.339653 -7.443824
v -2.761753 56.339653 -7.432662
v -2.784411 56.339653 -7.425789
v -2.807976 56.339653 -7.423468
v -2.831540 56.339653 -7.425789
v -2.854199 56.339653 -7.432662
v -2.875081 56.339653 -7.443824
v -2.893385 56.339653 -7.458846
v -2.908406 56.339653 -7.477149
v -2.919568 56.339653 -7.498032
v -2.926442 56.339653 -7.520690
v -2.928762 56.339653 -7.544255
v -2.926441 56.339653 -7.567819
v -2.919568 56.339653 -7.590478
v -2.908406 56.339653 -7.611360
v -2.893385 56.339653 -7.629664
v -2.875081 56.339653 -7.644685
v -2.854199 56.339653 -7.655847
v -2.831540 56.339653 -7.662720
v -2.804457 54.573181 -7.639801
v -2.804457 56.302307 -7.639801
v -2.786224 54.573181 -7.637879
v -2.786224 56.302307 -7.637879
v -2.768692 54.573181 -7.632189
v -2.768692 56.302307 -7.632189
v -2.752535 54.573181 -7.622948
v -2.752535 56.302307 -7.622948
v -2.738372 54.573181 -7.610512
v -2.738372 56.302307 -7.610512
v -2.726750 54.573181 -7.595358
v -2.726750 56.302307 -7.595358
v -2.718113 54.573181 -7.578069
v -2.718113 56.302307 -7.578069
v -2.712795 54.573181 -7.559310
v -2.712795 56.302307 -7.559310
v -2.710999 54.573181 -7.539801
v -2.710999 56.302307 -7.539801
v -2.712795 54.573181 -7.520292
v -2.712795 56.302307 -7.520292
v -2.718113 54.573181 -7.501533
v -2.718113 56.302307 -7.501533
v -2.726750 54.573181 -7.484244
v -2.726750 56.302307 -7.484244
v -2.738372 54.573181 -7.469090
v -2.738372 56.302307 -7.469090
v -2.752535 54.573181 -7.456654
v -2.752535 56.302307 -7.456654
v -2.768692 54.573181 -7.447413
v -2.768692 56.302307 -7.447413
v -2.786224 54.573181 -7.441722
v -2.786224 56.302307 -7.441722
v -2.804457 54.573181 -7.439801
v -2.804457 56.302307 -7.439801
v -2.822690 54.573181 -7.441722
v -2.822690 56.302307 -7.441722
v -2.840222 54.573181 -7.447413
v -2.840222 56.302307 -7.447413
v -2.856380 54.573181 -7.456654
v -2.856380 56.302307 -7.456654
v -2.870542 54.573181 -7.469090
v -2.870542 56.302307 -7.469090
v -2.882165 54.573181 -7.484244
v -2.882165 56.302307 -7.484244
v -2.890801 54.573181 -7.501533
v -2.890801 56.302307 -7.501533
v -2.896119 54.573181 -7.520292
v -2.896119 56.302307 -7.520292
v -2.897915 54.573181 -7.539801
v -2.897915 56.302307 -7.539801
v -2.896119 54.573181 -7.559310
v -2.896119 56.302307 -7.559310
v -2.890801 54.573181 -7.578069
v -2.890801 56.302307 -7.578069
v -2.882165 54.573181 -7.595358
v -2.882165 56.302307 -7.595358
v -2.870542 54.573181 -7.610512
v -2.870542 56.302307 -7.610512
v -2.856380 54.573181 -7.622948
v -2.856380 56.302307 -7.622948
v -2.840222 54.573181 -7.632189
v -2.840222 56.302307 -7.632189
v -2.822690 54.573181 -7.637879
v -2.822690 56.302307 -7.637879
vn -0.0000 0.1394 -0.9902
vn -0.0000 -0.1394 -0.9902
vn 0.2059 0.1394 -0.9686
vn 0.2059 -0.1394 -0.9686
vn 0.4008 0.1395 -0.9055
vn 0.4008 -0.1395 -0.9055
vn 0.5754 0.1397 -0.8059
vn 0.5754 -0.1397 -0.8059
vn 0.7230 0.1399 -0.6766
vn 0.7230 -0.1399 -0.6766
vn 0.8395 0.1401 -0.5249
vn 0.8395 -0.1401 -0.5249
vn 0.9232 0.1403 -0.3578
vn 0.9232 -0.1403 -0.3578
vn 0.9734 0.1404 -0.1812
vn 0.9734 -0.1404 -0.1812
vn 0.9901 0.1404 -0.0000
vn 0.9901 -0.1404 -0.0000
vn 0.9734 0.1404 0.1812
vn 0.9734 -0.1404 0.1812
vn 0.9232 0.1403 0.3578
vn 0.9232 -0.1403 0.3578
vn 0.8395 0.1401 0.5249
vn 0.8395 -0.1401 0.5249
vn 0.7230 0.1399 0.6766
vn 0.7230 -0.1399 0.6766
vn 0.5754 0.1397 0.8059
vn 0.5754 -0.1397 0.8059
vn 0.4008 0.1395 0.9055
vn 0.4008 -0.1395 0.9055
vn 0.2059 0.1394 0.9686
vn 0.2059 -0.1394 0.9686
vn -0.0000 0.1394 0.9902
vn -0.0000 -0.1394 0.9902
vn -0.2059 0.1394 0.9686
vn -0.2059 -0.1394 0.9686
vn -0.4008 0.1395 0.9055
vn -0.4008 -0.1395 0.9055
vn -0.5754 0.1397 0.8059
vn -0.5754 -0.1397 0.8059
vn -0.7230 0.1399 0.6766
vn -0.7230 -0.1399 0.6766
vn -0.8395 0.1401 0.5249
vn -0.8395 -0.1401 0.5249
vn -0.9232 0.1403 0.3578
vn -0.9232 -0.1403 0.3578
vn -0.9734 0.1404 0.1812
vn -0.9734 -0.1404 0.1812
vn -0.9901 0.1404 -0.0000
vn -0.9901 -0.1404 -0.0000
vn -0.9734 0.1404 -0.1812
vn -0.9734 -0.1404 -0.1812
vn -0.9232 0.1403 -0.3578
vn -0.9232 -0.1403 -0.3578
vn -0.8395 0.1401 -0.5249
vn -0.8395 -0.1401 -0.5249
vn -0.7230 0.1399 -0.6766
vn -0.7230 -0.1399 -0.6766
vn -0.5754 0.1397 -0.8059
vn -0.5754 -0.1397 -0.8059
vn -0.4008 0.1395 -0.9055
vn -0.4008 -0.1395 -0.9055
vn -0.2059 0.1394 -0.9686
vn -0.2059 -0.1394 -0.9686
vt 1.000000 0.500000
vt 0.968750 0.500000
vt 0.968750 1.000000
vt 1.000000 1.000000
vt 0.937500 0.500000
vt 0.937500 1.000000
vt 0.906250 0.500000
vt 0.906250 1.000000
vt 0.875000 0.500000
vt 0.875000 1.000000
vt 0.843750 0.500000
vt 0.843750 1.000000
vt 0.812500 0.500000
vt 0.812500 1.000000
vt 0.781250 0.500000
vt 0.781250 1.000000
vt 0.750000 0.500000
vt 0.750000 1.000000
vt 0.718750 0.500000
vt 0.718750 1.000000
vt 0.687500 0.500000
vt 0.687500 1.000000
vt 0.656250 0.500000
vt 0.656250 1.000000
vt 0.625000 0.500000
vt 0.625000 1.000000
vt 0.593750 0.500000
vt 0.593750 1.000000
vt 0.562500 0.500000
vt 0.562500 1.000000
vt 0.531250 0.500000
vt 0.531250 1.000000
vt 0.500000 0.500000
vt 0.500000 1.000000
vt 0.468750 0.500000
vt 0.468750 1.000000
vt 0.437500 0.500000
vt 0.437500 1.000000
vt 0.406250 0.500000
vt 0.406250 1.000000
vt 0.375000 0.500000
vt 0.375000 1.000000
vt 0.343750 0.500000
vt 0.343750 1.000000
vt 0.312500 0.500000
vt 0.312500 1.000000
vt 0.281250 0.500000
vt 0.281250 1.000000
vt 0.250000 0.500000
vt 0.250000 1.000000
vt 0.218750 0.500000
vt 0.218750 1.000000
vt 0.187500 0.500000
vt 0.187500 1.000000
vt 0.156250 0.500000
vt 0.156250 1.000000
vt 0.125000 0.500000
vt 0.125000 1.000000
vt 0.093750 0.500000
vt 0.093750 1.000000
vt 0.062500 0.500000
vt 0.062500 1.000000
vt 0.296822 0.485388
vt 0.341844 0.471731
vt 0.383337 0.449553
vt 0.419706 0.419706
vt 0.449553 0.383337
vt 0.471731 0.341844
vt 0.485388 0.296822
vt 0.490000 0.250000
vt 0.485388 0.203178
vt 0.471731 0.158156
vt 0.449553 0.116663
vt 0.419706 0.080294
vt 0.383337 0.050447
vt 0.341844 0.028269
vt 0.296822 0.014612
vt 0.250000 0.010000
vt 0.203178 0.014612
vt 0.158156 0.028269
vt 0.116663 0.050447
vt 0.080294 0.080294
vt 0.050447 0.116663
vt 0.028269 0.158156
vt 0.014612 0.203178
vt 0.010000 0.250000
vt 0.014612 0.296822
vt 0.028269 0.341844
vt 0.050447 0.383337
vt 0.080294 0.419706
vt 0.116663 0.449553
vt 0.158156 0.471731
vt 0.203178 0.485388
vt 0.250000 0.490000
vt 0.031250 0.500000
vt 0.031250 1.000000
vt 0.000000 0.500000
vt 0.000000 1.000000
vt 0.750000 0.490000
vt 0.703178 0.485388
vt 0.658156 0.471731
vt 0.616663 0.449553
vt 0.580294 0.419706
vt 0.550447 0.383337
vt 0.528269 0.341844
vt 0.514612 0.296822
vt 0.510000 0.250000
vt 0.514612 0.203178
vt 0.528269 0.158156
vt 0.550447 0.116663
vt 0.580294 0.080294
vt 0.616663 0.050447
vt 0.658156 0.028269
vt 0.703178 0.014612
vt 0.750000 0.010000
vt 0.796822 0.014612
vt 0.841844 0.028269
vt 0.883337 0.050447
vt 0.919706 0.080294
vt 0.949553 0.116663
vt 0.971731 0.158156
vt 0.985388 0.203178
vt 0.990000 0.250000
vt 0.985388 0.296822
vt 0.971731 0.341844
vt 0.949553 0.383337
vt 0.919706 0.419706
vt 0.883337 0.449553
vt 0.841844 0.471731
vt 0.796822 0.485388
s 1
usemtl Material.001
f 4684/1445/3327 4686/1446/3329 4687/1447/3330 4685/1448/3328
f 4686/1446/3329 4688/1449/3331 4689/1450/3332 4687/1447/3330
f 4688/1449/3331 4690/1451/3333 4691/1452/3334 4689/1450/3332
f 4690/1451/3333 4692/1453/3335 4693/1454/3336 4691/1452/3334
f 4692/1453/3335 4694/1455/3337 4695/1456/3338 4693/1454/3336
f 4694/1455/3337 4696/1457/3339 4697/1458/3340 4695/1456/3338
f 4696/1457/3339 4698/1459/3341 4699/1460/3342 4697/1458/3340
f 4698/1459/3341 4700/1461/3343 4701/1462/3344 4699/1460/3342
f 4700/1461/3343 4702/1463/3345 4703/1464/3346 4701/1462/3344
f 4702/1463/3345 4704/1465/3347 4705/1466/3348 4703/1464/3346
f 4704/1465/3347 4706/1467/3349 4707/1468/3350 4705/1466/3348
f 4706/1467/3349 4708/1469/3351 4709/1470/3352 4707/1468/3350
f 4708/1469/3351 4710/1471/3353 4711/1472/3354 4709/1470/3352
f 4710/1471/3353 4712/1473/3355 4713/1474/3356 4711/1472/3354
f 4712/1473/3355 4714/1475/3357 4715/1476/3358 4713/1474/3356
f 4714/1475/3357 4716/1477/3359 4717/1478/3360 4715/1476/3358
f 4716/1477/3359 4718/1479/3361 4719/1480/3362 4717/1478/3360
f 4718/1479/3361 4720/1481/3363 4721/1482/3364 4719/1480/3362
f 4720/1481/3363 4722/1483/3365 4723/1484/3366 4721/1482/3364
f 4722/1483/3365 4724/1485/3367 4725/1486/3368 4723/1484/3366
f 4724/1485/3367 4726/1487/3369 4727/1488/3370 4725/1486/3368
f 4726/1487/3369 4728/1489/3371 4729/1490/3372 4727/1488/3370
f 4728/1489/3371 4730/1491/3373 4731/1492/3374 4729/1490/3372
f 4730/1491/3373 4732/1493/3375 4733/1494/3376 4731/1492/3374
f 4732/1493/3375 4734/1495/3377 4735/1496/3378 4733/1494/3376
f 4734/1495/3377 4736/1497/3379 4737/1498/3380 4735/1496/3378
f 4736/1497/3379 4738/1499/3381 4739/1500/3382 4737/1498/3380
f 4738/1499/3381 4740/1501/3383 4741/1502/3384 4739/1500/3382
f 4740/1501/3383 4742/1503/3385 4743/1504/3386 4741/1502/3384
f 4742/1503/3385 4744/1505/3387 4745/1506/3388 4743/1504/3386
f 4687/1507/3330 4689/1508/3332 4691/1509/3334 4693/1510/3336 4695/1511/3338 4697/1512/3340 4699/1513/3342 4701/1514/3344 4703/1515/3346 4705/1516/3348 4707/1517/3350 4709/1518/3352 4711/1519/3354 4713/1520/3356 4715/1521/3358 4717/1522/3360 4719/1523/3362 4721/1524/3364 4723/1525/3366 4725/1526/3368 4727/1527/3370 4729/1528/3372 4731/1529/3374 4733/1530/3376 4735/1531/3378 4737/1532/3380 4739/1533/3382 4741/1534/3384 4743/1535/3386 4745/1536/3388 4747/1537/3390 4685/1538/3328
f 4744/1505/3387 4746/1539/3389 4747/1540/3390 4745/1506/3388
f 4746/1539/3389 4684/1541/3327 4685/1542/3328 4747/1540/3390
f 4684/1543/3327 4746/1544/3389 4744/1545/3387 4742/1546/3385 4740/1547/3383 4738/1548/3381 4736/1549/3379 4734/1550/3377 4732/1551/3375 4730/1552/3373 4728/1553/3371 4726/1554/3369 4724/1555/3367 4722/1556/3365 4720/1557/3363 4718/1558/3361 4716/1559/3359 4714/1560/3357 4712/1561/3355 4710/1562/3353 4708/1563/3351 4706/1564/3349 4704/1565/3347 4702/1566/3345 4700/1567/3343 4698/1568/3341 4696/1569/3339 4694/1570/3337 4692/1571/3335 4690/1572/3333 4688/1573/3331 4686/1574/3329
f 4780/1445/3328 4781/1448/3327 4783/1447/3329 4782/1446/3330
f 4782/1446/3330 4783/1447/3329 4785/1450/3331 4784/1449/3332
f 4784/1449/3332 4785/1450/3331 4787/1452/3333 4786/1451/3334
f 4786/1451/3334 4787/1452/3333 4789/1454/3335 4788/1453/3336
f 4788/1453/3336 4789/1454/3335 4791/1456/3337 4790/1455/3338
f 4790/1455/3338 4791/1456/3337 4793/1458/3339 4792/1457/3340
f 4792/1457/3340 4793/1458/3339 4795/1460/3341 4794/1459/3342
f 4794/1459/3342 4795/1460/3341 4797/1462/3343 4796/1461/3344
f 4796/1461/3344 4797/1462/3343 4799/1464/3345 4798/1463/3346
f 4798/1463/3346 4799/1464/3345 4801/1466/3347 4800/1465/3348
f 4800/1465/3348 4801/1466/3347 4803/1468/3349 4802/1467/3350
f 4802/1467/3350 4803/1468/3349 4805/1470/3351 4804/1469/3352
f 4804/1469/3352 4805/1470/3351 4807/1472/3353 4806/1471/3354
f 4806/1471/3354 4807/1472/3353 4809/1474/3355 4808/1473/3356
f 4808/1473/3356 4809/1474/3355 4811/1476/3357 4810/1475/3358
f 4810/1475/3358 4811/1476/3357 4813/1478/3359 4812/1477/3360
f 4812/1477/3360 4813/1478/3359 4815/1480/3361 4814/1479/3362
f 4814/1479/3362 4815/1480/3361 4817/1482/3363 4816/1481/3364
f 4816/1481/3364 4817/1482/3363 4819/1484/3365 4818/1483/3366
f 4818/1483/3366 4819/1484/3365 4821/1486/3367 4820/1485/3368
f 4820/1485/3368 4821/1486/3367 4823/1488/3369 4822/1487/3370
f 4822/1487/3370 4823/1488/3369 4825/1490/3371 4824/1489/3372
f 4824/1489/3372 4825/1490/3371 4827/1492/3373 4826/1491/3374
f 4826/1491/3374 4827/1492/3373 4829/1494/3375 4828/1493/3376
f 4828/1493/3376 4829/1494/3375 4831/1496/3377 4830/1495/3378
f 4830/1495/3378 4831/1496/3377 4833/1498/3379 4832/1497/3380
f 4832/1497/3380 4833/1498/3379 4835/1500/3381 4834/1499/3382
f 4834/1499/3382 4835/1500/3381 4837/1502/3383 4836/1501/3384
f 4836/1501/3384 4837/1502/3383 4839/1504/3385 4838/1503/3386
f 4838/1503/3386 4839/1504/3385 4841/1506/3387 4840/1505/3388
f 4783/1507/3329 4781/1538/3327 4843/1537/3389 4841/1536/3387 4839/1535/3385 4837/1534/3383 4835/1533/3381 4833/1532/3379 4831/1531/3377 4829/1530/3375 4827/1529/3373 4825/1528/3371 4823/1527/3369 4821/1526/3367 4819/1525/3365 4817/1524/3363 4815/1523/3361 4813/1522/3359 4811/1521/3357 4809/1520/3355 4807/1519/3353 4805/1518/3351 4803/1517/3349 4801/1516/3347 4799/1515/3345 4797/1514/3343 4795/1513/3341 4793/1512/3339 4791/1511/3337 4789/1510/3335 4787/1509/3333 4785/1508/3331
f 4840/1505/3388 4841/1506/3387 4843/1540/3389 4842/1539/3390
f 4842/1539/3390 4843/1540/3389 4781/1542/3327 4780/1541/3328
f 4780/1543/3328 4782/1574/3330 4784/1573/3332 4786/1572/3334 4788/1571/3336 4790/1570/3338 4792/1569/3340 4794/1568/3342 4796/1567/3344 4798/1566/3346 4800/1565/3348 4802/1564/3350 4804/1563/3352 4806/1562/3354 4808/1561/3356 4810/1560/3358 4812/1559/3360 4814/1558/3362 4816/1557/3364 4818/1556/3366 4820/1555/3368 4822/1554/3370 4824/1553/3372 4826/1552/3374 4828/1551/3376 4830/1550/3378 4832/1549/3380 4834/1548/3382 4836/1547/3384 4838/1546/3386 4840/1545/3388 4842/1544/3390
l 4749 4748
l 4749 4750
l 4751 4750
l 4751 4752
l 4753 4752
l 4754 4753
l 4755 4754
l 4756 4755
l 4757 4756
l 4758 4757
l 4759 4758
l 4760 4759
l 4761 4760
l 4762 4761
l 4762 4763
l 4764 4763
l 4765 4764
l 4766 4765
l 4767 4766
l 4768 4767
l 4769 4768
l 4770 4769
l 4771 4770
l 4772 4771
l 4773 4772
l 4773 4774
l 4775 4774
l 4775 4776
l 4777 4776
l 4778 4777
l 4779 4778
l 4748 4779
o turbine
v 0.050446 52.511280 9.557082
v 0.203865 52.557377 9.553042
v 0.541908 51.637547 9.544195
v 0.643425 51.719898 9.541513
v -0.223335 52.124119 9.564346
v -0.176491 52.277126 9.563071
v -0.097595 52.397770 9.560996
v 0.497009 52.514072 9.545340
v 0.329506 52.560078 9.549727
v -0.209297 51.928272 9.564023
v -0.121445 51.752781 9.561708
v 0.250488 51.561039 9.551892
v 0.118202 51.584827 9.555387
v -0.003250 51.645267 9.558590
v 0.774620 51.998890 9.538040
v 0.767067 52.158443 9.538238
v 0.630486 52.415127 9.541837
v 0.720398 52.295002 9.539463
v 0.723648 51.836292 9.539392
v 0.408531 51.576328 9.547718
v -0.424522 53.479092 13.255693
v -0.640114 53.636318 12.500203
v -0.785843 53.513767 12.561412
v 0.744598 52.250507 9.538802
v 0.776489 52.061428 9.537955
v 0.771988 52.063168 8.537734
v 0.550339 52.472088 8.543599
v 0.566978 52.482494 9.543450
v -0.020309 52.469852 9.558959
v 0.249466 52.566517 9.551877
v 0.173111 52.571896 8.553475
v -0.189186 52.343601 8.563008
v -0.190956 52.251507 9.563508
v -0.175323 51.809162 9.563081
v -0.265030 52.060642 8.565063
v -0.229378 52.062397 9.564421
v -0.140236 51.741367 8.561728
v 0.211685 51.545322 9.552801
v 0.438080 51.590656 8.546532
v 0.114594 51.567661 8.555100
v 0.675308 51.726704 9.540634
v 0.673729 51.786358 8.540298
v -0.609940 50.176472 10.636193
v -0.816902 50.260143 9.579973
v -0.397606 50.068317 9.568933
v -0.692413 54.552311 11.526043
v -0.752983 54.502651 11.194713
v -1.202843 54.965191 11.361663
v -0.592499 48.080997 10.784484
v -0.179199 49.050625 10.721543
v 0.052696 49.030315 10.766023
v -7.046745 25.361031 11.764015
v -7.016037 25.352421 11.789725
v -7.878281 22.790810 11.809905
v -0.910301 51.375736 11.579393
v -1.082520 50.669315 11.790033
v -0.890060 51.371342 11.769004
v -0.170570 54.020763 11.511653
v 0.288658 53.424068 11.162744
v -0.241295 54.027378 11.278644
v 0.551727 49.394985 11.231623
v 0.758156 50.893421 10.874124
v 0.980255 50.832714 11.253524
v -0.105789 47.511341 11.081493
v -0.027084 47.559155 11.222373
v -0.216980 46.785831 11.273384
v 1.552437 52.497158 13.900493
v 1.743980 52.833881 13.354684
v 1.440994 52.807507 13.847543
v 1.702988 51.464527 13.592134
v 1.945671 51.592724 13.173493
v 1.839035 51.866177 13.540973
v -0.130554 51.742748 9.561858
v -0.229095 52.073383 9.564460
v -0.250511 51.948734 8.564681
v -0.083107 51.681904 8.560265
v 10.358368 55.576267 11.368972
v 9.876328 55.496311 11.308383
v 9.571251 55.418667 11.339563
v 0.471863 51.595402 9.545989
v 0.193413 51.560978 9.553323
v 0.236160 51.544575 8.551848
v 0.603394 51.694592 8.542182
v 0.623611 51.701466 9.541985
v 0.793716 51.997631 9.537535
v 0.741150 51.937557 8.538507
v 0.711411 52.270908 8.539321
v 0.676834 52.372387 9.540581
v 0.473808 52.523037 8.545586
v 0.404488 52.555271 9.547759
v 0.120049 52.553913 8.554897
v 0.106781 52.535587 9.555620
v -1.334534 53.950771 10.626603
v -3.485863 55.960712 11.019813
v -1.682968 54.473034 10.739233
v -0.192886 51.177708 12.521903
v -0.700752 50.500637 12.391994
v -0.475883 50.404217 12.511634
v -1.572166 52.476658 12.043113
v -1.680550 52.026546 11.714412
v -1.374344 52.092754 12.981933
v -1.136658 48.229145 10.905774
v -0.585693 48.845577 10.679604
v -1.676735 46.337551 11.133283
v -0.096718 53.674183 10.977563
v -0.586807 53.939114 10.815683
v -0.358574 54.008152 11.075573
v -1.565186 55.001217 12.188512
v -2.509300 55.763195 12.211363
v -1.121857 54.112888 12.523953
v -1.113327 50.657024 11.585073
v -0.890862 51.368557 11.367033
v -1.099731 50.582851 11.268323
v -0.719139 52.298634 14.086982
v -1.008720 52.320248 13.715793
v -0.901543 51.972065 13.893802
v 2.994102 51.693302 11.390773
v 1.541573 51.354298 11.747293
v 1.537682 51.336468 11.429702
v 0.610870 50.645138 13.640143
v 0.085899 50.854984 13.951213
v -0.060005 50.636852 13.562934
v 0.267921 49.472958 10.805604
v -1.340973 52.397526 11.286694
v -1.622719 52.671368 11.367393
v -1.617210 52.774181 11.137294
v -0.801056 52.340267 12.356093
v -1.215919 53.064426 12.492443
v -1.420158 52.797504 12.253293
v -0.491234 52.634655 12.555533
v -0.986519 52.168537 12.059083
v -1.083397 52.083454 11.720174
v -1.539505 52.647930 11.944063
v -1.021980 53.285778 12.577683
v -1.599037 52.619556 11.636953
v -0.740051 52.441494 10.695453
v -0.940453 52.241497 10.943203
v -1.165886 52.718388 10.778234
v 0.013069 53.967815 12.157222
v -0.255478 53.898464 12.094843
v -0.386124 53.816898 12.291643
v 1.523239 51.455456 12.013663
v 2.237846 51.598522 11.911573
v 2.232620 51.785114 12.189013
v 29.765045 59.019268 10.803133
v 28.067055 59.091183 10.958353
v 27.254288 58.543331 10.966252
v 1.253914 52.582638 12.490963
v 2.076485 52.722301 12.473643
v 1.973763 52.991764 12.366983
v 1.164429 52.920261 12.301744
v 2.035080 52.126446 13.096993
v 2.220001 51.970081 12.338134
v -2.891144 56.205677 12.155113
v -1.583801 54.341572 12.493713
v 1.457077 51.755192 12.347353
v 0.823021 50.464138 13.129203
v 0.423264 50.426563 13.217063
v 2.217514 52.047848 12.388404
v 1.385452 52.056438 12.488313
v 2.163750 52.399677 12.503943
v 1.327911 52.289631 12.518503
v -6.433479 58.228756 12.010382
v -12.852707 64.931351 12.006752
v -7.903343 59.310184 11.794243
v 1.869354 53.216328 12.172113
v 1.511086 53.206264 10.929393
v 2.071373 53.163998 10.733933
v 1.110214 52.980427 10.816043
v 1.050987 53.292072 11.526013
v 1.780411 53.457294 11.508594
v 1.826797 53.443806 11.249862
v 1.071304 53.162075 11.063783
v 2.383026 52.258381 10.541103
v 2.389641 52.040226 10.642513
v 1.377968 51.888622 10.611003
v 1.544266 51.318958 11.513563
v 2.284134 51.534405 11.341853
v 2.266556 51.513767 11.495813
v 0.814133 52.127628 14.496604
v 0.933128 52.582958 14.359664
v 0.674942 52.508587 14.472133
v 3.571564 51.878368 11.488383
v 4.337807 51.997143 11.309192
v 3.955376 51.986065 11.538054
v 1.132233 52.882442 10.721843
v 1.174919 52.882313 12.328733
v 1.428299 51.700138 10.734223
v -0.621521 51.294048 12.270433
v -0.459724 51.252323 12.400173
v -0.758949 51.336102 12.090424
v -2.088516 55.956738 11.839733
v -1.731529 55.552837 11.799863
v -1.873795 55.972904 11.574903
v -1.200127 48.161312 12.299123
v -1.342049 47.455463 12.259184
v -0.814034 49.796078 12.432543
v -0.104675 47.387157 11.867923
v -0.720238 44.961231 11.558524
v -0.245399 46.746929 11.616553
v -1.668640 48.290524 11.316733
v -1.365051 48.539127 11.065043
v -1.394745 48.198605 11.068383
v 2.268471 51.523037 11.396043
v 2.239372 51.529087 11.690313
v 2.120232 51.351917 12.213544
v -1.755066 47.175808 11.151013
v -0.856804 53.797558 10.646613
v -0.612930 53.917423 10.790983
v -0.507355 54.010998 9.571796
v 1.455841 51.287601 13.785323
v 1.212570 51.213642 13.982944
v 1.413292 50.993488 13.517473
v -1.927551 55.657665 11.329683
v -1.922874 55.193752 11.019513
v -2.340652 55.854931 11.194743
v -1.137192 54.769238 11.166163
v -0.899002 54.367321 10.906743
v -3.285561 46.185757 11.605494
v -1.740257 47.002644 12.074863
v -2.637695 47.234638 11.608874
v 1.293152 51.552418 14.154453
v 0.984528 51.458118 14.300712
v 12.936523 55.919476 11.413963
v 10.722023 55.528828 11.445053
v 9.668633 54.956898 11.623453
v -1.733208 41.389126 11.588343
v -1.848076 41.356037 11.709353
v -4.106125 34.755589 11.818244
v 0.982643 51.790188 14.410633
v 0.671364 51.787373 14.506404
v 1.876312 52.374828 13.413743
v 2.170639 52.363453 12.489553
v 2.109589 52.601795 12.498153
v 0.035439 53.147518 12.405283
v 0.351738 53.472958 11.644403
v -0.492317 52.633457 12.547093
v -2.507393 56.480007 11.874303
v -2.836082 56.771465 11.932453
v 1.407516 53.084553 13.601783
v 0.389572 50.958302 14.089583
v 0.406853 52.062878 14.553313
v 0.653549 51.988995 14.529813
v 2.032089 52.845837 12.439983
v 1.959740 53.041317 12.339042
v 1.341064 51.896473 14.195833
v 1.295578 52.226711 14.244253
v 1.107559 52.067104 14.382173
v 5.497910 52.463627 11.035743
v 5.219948 52.167347 11.167773
v 4.799171 52.350933 11.032163
v 1.176285 52.694012 10.600994
v 2.213379 52.910587 10.565383
v 0.414093 52.341366 14.532543
v 0.349220 52.694103 14.429263
v -1.832947 52.149418 9.606831
v -1.769928 51.571758 9.605050
v -1.765572 51.599194 10.215912
v -0.994743 51.697071 13.679023
v -1.013954 51.429653 13.502463
v -0.758904 51.335072 13.804433
v 0.251434 49.980854 10.693303
v 0.549736 49.979916 9.543842
v 0.459328 49.987492 10.837634
v 1.000328 53.717312 12.791163
v 0.677284 53.894917 12.506093
v 0.609093 53.725498 13.080053
v -0.187225 53.957317 11.905983
v 0.259697 53.372707 12.079164
v 0.338638 53.456028 11.803583
v 1.491135 52.168026 14.067393
v 1.651237 52.101643 13.886724
v 1.950729 53.323101 10.936662
v 2.051224 53.196293 10.763753
v 1.405388 53.841778 9.521483
v -1.182503 53.569828 9.589561
v -1.155029 53.568142 10.583313
v -1.038094 53.671307 10.593723
v -7.971901 22.818081 11.855756
v -7.882004 22.792099 11.834616
v -7.659622 23.524559 11.837545
v -2.100754 56.416431 11.586204
v -0.712524 47.545147 10.848263
v -1.313904 44.862118 11.152904
v -1.566910 45.497677 11.163064
v 19.314934 57.419407 11.103743
v 19.819519 57.536625 11.071192
v 17.176025 56.908848 11.135442
v -7.200256 58.409176 11.625193
v -6.620262 57.791027 11.650592
v -7.414070 58.613148 11.681122
v -2.102013 53.182995 11.798313
v -5.201553 56.437275 11.659994
v -2.127762 53.167126 11.456323
v 1.278809 50.198238 10.255830
v 1.503311 50.349812 9.518710
v 1.739784 50.546696 9.512538
v -2.734047 47.083485 11.595584
v -2.140175 47.907902 11.569914
v 0.226799 53.225765 14.025933
v 0.636551 53.236958 13.985273
v 0.342430 53.416302 13.766143
v -0.838104 49.801388 12.438933
v -0.748642 51.333584 12.129903
v -1.165268 49.892628 12.135714
v 0.613953 52.871273 14.313062
v -0.423752 52.906971 14.033834
v -0.331665 53.196148 13.811593
v -0.601456 53.080746 13.693604
v -0.138031 52.922901 14.193913
v -0.157776 52.641346 14.356864
v 0.157715 52.318821 14.526513
v 0.078491 52.628635 14.429393
v 1.253220 50.810635 13.457483
v 1.041954 50.361088 12.594913
v 0.256454 52.970448 14.259893
v 0.676361 52.362873 9.540595
v 0.751892 52.221165 9.538611
v 2.191124 52.928745 9.500670
v -1.628929 52.693707 11.309073
v -1.608368 52.809292 11.088324
v -1.719887 52.385784 11.185853
v -0.813293 51.351032 11.979633
v -0.963272 50.626675 12.107373
v -0.680847 51.314793 12.193923
v -0.486237 51.260525 12.385273
v -1.107529 54.126286 12.526883
v 0.167404 53.278751 12.264573
v -0.814880 54.417828 12.186954
v 0.450470 50.979618 10.643163
v 0.327332 49.978558 10.739154
v 0.009674 49.990452 10.595263
v 0.767708 50.890621 10.870513
v 0.735603 50.054981 11.214263
v 0.565300 50.006535 10.942214
v -0.765556 50.273258 10.728293
v -0.379791 51.217037 10.660043
v -0.584076 50.169544 10.625753
v 1.550148 51.676556 13.924062
v -0.785187 51.335918 11.056453
v -0.943443 50.407871 10.910124
v -8.369034 23.146561 11.840485
v -8.187569 22.878651 11.830416
v -8.337135 23.016857 11.838395
v -0.303879 53.869968 12.181432
v 0.079819 53.191357 12.371883
v 2.234634 51.789196 12.193534
v -7.338531 60.164516 11.411853
v -6.715988 58.811932 11.359982
v -18.827560 72.058136 12.139882
v 0.951569 50.055683 9.533594
v -1.207558 54.077892 10.627584
v 0.115517 53.265202 10.829423
v -0.150627 53.014011 10.593353
v 6.028267 54.454395 11.123852
v 2.547737 53.420742 10.848583
v 2.516640 53.573818 11.131864
v 0.183899 48.386623 11.133453
v 3.420486 52.332241 10.706433
v 4.309265 52.353283 10.939734
v 2.891655 52.029331 10.731622
v -0.001755 52.482136 14.463073
v -0.339394 52.822361 14.161382
v -0.387352 52.468334 14.307023
v 16.246964 56.634045 11.111093
v 27.246284 58.560802 10.811412
v 0.293434 51.038723 12.525193
v -0.177299 50.300465 12.563453
v 0.157425 50.219997 12.504843
v 5.450569 52.619015 11.849123
v 6.015060 52.300571 11.528903
v 5.711212 52.814838 11.876823
v 0.248138 52.226017 14.548994
v -0.078972 52.179508 14.496293
v 1.107498 53.123127 12.066333
v -1.052444 45.335491 11.046653
v -10.402512 62.128178 11.905003
v -12.186470 64.109680 11.894672
v -8.825470 60.271847 11.774913
v -0.007538 51.573917 14.436622
v -0.268745 51.843945 14.409023
v -0.380363 51.466991 14.234183
v -1.564850 51.700161 12.131652
v -1.218826 52.451977 13.247512
v -1.391174 52.484097 12.753013
v 1.012527 50.995174 13.927892
v 0.956711 50.706966 13.554803
v 0.648277 51.563816 14.457002
v 0.314972 51.329998 14.389733
v 0.655396 51.246334 14.300433
v -8.262451 22.909290 11.830535
v -8.120567 23.119061 11.870946
v -8.327263 22.989571 11.836995
v -0.752617 50.525547 12.349393
v -0.531860 50.425777 12.491163
v -0.821579 50.678371 12.680934
v -0.246719 52.060436 8.564622
v 1.316612 53.502506 12.941443
v 1.003242 53.879314 12.099963
v 4.097748 51.972668 11.314203
v 4.567520 52.130611 11.178823
v 5.134621 52.011173 11.281173
v 29.774689 59.583614 10.831953
v 27.127563 59.043148 10.898142
v 28.409996 59.305004 10.875292
v 7.358864 54.538776 11.007763
v 3.538918 53.291927 10.634773
v 4.098129 53.565105 10.729843
v 9.823936 55.440998 11.232473
v 12.163536 55.927715 11.260913
v 14.168709 56.278164 11.205243
v -0.241203 50.043446 10.559874
v -0.430244 50.108028 10.579534
v 0.150818 53.298107 10.873043
v -0.367111 51.227032 12.459064
v -0.478584 49.699528 12.556503
v 0.009079 51.120342 12.568093
v 0.295425 50.190464 12.439974
v 0.616966 50.159008 12.162964
v 0.574394 50.330997 12.902333
v -1.002472 43.766972 11.495333
v -0.564865 45.567333 11.541314
v -1.396736 42.456524 11.598504
v 1.523109 50.482265 11.862323
v 1.759720 50.563465 10.895103
v 1.680061 50.681011 12.164543
v -0.558029 52.050617 14.251233
v -0.300369 52.183292 14.408784
v -1.301170 42.736584 11.461734
v -0.767174 45.067638 11.222693
v -0.887871 44.357655 11.336243
v -0.671959 54.571362 11.583253
v 0.326431 53.442532 11.870843
v 0.380051 53.504528 11.559003
v -0.393272 52.780025 10.567614
v -1.150818 53.564838 10.581413
v -1.036751 53.668148 10.596833
v -3.330826 46.110401 11.624253
v -1.993141 46.743748 11.241274
v -3.974121 44.545444 11.628863
v 1.258713 52.517971 14.187903
v -0.035637 53.124294 10.685823
v -0.890282 52.293728 10.864343
v -0.532471 52.593357 12.534633
v -0.026802 51.215008 14.249523
v -0.273636 51.041332 13.975673
v -1.086723 54.911465 11.540483
v -1.075211 54.888058 11.710993
v -0.704041 54.539234 11.580093
v 0.129341 51.819317 14.527074
v -0.614342 52.672756 14.031783
v 1.590012 50.791431 12.815774
v 1.406799 51.000584 13.535573
v -0.068840 53.615116 13.291763
v -0.079353 53.375027 13.719343
v 1.325638 50.336712 11.758683
v 0.808533 50.100246 11.515163
v 0.611092 51.850086 14.527994
v 0.966728 51.476917 14.317123
v -0.550247 53.030933 13.807143
v -0.789299 52.798328 13.761503
v -0.760933 51.047016 13.503243
v -0.481155 51.105358 13.886123
v -6.508339 27.140259 11.870595
v -3.043518 39.198467 11.935283
v -7.449783 25.477249 11.914145
v -3.509079 56.421665 12.278343
v -17.560043 70.547531 12.155752
v -3.341370 55.752117 12.406693
v -20.645920 74.059418 12.161212
v -20.678253 74.029236 12.161652
v -20.891693 73.822128 12.152061
v -4.261292 56.497272 11.169023
v -3.987350 57.061764 11.224343
v -19.369682 72.098129 12.087832
v -20.912369 73.801941 12.166541
v -19.059731 71.839035 12.069632
v -19.119324 71.780838 12.098931
v -2.503967 53.655575 11.333583
v -2.907524 54.054607 11.522032
v -4.268768 55.452427 11.502903
v -0.707802 45.431652 11.820874
v -1.309059 42.847462 11.576414
v -19.938713 72.710632 12.129191
v -19.120728 71.779343 12.110993
v -0.517212 53.722263 12.415174
v -0.152786 52.962627 12.525674
v -1.101860 49.866428 10.932323
v -1.562454 48.781376 11.367623
v -1.253212 49.911404 11.195513
v -20.519363 74.096619 12.162161
v -20.619232 74.078629 12.160272
v -20.842033 73.868927 12.194061
v 0.993935 54.043407 9.532333
v 1.093597 54.015903 9.983493
v -5.044189 56.279102 11.653963
v -7.842941 59.091076 11.728552
v -7.735558 58.992336 11.754043
v -9.323753 60.849598 11.787703
v -10.438683 62.178005 11.798243
v -10.882904 62.655857 11.828843
v -14.832443 66.925430 11.977693
v -14.011986 66.036407 11.923432
v -12.811790 64.773056 11.910282
v -16.334900 68.574142 12.011232
v -17.387817 69.765228 12.067651
v -18.028229 70.497635 12.068152
v -1.576088 55.271465 11.297662
v -1.694954 55.684528 11.563733
v -1.152641 54.989727 11.546173
v 2.917816 53.690647 11.258313
v -16.861862 69.202530 12.005092
v -19.101112 71.793137 12.162032
v -0.730202 44.832333 11.358294
v -0.602715 45.395039 11.288483
v -1.064102 50.916668 12.657733
v -1.348526 51.331898 12.573713
v -1.081757 50.782856 12.234353
v 0.777382 52.062092 9.537910
v -1.602333 51.077785 9.600917
v -1.533432 51.403248 11.909853
v -2.008842 56.201542 11.592562
v 0.741325 50.151875 11.948623
v -1.894585 53.408215 10.841793
v -2.024292 53.277378 11.057063
v -2.379425 53.735683 11.002823
v -7.953415 59.223515 11.695973
v -0.761787 53.530483 12.557633
v -0.178680 52.342808 8.562799
v -0.139015 52.361881 9.562069
v -0.788277 54.445187 12.124603
v -1.369400 55.150806 11.796643
v 0.924919 53.590168 13.216353
v 0.922302 53.384441 13.648363
v 1.221642 53.326511 13.437974
v -2.458672 57.259632 11.549092
v -2.397217 56.375217 11.427854
v 1.226799 52.485401 10.540243
v 2.879654 52.076122 10.682633
v 1.331070 52.068943 10.544873
v 2.764603 52.514248 10.474133
v 0.599815 49.383587 11.542563
v 0.976669 50.838558 11.879633
v 0.530945 49.406506 11.985034
v 0.335777 51.755573 14.530913
v -0.024223 53.128696 14.053783
v 2.224403 51.245388 9.500109
v 1.731026 50.612621 11.598983
v -7.235718 58.439884 11.707643
v -11.840034 63.752071 11.833302
v -13.157326 65.147491 11.892962
v -4.284851 33.887814 11.756545
v -3.626495 35.825817 11.687644
v 1.118614 53.135014 13.832073
v 1.041725 52.819973 14.192904
v -14.577103 66.683319 11.929112
v 1.901855 53.170528 12.228202
v 1.554153 53.251362 13.056693
v -6.166855 57.583576 11.856883
v -7.644699 58.940212 11.720253
v -19.094559 71.803436 12.163111
v -17.296043 69.656937 12.066082
v -16.947624 69.371719 12.113462
v -2.266617 53.553555 12.118713
v -2.048592 53.229488 11.984633
v -1.907433 53.357403 12.274633
v 2.348923 52.489033 10.495234
v 1.318008 52.120274 10.535573
v -1.568886 55.511707 11.563573
v -0.405281 50.774418 13.520093
v -0.538269 50.573177 12.946643
v 1.069099 53.247082 11.784953
v 1.802010 53.354282 11.952273
v 1.772690 53.430851 11.715644
v -1.035568 48.841427 10.836683
v -0.848984 49.791912 10.701724
v -1.634773 41.578487 11.551943
v -1.681053 41.532032 11.499613
v -1.421425 42.277737 11.515713
v -6.019394 57.705715 11.990993
v -7.043869 58.475735 11.835732
v -3.718269 35.615932 11.642085
v -4.781311 32.070797 11.715304
v -5.040550 31.225597 11.695765
v -1.537231 53.019161 10.843003
v -3.152588 37.448002 11.606085
v -2.100876 40.262241 11.564294
v -2.891693 38.084423 11.612035
v -1.333885 53.902988 12.486643
v -0.410309 46.687115 11.985114
v -0.516830 52.660137 10.583763
v -1.402290 53.265491 10.672593
v -1.279381 53.428562 10.602743
v -8.362137 23.104401 11.834616
v -0.989822 50.632565 12.055233
v -0.884155 50.584728 12.214684
v -1.182579 51.929852 13.421623
v -1.259384 51.649471 13.136523
v 10.287575 55.554066 11.367443
v 8.788422 55.014462 11.517593
v 1.339256 53.795376 11.666944
v 0.309013 53.442722 11.202273
v -0.811440 54.450855 11.021352
v -0.096581 54.053844 11.365423
v -0.162018 54.006115 11.608403
v 1.704407 51.233852 13.349504
v -0.068634 52.447987 8.559712
v 0.249268 51.560871 8.551247
v 0.733109 52.191181 8.538695
v -2.377174 57.040531 11.602233
v -2.643356 57.618076 11.632932
v 7.690170 54.460743 11.763643
v 6.769081 54.100376 11.907773
v 7.643539 54.167042 11.824003
v 0.143646 50.410168 13.128274
v -0.247246 50.316547 12.562953
v -0.047127 50.257305 12.554263
v -6.119118 57.286381 11.557663
v -5.676376 56.914951 11.431333
v -5.486359 56.654621 11.519843
v -1.879288 54.254528 12.523623
v -1.474991 53.769047 12.590812
v -5.856110 57.365032 11.311453
v 27.150688 58.960201 10.987723
v 8.091194 53.925617 11.778983
v 8.336517 53.730175 11.764773
v 4.625374 52.088642 11.456453
v 0.320312 53.897457 12.584733
v 0.283394 53.706097 13.199794
v -0.018288 53.093838 12.450452
v -0.248985 52.863636 12.556983
v -0.127968 52.987675 12.514653
v -2.046242 53.230038 12.086453
v -2.129494 53.161854 11.603244
v -1.100090 52.071041 11.576743
v -0.892693 52.253834 12.270443
v -1.709175 53.545208 12.505553
v -0.443741 52.680027 12.575033
v -1.423027 53.819614 12.592513
v 4.606407 52.245548 11.706103
v 5.289932 51.997257 11.270383
v 29.852516 59.273281 10.814033
v 29.865036 59.194042 10.808453
v 27.127167 59.046886 10.918063
v 29.845879 59.128834 10.803042
v 29.805664 59.463581 10.864182
v 0.350800 53.475544 11.502742
v -0.163589 53.991383 11.714762
v 29.863708 59.204533 10.805673
v 27.198425 58.769001 10.994523
v 27.139130 59.003185 10.963072
v 0.705177 50.899578 13.969594
v -1.704247 53.597248 10.651593
v -1.003044 52.178234 11.050433
v -2.055458 53.246403 11.093783
v 29.061600 59.409222 10.880572
v 29.779816 59.565784 10.859282
v 28.124847 59.216648 10.918933
v 7.298767 54.781315 11.151443
v 8.214645 55.031246 11.176313
v 2.598083 53.197727 10.640163
v -0.799927 51.341213 11.090482
v -0.830765 51.357441 11.946063
v 0.411636 50.990582 10.626264
v 10.487968 55.620243 11.336763
v 12.974236 56.059795 11.278312
v 29.556526 58.882931 10.794913
v 27.358459 58.111217 10.831342
v 21.186600 57.854588 11.086113
v 17.175186 56.920628 11.174452
v 3.378891 51.861431 11.223262
v 2.987885 51.710781 11.337722
v 2.960670 51.787891 11.047234
v 3.498032 51.986332 11.048433
v 7.519608 51.870174 11.217883
v 7.685776 53.308498 11.752753
v 7.161926 53.495296 11.837053
v 4.070061 52.129864 11.085403
v 20.624924 57.729206 11.075112
v 22.084259 58.049877 11.039713
v 24.494637 58.551968 10.987282
v 25.936607 58.829212 10.959912
v 27.127014 59.045582 10.902053
v 23.138374 58.248791 10.994833
v 0.435272 54.160824 10.490463
v 6.108131 52.673893 10.995042
v 5.563133 52.988926 10.852502
v 1.966751 53.315792 9.506660
v 2.159622 53.018261 10.615983
v 2.160789 53.003811 9.501446
v 7.272141 54.756931 11.425313
v 2.590080 53.389225 12.164592
v 0.881470 51.149899 14.155713
v 1.236877 51.187481 13.939983
v 0.140068 49.521763 12.421773
v -0.039772 49.574238 12.507352
v -1.485954 43.817997 11.931204
v 27.147903 58.957867 10.886142
v 6.053925 51.914257 11.233283
v 6.664810 51.865185 11.170464
v -1.210861 43.038868 11.548013
v -1.157425 43.183514 11.487024
v -1.390480 52.830097 12.293092
v -1.257385 53.017597 12.464483
v 15.736595 56.572445 11.180223
v 6.131813 53.364895 10.861972
v 2.741371 52.604107 10.491914
v 2.331451 51.592464 9.496934
v 2.395042 52.030285 10.645663
v 2.366669 51.818806 10.811203
v -1.676376 54.805592 10.873912
v 1.512115 51.407207 11.132053
v 2.953918 51.927853 12.119693
v 2.988152 51.760929 11.831733
v 3.758904 52.067913 11.862723
v -11.889687 63.915737 11.804402
v -1.408783 49.374866 11.373803
v -0.640862 51.293171 10.849763
v 2.995483 51.711628 11.652904
v 2.993103 51.698742 11.391103
v -5.525154 56.928616 11.909022
v 5.407173 52.380383 11.663633
v 5.772736 51.946705 11.247053
v -1.961632 41.246563 11.408724
v 0.623413 50.943111 12.361553
v 0.398064 50.183666 12.376123
v 4.555359 52.625378 12.098213
v 2.892159 52.194424 12.338504
v 4.485054 52.402431 11.938303
v 1.838264 53.273983 12.090583
v 1.786377 53.393604 11.860963
v -0.135109 51.146458 10.569213
v -19.054855 71.840942 12.184581
v 10.496529 55.620777 11.292253
v -1.449074 42.184948 11.561003
v 13.225403 56.059971 11.341673
v 11.922791 55.854893 11.300143
v -0.393105 52.780285 10.564172
v -1.310638 53.389187 10.617133
v -1.472801 53.235172 9.597232
v 4.410461 52.811153 12.221053
v 4.986702 52.843548 12.027743
v 4.564980 53.031734 12.157344
v 1.506248 51.423885 11.067123
v 1.196907 52.606892 10.558913
v 2.616051 53.119228 10.580593
v 1.090385 53.067387 10.888113
v 2.511971 53.589527 11.092783
v 1.055061 53.255322 11.334353
v 29.831078 59.102406 10.805923
v 29.749115 59.009602 10.804243
v 2.678665 53.062183 12.415163
v 2.554237 53.516636 12.007483
v 1.134346 53.032383 12.223903
v 1.297462 52.412868 12.532483
v 2.827988 52.471867 12.477513
v 1.425117 51.892147 12.433273
v 2.936394 52.011898 12.225663
v 1.506813 51.534672 12.140693
v 2.989586 51.760242 11.854644
v -8.978691 60.444218 11.720052
v -8.234283 22.894093 11.831296
v -8.292114 22.937031 11.835215
v -1.163116 51.277637 13.027904
v -0.149826 49.590763 10.592834
v -0.146103 51.149693 10.577024
v 0.338020 51.011211 10.576223
v 2.376015 52.358341 10.515413
v 2.384773 52.210796 10.558474
v 2.376839 52.208248 9.495809
v -1.253113 50.616581 9.591523
v -0.799553 50.292187 10.756093
v -0.937469 50.395306 10.904943
v -7.016098 25.352310 11.782665
v -6.478302 26.869160 11.786395
v -1.321480 49.932735 11.530463
v -1.765007 41.252392 11.600163
v -3.021889 37.713406 11.644714
v 6.513512 54.609753 11.352242
v 8.678612 55.188152 11.347263
v 7.169373 54.797062 11.244433
v -5.875130 28.640011 11.746985
v -5.512123 29.755760 11.750155
v -1.103775 50.667522 11.649644
v -1.244774 50.803158 11.668003
v -1.118729 50.623898 11.422093
v -0.276283 49.631786 10.640893
v -0.003151 49.549541 10.636563
v -19.006393 71.887329 12.203472
v -15.886566 68.313339 12.117642
v -2.863716 56.497929 11.299673
v -1.665352 41.492222 11.580904
v -1.699120 53.554836 12.498853
v -3.146599 55.195004 12.349063
v -1.866570 48.360928 11.558563
v -1.610550 48.918545 11.548203
v -0.918579 51.377995 11.577193
v -1.333557 49.936588 11.586123
v -1.102852 53.203655 12.556224
v -1.036980 52.831356 13.334893
v 0.530914 49.400951 11.243123
v 0.583885 49.387287 11.395633
v 0.173691 48.113003 11.457133
v 29.781799 59.555378 10.829473
v 29.850861 59.276676 10.814572
v 29.801086 59.481815 10.866892
v -0.693436 51.766232 14.100453
v -0.611061 51.484722 14.055093
v -3.913353 34.964542 11.682295
v -1.720993 52.756687 9.604019
v -1.477394 53.151005 10.741523
v -1.409523 53.278866 10.668313
v -1.615677 48.678043 11.782384
v -1.861908 48.333271 11.548433
v -1.494057 48.484608 12.044984
v -3.775398 35.612118 11.591094
v -5.647255 29.461452 11.700465
v -4.736526 32.459522 11.635804
v 2.258812 52.788967 10.520554
v 2.316124 52.560543 9.497416
v -5.993759 28.422291 11.825234
v -6.553574 26.649731 11.789095
v -5.501923 29.795620 11.747575
v 0.598877 49.385021 11.690104
v 0.123154 47.947628 11.463493
v -1.521576 49.182919 11.544483
v -1.981018 48.162441 11.564833
v -1.750252 48.135387 11.860744
v -2.032608 47.797657 11.739944
v -2.286972 47.696438 11.576034
v -7.056114 25.364220 11.848665
v -7.182541 25.400890 11.890485
v 5.884346 53.704868 10.846044
v 5.284782 54.278683 11.444633
v 2.544678 53.544811 11.919913
v -0.425552 49.172703 12.523073
v -0.929565 46.875973 12.261264
v -6.343979 27.308029 11.747596
v -0.617050 52.562862 10.599093
v 5.092232 52.368328 11.714603
v 0.979897 50.837254 11.838712
v 0.634926 50.159672 12.144733
v 0.787010 50.136623 11.832443
v -2.036835 47.467556 11.836993
v -0.885986 51.366718 11.311653
v -1.153961 49.880733 10.985614
v -0.638084 51.292217 10.827683
v -0.697670 49.747341 10.593733
v 0.280266 49.469158 10.788943
v 1.055840 53.282017 11.614573
v 0.802528 50.879192 10.927993
v -0.234459 51.189236 12.508863
v 0.961533 50.839878 11.885714
v -0.488289 51.247868 10.723313
v -0.157364 51.151493 10.576963
v -0.305092 51.197865 10.624612
v -10.069000 62.472416 12.109862
v 18.257675 57.105495 11.205792
v 18.271416 57.024548 11.265253
v 2.209991 52.160137 12.436863
v -0.624123 51.294712 12.267663
v -0.424240 51.245388 12.424102
v -0.767975 51.340801 12.075443
v 7.291306 54.772297 11.425373
v 1.143936 52.832554 10.686113
v 1.334694 52.056263 10.552593
v 1.542000 51.333912 11.559562
v -0.098709 49.590748 12.538424
v 0.245300 49.491161 12.359172
v 0.596764 50.950977 12.400804
v 1.536034 50.855846 13.089574
v 1.924744 51.138401 12.600583
v -3.989372 44.500507 11.657034
v -1.286713 46.462658 12.212333
v -3.349884 57.462795 11.386973
v 1.453117 51.608624 10.804283
v 2.318558 51.599224 11.122133
v 0.136093 52.549252 8.554375
v 0.698112 52.283237 8.539201
v 0.608589 51.713062 8.541928
v 0.116730 50.229687 12.515323
v 2.963379 51.779858 11.046643
v -4.531288 55.732243 11.380482
v -5.078316 56.296627 11.391193
v -3.963966 55.222347 11.262134
v 0.621826 51.701801 9.541994
v 3.434044 51.897541 11.757033
v 0.792976 50.893505 12.203502
v 2.368431 51.801014 10.827472
v 1.019531 50.823574 11.528642
v 0.815353 50.105396 11.534653
v -0.757530 53.231655 13.281543
v 0.189880 51.053493 10.562753
v -0.178619 50.025822 10.562694
v 0.036034 51.112514 12.560063
v 16.069748 56.584805 11.313862
v 16.060715 56.674885 11.220373
v 2.509674 53.633686 11.427633
v 2.524918 53.601238 11.709913
v 0.601952 49.382946 11.543463
v 1.016502 50.824482 11.532193
v -18.422661 72.454132 12.100602
v -18.865593 72.027435 12.051901
v 1.055458 53.274418 11.527763
v 1.780334 53.457478 11.508853
v -20.784073 73.924942 12.190672
v -20.683578 74.023636 12.161801
v -20.904785 73.809937 12.154292
v -0.816147 44.484104 11.490453
v -0.305946 46.429623 11.431324
v -1.072769 52.103146 11.353883
v -1.089905 52.080898 11.576003
v -2.134186 53.157368 11.602674
v 1.882820 50.686886 9.508961
v -1.319206 49.932438 11.587023
v 2.249413 51.526615 11.684063
v 1.542046 51.346981 11.694583
v 0.490234 49.411747 11.101283
v -7.960968 22.814850 11.855985
v -8.184235 22.878410 11.831745
v -7.903862 22.798241 11.812546
v -1.270592 49.921406 11.888633
v -18.916664 71.973724 12.218252
v -20.250519 74.004837 12.151352
v 2.683365 53.040905 12.406903
v -13.344757 65.559067 11.865932
v -2.134773 45.498196 11.257024
v 2.827843 52.469707 12.461313
v 3.985634 53.007183 12.328613
v 2.768768 52.708187 12.486183
v -0.158043 53.006573 10.605184
v 4.790833 53.223797 12.220113
v 5.404129 53.310238 12.125653
v 6.104736 53.637943 12.035033
v 4.940613 52.553417 11.933873
v 2.514503 53.629688 11.575593
v 1.056732 53.278515 11.612613
v 0.971504 50.835278 11.258063
v 0.815491 50.106686 11.533053
v -0.419518 54.000462 10.989883
v -0.058052 54.143795 9.559904
v -0.359840 50.077274 10.566293
v -7.209091 25.408451 11.907924
v -0.737007 53.211681 13.320253
v -0.101723 53.012562 12.503873
v 6.567062 53.104427 10.925593
v 6.636818 53.612041 10.906823
v 8.637581 52.041088 11.158504
v 1.783310 50.925198 12.605173
v -0.517899 53.725498 12.419044
v 0.012428 51.635128 9.558089
v -0.103065 51.731358 9.561141
v -0.977821 50.371265 9.584197
v -2.994354 58.210201 11.632972
v -0.926178 53.386433 12.583442
v -2.887978 38.485928 11.520004
v -0.520866 49.696629 10.577104
v -1.113747 50.655712 11.584913
v 0.219780 48.283825 11.332143
v -3.263947 56.031208 11.069943
v -1.091850 54.183132 10.723433
v -0.672165 49.740582 10.620813
v -2.238029 55.728497 12.095832
v -0.940208 54.290554 12.346303
v -0.171768 53.975971 11.837642
v 1.950912 53.323734 10.933454
v 1.142044 53.002438 12.222143
v 1.110916 53.112011 12.082063
v 1.214508 52.734035 12.422753
v 1.257011 52.570728 12.485023
v 1.304733 52.383755 12.521033
v 1.359993 52.161755 12.510863
v 1.054649 53.274776 11.496003
v 1.408493 51.962124 12.456923
v 1.521538 51.463528 12.017083
v 1.458405 51.750408 12.341983
v 1.498383 51.573078 12.176973
v 1.534683 51.395107 11.867733
v 1.542213 51.344868 11.678173
v 1.539429 51.333553 11.466353
v 1.523239 51.372524 11.223714
v 1.494942 51.463451 11.014682
v 1.463318 51.573063 10.856143
v 1.389336 51.845387 10.635093
v 1.267609 52.319866 10.520433
v 1.324066 52.082157 10.543003
v 1.217026 52.524944 10.547263
v 1.166779 52.734158 10.625823
v 1.100067 53.024975 10.853064
v 1.055122 53.253834 11.316544
v 1.068108 53.177204 11.083393
v 1.063644 53.261211 11.707023
v 1.085823 53.195698 11.925163
v -1.083557 49.871151 12.197533
v 0.494835 49.417416 12.028643
v 2.318657 51.586605 11.157494
v 2.241882 51.621677 11.969303
v -0.936729 53.785038 9.583166
v 14.632706 56.283741 11.357763
v 0.368057 49.455555 12.202953
v -0.897995 52.249317 12.227733
v -0.764755 52.373951 12.392034
v -0.606415 52.524235 12.503423
v -0.376236 52.745243 12.566192
v -0.066879 53.046574 12.482543
v -0.211548 52.904987 12.548133
v 0.144867 53.256474 12.283553
v 0.330070 53.447025 11.837963
v 0.259727 53.372814 12.078823
v 0.348412 53.474354 11.464803
v 0.106102 53.256535 10.820964
v -0.357201 52.815052 10.564343
v 0.314674 53.447086 11.256253
v 0.231720 53.372929 11.019493
v -0.039993 53.118877 10.679702
v -0.206062 52.960491 10.592633
v -0.533394 52.644115 10.585073
v -0.698296 52.482494 10.668393
v -0.825691 52.356388 10.781814
v -0.931038 52.248585 10.931363
v -0.997070 52.183285 11.067823
v -1.049767 52.128155 11.230203
v -1.080544 52.093472 11.421033
v -1.085403 52.083767 11.616422
v -1.056580 52.108555 11.843143
v -0.989304 52.165485 12.053733
v -3.249336 56.528286 12.145413
v -3.824913 59.321323 11.681723
v 2.816193 52.308231 10.562263
v -1.771225 52.469738 10.233343
v 0.078087 49.966076 9.556360
v 0.102211 49.974422 10.626464
v 0.712776 50.040188 11.169253
v 0.616066 50.016232 11.012644
v 1.627930 53.632198 11.340163
v 1.825760 53.446667 11.280583
v 1.882843 53.396496 11.099704
v -7.057747 25.364750 11.848545
v -6.149529 34.343334 11.702204
v -7.949226 25.619690 11.825065
v 0.329964 51.561344 9.549721
v 0.143555 51.576664 9.554642
v 0.034073 49.973118 9.557526
v 0.617279 49.986141 9.542151
v 1.173409 50.160702 9.527495
v 0.472046 51.600948 9.545981
v 1.471352 50.332653 9.519646
v 1.877777 50.700993 9.508929
v 0.590904 51.670238 9.542853
v 0.688019 51.777027 9.540291
v 2.114220 51.038616 9.502701
v 2.298363 51.482967 9.497840
v 0.758286 51.920177 9.538436
v 2.370064 51.888844 9.495956
v 2.371887 52.197712 9.495908
v 0.776230 52.078922 9.537963
v 2.323448 52.538273 9.497185
v 2.004051 53.257252 9.505599
v 1.739357 53.573048 9.512589
v 0.567551 52.470577 9.543465
v 1.387192 53.846767 9.521857
v 1.080353 54.002598 9.529944
v 0.407730 52.546253 9.547668
v 0.820648 54.090885 9.536797
v 0.449249 54.158772 9.546577
v 0.258255 52.562214 9.551620
v -0.167831 54.116367 9.562842
v -0.560471 53.992603 9.573196
v 0.116272 52.538013 9.555358
v -0.890953 53.809025 9.581916
v -1.135086 53.619633 9.588332
v -0.047287 52.447102 9.559661
v -1.348358 53.394398 9.593963
v -1.526711 53.142536 9.598655
v -0.160728 52.309391 9.562659
v -1.691833 52.803188 9.603020
v -0.212196 52.177227 9.564011
v -1.558777 52.988407 10.873203
v -1.597412 52.618938 11.714093
v -1.613678 52.633503 11.515323
v -8.370674 23.422657 11.839975
v -3.908401 59.403988 11.658103
v 6.841454 54.070538 10.913613
v 2.668022 52.901623 10.515523
v -0.045341 50.003162 10.582483
v 0.446182 50.181805 12.338763
v -0.820168 53.821835 10.660042
v 0.217628 53.329983 12.168214
v 0.301659 53.417156 11.953633
v 0.096909 53.208332 12.343103
v 0.343262 53.462917 11.750443
v 0.352203 53.476368 11.571673
v 0.336166 53.466503 11.359853
v 0.279762 53.417645 11.143443
v 0.212357 53.356548 10.985833
v 0.092812 53.245586 10.804002
v -0.155090 53.010494 10.613153
v -0.328308 52.843937 10.565253
v -0.516357 52.661297 10.580843
v -0.662636 52.520908 10.644733
v -0.783356 52.398388 10.737693
v -0.976196 52.204067 11.016943
v -1.047340 52.129612 11.222453
v -1.085587 52.085728 11.476994
v -1.007950 52.146908 12.001723
v -1.069176 52.093761 11.770763
v -0.917442 52.229374 12.196743
v -0.797318 52.341518 12.355953
v -0.665916 52.465801 12.468523
v -0.404556 52.716518 12.564013
v -0.710983 54.527157 11.793893
v 0.780006 50.083698 11.354713
v -1.556419 44.394787 12.038454
v -1.453964 53.840633 10.591343
v 4.264374 54.004864 11.440953
v 0.757149 52.060452 8.538133
v 0.807327 50.123882 11.697453
v 2.304550 52.662678 10.495023
v 1.429604 51.694714 10.729143
v 1.020157 50.823444 11.533154
v -5.140137 57.220066 12.124393
v -8.376045 23.292057 11.827205
v -0.830971 50.886494 13.125383
v -0.289879 54.024311 11.182533
v -0.198555 54.024326 11.397533
v 0.481026 54.166164 9.546098
v -0.149010 52.366428 8.561800
v -0.213570 52.253017 8.563472
v -0.246513 52.135098 8.564313
v -0.213600 51.869968 8.563407
v -0.248024 51.995884 8.564329
v -0.134232 51.735844 8.561307
v -0.001534 51.626865 8.557818
v 0.135773 51.572712 8.554217
v 0.362801 51.572712 8.548279
v 0.500107 51.626888 8.544696
v 0.615273 51.718296 8.541698
v 0.690926 51.825047 8.539738
v 0.737793 51.947483 8.538531
v 0.749916 52.077885 8.538239
v 0.690971 52.297794 8.539815
v 0.604462 52.417027 8.542098
v 0.477844 52.507717 8.545425
v 0.330971 52.557438 8.549275
v 0.159874 52.555637 8.553751
v 0.020744 52.507725 8.557384
v -4.223404 56.109722 11.088003
v -1.706116 53.594425 10.671313
v -4.856247 56.372036 11.220203
v 27.212250 58.712368 10.981783
v -0.908760 51.375011 11.479303
v -0.889999 51.371502 11.759082
v -0.861519 51.359943 11.240263
v -0.276680 51.200459 12.495803
v 0.220100 51.058254 12.540912
v -0.014854 51.125751 12.555114
v 0.431557 50.997173 12.477333
v 0.824005 50.882458 12.155803
v 0.660378 50.930592 12.335073
v 0.937950 50.853481 11.957623
v 0.996307 50.831448 11.756413
v 1.017715 50.822727 11.528793
v 0.984169 50.830837 11.302613
v 0.907036 50.851551 11.088573
v 0.748741 50.895443 10.861073
v 0.566444 50.946705 10.707143
v 0.261848 51.033222 10.576843
v -0.612526 51.284191 10.830263
v 0.027298 51.100323 10.550994
v -0.253098 51.177288 10.601493
v -0.477592 51.246265 10.716983
v -0.716911 51.316471 10.951903
v -1.551010 52.642208 11.905704
v -1.486671 52.699772 12.083843
v 2.339088 51.673542 10.994933
v 1.770668 53.442898 11.639383
v 1.784447 53.457272 11.475393
v -1.151535 53.564861 10.584443
v 27.211945 58.698597 10.840482
v 29.501083 58.850224 10.803353
v 2.339737 52.556065 10.490853
v -1.066406 50.670353 11.841723
v -1.069534 50.548367 11.185213
v -1.012756 50.480785 11.041743
v 29.778610 59.570911 10.856023
v 29.774384 59.586277 10.840613
v -0.206215 49.622547 12.545483
v 2.512794 53.636723 11.575053
v -0.653992 51.297977 10.873323
v -0.784256 51.335941 11.056283
v -0.864479 51.360828 11.251863
v -0.904343 51.374058 11.444694
v -0.903831 51.375904 11.657603
v -0.861885 51.365788 11.864114
v -0.018044 51.129993 12.554833
v 0.233315 51.057674 12.539133
v 0.428780 51.000988 12.477473
v 0.608429 50.948444 12.374673
v 0.761360 50.903233 12.234674
v 0.882904 50.866756 12.065953
v 1.008568 50.820797 11.679332
v 1.010612 50.824337 11.451152
v 0.976555 50.832478 11.274152
v 0.907524 50.850597 11.093114
v 0.670525 50.915768 10.786473
v 0.014351 51.101978 10.553413
v 0.473679 50.971027 10.652944
v 0.234764 51.038837 10.569863
v 1.431129 51.690731 10.740853
v 1.465515 51.566486 10.865563
v 1.497284 51.456356 11.025363
v 1.520828 51.381084 11.204133
v 1.535378 51.341434 11.379493
v 1.540176 51.363491 11.771143
v 1.525314 51.445278 11.983974
v 1.426529 51.886074 12.421913
v 1.503242 51.550808 12.148853
v 1.467819 51.709377 12.310803
v 1.390999 52.034267 12.480943
v 1.345230 52.221157 12.518994
v 1.297531 52.411518 12.516693
v 1.257721 52.567364 12.486393
v 1.215157 52.730854 12.423683
v 1.125015 53.062412 12.151563
v 1.165100 52.918163 12.302943
v 1.092125 53.175098 11.973632
v 1.069283 53.245335 11.773893
v 1.056747 53.274967 11.579603
v 1.054108 53.263195 11.367563
v 1.060364 53.220028 11.194803
v 1.078804 53.124432 10.986573
v 1.114792 52.959476 10.785833
v 1.179901 52.679691 10.599154
v 1.231819 52.465511 10.535173
v 1.286888 52.243908 10.520463
v 1.381271 51.877048 10.617893
v -0.504341 49.706661 12.559003
v 0.027985 52.511341 8.557339
v -0.184486 52.312702 8.563228
v 0.290398 52.563496 8.550163
v 0.472099 52.511494 8.545241
v 0.616425 52.405415 8.541363
v 0.741707 52.159237 8.538075
v 0.679352 51.803165 8.539954
v 0.744659 51.970936 8.538092
v 0.520859 51.639576 8.544354
v 0.223801 51.561008 8.552486
v 0.371201 51.573818 8.548467
v 0.103256 51.581806 8.555759
v -0.029884 51.644062 8.559356
v -0.159737 51.768627 8.562836
v -0.240631 51.947422 8.564940
v -0.246086 52.151875 8.564986
v -0.093819 52.428074 8.560699
v 0.602074 51.698193 8.542234
v -20.002609 73.841843 12.149632
v -20.264435 74.009628 12.156972
v -20.589218 74.088318 12.158801
v -20.522362 74.095535 12.155891
v -20.425591 74.080643 12.155222
v -20.910812 73.803436 12.167371
v -20.876526 73.835526 12.189471
v 2.266914 51.511189 11.496293
v -7.872772 22.789433 11.820315
v -7.889679 22.794380 11.838935
v -20.422523 74.079941 12.162101
v -0.224319 52.007175 9.564330
v -1.825607 52.027851 9.606536
v -1.798714 52.404758 9.605834
v -1.797134 51.720081 9.605788
v -1.725426 51.419277 9.603905
v -0.180016 51.853336 9.563170
v -1.594017 51.101551 9.600426
v -1.412636 50.809574 9.595654
v -0.592453 50.145786 9.574036
v -0.269508 50.032078 9.565528
vn -0.4472 0.8093 0.3808
vn -0.4690 0.8284 0.3063
vn -0.5642 0.7634 0.3146
vn 0.9141 0.4050 -0.0199
vn 0.9861 0.1663 -0.0041
vn 0.8954 0.4415 -0.0581
vn 0.6086 0.7925 -0.0388
vn 0.5520 0.8337 -0.0179
vn -0.5814 0.8128 0.0365
vn -0.0331 0.9994 0.0079
vn -0.1445 0.9894 -0.0123
vn -0.8265 0.5628 0.0057
vn -0.1324 0.9870 0.0906
vn -0.1295 0.9916 -0.0042
vn 0.9167 0.3992 0.0182
vn 0.0063 -0.9989 0.0456
vn 0.9953 -0.0876 0.0408
vn 0.9869 -0.1584 0.0296
vn 0.9861 -0.1662 -0.0043
vn -0.9858 0.1353 0.0990
vn 0.7431 -0.6691 0.0038
vn 0.8385 -0.5439 -0.0338
vn -0.4461 -0.8946 0.0266
vn -0.5323 -0.8463 0.0213
vn -0.3134 -0.9496 0.0111
vn 0.6863 0.7270 0.0184
vn 0.5781 0.7001 -0.4192
vn 0.6257 0.6953 -0.3536
vn 0.1478 -0.1477 -0.9779
vn 0.1545 -0.1529 -0.9761
vn 0.4091 -0.2015 -0.8899
vn -0.9193 0.2954 -0.2600
vn 0.4719 -0.1918 0.8606
vn -0.6332 0.1786 -0.7531
vn -0.9629 0.2697 0.0075
vn -0.9327 0.2629 0.2468
vn -0.9366 0.2637 0.2306
vn 0.7241 0.6850 -0.0808
vn 0.6706 0.6352 -0.3832
vn 0.6806 0.6550 -0.3284
vn 0.8955 -0.2642 -0.3581
vn 0.7056 -0.1927 -0.6819
vn 0.9064 -0.2620 -0.3314
vn 0.7791 -0.2395 -0.5794
vn 0.8848 -0.2514 -0.3924
vn 0.9309 -0.2623 -0.2541
vn 0.7611 0.2759 0.5871
vn 0.8149 0.4365 0.3814
vn 0.6709 0.4628 0.5794
vn 0.8007 -0.3566 0.4814
vn 0.9089 -0.2619 0.3244
vn 0.8851 -0.1035 0.4537
vn -0.7773 -0.6278 0.0401
vn 0.2618 -0.9641 0.0444
vn -0.0405 -0.9991 0.0096
vn -0.9953 0.0973 0.0017
vn -0.1934 0.8804 0.4329
vn -0.2132 0.9740 -0.0768
vn -0.2237 0.8837 0.4112
vn 0.9796 -0.1892 -0.0683
vn -0.7144 0.6997 0.0074
vn 0.9371 0.3450 -0.0529
vn 0.4007 -0.9154 -0.0379
vn 0.5728 -0.8197 -0.0059
vn 0.3272 -0.9442 -0.0386
vn 0.9727 -0.2291 -0.0374
vn 0.8913 0.4490 -0.0632
vn -0.3937 0.9192 -0.0033
vn 0.4348 0.8999 -0.0319
vn 0.2563 0.9665 0.0105
vn -0.2658 0.9640 -0.0061
vn 0.4705 0.8821 0.0224
vn 0.0798 0.2622 -0.9617
vn -0.0237 0.1591 -0.9870
vn 0.1045 0.3056 -0.9464
vn -0.2715 0.0819 0.9590
vn -0.5395 0.1628 0.8261
vn -0.2882 0.0933 0.9530
vn -0.9586 0.1881 0.2140
vn -0.9882 -0.0353 0.1487
vn -0.9466 0.0062 0.3224
vn -0.4436 0.0077 -0.8962
vn -0.0738 -0.1034 -0.9919
vn -0.2731 -0.0285 -0.9616
vn 0.5769 0.5846 -0.5705
vn 0.4392 0.4499 -0.7776
vn 0.5846 0.6140 -0.5303
vn 0.4565 0.5404 0.7068
vn 0.5860 0.5672 0.5787
vn 0.1378 0.2364 0.9618
vn -0.9579 0.2680 -0.1026
vn -0.9379 0.2768 -0.2089
vn -0.9129 0.2503 -0.3224
vn -0.7034 0.1591 0.6927
vn -0.8322 0.1655 0.5292
vn -0.7962 -0.0569 0.6023
vn 0.2552 -0.9583 0.1287
vn 0.2338 -0.9427 0.2382
vn 0.2359 -0.9668 -0.0986
vn 0.1251 -0.8573 0.4994
vn -0.1679 -0.7666 0.6197
vn -0.2365 -0.8513 0.4683
vn 0.6318 -0.2075 -0.7468
vn -0.6838 -0.6778 -0.2702
vn -0.7117 -0.6758 -0.1918
vn -0.6291 -0.5925 -0.5031
vn -0.4117 -0.4461 0.7946
vn -0.3020 -0.2986 0.9054
vn -0.5234 -0.5034 0.6875
vn -0.1060 -0.1509 0.9828
vn -0.6006 -0.6187 0.5064
vn -0.7086 -0.6912 0.1421
vn -0.6739 -0.6383 0.3721
vn -0.0574 -0.0827 0.9949
vn -0.7212 -0.6915 0.0415
vn -0.3562 -0.3478 -0.8673
vn -0.5631 -0.5645 -0.6035
vn -0.4773 -0.4284 -0.7672
vn -0.1287 0.9742 0.1856
vn -0.2873 0.9380 0.1941
vn -0.2916 0.9198 0.2626
vn 0.2093 -0.8367 0.5061
vn 0.2396 -0.8725 0.4257
vn 0.2029 -0.6981 0.6866
vn 0.1118 -0.1534 0.9818
vn 0.0295 0.1006 0.9945
vn 0.0960 -0.1857 0.9779
vn -0.0487 0.2801 0.9587
vn -0.0160 0.2151 0.9765
vn -0.0833 0.4829 0.8717
vn -0.1444 0.6034 0.7843
vn 0.9478 0.0401 0.3164
vn 0.9600 -0.1141 0.2558
vn 0.3216 0.3637 0.8743
vn 0.0515 0.1242 0.9909
vn 0.1431 -0.5663 0.8117
vn 0.2911 -0.8904 0.3500
vn 0.0322 -0.9240 0.3811
vn 0.1424 -0.4373 0.8880
vn 0.0747 -0.2637 0.9617
vn 0.0544 -0.0957 0.9939
vn 0.0181 -0.0050 0.9998
vn -0.3373 -0.3052 0.8906
vn -0.5123 -0.4887 0.7062
vn -0.4851 -0.4583 0.7447
vn -0.1507 0.7149 0.6828
vn -0.2146 0.7911 -0.5728
vn -0.1600 0.5895 -0.7917
vn -0.2121 0.6632 -0.7178
vn -0.2668 0.9344 -0.2360
vn -0.2221 0.9708 -0.0904
vn -0.2372 0.9271 -0.2902
vn -0.2627 0.8594 -0.4385
vn 0.0564 -0.2946 -0.9540
vn 0.1031 -0.5108 -0.8535
vn 0.0884 -0.4306 -0.8982
vn 0.2404 -0.9699 -0.0393
vn 0.2354 -0.9533 -0.1891
vn 0.2568 -0.9613 -0.0995
vn 0.2823 0.0577 0.9576
vn 0.3782 0.3179 0.8694
vn 0.1992 0.2774 0.9399
vn 0.2432 -0.9455 0.2164
vn 0.1596 -0.9391 0.3045
vn 0.2167 -0.9214 0.3227
vn -0.9698 -0.2426 0.0257
vn -0.9698 -0.2426 0.0258
vn 0.1782 0.9796 0.0930
vn 0.2714 0.9625 0.0006
vn 0.2504 0.9679 0.0199
vn 0.6069 0.4498 0.6552
vn 0.6865 0.5569 0.4675
vn 0.6985 0.4480 0.5580
vn -0.5854 0.0833 0.8064
vn -0.3272 -0.0362 0.9443
vn -0.4883 0.0170 0.8725
vn 0.8762 -0.2862 0.3877
vn 0.8858 -0.2487 0.3918
vn 0.9479 -0.2619 0.1815
vn -0.6761 0.1900 -0.7119
vn -0.6327 0.0469 -0.7730
vn -0.5948 0.0917 -0.7986
vn 0.8720 -0.4863 0.0559
vn 0.9369 -0.3350 0.0999
vn 0.9053 -0.3939 0.1589
vn -0.4182 0.0758 -0.9052
vn -0.5031 0.8637 0.0303
vn -0.4339 0.9004 0.0315
vn -0.3743 0.9269 0.0255
vn 0.6806 -0.4858 0.5484
vn 0.5959 -0.5007 0.6279
vn 0.6914 -0.5615 0.4546
vn 0.5142 0.4919 -0.7025
vn 0.3549 0.4766 -0.8043
vn 0.4242 0.4450 -0.7887
vn 0.5672 0.6658 -0.4849
vn 0.4139 0.5769 -0.7042
vn -0.3781 0.1953 0.9049
vn -0.3490 0.0770 0.9340
vn -0.4146 0.2689 0.8694
vn 0.6038 -0.3292 0.7260
vn 0.4428 -0.3477 0.8265
vn -0.0722 0.4872 0.8703
vn -0.0809 0.5139 0.8540
vn -0.0305 0.3385 0.9405
vn 0.7364 -0.2209 0.6395
vn 0.5939 -0.1896 0.7818
vn 0.4823 -0.1468 0.8636
vn 0.3970 -0.1906 0.8978
vn 0.2433 -0.1446 0.9591
vn 0.8915 0.1944 0.4091
vn 0.9438 0.1778 0.2787
vn 0.9110 0.2913 0.2920
vn -0.6951 0.7187 0.0184
vn -0.6951 0.7187 0.0185
vn 0.4780 0.3343 0.8122
vn 0.3752 0.2741 0.8855
vn 0.6259 0.6229 0.4692
vn 0.0179 -0.7154 0.6985
vn 0.0220 -0.0065 0.9997
vn 0.1637 -0.0400 0.9857
vn 0.8680 0.4109 0.2788
vn 0.7989 0.5364 0.2720
vn 0.6459 -0.1175 0.7543
vn 0.6040 0.1260 0.7870
vn 0.4788 0.0123 0.8778
vn 0.0308 -0.3707 -0.9283
vn 0.2241 -0.6103 -0.7598
vn 0.1027 -0.5094 -0.8544
vn -0.1304 0.4146 -0.9006
vn -0.1046 0.3567 -0.9283
vn 0.0367 0.1694 0.9849
vn -0.0114 0.4072 0.9133
vn -0.9985 0.0314 0.0443
vn -0.9755 -0.2195 0.0168
vn -0.9762 -0.2064 0.0668
vn -0.8204 -0.2210 0.5273
vn -0.8098 -0.3682 0.4568
vn -0.6966 -0.4302 0.5742
vn 0.0315 -0.9995 0.0090
vn 0.1129 -0.9935 0.0135
vn 0.1262 -0.9919 0.0111
vn 0.3691 0.8903 0.2666
vn 0.1663 0.9637 0.2087
vn 0.1515 0.9204 0.3606
vn 0.6718 0.6574 0.3414
vn 0.6254 0.5773 0.5249
vn 0.7062 0.6695 0.2304
vn 0.7228 0.0727 0.6872
vn 0.8164 0.0211 0.5772
vn 0.7091 0.7047 -0.0254
vn 0.7761 0.6302 -0.0238
vn 0.5823 0.8130 0.0017
vn -0.7083 0.7056 0.0200
vn -0.7094 0.7045 0.0208
vn -0.6205 0.7837 0.0267
vn 0.0923 -0.0639 0.9937
vn -0.6544 0.1958 0.7303
vn 0.5303 -0.1794 0.8286
vn 0.7903 0.3827 0.4785
vn 0.0097 -0.1133 -0.9935
vn -0.2334 -0.0153 -0.9723
vn -0.1776 -0.0455 -0.9830
vn -0.2298 0.9720 -0.0500
vn -0.1816 0.7252 -0.6641
vn -0.2067 0.8189 -0.5355
vn -0.6267 -0.5568 -0.5451
vn -0.6928 -0.6856 0.2234
vn -0.7384 -0.6725 -0.0490
vn -0.7136 -0.6605 0.2333
vn -0.6789 -0.6348 0.3690
vn -0.7301 -0.6707 -0.1308
vn 0.4709 -0.8818 0.0244
vn 0.5782 -0.8159 0.0083
vn 0.6632 -0.7481 0.0235
vn -0.3831 0.1919 -0.9035
vn -0.5323 0.2402 -0.8117
vn -0.0826 0.7457 0.6612
vn 0.1852 0.7433 0.6428
vn 0.0052 0.8585 0.5127
vn -0.4761 0.1397 0.8682
vn -0.7964 0.2373 0.5563
vn -0.8064 0.2351 0.5426
vn 0.1681 0.5485 0.8191
vn -0.4406 0.6016 0.6663
vn -0.4290 0.7076 0.5614
vn -0.5152 0.6945 0.5022
vn -0.3306 0.5675 0.7541
vn -0.2940 0.4358 0.8506
vn -0.0839 0.2124 0.9736
vn -0.1848 0.3655 0.9123
vn 0.5213 -0.7466 0.4134
vn 0.3886 -0.8890 0.2424
vn -0.0706 0.5989 0.7977
vn -0.0263 -0.0000 -0.9997
vn -0.9644 0.2474 0.0936
vn -0.9561 0.2867 0.0607
vn -0.9883 0.1264 0.0858
vn -0.8597 0.2592 0.4401
vn -0.7974 0.2268 0.5592
vn -0.7312 0.2243 0.6442
vn -0.5337 0.1580 0.8308
vn 0.2961 0.2701 0.9161
vn 0.5350 0.4836 0.6927
vn 0.5828 0.5757 0.5736
vn 0.4142 -0.1147 -0.9029
vn 0.5128 -0.1641 -0.8427
vn 0.2697 -0.0913 -0.9586
vn 0.7167 -0.1968 -0.6690
vn 0.8942 -0.2517 -0.3703
vn 0.7424 -0.2213 -0.6324
vn -0.5269 0.1549 -0.8357
vn -0.4489 0.1210 -0.8854
vn -0.3292 0.0821 -0.9407
vn 0.7592 -0.2407 0.6047
vn -0.8455 0.2499 -0.4718
vn -0.7195 0.2056 -0.6633
vn -0.0669 -0.0043 -0.9978
vn 0.1472 0.4350 -0.8883
vn 0.0481 -0.0057 0.9988
vn 0.5636 0.5490 0.6173
vn 0.4433 0.4031 0.8006
vn 0.9512 -0.2021 0.2331
vn 0.0277 0.0847 -0.9960
vn -0.0894 -0.0131 -0.9959
vn -0.0756 -0.0170 -0.9970
vn 0.3181 -0.9481 0.0015
vn 0.1814 0.2266 -0.9570
vn 0.4845 0.4841 -0.7286
vn 0.1837 0.2134 -0.9595
vn -0.2090 0.8349 -0.5093
vn -0.1756 0.7584 -0.6277
vn -0.2202 0.9144 -0.3396
vn 0.8614 -0.2560 -0.4388
vn 0.2249 -0.5022 -0.8350
vn 0.1930 -0.5952 -0.7800
vn 0.2497 -0.6019 -0.7585
vn -0.3057 0.2345 0.9228
vn -0.5150 0.4320 0.7404
vn -0.4936 0.2750 0.8251
vn -0.1407 0.5607 -0.8160
vn -0.0296 0.0636 -0.9975
vn 0.2701 -0.0619 0.9608
vn 0.0017 -0.0017 1.0000
vn 0.3097 -0.0826 0.9473
vn 0.1867 -0.4862 0.8537
vn 0.0370 -0.5921 0.8050
vn 0.1871 -0.3694 0.9102
vn -0.1326 0.0306 0.9907
vn -0.2779 0.0622 0.9586
vn -0.2021 0.8117 0.5480
vn -0.0817 -0.0802 -0.9934
vn -0.5612 -0.5117 0.6506
vn -0.6809 -0.6112 0.4035
vn -0.5501 -0.5136 0.6585
vn -0.2528 -0.3219 0.9124
vn -0.4240 -0.1539 0.8925
vn -0.4831 -0.3882 0.7848
vn -0.9635 -0.1618 0.2134
vn -0.8921 0.2212 0.3940
vn -0.9276 0.2429 0.2838
vn 0.4180 -0.6874 0.5939
vn 0.3517 -0.8171 0.4569
vn 0.2050 -0.3029 0.9307
vn -0.0390 -0.4813 0.8757
vn 0.1807 -0.5457 0.8183
vn -0.0881 -0.0973 0.9913
vn -0.0692 -0.0294 0.9972
vn -0.1092 -0.0853 0.9903
vn -0.5648 -0.7878 0.2457
vn -0.4792 -0.8364 0.2662
vn -0.6185 -0.7366 0.2737
vn -0.9798 0.1992 0.0166
vn 0.5456 0.7895 0.2812
vn 0.3345 0.9299 0.1532
vn 0.1536 -0.7986 -0.5819
vn 0.0630 -0.6528 -0.7549
vn 0.0080 -0.5524 -0.8335
vn -0.1952 0.8707 -0.4514
vn -0.1419 0.6855 -0.7142
vn -0.1878 0.8406 -0.5080
vn -0.0029 0.2712 -0.9625
vn 0.0172 0.2637 -0.9645
vn -0.0436 0.4039 -0.9138
vn -0.1450 0.6575 -0.7394
vn -0.1759 0.9651 -0.1938
vn -0.1736 0.8389 -0.5159
vn -0.2574 -0.9662 0.0178
vn -0.3367 -0.9412 0.0261
vn 0.5104 0.4776 -0.7151
vn -0.4404 0.1370 0.8873
vn -0.1285 0.0319 0.9912
vn -0.0062 0.0214 0.9998
vn 0.0181 -0.9592 0.2821
vn 0.2186 -0.9536 0.2070
vn 0.1145 -0.9507 0.2881
vn 0.9458 -0.2469 0.2108
vn 0.9082 -0.2285 0.3506
vn 0.8423 -0.2286 0.4881
vn 0.6010 -0.7859 0.1457
vn 0.5781 -0.8144 0.0506
vn 0.5856 -0.7851 0.2015
vn -0.6098 -0.0148 0.7924
vn -0.4479 0.0776 0.8907
vn 0.7937 -0.2562 -0.5518
vn 0.6380 -0.2244 -0.7366
vn 0.7632 -0.2421 -0.5991
vn 0.6685 0.6723 0.3181
vn 0.6703 0.6410 0.3738
vn 0.7089 0.7053 0.0071
vn 0.0739 0.0862 -0.9935
vn 0.0633 0.0786 -0.9949
vn 0.1012 0.1253 -0.9869
vn -0.3350 0.1446 -0.9310
vn -0.3430 0.0449 -0.9383
vn -0.2183 0.0417 -0.9750
vn 0.5906 0.2989 0.7496
vn -0.6951 0.7187 0.0190
vn -0.6982 0.7157 0.0172
vn -0.6957 0.7181 0.0196
vn -0.2623 -0.5601 0.7858
vn -0.4004 -0.6540 0.6419
vn 0.7407 0.6700 0.0506
vn 0.7070 0.6866 0.1691
vn 0.6730 0.7054 0.2224
vn -0.1604 -0.1439 0.9765
vn -0.6389 0.3821 0.6677
vn 0.5445 -0.7945 0.2688
vn 0.5833 -0.6648 0.4667
vn -0.2459 0.8890 0.3863
vn -0.2623 0.8132 0.5196
vn 0.4661 -0.8767 0.1187
vn 0.3964 -0.9159 0.0624
vn 0.1239 -0.1676 0.9780
vn 0.3589 -0.4214 0.8328
vn -0.6259 0.5429 0.5599
vn -0.7134 0.4406 0.5449
vn -0.6579 -0.6034 0.4506
vn -0.5304 -0.5990 0.6000
vn 0.2871 -0.0953 0.9531
vn 0.3984 -0.1255 0.9086
vn -0.0393 0.0099 0.9992
vn 0.2634 0.2603 0.9289
vn 0.0754 0.0480 0.9960
vn -0.0453 0.0188 0.9988
vn -0.0187 0.0332 -0.9993
vn -0.5700 0.7293 0.3784
vn -0.1808 -0.1187 -0.9763
vn -0.0227 0.1498 -0.9885
vn 0.0613 0.1584 -0.9855
vn -0.2990 -0.2175 -0.9291
vn -0.7648 -0.6369 0.0971
vn -0.1542 -0.1156 -0.9813
vn -0.5804 -0.5134 -0.6321
vn -0.7132 -0.6457 -0.2727
vn -0.7183 -0.6924 -0.0688
vn -0.7152 -0.6980 0.0355
vn 0.8728 -0.2642 0.4104
vn 0.7974 -0.2373 0.5549
vn -0.5996 -0.5139 -0.6135
vn -0.6703 -0.6031 0.4324
vn 0.3886 0.3712 0.8433
vn 0.1993 0.1586 0.9670
vn -0.7552 0.1038 -0.6472
vn -0.8601 0.2640 -0.4365
vn -0.9101 0.1834 -0.3715
vn 0.0022 0.1263 0.9920
vn -0.0304 0.0642 0.9975
vn -0.0864 -0.0455 0.9952
vn 0.3249 0.9456 -0.0141
vn 0.3797 0.9248 0.0239
vn -0.6465 -0.6717 0.3616
vn -0.7347 -0.6442 0.2127
vn -0.6715 -0.6353 0.3815
vn -0.6915 -0.5777 -0.4338
vn -0.6060 -0.5147 -0.6065
vn -0.7174 -0.6360 -0.2842
vn -0.7262 -0.6578 -0.1999
vn -0.6711 -0.6196 -0.4071
vn -0.7336 -0.6726 0.0971
vn -0.7369 -0.6616 -0.1388
vn -0.7446 -0.6512 -0.1467
vn -0.5776 -0.4267 -0.6959
vn 0.6641 0.6149 -0.4254
vn 0.6062 0.4966 -0.6212
vn 0.6568 0.6833 -0.3191
vn -0.2232 0.9642 -0.1434
vn -0.2326 -0.1609 -0.9592
vn 0.3640 0.3453 -0.8650
vn 0.9066 -0.2542 -0.3369
vn 0.8129 -0.2447 -0.5285
vn -0.7607 -0.5926 0.2648
vn -0.8880 -0.3830 0.2545
vn -0.7526 -0.6222 0.2158
vn 0.9565 -0.2912 -0.0189
vn -0.8731 -0.4834 0.0635
vn -0.9259 -0.3465 0.1503
vn 0.5061 0.3551 -0.7859
vn 0.2719 -0.9454 0.1795
vn -0.4988 -0.4155 -0.7606
vn -0.6385 -0.5811 -0.5046
vn -0.5710 -0.4967 -0.6536
vn -0.7095 -0.5897 -0.3858
vn 0.1811 0.1394 0.9735
vn 0.9053 0.4248 -0.0007
vn 0.8054 -0.5924 -0.0207
vn 0.5576 0.6384 0.5305
vn 0.7112 0.6534 0.2594
vn 0.3095 0.8689 0.3862
vn 0.3115 0.8164 0.4863
vn 0.5097 0.7561 0.4105
vn 0.7765 0.3970 -0.4893
vn 0.4020 0.2792 -0.8720
vn -0.0649 0.1369 -0.9885
vn 0.1307 -0.5915 -0.7957
vn 0.0175 -0.2176 -0.9759
vn 0.0168 -0.1361 -0.9905
vn 0.9465 -0.2816 0.1574
vn 0.8942 -0.2466 0.3735
vn 0.8770 -0.2467 0.4124
vn -0.0145 -0.2023 0.9792
vn -0.2694 0.6870 0.6748
vn 0.9067 -0.4208 0.0291
vn 0.8386 -0.5391 0.0777
vn -0.5931 -0.5978 0.5393
vn -0.5083 -0.4384 -0.7413
vn -0.5735 -0.5266 -0.6275
vn 0.6230 -0.1872 0.7595
vn 0.9463 -0.3223 -0.0242
vn 0.4624 0.6669 0.5843
vn 0.4365 0.5130 0.7391
vn -0.3179 -0.2611 -0.9115
vn 0.7091 0.6639 0.2375
vn 0.6883 0.6585 0.3044
vn -0.5258 -0.4988 0.6890
vn -0.5252 -0.5058 0.6844
vn -0.4405 -0.3982 0.8046
vn -0.4453 -0.4106 0.7957
vn -0.3499 -0.3379 0.8737
vn -0.6219 -0.5776 0.5288
vn -0.6549 -0.6196 0.4326
vn -0.5238 -0.4903 0.6966
vn -0.0085 -0.0913 -0.9958
vn 0.0035 -0.1519 -0.9884
vn 0.7232 0.5801 0.3747
vn -0.4591 -0.7605 0.4592
vn -0.4660 -0.8192 0.3343
vn -0.2330 0.9353 0.2665
vn -0.1973 0.8701 0.4517
vn -0.2271 0.9501 0.2141
vn -0.6247 0.0145 -0.7807
vn -0.5339 -0.0208 -0.8453
vn 0.9339 -0.3043 -0.1877
vn 0.6779 -0.2512 -0.6909
vn 0.9230 -0.2879 -0.2553
vn -0.3584 -0.3146 0.8789
vn -0.4533 -0.4245 0.7838
vn 0.7681 -0.2517 -0.5887
vn 0.9471 -0.2871 -0.1436
vn 0.8592 -0.2781 -0.4295
vn -0.4942 -0.4500 -0.7438
vn 0.6830 -0.2285 -0.6938
vn 0.9124 -0.3371 -0.2321
vn 0.8226 -0.3053 -0.4797
vn 0.1029 0.1382 0.9850
vn 0.7917 -0.2510 0.5569
vn -0.1710 -0.1466 -0.9743
vn -0.3161 -0.2716 -0.9090
vn -0.1615 -0.1346 -0.9776
vn -0.1490 0.0041 0.9888
vn -0.7217 -0.6661 0.1885
vn -0.6560 -0.7174 0.2346
vn -0.8934 -0.0698 0.4438
vn -0.9068 -0.2247 0.3567
vn -0.1147 0.5678 0.8152
vn -0.0085 0.3057 0.9521
vn 0.4902 0.8627 0.1239
vn 0.6503 0.6393 -0.4105
vn 0.5610 0.5889 -0.5817
vn -0.1372 0.9857 0.0978
vn -0.2082 0.9692 0.1316
vn 0.7829 -0.4924 0.3803
vn -0.0261 0.0002 -0.9997
vn 0.7507 0.3321 0.5711
vn 0.7885 0.4532 0.4158
vn -0.0168 0.3666 0.9302
vn 0.0545 0.2499 0.9667
vn 0.0808 0.1084 0.9908
vn -0.1413 -0.9278 0.3452
vn -0.3218 -0.8920 0.3173
vn -0.1805 -0.9339 0.3087
vn -0.6984 -0.6724 -0.2453
vn -0.5743 -0.5205 -0.6318
vn -0.7075 -0.6905 -0.1502
vn -0.0583 0.0234 0.9980
vn -0.0089 0.1298 0.9915
vn -0.3133 -0.2247 -0.9227
vn -0.0324 0.3120 0.9495
vn 0.0692 -0.0343 0.9970
vn 0.0670 -0.0849 0.9941
vn 0.9019 -0.1413 -0.4083
vn -0.0376 0.9698 0.2411
vn -0.0338 0.9264 0.3751
vn -0.6967 0.7171 0.0169
vn -0.6840 0.7245 0.0847
vn -0.7333 0.6608 -0.1600
vn -0.6291 -0.5994 0.4949
vn -0.7073 -0.6728 0.2168
vn -0.6504 -0.6799 0.3387
vn -0.4973 -0.5388 0.6800
vn -0.3287 -0.3131 0.8910
vn -0.0815 -0.1237 0.9890
vn -0.0126 -0.0261 0.9996
vn 0.2002 -0.7813 0.5911
vn 0.0417 -0.7470 0.6635
vn 0.9747 0.0053 -0.2236
vn -0.0367 0.0500 -0.9981
vn -0.1724 0.9205 0.3507
vn 0.2314 -0.1432 0.9623
vn 0.0926 -0.0441 0.9947
vn 0.7198 0.6897 -0.0785
vn 0.7118 0.6896 0.1333
vn 0.2123 -0.0838 0.9736
vn 0.0396 0.0053 0.9992
vn -0.0680 0.4469 0.8920
vn 0.2020 -0.7502 0.6297
vn -0.2868 -0.2448 -0.9262
vn -0.6103 -0.5885 -0.5302
vn -0.6246 -0.5918 -0.5095
vn -0.0755 0.5018 0.8617
vn -0.0670 0.4874 0.8706
vn -0.0754 0.5261 0.8471
vn -0.2079 0.8202 -0.5329
vn -0.1655 0.7284 -0.6649
vn -0.0890 0.5201 -0.8495
vn 0.2755 0.9613 -0.0086
vn 0.2720 0.9623 -0.0045
vn 0.2756 0.9612 -0.0073
vn -0.1706 0.9415 0.2908
vn -0.1620 0.9609 0.2245
vn 0.1049 -0.2219 0.9694
vn 0.3361 -0.9307 -0.1440
vn -0.2158 0.9740 -0.0692
vn -0.2260 0.9288 -0.2936
vn 0.7045 -0.1526 0.6931
vn 0.2573 -0.9369 -0.2366
vn 0.2852 -0.8359 -0.4689
vn 0.2496 -0.8000 -0.5456
vn 0.1084 -0.3915 0.9138
vn 0.0853 -0.2824 0.9555
vn 0.1293 -0.2464 0.9605
vn 0.1885 -0.7359 -0.6503
vn -0.2243 0.9650 -0.1357
vn -0.2035 0.9311 -0.3027
vn -0.1942 0.9793 0.0578
vn -0.1846 0.9282 -0.3232
vn -0.1491 0.7154 -0.6826
vn -0.1164 0.4614 -0.8795
vn 0.0757 0.9955 0.0573
vn 0.0386 -0.2435 -0.9691
vn 0.1259 -0.2672 -0.9554
vn 0.7681 0.6403 0.0096
vn 0.8764 0.4816 -0.0061
vn 0.9000 0.4356 -0.0124
vn -0.2455 0.9493 0.1963
vn -0.1076 0.6994 0.7066
vn 0.3433 -0.5884 0.7321
vn 0.5096 -0.6010 0.6156
vn 0.5072 -0.2120 0.8353
vn 0.2786 -0.1638 0.9463
vn 0.1830 -0.1166 0.9762
vn -0.0564 0.1683 -0.9841
vn -0.0711 -0.3239 -0.9434
vn -0.0262 -0.2231 -0.9744
vn 0.7545 -0.1730 0.6331
vn 0.9569 -0.2690 -0.1096
vn -0.9066 0.3380 0.2526
vn -0.8533 0.4273 0.2989
vn -0.1514 0.6974 -0.7004
vn 0.0931 -0.0726 -0.9930
vn 0.1201 -0.0425 -0.9919
vn 0.9808 -0.1950 -0.0072
vn 0.9974 -0.0716 -0.0082
vn 0.9861 -0.1662 0.0022
vn 0.1916 0.4452 -0.8747
vn 0.2074 -0.8948 -0.3955
vn 0.2903 -0.6981 0.6545
vn 0.3159 -0.8663 0.3869
vn 0.2953 -0.8258 0.4805
vn -0.4830 -0.4056 -0.7760
vn -0.9394 0.2467 -0.2381
vn -0.6705 0.1801 -0.7198
vn 0.3118 -0.9354 0.1670
vn 0.2850 -0.9459 -0.1551
vn -0.5894 -0.5252 0.6138
vn 0.1290 -0.6678 0.7331
vn 0.0097 -0.6553 0.7553
vn 0.3371 -0.1510 -0.9293
vn 0.5444 -0.1480 0.8256
vn 0.5615 -0.1510 0.8136
vn 0.2701 -0.4722 0.8391
vn 0.2581 -0.4519 0.8539
vn 0.2462 -0.6770 0.6935
vn 0.6372 0.7406 0.2133
vn 0.5947 0.7713 0.2267
vn -0.1730 0.0497 -0.9837
vn -0.3055 -0.2837 0.9089
vn -0.1810 0.9273 -0.3277
vn 0.9078 -0.2752 0.3165
vn -0.1247 0.7022 0.7009
vn -0.1567 0.9261 0.3433
vn -0.0913 -0.0657 -0.9937
vn -0.7469 0.6647 0.0190
vn -0.8284 0.5595 0.0275
vn 0.2659 -0.1680 0.9492
vn 0.2192 -0.3266 0.9194
vn 0.2581 -0.2742 0.9264
vn 0.2064 -0.8655 -0.4564
vn -0.1172 0.2908 -0.9496
vn -0.1149 0.4563 -0.8824
vn -0.2247 0.7409 -0.6329
vn -0.2174 0.8911 -0.3983
vn -0.2532 0.9408 -0.2254
vn -0.0185 0.0345 -0.9992
vn -0.0304 0.0487 -0.9983
vn -0.0500 0.3956 0.9171
vn -0.1776 0.8280 0.5319
vn -0.1840 0.7000 0.6900
vn -0.0313 0.1254 0.9916
vn 0.0925 -0.1789 0.9795
vn 0.1073 -0.4047 0.9081
vn 0.1954 -0.6374 0.7453
vn 0.1935 -0.7618 0.6182
vn 0.2476 -0.8980 0.3638
vn -0.6716 -0.5434 -0.5037
vn -0.0202 -0.1178 0.9928
vn 0.0319 -0.0250 0.9992
vn -0.8266 -0.4445 0.3452
vn 0.1845 -0.0748 -0.9800
vn -0.2022 0.0679 -0.9770
vn 0.2743 -0.0780 -0.9585
vn 0.9933 0.1147 -0.0150
vn 0.9985 0.0547 -0.0076
vn 0.9985 0.0494 -0.0241
vn -0.7296 -0.6809 0.0639
vn -0.5719 -0.8201 0.0179
vn -0.6961 -0.7176 0.0228
vn 0.6330 -0.2379 -0.7367
vn 0.8440 -0.2980 -0.4460
vn -0.9618 0.2477 -0.1165
vn 0.7964 -0.2871 0.5323
vn 0.8065 -0.3218 -0.4960
vn -0.2384 0.9307 0.2774
vn -0.2277 0.9023 0.3660
vn -0.2462 0.9533 -0.1747
vn 0.9310 -0.3144 -0.1854
vn 0.9461 -0.3074 -0.1020
vn -0.6729 -0.7216 0.1630
vn -0.7941 -0.5923 0.1366
vn -0.7812 -0.6220 0.0530
vn 0.1258 -0.1157 -0.9853
vn 0.1779 -0.1687 -0.9695
vn -0.1389 -0.1561 0.9779
vn -0.1911 -0.1905 0.9629
vn 0.2592 0.2570 -0.9310
vn 0.8127 -0.2606 0.5211
vn -0.3660 -0.2458 0.8976
vn -0.2323 -0.1379 0.9628
vn -0.7005 0.3254 -0.6352
vn -0.8562 0.2785 -0.4351
vn -0.9573 0.2744 0.0913
vn -0.9157 0.2655 0.3016
vn -0.7570 0.5671 0.3245
vn -0.7980 0.4478 0.4033
vn 0.9072 -0.2918 -0.3029
vn 0.9304 -0.3082 -0.1987
vn 0.9597 -0.2786 -0.0367
vn -0.9700 -0.2417 0.0248
vn -0.9700 -0.2417 0.0246
vn -0.6841 -0.1930 0.7034
vn -0.6418 -0.3766 0.6681
vn 0.9576 -0.2877 -0.0157
vn -0.9425 0.3329 0.0288
vn -0.8816 0.4714 0.0254
vn -0.8303 0.5569 0.0216
vn -0.8518 0.2556 0.4572
vn -0.7836 0.4617 0.4157
vn -0.7113 0.1423 0.6884
vn 0.6466 -0.2079 -0.7340
vn 0.3058 -0.1175 -0.9448
vn 0.2338 -0.0919 -0.9679
vn 0.9309 0.3651 -0.0125
vn 0.9675 0.2519 -0.0226
vn 0.6218 -0.1979 0.7577
vn 0.6530 -0.2213 0.7243
vn 0.6674 -0.1985 0.7177
vn 0.9437 -0.3042 0.1301
vn 0.9511 -0.3012 -0.0689
vn -0.9449 0.2663 0.1901
vn -0.7155 0.4140 0.5627
vn -0.6857 0.2362 0.6885
vn -0.6200 0.3058 0.7225
vn -0.5362 0.3597 0.7636
vn 0.5489 -0.1941 0.8130
vn 0.1796 -0.0584 0.9820
vn 0.0806 0.0329 -0.9962
vn -0.2288 0.9601 0.1610
vn -0.1804 0.8893 0.4201
vn -0.0235 -0.0963 0.9951
vn -0.0274 -0.0943 0.9952
vn 0.4807 -0.1825 -0.8577
vn -0.2526 -0.2245 -0.9412
vn 0.1615 -0.7137 0.6816
vn 0.9193 -0.2493 0.3047
vn 0.7769 -0.2154 0.5916
vn 0.9234 -0.2593 0.2830
vn -0.5064 0.2149 0.8351
vn -0.9170 0.2635 -0.2996
vn -0.8036 0.2005 -0.5603
vn -0.6675 0.2073 -0.7152
vn -0.3232 0.0750 -0.9434
vn 0.6264 -0.1945 -0.7548
vn -0.2383 0.8964 0.3737
vn 0.2756 0.9612 -0.0075
vn 0.2779 0.9605 -0.0135
vn 0.2801 0.9599 -0.0091
vn 0.2723 0.9621 -0.0179
vn 0.2788 0.9604 -0.0026
vn 0.3457 0.9220 0.1746
vn -0.3379 -0.3215 0.8846
vn -0.1209 0.6641 0.7378
vn -0.0776 0.4847 0.8712
vn 0.9667 -0.0007 0.2561
vn 0.1400 0.9815 0.1306
vn 0.2897 0.9568 -0.0238
vn 0.2756 0.9613 -0.0051
vn -0.2212 0.8349 0.5039
vn -0.9698 -0.2427 0.0256
vn -0.9698 -0.2427 0.0255
vn 0.2433 -0.0718 0.9673
vn 0.6126 -0.1695 0.7720
vn 0.5480 -0.1281 0.8266
vn 0.7412 -0.5914 0.3177
vn 0.8483 -0.4784 0.2269
vn -0.2563 0.0721 0.9639
vn -0.1387 -0.0018 0.9903
vn 0.1830 0.1996 -0.9626
vn 0.1638 -0.6895 -0.7055
vn 0.2044 -0.8856 -0.4170
vn -0.0272 -0.0005 -0.9996
vn -0.0685 -0.9516 0.2997
vn 0.2054 -0.8668 -0.4544
vn -0.6849 -0.6725 -0.2804
vn -0.6243 -0.5780 -0.5255
vn -0.6285 -0.5893 -0.5075
vn 0.8644 -0.5025 -0.0153
vn 0.3190 -0.8936 0.3157
vn 0.7495 -0.2117 0.6273
vn 0.1509 -0.7067 -0.6912
vn 0.9622 -0.2713 -0.0250
vn 0.9553 -0.2706 0.1193
vn -0.5341 0.7495 0.3910
vn 0.1292 -0.0357 -0.9910
vn 0.0646 -0.0231 -0.9976
vn -0.0156 0.0077 0.9998
vn -0.0998 0.5783 0.8097
vn -0.1307 0.7079 0.6942
vn -0.2216 0.9744 -0.0367
vn -0.2152 0.9556 0.2013
vn 0.9469 -0.2790 -0.1596
vn 0.9524 -0.2749 -0.1320
vn 0.5446 0.8331 -0.0961
vn -0.0553 0.1101 -0.9924
vn -0.2404 0.9638 0.1152
vn -0.6950 0.7181 0.0357
vn -0.6953 0.7178 0.0363
vn 0.9458 -0.2444 0.2138
vn 0.9634 -0.2658 0.0359
vn -0.6948 -0.6838 -0.2229
vn -0.6975 -0.6761 -0.2374
vn -0.7019 -0.6753 -0.2268
vn 0.7866 -0.6165 0.0352
vn -0.9625 0.2583 0.0827
vn 0.2489 -0.9464 0.2058
vn 0.2396 -0.9416 0.2364
vn 0.8472 -0.2676 -0.4590
vn -0.2745 -0.9616 0.0070
vn -0.2743 -0.9616 0.0069
vn -0.9056 0.2194 0.3629
vn 0.0183 -0.0038 0.9998
vn 0.0658 0.0618 0.9959
vn 0.0060 0.3981 0.9173
vn -0.1587 -0.0967 -0.9826
vn -0.1857 -0.0340 -0.9820
vn 0.2118 -0.2213 0.9519
vn 0.1316 0.0259 0.9910
vn 0.1059 0.0909 0.9902
vn 0.2324 0.2328 -0.9444
vn 0.1242 -0.1154 0.9855
vn 0.1926 -0.2178 0.9568
vn 0.1372 -0.0539 0.9891
vn 0.2341 -0.5219 0.8203
vn -0.2354 0.9687 -0.0793
vn 0.9095 -0.2543 -0.3289
vn 0.9431 -0.2734 -0.1893
vn -0.2641 0.9638 0.0363
vn -0.1670 0.9857 0.0224
vn -0.1188 0.0277 -0.9925
vn 0.1201 -0.0493 0.9915
vn -0.7056 0.5869 0.3971
vn 0.2658 0.2206 0.9384
vn 0.0601 -0.1226 -0.9906
vn 0.0922 -0.0298 -0.9953
vn 0.0261 -0.1131 -0.9932
vn 0.7434 -0.6307 0.2227
vn -0.3706 0.8812 0.2936
vn -0.0264 -0.0000 -0.9997
vn 0.8118 0.5839 -0.0004
vn -0.6593 0.6802 0.3204
vn 0.4642 -0.1773 -0.8678
vn -0.0819 -0.1031 -0.9913
vn -0.9542 0.2706 0.1274
vn 0.9488 -0.2734 -0.1583
vn 0.1449 0.2878 -0.9467
vn 0.2135 0.3942 -0.8939
vn -0.3850 -0.0975 -0.9177
vn 0.4429 0.4593 0.7700
vn 0.3894 0.5124 0.7654
vn -0.1975 0.9704 0.1390
vn -0.2055 0.7894 -0.5784
vn -0.9698 -0.2425 0.0259
vn -0.9698 -0.2426 0.0260
vn -0.9698 -0.2426 0.0262
vn -0.9698 -0.2426 0.0255
vn -0.9698 -0.2425 0.0257
vn -0.9699 -0.2423 0.0257
vn -0.9698 -0.2426 0.0265
vn -0.9699 -0.2415 0.0300
vn -0.9699 -0.2415 0.0305
vn -0.9678 -0.2179 0.1258
vn -0.9698 -0.2426 0.0259
vn -0.9698 -0.2425 0.0252
vn -0.9698 -0.2425 0.0256
vn -0.9698 -0.2425 0.0258
vn -0.7358 0.1441 0.6617
vn 0.8364 -0.2841 0.4687
vn 0.8966 -0.4408 0.0424
vn 0.9449 -0.2922 0.1479
vn -0.5628 0.8263 0.0227
vn -0.0842 0.5336 0.8416
vn 0.6956 -0.2534 0.6722
vn -0.6949 0.7189 0.0189
vn -0.6951 0.7186 0.0186
vn -0.6951 0.7187 0.0186
vn -0.6951 0.7187 0.0181
vn -0.6950 0.7188 0.0185
vn -0.6951 0.7186 0.0184
vn -0.6952 0.7186 0.0189
vn -0.6951 0.7187 0.0183
vn -0.6952 0.7186 0.0186
vn -0.6817 0.7302 0.0463
vn -0.7144 0.6996 -0.0101
vn -0.6966 0.7173 0.0162
vn -0.6947 0.7191 0.0188
vn -0.6951 0.7187 0.0179
vn -0.7227 0.6909 0.0163
vn -0.6834 0.7299 0.0137
vn -0.7168 0.6960 0.0409
vn 0.3245 0.2924 0.8996
vn 0.6006 0.6617 0.4489
vn 0.1874 -0.3317 -0.9246
vn -0.9854 0.1594 0.0605
vn -0.0893 -0.9960 0.0082
vn -0.0530 -0.9985 0.0109
vn 0.3386 -0.9390 0.0606
vn 0.1963 -0.9804 0.0184
vn 0.6217 0.7799 0.0728
vn 0.6909 0.7214 0.0479
vn 0.6432 0.7628 -0.0659
vn -0.7851 0.2534 0.5652
vn -0.0743 -0.0119 -0.9972
vn -0.9834 0.1706 -0.0624
vn -0.0245 0.0029 -0.9997
vn -0.0262 0.0006 -0.9997
vn -0.9275 0.3711 0.0456
vn -0.9670 0.2065 0.1493
vn -0.9580 0.2649 0.1096
vn -0.0612 0.0012 -0.9981
vn 0.6105 0.7892 -0.0668
vn 0.0248 0.0907 -0.9956
vn 0.0328 0.2244 -0.9739
vn -0.1985 -0.9800 0.0115
vn -0.0831 0.9748 -0.2071
vn 0.2612 0.2744 -0.9254
vn -0.6958 0.7180 0.0193
vn -0.6957 0.7181 0.0192
vn -0.6957 0.7180 0.0192
vn -0.6958 0.7179 0.0191
vn -0.6958 0.7180 0.0191
vn -0.6939 0.7200 0.0083
vn -0.6975 0.7162 -0.0229
vn -0.6957 0.7181 0.0186
vn -0.7332 0.6775 -0.0592
vn -0.7205 0.6935 0.0018
vn -0.7009 0.7130 0.0189
vn -0.6967 0.7171 0.0202
vn -0.6958 0.7180 0.0192
vn -0.6959 0.7178 0.0197
vn -0.6960 0.7177 0.0199
vn -0.6950 0.7186 0.0232
vn 0.6640 0.7180 0.2085
vn 0.3840 -0.9212 0.0625
vn 0.3129 -0.1361 0.9400
vn -0.0847 0.0982 -0.9916
vn -0.2463 0.9520 0.1816
vn 0.4203 -0.8984 0.1276
vn -0.0590 0.1056 -0.9927
vn 0.1327 -0.6008 -0.7883
vn 0.9518 -0.2770 0.1316
vn -0.5152 -0.4302 0.7413
vn -0.1405 0.0343 0.9895
vn -0.6630 -0.6541 0.3642
vn -0.1167 0.9925 -0.0369
vn -0.2427 0.9633 0.1147
vn 0.1012 0.9948 0.0087
vn -0.0261 0.0001 -0.9997
vn -0.0262 0.0002 -0.9997
vn -0.0263 0.0002 -0.9997
vn -0.0262 0.0001 -0.9997
vn -0.1192 0.0635 -0.9908
vn -0.3325 -0.1946 -0.9228
vn -0.3574 -0.2575 -0.8978
vn 0.0720 -0.1155 0.9907
vn 0.2746 0.9615 -0.0063
vn 0.2547 0.9670 -0.0076
vn 0.2715 0.9624 -0.0083
vn 0.2758 0.9612 -0.0065
vn 0.2757 0.9612 -0.0053
vn 0.2757 0.9612 -0.0065
vn 0.2758 0.9612 -0.0064
vn 0.2719 0.9623 -0.0058
vn 0.1275 0.9893 -0.0714
vn 0.2711 0.9625 -0.0091
vn 0.2926 0.9562 -0.0091
vn 0.2786 0.9604 -0.0085
vn 0.2756 0.9613 -0.0063
vn 0.2757 0.9612 -0.0064
vn 0.2760 0.9611 -0.0066
vn 0.2745 0.9616 -0.0034
vn 0.2751 0.9614 -0.0095
vn 0.2709 0.9618 0.0384
vn 0.2667 0.9623 -0.0525
vn 0.2776 0.9607 0.0041
vn 0.3175 0.9480 0.0210
vn -0.9335 0.2920 0.2082
vn -0.9219 0.3112 0.2308
vn 0.9779 -0.2089 0.0063
vn 0.6438 0.7523 0.1398
vn 0.6938 0.7107 0.1164
vn -0.0836 -0.0551 -0.9950
vn -0.0223 0.0935 -0.9954
vn -0.0318 0.0533 -0.9981
vn 0.9669 0.2544 -0.0218
vn -0.6986 -0.6966 0.1635
vn -0.7669 -0.6404 0.0410
vn -0.7378 -0.6746 0.0224
vn -0.9700 -0.2417 0.0249
vn -0.9700 -0.2418 0.0250
vn 0.1140 -0.1048 0.9879
vn -0.2199 0.9343 0.2805
vn 0.2797 0.9601 -0.0048
vn 0.2568 0.9663 -0.0176
vn 0.2764 0.9610 -0.0079
vn 0.2755 0.9613 -0.0090
vn 0.2789 0.9603 -0.0089
vn 0.2760 0.9611 -0.0090
vn 0.2733 0.9607 -0.0488
vn 0.2721 0.9620 -0.0233
vn 0.2721 0.9621 -0.0173
vn 0.2761 0.9611 -0.0087
vn 0.2665 0.9636 -0.0218
vn 0.2294 0.9723 -0.0447
vn 0.4422 0.8967 0.0179
vn 0.2659 0.9640 -0.0044
vn 0.2681 0.9634 -0.0052
vn 0.2758 0.9612 -0.0090
vn 0.2759 0.9611 -0.0090
vn 0.2760 0.9611 -0.0091
vn 0.2760 0.9611 -0.0094
vn -0.9698 -0.2426 0.0256
vn -0.9698 -0.2427 0.0258
vn -0.9697 -0.2430 0.0256
vn -0.9697 -0.2428 0.0255
vn -0.9698 -0.2427 0.0257
vn -0.9698 -0.2426 0.0249
vn -0.9698 -0.2427 0.0251
vn -0.9698 -0.2427 0.0247
vn -0.9698 -0.2427 0.0252
vn -0.9697 -0.2428 0.0257
vn -0.9698 -0.2427 0.0259
vn -0.9698 -0.2428 0.0247
vn -0.2501 -0.1017 0.9629
vn -0.0272 -0.0006 -0.9996
vn 0.0272 0.0006 0.9996
vn 0.0272 0.0005 0.9996
vn -0.0274 -0.0006 -0.9996
vn -0.0029 0.0352 -0.9994
vn -0.0054 0.0286 -0.9996
vn -0.0437 0.0025 -0.9990
vn -0.0208 -0.0756 -0.9969
vn -0.0202 -0.0716 -0.9972
vn -0.6954 0.7177 0.0365
vn -0.6950 0.7181 0.0362
vn 0.2580 -0.9606 0.1030
vn -0.2741 -0.9617 0.0067
vn 0.0580 0.0359 0.9977
s 1
usemtl Material.001
f 4864//3391 4865//3392 4866//3393
f 4867//3394 4868//3395 4869//3396
f 4867//3394 4869//3396 4870//3397
f 4871//3398 4867//3394 4870//3397
f 4872//3399 4873//3400 4874//3401
f 4872//3399 4874//3401 4875//3402
f 4876//3403 4872//3399 4875//3402
f 4877//3404 4879//3406 4878//3405
f 4877//3404 4880//3407 4878//3405
f 4881//3408 4882//3409 4883//3410
f 4884//3411 4881//3408 4882//3409
f 4884//3411 4882//3409 4885//3412
f 4886//3413 4887//3414 4888//3415
f 4889//3416 4890//3417 4891//3418
f 4892//3419 4893//3420 4894//3421
f 4895//3422 4897//3424 4896//3423
f 4898//3425 4899//3426 4900//3427
f 4901//3428 4902//3429 4903//3430
f 4904//3431 4905//3432 4906//3433
f 4907//3434 4908//3435 4909//3436
f 4910//3437 4911//3438 4912//3439
f 4913//3440 4914//3441 4915//3442
f 4916//3443 4917//3444 4918//3445
f 4916//3443 4918//3445 4919//3446
f 4920//3447 4921//3448 4922//3449
f 4923//3450 4925//3452 4924//3451
f 4923//3450 4925//3452 4926//3453
f 4927//3454 4923//3450 4926//3453
f 4928//3455 4929//3456 4930//3457
f 4931//3458 4930//3457 4928//3455
f 4931//3458 4930//3457 4932//3459
f 4933//3460 4931//3458 4932//3459
f 4933//3460 4932//3459 4934//3461
f 4935//3462 4933//3460 4934//3461
f 4936//3463 4937//3464 4938//3465
f 4939//3466 4940//3467 4941//3468
f 4942//3469 4943//3470 4944//3471
f 4945//3472 4946//3473 4947//3474
f 4948//3475 4949//3476 4950//3477
f 4951//3478 4952//3479 4953//3480
f 4954//3481 4955//3482 4956//3483
f 4957//3484 4958//3485 4959//3486
f 4960//3487 4961//3488 4962//3489
f 4963//3490 4964//3491 4965//3492
f 4894//3421 4966//3493 4907//3434
f 4967//3494 4968//3495 4969//3496
f 4970//3497 4971//3498 4972//3499
f 4971//3498 4970//3497 4973//3500
f 4972//3499 4974//3501 4970//3497
f 4975//3502 4974//3501 4976//3503
f 4971//3498 4973//3500 4977//3504
f 4976//3503 4974//3501 4972//3499
f 4976//3503 4978//3505 4975//3502
f 4979//3506 4980//3507 4981//3508
f 4982//3509 4983//3510 4984//3511
f 4985//3512 4986//3513 4987//3514
f 4988//3515 4989//3516 4990//3517
f 4991//3518 4992//3519 4993//3520
f 4993//3520 4994//3521 4991//3518
f 4995//3522 4914//3441 4996//3523
f 4997//3524 4998//3525 4953//3480
f 4999//3526 4985//3512 4987//3514
f 5000//3527 4963//3490 5001//3528
f 4987//3514 5002//3529 4999//3526
f 5003//3530 5004//3531 5005//3532
f 5006//3533 5007//3534 5008//3535
f 5009//3536 4994//3521 4993//3520
f 5010//3537 5011//3538 5012//3539
f 5013//3540 5014//3541 5015//3542
f 5015//3542 5016//3543 5013//3540
f 5017//3544 5018//3545 5019//3546
f 5020//3547 5021//3548 5022//3549
f 5023//3550 5024//3551 5025//3552
f 5012//3539 5016//3543 5010//3537
f 5026//3553 5027//3554 5028//3555
f 5029//3556 5031//3557 5030//3557
f 5032//3558 5033//3559 5034//3560
f 5035//3561 5036//3562 5037//3563
f 5038//3564 5039//3565 5040//3566
f 5041//3567 5042//3568 5043//3569
f 5044//3570 5045//3571 5046//3572
f 5047//3573 5048//3574 5049//3575
f 5046//3572 5050//3576 5044//3570
f 5051//3577 5052//3578 5053//3579
f 5054//3580 5055//3581 5056//3582
f 5057//3583 5058//3584 5059//3585
f 5060//3586 4890//3417 5061//3587
f 5062//3588 5063//3589 5064//3590
f 5065//3591 5066//3592 5055//3581
f 5067//3593 5068//3594 5069//3595
f 5070//3596 5071//3597 5072//3598
f 5073//3599 5074//3600 5066//3592
f 5075//3601 5076//3602 5077//3603
f 5078//3604 5079//3605 5080//3605
f 4997//3524 5081//3606 5082//3607
f 5083//3608 4912//3439 4911//3438
f 4963//3490 5084//3609 4964//3491
f 5085//3610 5074//3600 5086//3611
f 5087//3612 5088//3613 4911//3438
f 5089//3614 5090//3615 5091//3616
f 5092//3617 5093//3618 5094//3619
f 5095//3620 5011//3538 5096//3621
f 5097//3622 5025//3552 5098//3623
f 5099//3624 5100//3625 5101//3626
f 5102//3627 5103//3628 5104//3629
f 5105//3630 5106//3631 5107//3632
f 5108//3633 5109//3634 5110//3635
f 5111//3636 5112//3637 5113//3638
f 5114//3639 5115//3640 4910//3437
f 4873//3400 4870//3397 4874//3401
f 5116//3641 5117//3642 5118//3643
f 5119//3644 5120//3645 5121//3646
f 5122//3647 5123//3648 5124//3649
f 5115//3640 5075//3601 4910//3437
f 5081//3606 5035//3561 5125//3650
f 5126//3651 5127//3652 5128//3653
f 5129//3654 5130//3655 5131//3656
f 5132//3657 5133//3658 5134//3659
f 5135//3660 5136//3661 5137//3662
f 5138//3663 5139//3664 5140//3665
f 5003//3530 5002//3529 5004//3531
f 5141//3666 5142//3667 5050//3576
f 5143//3668 5144//3669 5145//3670
f 5146//3671 5147//3672 5148//3673
f 5149//3674 5098//3623 5025//3552
f 5150//3675 5151//3676 5152//3677
f 5153//3678 5150//3675 5154//3679
f 5155//3680 5156//3681 5154//3679
f 5085//3610 5097//3622 5155//3680
f 5157//3682 5000//3527 5158//3683
f 5149//3674 5159//3684 5098//3623
f 5160//3685 5162//3685 5161//3685
f 5163//3686 5164//3687 5165//3688
f 5166//3689 5167//3690 5168//3691
f 5168//3691 4940//3467 5169//3692
f 5170//3693 5171//3694 5172//3695
f 5173//3696 5174//3697 5175//3698
f 5176//3699 5177//3700 5178//3701
f 5179//3702 5180//3703 5181//3704
f 5054//3580 4913//3440 5182//3705
f 4956//3483 5183//3706 5184//3707
f 5183//3706 4956//3483 4955//3482
f 5185//3708 5187//3710 5186//3709
f 5188//3711 5189//3712 5112//3637
f 5153//3678 5156//3681 5159//3684
f 5176//3699 5174//3697 5173//3696
f 5049//3575 5190//3713 4914//3441
f 5191//3714 5192//3715 5193//3716
f 5139//3664 5138//3663 5194//3717
f 5195//3718 5196//3719 5197//3720
f 5198//3721 5199//3722 5200//3723
f 4966//3493 5201//3724 4907//3434
f 5202//3725 5203//3726 5204//3727
f 5205//3728 5206//3729 5207//3730
f 5208//3731 5130//3655 5209//3732
f 5210//3733 5211//3734 5212//3735
f 5213//3736 5214//3737 5215//3738
f 5216//3739 5205//3728 5217//3740
f 5009//3536 5218//3741 4994//3521
f 5219//3742 5127//3652 5126//3651
f 5220//3743 5221//3744 5222//3745
f 5223//3746 5224//3747 5225//3748
f 4944//3471 4943//3470 5226//3749
f 5227//3750 5228//3751 4944//3471
f 5229//3752 5230//3753 5157//3682
f 5231//3754 5232//3755 5233//3756
f 5234//3757 5235//3758 5236//3759
f 5237//3760 5238//3761 5239//3762
f 4876//3403 4879//3406 5240//3763
f 5241//3764 5242//3765 5108//3633
f 5243//3766 5244//3767 5245//3768
f 5246//3769 5247//3770 5248//3771
f 4899//3426 5166//3689 4900//3427
f 5249//3772 5250//3773 5251//3774
f 5252//3775 5253//3776 5254//3777
f 5255//3778 5256//3779 4888//3415
f 5257//3780 4949//3476 4948//3475
f 5258//3781 5259//3782 5260//3783
f 5261//3784 5262//3785 5263//3786
f 5264//3787 5265//3788 5266//3789
f 5267//3790 5268//3791 5269//3792
f 5270//3793 5224//3747 5271//3794
f 5272//3795 5273//3796 5274//3797
f 5275//3798 5276//3799 5277//3800
f 5278//3801 5279//3802 5280//3803
f 5281//3804 5282//3805 5283//3806
f 4912//3439 5284//3807 4910//3437
f 5285//3808 5286//3809 5287//3810
f 4964//3491 5288//3811 5289//3812
f 5290//3813 5291//3814 5292//3815
f 5293//3816 5216//3739 5217//3740
f 5294//3817 5207//3730 5206//3729
f 5157//3682 5295//3818 5296//3819
f 5145//3670 5297//3820 5298//3821
f 5299//3822 5158//3683 5300//3823
f 5301//3824 5231//3754 5302//3825
f 5294//3817 5303//3826 5304//3827
f 5104//3629 5305//3828 5306//3829
f 5307//3830 5308//3831 5309//3832
f 5310//3833 5311//3834 5312//3835
f 5313//3836 5315//3838 5314//3837
f 5316//3839 5317//3840 4937//3464
f 5225//3748 5289//3812 5288//3811
f 5089//3614 5073//3599 5065//3591
f 5315//3838 5318//3841 5319//3842
f 5320//3843 5321//3844 5318//3841
f 5322//3845 5323//3846 5324//3847
f 5042//3568 5325//3848 5326//3849
f 5327//3850 5321//3844 5328//3851
f 5329//3852 5330//3853 5189//3712
f 5224//3747 5223//3746 5293//3816
f 5331//3854 5332//3855 5333//3856
f 5314//3837 5334//3857 5335//3858
f 5314//3837 5336//3859 5334//3857
f 5118//3643 5337//3860 5338//3861
f 5324//3847 5323//3846 5339//3862
f 5340//3863 5341//3864 5342//3865
f 5343//3866 5342//3865 5344//3867
f 5345//3868 5346//3869 5347//3870
f 5348//3871 5345//3868 5349//3872
f 5350//3873 5349//3872 5328//3851
f 4891//3418 5060//3586 5351//3874
f 5352//3875 5353//3876 5351//3874
f 5200//3723 5354//3877 5198//3721
f 5350//3873 5356//3879 5355//3878
f 4909//3436 5357//3880 5358//3881
f 5359//3882 5360//3883 5361//3884
f 5362//3885 4884//3411 4885//3412
f 5101//3626 5363//3886 5364//3887
f 5057//3583 5365//3888 5352//3875
f 5262//3785 5366//3889 5158//3683
f 5367//3890 5368//3891 5369//3892
f 5007//3534 5220//3743 5008//3535
f 5132//3657 5134//3659 5370//3893
f 4977//3504 5330//3853 5371//3894
f 5350//3873 5348//3871 5349//3872
f 4935//3462 5373//3896 5372//3895
f 5036//3562 5374//3897 5375//3898
f 5376//3899 5377//3900 5378//3901
f 5379//3902 5365//3888 5380//3903
f 5096//3621 5381//3904 5095//3620
f 5382//3905 5383//3906 5384//3907
f 5385//3908 5386//3909 5387//3910
f 5388//3911 5231//3754 5301//3824
f 5389//3912 5150//3675 5153//3678
f 5390//3913 5049//3575 5391//3914
f 5392//3915 5339//3862 5341//3864
f 5393//3916 5343//3866 5344//3867
f 5394//3917 5344//3867 5347//3870
f 5347//3870 5346//3869 5394//3917
f 5395//3918 5396//3919 5070//3596
f 5350//3873 5355//3878 5348//3871
f 4912//3439 5397//3920 5398//3921
f 5345//3868 5348//3871 5346//3869
f 5133//3658 5339//3862 5392//3915
f 5399//3922 5394//3917 5346//3869
f 5328//3851 5356//3879 5350//3873
f 5088//3613 5400//3923 5401//3924
f 5073//3599 5091//3616 5023//3550
f 5402//3925 5403//3926 5136//3661
f 5404//3927 5405//3928 5406//3929
f 5404//3927 5328//3851 5405//3928
f 5407//3930 5408//3931 5409//3932
f 5381//3904 5410//3933 5411//3934
f 5291//3814 5290//3813 5412//3935
f 5036//3562 5412//3935 5037//3563
f 5035//3561 5037//3563 5125//3650
f 4965//3492 5413//3936 5414//3937
f 5415//3938 5416//3939 5417//3940
f 4945//3472 5418//3941 5419//3942
f 5289//3812 5413//3936 4965//3492
f 5420//3943 5421//3944 5422//3945
f 5423//3946 5006//3533 5424//3947
f 5425//3948 5426//3949 5427//3950
f 4981//3508 4969//3496 5428//3951
f 5429//3952 5430//3953 5431//3954
f 4998//3525 5432//3955 4953//3480
f 5433//3956 5325//3848 5041//3567
f 5434//3957 5435//3958 5436//3959
f 5437//3960 5236//3759 5235//3758
f 5361//3884 5438//3961 5439//3962
f 5103//3628 5440//3963 5441//3964
f 4915//3442 5075//3601 5115//3640
f 5389//3912 5298//3821 5151//3676
f 5068//3594 5442//3965 5443//3966
f 5242//3765 5444//3967 5338//3861
f 4889//3416 5445//3968 5446//3969
f 5447//3970 5448//3971 4982//3509
f 5449//3972 4913//3440 5054//3580
f 5450//3973 5452//3973 5451//3973
f 5223//3746 5288//3811 5232//3755
f 5082//3607 5453//3974 5454//3975
f 5455//3976 5456//3977 5457//3978
f 5458//3979 5459//3980 5460//3981
f 5461//3982 5462//3983 5463//3984
f 5464//3985 5465//3986 5432//3955
f 5466//3987 5192//3715 5316//3839
f 5081//3606 5125//3650 5453//3974
f 5446//3969 5445//3968 5196//3719
f 5467//3988 5468//3989 5469//3990
f 5470//3991 5028//3555 5027//3554
f 4959//3486 5440//3963 5102//3627
f 5089//3614 5182//3705 5115//3640
f 5471//3992 5297//3820 5472//3993
f 5473//3994 5474//3995 5475//3996
f 5476//3997 5477//3998 5478//3999
f 5476//3997 5478//3999 5479//4000
f 5480//4001 5476//3997 5479//4000
f 5480//4001 5479//4000 5481//4002
f 5482//4003 5480//4001 5481//4002
f 5483//4004 5027//3554 5484//4005
f 5172//3695 5171//3694 5276//3799
f 5246//3769 5485//4006 5486//4007
f 5233//3756 5302//3825 5231//3754
f 5248//3771 5487//4008 5246//3769
f 5488//4009 5485//4006 5489//4010
f 5490//4011 4901//3428 5491//4012
f 5485//4006 5488//4009 5492//4013
f 5493//4014 4989//3516 5494//4015
f 5495//4016 5233//3756 5084//3609
f 5496//4017 5497//4018 5498//4019
f 5246//3769 5499//4020 5500//4021
f 5246//3769 5501//4022 5499//4020
f 5502//4023 5503//4024 5504//4025
f 5505//4026 5506//4027 5507//4028
f 5508//4029 4920//3447 5509//4030
f 5510//4031 4990//3517 5511//4032
f 5512//4033 5129//3654 5513//4034
f 5514//4035 5515//4036 5516//4037
f 5517//4038 5514//4035 5516//4037
f 5518//4039 5519//4040 5520//4041
f 5244//3767 5243//3766 5521//4042
f 5092//3617 5245//3768 5093//3618
f 5522//4043 5129//3654 5512//4033
f 5523//4044 5522//4043 5512//4033
f 5524//4045 5512//4033 5525//4046
f 5524//4045 5526//4047 5527//4048
f 5525//4046 5526//4047 5524//4045
f 5242//3765 5338//3861 5528//4049
f 5529//4050 5092//3617 5530//4051
f 5531//4052 5532//4053 5533//4054
f 5534//4055 5535//4056 5442//3965
f 5536//4057 5537//4058 5302//3825
f 5538//4059 5539//4060 5540//4061
f 5130//3655 5522//4043 5523//4044
f 5527//4048 5526//4047 5541//4062
f 5525//4046 5487//4008 5526//4047
f 5109//3634 4982//3509 5471//3992
f 5542//4063 5245//3768 5092//3617
f 5529//4050 5543//4064 5542//4063
f 5544//4065 5545//4066 5264//3787
f 5546//4067 5228//3751 5547//4068
f 5254//3777 5509//4030 5548//4069
f 5548//4069 5208//3731 5254//3777
f 5548//4069 5509//4030 5513//4034
f 5523//4044 5527//4048 5130//3655
f 5523//4044 5524//4045 5527//4048
f 5523//4044 5512//4033 5524//4045
f 5399//3922 5348//3871 5355//3878
f 4902//3429 5257//3780 4948//3475
f 5549//4070 5530//4051 5550//4071
f 5551//4072 5552//4073 5553//4074
f 5061//3587 5554//4075 5057//3583
f 5555//4076 5021//3548 5020//3547
f 5556//4077 5557//4078 5558//4079
f 5343//3866 5559//4080 5466//3987
f 5560//4081 5333//3856 5332//3855
f 5226//3749 5364//3887 5360//3883
f 5180//3703 5184//3707 5561//4082
f 5026//3553 5562//4083 5563//4084
f 5026//3553 5563//4084 5515//4036
f 5564//4085 5407//3930 5409//3932
f 5565//4086 5484//4005 5566//4087
f 5567//4088 4894//3421 5273//3796
f 4992//3519 5005//3532 5004//3531
f 5513//4034 5131//3656 5548//4069
f 5568//4089 5212//3735 5569//4090
f 5518//4039 5214//3737 5566//4087
f 5570//4091 5571//4092 5572//4093
f 5573//4094 5574//4095 5444//3967
f 5575//4096 5181//3704 5180//3703
f 5136//3661 5135//3660 5407//3930
f 5576//4097 5319//3842 5328//3851
f 5577//4098 5508//4029 5253//3776
f 5420//3943 5422//3945 5578//4099
f 5442//3965 5579//4100 5580//4101
f 5436//3959 5581//4102 5434//3957
f 4989//3516 5500//4021 5499//4020
f 5203//3726 5244//3767 5521//4042
f 5582//4103 5119//3644 5583//4104
f 5584//4105 5585//4106 5586//4107
f 5515//4036 4962//3489 5587//4108
f 5384//3907 5383//3906 5588//4109
f 5589//4110 5384//3907 5588//4109
f 5589//4110 5588//4109 5590//4111
f 5591//4112 5589//4110 5590//4111
f 5591//4112 5590//4111 5592//4113
f 5486//4007 5593//4114 5594//4115
f 5595//4116 5596//4117 5597//4118
f 5595//4116 5597//4118 5598//4119
f 5599//4120 5595//4116 5598//4119
f 5599//4120 5598//4119 5600//4121
f 5601//4122 5599//4120 5600//4121
f 5601//4122 5600//4121 5602//4123
f 5603//4124 5601//4122 5602//4123
f 5603//4124 5602//4123 4961//3488
f 5340//3863 5604//4125 5370//3893
f 5605//4126 5186//3709 5606//4127
f 5501//4022 5487//4008 5494//4015
f 5103//3628 5607//4128 5305//3828
f 5608//4129 5609//4130 5610//4131
f 5611//4132 5612//4133 5613//4134
f 5186//3709 5234//3757 5122//3647
f 5614//4135 5615//4136 5616//4137
f 5123//3648 5124//3649 4897//3424
f 5617//4138 5618//4139 4896//3423
f 5560//4081 5619//4140 5333//3856
f 5431//3954 5620//4141 5621//4142
f 5576//4097 5336//3859 5319//3842
f 5622//4143 5623//4144 5624//4145
f 5625//4146 5626//4147 5618//4139
f 5627//4148 5628//4149 5629//4150
f 4893//3420 5630//4151 5631//4152
f 5632//4153 5406//3929 5633//4154
f 4938//3465 5634//4155 5059//3585
f 5620//4141 5430//3953 5635//4156
f 5636//4157 5464//3985 5637//4158
f 5368//3891 5137//3662 5322//3845
f 5085//3610 5216//3739 5293//3816
f 4966//3493 4894//3421 5631//4152
f 5332//3855 5638//4159 5639//4160
f 5044//3570 5142//3667 5638//4159
f 5148//3673 5640//4161 5641//4162
f 5578//4099 5266//3789 5620//4141
f 5642//4163 5547//4068 5643//4164
f 5644//4165 5645//4166 5646//4167
f 5521//4042 5243//3766 5517//4038
f 5647//4168 5648//4169 5649//4169
f 5544//4065 5264//3787 5266//3789
f 5578//4099 5544//4065 5266//3789
f 5650//4170 5651//4171 5225//3748
f 5431//3954 5430//3953 5620//4141
f 5429//3952 5431//3954 5621//4142
f 5425//3948 5621//4142 5652//4172
f 5625//4146 5427//3950 5626//4147
f 5653//4173 5654//4174 5655//4175
f 5044//3570 5638//4159 5332//3855
f 4921//3448 5252//3775 5503//4024
f 5327//3850 5319//3842 5318//3841
f 5656//4176 5657//4177 5658//4178
f 5635//4156 5578//4099 5620//4141
f 5429//3952 5425//3948 5659//4179
f 5427//3950 5426//3949 5626//4147
f 5545//4066 5422//3945 5272//3795
f 5660//4180 5661//4181 5427//3950
f 5662//4182 5663//4183 5533//4054
f 5023//3550 5025//3552 5097//3622
f 5664//4184 5665//4185 5666//4186
f 4896//3423 5124//3649 4897//3424
f 5667//4187 5668//4188 5645//4166
f 5656//4176 5669//4189 5657//4177
f 5670//4190 5671//4191 5658//4178
f 5658//4178 5657//4177 5670//4190
f 5672//4192 5671//4191 5670//4190
f 5672//4192 5670//4190 5673//4193
f 4943//3470 5364//3887 5226//3749
f 5665//4185 5674//4194 4896//3423
f 5675//4195 5674//4194 5307//3830
f 5250//3773 5676//4196 5549//4070
f 5144//3669 5159//3684 5149//3674
f 5677//4197 5678//4198 5534//4055
f 5674//4194 5665//4185 5664//4184
f 5307//3830 5674//4194 5664//4184
f 5284//3807 5398//3921 5024//3551
f 5539//4060 5679//4199 5680//4200
f 5561//4082 5184//3707 5183//3706
f 5618//4139 5681//4201 5625//4146
f 5131//3656 5208//3731 5548//4069
f 5195//3718 5682//4202 5496//4017
f 5484//4005 5565//4086 5683//4203
f 4978//3505 4968//3495 4967//3494
f 5024//3551 5149//3674 5025//3552
f 5684//4204 5685//4205 5686//4206
f 5628//4149 5364//3887 5363//3886
f 4924//3451 4925//3452 4919//3446
f 5673//4193 5064//3590 5687//4207
f 5273//3796 5357//3880 5274//3797
f 5619//4140 5640//4161 5688//4208
f 5689//4209 5619//4140 5688//4208
f 5689//4209 5688//4208 5690//4210
f 5691//4211 5689//4209 5690//4210
f 5691//4211 5690//4210 5609//4130
f 5207//3730 5270//3793 5271//3794
f 5692//4212 5608//4129 5610//4131
f 5692//4212 5610//4131 4905//3432
f 5671//4191 5672//4192 5687//4207
f 5596//4117 5693//4213 5597//4118
f 5694//4214 5695//4215 5696//4216
f 5697//4217 5698//4218 5699//4219
f 5312//3835 5700//4220 5637//4158
f 5701//4221 5702//4222 5467//3988
f 5076//3602 4995//3522 5703//4223
f 5704//4224 5705//4225 5706//4226
f 5622//4143 5707//4227 5623//4144
f 5708//4228 5709//4229 5710//4229
f 5711//4230 5712//4231 5713//4232
f 5711//4230 5713//4232 5260//3783
f 5259//3782 5711//4230 5260//3783
f 5714//4233 5715//4234 5449//3972
f 5716//4235 5309//3832 5717//4236
f 5379//3902 5634//4155 5718//4237
f 5719//4238 5720//4239 5555//4076
f 5721//4240 5722//4240 5723//4240
f 5288//3811 5084//3609 5232//3755
f 5458//3979 5460//3981 5724//4241
f 5587//4108 5382//3905 5725//4242
f 5726//4243 5727//4244 5728//4245
f 5729//4246 4929//3456 4928//3455
f 5149//3674 5398//3921 5144//3669
f 5370//3893 5604//4125 5132//3657
f 5730//4247 5558//4079 5557//4078
f 5643//4164 4958//3485 5304//3827
f 5568//4089 5685//4205 5731//4248
f 4957//3484 5304//3827 4958//3485
f 5732//4249 5019//3546 5018//3545
f 5387//3910 5713//4232 5712//4231
f 5733//4250 5686//4206 5734//4251
f 5152//3677 4864//3391 5735//4252
f 5736//4253 5175//3698 5737//4254
f 4941//3468 5738//4255 4939//3466
f 5307//3830 5072//3598 5308//3831
f 5739//4256 5701//4221 5740//4257
f 5413//3936 5306//3829 5305//3828
f 5369//3892 5368//3891 5728//4245
f 5633//4154 5311//3834 5632//4153
f 4881//3408 4880//3407 4877//3404
f 5741//4258 5742//4259 5677//4197
f 5743//4260 4906//3433 5744//4261
f 5745//4262 5746//4263 5318//3841
f 5133//3658 5324//3847 5339//3862
f 5747//4264 5417//3940 5748//4264
f 5388//3911 5223//3746 5232//3755
f 5749//4265 5750//4265 5751//4266
f 5752//4267 5753//4268 5265//3788
f 5296//3819 5229//3752 5157//3682
f 4967//3494 4980//3507 5754//4269
f 5498//4019 5755//4270 5756//4271
f 5158//3683 5299//3822 5267//3790
f 5489//4010 5500//4021 4989//3516
f 5144//3669 5397//3920 5377//3900
f 5715//4234 4914//3441 5449//3972
f 4917//3444 4918//3445 5372//3895
f 5757//4272 5391//3914 5140//3665
f 5545//4066 5274//3797 5357//3880
f 5205//3728 5271//3794 5217//3740
f 5619//4140 5758//4273 5640//4161
f 5020//3547 5759//4274 5760//4275
f 5201//3724 5761//4276 5644//4165
f 5298//3821 4864//3391 5151//3676
f 5495//4016 4963//3490 5230//3753
f 5245//3768 5094//3619 5093//3618
f 5623//4144 4920//3447 4922//3449
f 5762//4277 5763//4277 5764//4278
f 5517//4038 5515//4036 5514//4035
f 5765//4279 5669//4189 5656//4176
f 5336//3859 5766//4280 5767//4281
f 5176//3699 5178//3701 5174//3697
f 5509//4030 5253//3776 5508//4029
f 5015//3542 5010//3537 5016//3543
f 5411//3934 5017//3544 5019//3546
f 4909//3436 5646//4167 5753//4268
f 5562//4083 5730//4247 5557//4078
f 5456//3977 5443//3966 5768//4282
f 5355//3878 5769//4283 5399//3922
f 5770//4284 5128//3653 5283//3806
f 5771//4285 5772//4286 5773//4287
f 5376//3899 5145//3670 5377//3900
f 5487//4008 5248//3771 5247//3770
f 5774//4288 4949//3476 5257//3780
f 5775//4289 5776//4290 5777//4291
f 5565//4086 5213//3736 5778//4292
f 5779//4293 5592//4113 5780//4293
f 5134//3659 5133//3658 5392//3915
f 5781//4294 5782//4295 5177//3700
f 5651//4171 5306//3829 5225//3748
f 5783//4296 5784//4297 5053//3579
f 5110//3635 5471//3992 5472//3993
f 5159//3684 5389//3912 5153//3678
f 4981//3508 5435//3958 4979//3506
f 5736//4253 5785//4298 5575//4096
f 5786//4299 5235//3758 5122//3647
f 5643//4164 5304//3827 5787//4300
f 5482//4003 5788//4301 5170//3693
f 5726//4243 5463//3984 5727//4244
f 4986//3513 5760//4275 5759//4274
f 5401//3924 5378//3901 5083//3608
f 5789//4302 5790//4303 5791//4304
f 5391//3914 5792//4305 5714//4233
f 5397//3920 5378//3901 5377//3900
f 4864//3391 5793//4306 4865//3392
f 5794//3685 5796//4307 5795//4307
f 5342//3865 5221//3744 5343//3866
f 5220//3743 5344//3867 5343//3866
f 5454//3975 5379//3902 5797//4308
f 4866//3393 5798//4309 5735//4252
f 5735//4252 4864//3391 4866//3393
f 4886//3413 5615//4136 4887//3414
f 4891//3418 5351//3874 5353//3876
f 5353//3876 4889//3416 4891//3418
f 4894//3421 5567//4088 5219//3742
f 5567//4088 5799//4310 5127//3652
f 5219//3742 5567//4088 5127//3652
f 5659//4179 5661//4181 5127//3652
f 5799//4310 5659//4179 5127//3652
f 4893//3420 5631//4152 4894//3421
f 5800//4311 5630//4151 4893//3420
f 4892//3419 4946//3473 4893//3420
f 4946//3473 5800//4311 4893//3420
f 5219//3742 5126//3651 4894//3421
f 5126//3651 4892//3419 4894//3421
f 4898//3425 5801//4312 4899//3426
f 4901//3428 5490//4011 4902//3429
f 4904//3431 5692//4212 4905//3432
f 4909//3436 5358//3881 4907//3434
f 4907//3434 5201//3724 4908//3435
f 4908//3435 5802//4313 4909//3436
f 4910//3437 5075//3601 4911//3438
f 4915//3442 5115//3640 5182//3705
f 5182//3705 4913//3440 4915//3442
f 4920//3447 5508//4029 4921//3448
f 4937//3464 5317//3840 5803//4314
f 5317//3840 5718//4237 5803//4314
f 5803//4314 5634//4155 4938//3465
f 4938//3465 5804//4315 4936//3463
f 4937//3464 5803//4314 4938//3465
f 4939//3466 5169//3692 4940//3467
f 4944//3471 5228//3751 4942//3469
f 4942//3469 5165//3688 4943//3470
f 5282//3805 5141//3666 5050//3576
f 4945//3472 5419//3942 4946//3473
f 5419//3942 5805//4316 4946//3473
f 5282//3805 5050//3576 4947//3474
f 5050//3576 4945//3472 4947//3474
f 4947//3474 5770//4284 5282//3805
f 4946//3473 5128//3653 4947//3474
f 5805//4316 5800//4311 4946//3473
f 4951//3478 5035//3561 5806//4317
f 4952//3479 4997//3524 4953//3480
f 4951//3478 5806//4317 4952//3479
f 5374//3897 5036//3562 4951//3478
f 4953//3480 5807//4318 4951//3478
f 5807//4318 5374//3897 4951//3478
f 4954//3481 4898//3425 4955//3482
f 4959//3486 5650//4170 5270//3793
f 5270//3793 4957//3484 4959//3486
f 4960//3487 5603//4124 4961//3488
f 5458//3979 5001//3528 4965//3492
f 5001//3528 4963//3490 4965//3492
f 5358//3881 5273//3796 4907//3434
f 5273//3796 4894//3421 4907//3434
f 5793//4306 5297//3820 4984//3511
f 5297//3820 4982//3509 4984//3511
f 4982//3509 5808//4319 4983//3510
f 4988//3515 5488//4009 5489//4010
f 5489//4010 4989//3516 4988//3515
f 4989//3516 5493//4014 4990//3517
f 4996//3523 5703//4223 4995//3522
f 4995//3522 4915//3442 4914//3441
f 4914//3441 5190//3713 4996//3523
f 4997//3524 5310//3833 4998//3525
f 5001//3528 5263//3786 5000//3527
f 5000//3527 5230//3753 4963//3490
f 5402//3925 5564//4085 5423//3946
f 5564//4085 5409//3932 5636//4157
f 5423//3946 5564//4085 5636//4157
f 5424//3947 5006//3533 5008//3535
f 5006//3533 5633//4154 5007//3534
f 5423//3946 5424//3947 5402//3925
f 5008//3535 5403//3926 5424//3947
f 5403//3926 5402//3925 5424//3947
f 5633//4154 5406//3929 5007//3534
f 5010//3537 5809//4320 5011//3538
f 5023//3550 5091//3616 5024//3551
f 5028//3555 5730//4247 5026//3553
f 5026//3553 5515//4036 5027//3554
f 5810//4321 5811//3556 5030//3557
f 5030//3557 5813//3557 5812//4322
f 5813//3557 5815//3556 5814//4323
f 5816//3557 5030//3557 5811//3556
f 5815//3556 5818//3557 5817//4324
f 5813//3557 5818//3557 5815//3556
f 5817//4324 5820//4322 5819//3556
f 5820//4322 5817//4324 5818//3557
f 5818//3557 5031//3557 5821//4325
f 5813//3557 5031//3557 5818//3557
f 5821//4325 5823//3556 5822//4326
f 5823//3556 5825//3557 5824//3556
f 5825//3557 5031//3557 5826//4327
f 5031//3557 5828//4329 5827//4328
f 5827//4328 5828//4329 5829//4330
f 5828//4329 5029//3556 5830//4331
f 5031//3557 5029//3556 5828//4329
f 5830//4331 5029//3556 5831//4332
f 5029//3556 5833//3557 5832//4333
f 5832//4333 5833//3557 5834//4333
f 5833//3557 5029//3556 5816//3557
f 5816//3557 5836//4334 5835//3557
f 5836//4334 5816//3557 5811//3556
f 5030//3557 5031//3557 5813//3557
f 5030//3557 5816//3557 5029//3556
f 5821//4325 5825//3557 5823//3556
f 5825//3557 5821//4325 5031//3557
f 5035//3561 4951//3478 5036//3562
f 5658//4178 5671//4191 5038//3564
f 5038//3564 5687//4207 5039//3565
f 5687//4207 5063//3589 5039//3565
f 5040//3566 5837//4335 5658//4178
f 5040//3566 5658//4178 5038//3564
f 5042//3568 5668//4188 5043//3569
f 5043//3569 5667//4187 5041//3567
f 5667//4187 5838//4336 5041//3567
f 5044//3570 5331//3854 5045//3571
f 5331//3854 5419//3942 5045//3571
f 5045//3571 5418//3941 5046//3572
f 5049//3575 5390//3913 5047//3573
f 5390//3913 5551//4072 5839//4337
f 5047//3573 5390//3913 5839//4337
f 5048//3574 5840//4338 5049//3575
f 5046//3572 4945//3472 5050//3576
f 5050//3576 5142//3667 5044//3570
f 5053//3579 5841//4339 5051//3577
f 5052//3578 5783//4296 5053//3579
f 5380//3903 5365//3888 5059//3585
f 5365//3888 5057//3583 5059//3585
f 5057//3583 5352//3875 5351//3874
f 5060//3586 4891//3418 4890//3417
f 5057//3583 5351//3874 5061//3587
f 5351//3874 5060//3586 5061//3587
f 5716//4235 5063//3589 5062//3588
f 5063//3589 5687//4207 5064//3590
f 5069//3595 5702//4222 5739//4256
f 5739//4256 5842//4340 5069//3595
f 5842//4340 5067//3593 5069//3595
f 5433//3956 5843//4341 5538//4059
f 5433//3956 5538//4059 5071//3597
f 5326//3849 5325//3848 5071//3597
f 5325//3848 5433//3956 5071//3597
f 5395//3918 5070//3596 5072//3598
f 5070//3596 5326//3849 5071//3597
f 5666//4186 5396//3919 5395//3918
f 5072//3598 5664//4184 5666//4186
f 5072//3598 5666//4186 5395//3918
f 5077//3603 5087//3612 4911//3438
f 4911//3438 5075//3601 5077//3603
f 5844//4342 5845//4343 5846//3605
f 5846//3605 5080//3605 5844//4342
f 5080//3605 5847//4344 5848//3604
f 5847//4344 5849//4345 5848//3604
f 5848//3604 5078//3604 5080//3605
f 5078//3604 5850//3604 5851//4346
f 5850//3604 5852//4344 5851//4346
f 5851//4346 5079//3605 5078//3604
f 5079//3605 5853//4347 5854//3605
f 5855//3604 5079//3605 5854//3605
f 5853//4347 5856//3605 5854//3605
f 5856//3605 5857//3605 5854//3605
f 5854//3605 5858//4348 5859//3604
f 5855//3604 5854//3605 5859//3604
f 5855//3604 5860//4349 5861//4350
f 5861//4350 5862//4351 5863//4352
f 5863//4352 5864//4353 5861//4350
f 5864//4353 5865//4354 5866//4355
f 5866//4355 5867//4356 5868//4357
f 5864//4353 5866//4355 5080//3605
f 5868//4357 5869//4358 5844//4342
f 5866//4355 5868//4357 5844//4342
f 5866//4355 5844//4342 5080//3605
f 5864//4353 5080//3605 5079//3605
f 5079//3605 5855//3604 5864//4353
f 5855//3604 5861//4350 5864//4353
f 5082//3607 5454//3975 5870//4359
f 5454//3975 5871//4360 5870//4359
f 5870//4359 4997//3524 5082//3607
f 4997//3524 4952//3479 5081//3606
f 4952//3479 5806//4317 5081//3606
f 5081//3606 5453//3974 5082//3607
f 4963//3490 5495//4016 5084//3609
f 5089//3614 5114//3639 5090//3615
f 5094//3619 5203//3726 5530//4051
f 5203//3726 5202//3725 5530//4051
f 5202//3725 5204//3727 5872//4361
f 5872//4361 5530//4051 5202//3725
f 5530//4051 5092//3617 5094//3619
f 5095//3620 5012//3539 5011//3538
f 5156//3681 5155//3680 5098//3623
f 5155//3680 5097//3622 5098//3623
f 5101//3626 4943//3470 5165//3688
f 5165//3688 5873//4362 5101//3626
f 5873//4362 5099//3624 5101//3626
f 5104//3629 5651//4171 5102//3627
f 5651//4171 5650//4170 5102//3627
f 5650//4170 4959//3486 5102//3627
f 5874//4363 5106//3631 5875//4364
f 5106//3631 5194//3717 5107//3632
f 5875//4364 5106//3631 5105//3630
f 5194//3717 5876//4365 5877//4366
f 5194//3717 5877//4366 5107//3632
f 5110//3635 5376//3899 5108//3633
f 5108//3633 5242//3765 5109//3634
f 5111//3636 5188//3711 5112//3637
f 4910//3437 5284//3807 5114//3639
f 5284//3807 5090//3615 5114//3639
f 4873//3400 4871//3398 4870//3397
f 5118//3643 5878//4367 5116//3641
f 5878//4367 5879//4368 5880//4369
f 5878//4367 5880//4369 5116//3641
f 5117//3642 5531//4052 5118//3643
f 5051//3577 5841//4339 5121//3646
f 5841//4339 5119//3644 5121//3646
f 5124//3649 5881//4370 5786//4299
f 5786//4299 5122//3647 5124//3649
f 5081//3606 5806//4317 5035//3561
f 5127//3652 5661//4181 5882//4371
f 5661//4181 5660//4180 5882//4371
f 5660//4180 5681//4201 5883//4372
f 5681//4201 5617//4138 5883//4372
f 5883//4372 5882//4371 5660//4180
f 5128//3653 4946//3473 5126//3651
f 4946//3473 4892//3419 5126//3651
f 5882//4371 5128//3653 5127//3652
f 5129//3654 5522//4043 5130//3655
f 5132//3657 5461//3982 5133//3658
f 5140//3665 5268//3791 5138//3663
f 5268//3791 5267//3790 5299//3822
f 5138//3663 5268//3791 5299//3822
f 5003//3530 4999//3526 5002//3529
f 5146//3671 5258//3781 5147//3672
f 5157//3682 5230//3753 5000//3527
f 5884//3685 5886//4307 5885//3685
f 5886//4307 5884//3685 5887//3685
f 5887//3685 5889//3685 5888//3685
f 5884//3685 5889//3685 5887//3685
f 5888//3685 5889//3685 5890//3685
f 5890//3685 5892//3685 5891//3685
f 5892//3685 5893//4307 5891//3685
f 5891//3685 5893//4307 5894//3685
f 5894//3685 5896//4307 5895//3685
f 5893//4307 5896//4307 5894//3685
f 5895//3685 5896//4307 5897//3685
f 5897//3685 5899//4307 5898//3685
f 5898//3685 5899//4307 5900//3685
f 5900//3685 5161//3685 5162//3685
f 5162//3685 5160//3685 5901//4307
f 5901//4307 5160//3685 5902//3685
f 5160//3685 5903//3685 5902//3685
f 5902//3685 5903//3685 5904//3685
f 5904//3685 5903//3685 5905//4307
f 5906//4307 5907//3685 5905//4307
f 5907//3685 5906//4307 5908//3685
f 5906//4307 5909//4307 5908//3685
f 5908//3685 5909//4307 5910//4307
f 5910//4307 5912//3685 5911//4307
f 5909//4307 5912//3685 5910//4307
f 5911//4307 5912//3685 5913//3685
f 5913//3685 5915//3685 5914//3685
f 5915//3685 5916//4307 5914//3685
f 5916//4307 5918//4307 5917//4373
f 5917//4373 5919//4374 5918//4307
f 5919//4374 5918//4307 5920//3685
f 5916//4307 5915//3685 5918//4307
f 5905//4307 5903//3685 5906//4307
f 5896//4307 5899//4307 5897//3685
f 5913//3685 5912//3685 5915//3685
f 5892//3685 5890//3685 5889//3685
f 5899//4307 5161//3685 5900//3685
f 5921//4375 5653//4173 5873//4362
f 5653//4173 5099//3624 5873//4362
f 5873//4362 5165//3688 5164//3687
f 5165//3688 4942//3469 5922//4376
f 5164//3687 5921//4375 5873//4362
f 5165//3688 5922//4376 5923//4377
f 5165//3688 5923//4377 5163//3686
f 5168//3691 5167//3690 4940//3467
f 5170//3693 5788//4301 5171//3694
f 5176//3699 5781//4294 5177//3700
f 5182//3705 5065//3591 5054//3580
f 5065//3591 5055//3581 5054//3580
f 5185//3708 5924//4378 4897//3424
f 5924//4378 5883//4372 4895//3422
f 4897//3424 5924//4378 4895//3422
f 4897//3424 5186//3709 5185//3708
f 5186//3709 5187//3710 5606//4127
f 5188//3711 5329//3852 5189//3712
f 5154//3679 5156//3681 5153//3678
f 5156//3681 5098//3623 5159//3684
f 5049//3575 5840//4338 5190//3713
f 5193//3716 5745//4262 5191//3714
f 5745//4262 5925//4379 5191//3714
f 5925//4379 5317//3840 5191//3714
f 5317//3840 5316//3839 5191//3714
f 5195//3718 5446//3969 5196//3719
f 4966//3493 5761//4276 5201//3724
f 5209//3732 5926//4380 5208//3731
f 5926//4380 5249//3772 5252//3775
f 5208//3731 5926//4380 5254//3777
f 5251//3774 5250//3773 5504//4025
f 5250//3773 5927//4381 5504//4025
f 5541//4062 5209//3732 5527//4048
f 5527//4048 5209//3732 5130//3655
f 5249//3772 5251//3774 5503//4024
f 5251//3774 5504//4025 5503//4024
f 5503//4024 5252//3775 5249//3772
f 5252//3775 5254//3777 5926//4380
f 5210//3733 5738//4255 5211//3734
f 5215//3738 5585//4106 5213//3736
f 5585//4106 5584//4105 5570//4091
f 5584//4105 5571//4092 5570//4091
f 5570//4091 5778//4292 5585//4106
f 5778//4292 5213//3736 5585//4106
f 5009//3536 5416//3939 5218//3741
f 5226//3749 5441//3964 4944//3471
f 5441//3964 5440//3963 4944//3471
f 4944//3471 5440//3963 5227//3750
f 5440//3963 4958//3485 5227//3750
f 5234//3757 5122//3647 5235//3758
f 5414//3937 5239//3762 5238//3761
f 5239//3762 5439//3962 5237//3760
f 4876//3403 4875//3402 5240//3763
f 5241//3764 5444//3967 5242//3765
f 4899//3426 5167//3690 5166//3689
f 5252//3775 5577//4098 5253//3776
f 5256//3779 4886//3413 4888//3415
f 4888//3415 5874//4363 5255//3778
f 5874//4363 5875//4364 5928//4382
f 5874//4363 5928//4382 5255//3778
f 5258//3781 5146//3671 5259//3782
f 5261//3784 5929//4383 5262//3785
f 5264//3787 5752//4267 5265//3788
f 5272//3795 5421//3944 5273//3796
f 5275//3798 5172//3695 5276//3799
f 5930//4384 5774//4288 5280//3803
f 5774//4288 5278//3801 5280//3803
f 5281//3804 5141//3666 5282//3805
f 4912//3439 5398//3921 5284//3807
f 5931//4385 5932//4386 5933//4387
f 5932//4386 5934//4388 5935//4387
f 5935//4387 5936//4389 5937//4387
f 5937//4387 5938//4386 5285//3808
f 5935//4387 5937//4387 5285//3808
f 5938//4386 5939//4385 5285//3808
f 5285//3808 5940//4387 5941//4390
f 5941//4390 5942//4391 5943//4392
f 5943//4392 5944//4393 5286//3809
f 5286//3809 5945//4394 5946//4395
f 5946//4395 5947//4385 5948//4396
f 5947//4385 5949//4397 5948//4396
f 5948//4396 5950//4398 5951//4385
f 5946//4395 5948//4396 5286//3809
f 5951//4385 5952//4399 5287//3810
f 5948//4396 5287//3810 5286//3809
f 5287//3810 5953//4400 5473//3994
f 5951//4385 5287//3810 5948//4396
f 5953//4400 5474//3995 5473//3994
f 5473//3994 5933//4387 5287//3810
f 5935//4387 5933//4387 5932//4386
f 5285//3808 5941//4390 5943//4392
f 5943//4392 5286//3809 5285//3808
f 5285//3808 5287//3810 5935//4387
f 5933//4387 5935//4387 5287//3810
f 5291//3814 5375//3898 5374//3897
f 5374//3897 5954//4401 5291//3814
f 5954//4401 5292//3815 5291//3814
f 5292//3815 5277//3800 4889//3416
f 4889//3416 5290//3813 5292//3815
f 5294//3817 4957//3484 5207//3730
f 5298//3821 5143//3668 5145//3670
f 5145//3670 5472//3993 5297//3820
f 5955//4402 5876//4365 5138//3663
f 5876//4365 5194//3717 5138//3663
f 5138//3663 5299//3822 5955//4402
f 5955//4402 5299//3822 5300//3823
f 5294//3817 5206//3729 5303//3826
f 5680//4200 5717//4236 5956//4403
f 5717//4236 5309//3832 5308//3831
f 5956//4403 5717//4236 5308//3831
f 5309//3832 5675//4195 5307//3830
f 5871//4360 5925//4379 5310//3833
f 5925//4379 5745//4262 5311//3834
f 5766//4280 5632//4153 5311//3834
f 5925//4379 5311//3834 5310//3833
f 5745//4262 5766//4280 5311//3834
f 5310//3833 4997//3524 5870//4359
f 5870//4359 5871//4360 5310//3833
f 5432//3955 4998//3525 5464//3985
f 4998//3525 5310//3833 5312//3835
f 5312//3835 5464//3985 4998//3525
f 4936//3463 5957//4404 4937//3464
f 5957//4404 5316//3839 4937//3464
f 5225//3748 5306//3829 5289//3812
f 5091//3616 5073//3599 5089//3614
f 5073//3599 5066//3592 5065//3591
f 5324//3847 5133//3658 5463//3984
f 5133//3658 5461//3982 5463//3984
f 5463//3984 5726//4243 5324//3847
f 5726//4243 5322//3845 5324//3847
f 5042//3568 5041//3567 5325//3848
f 5329//3852 5371//3894 5330//3853
f 5293//3816 5217//3740 5224//3747
f 5217//3740 5271//3794 5224//3747
f 5331//3854 5044//3570 5332//3855
f 5338//3861 5444//3967 5878//4367
f 5878//4367 5118//3643 5338//3861
f 5741//4258 5958//4405 5354//3877
f 5354//3877 5624//4145 5198//3721
f 5200//3723 5741//4258 5354//3877
f 5607//4128 5360//3883 5359//3882
f 5360//3883 5628//4149 5361//3884
f 5362//3885 4885//3412 5959//3885
f 5101//3626 5100//3625 5363//3886
f 5300//3823 5158//3683 5960//4406
f 5158//3683 5000//3527 5263//3786
f 5960//4406 5158//3683 5366//3889
f 5263//3786 5262//3785 5158//3683
f 5369//3892 5728//4245 5367//3890
f 5728//4245 5727//4244 5462//3983
f 5367//3890 5728//4245 5462//3983
f 5007//3534 5406//3929 5405//3928
f 5405//3928 5221//3744 5007//3534
f 5221//3744 5220//3743 5007//3534
f 5220//3743 5222//3745 5008//3535
f 5222//3745 5403//3926 5008//3535
f 4977//3504 4973//3500 5330//3853
f 4935//3462 4934//3461 5372//3895
f 5291//3814 5412//3935 5375//3898
f 5412//3935 5036//3562 5375//3898
f 5378//3901 5241//3764 5376//3899
f 5241//3764 5108//3633 5376//3899
f 5096//3621 5961//4407 5381//3904
f 5382//3905 5962//4408 5383//3906
f 5385//3908 5963//4409 5386//3909
f 5388//3911 5232//3755 5231//3754
f 5389//3912 5151//3676 5150//3675
f 5715//4234 5792//4305 5049//3575
f 5792//4305 5391//3914 5049//3575
f 5391//3914 5757//4272 5390//3913
f 4912//3439 5083//3608 5397//3920
f 5401//3924 5083//3608 4911//3438
f 4911//3438 5088//3613 5401//3924
f 5023//3550 5086//3611 5073//3599
f 5086//3611 5074//3600 5073//3599
f 5381//3904 5961//4407 5410//3933
f 5238//3761 5459//3980 5414//3937
f 5459//3980 4965//3492 5414//3937
f 5415//3938 5218//3741 5416//3939
f 4945//3472 5046//3572 5418//3941
f 5418//3941 5045//3571 5419//3942
f 4965//3492 4964//3491 5289//3812
f 5289//3812 5306//3829 5413//3936
f 5430//3953 5421//3944 5420//3943
f 5421//3944 5272//3795 5422//3945
f 5423//3946 5964//4410 5006//3533
f 5425//3948 5652//4172 5426//3949
f 4981//3508 4980//3507 4969//3496
f 5429//3952 5421//3944 5430//3953
f 5838//4336 5843//4341 5041//3567
f 5843//4341 5433//3956 5041//3567
f 5434//3957 4979//3506 5435//3958
f 5235//3758 5786//4299 5965//4411
f 5786//4299 5883//4372 5965//4411
f 5965//4411 5437//3960 5235//3758
f 5439//3962 5239//3762 5361//3884
f 5239//3762 5966//4412 5359//3882
f 5361//3884 5239//3762 5359//3882
f 5103//3628 5102//3627 5440//3963
f 4915//3442 4995//3522 5075//3601
f 5389//3912 5143//3668 5298//3821
f 5443//3966 5455//3976 5068//3594
f 5068//3594 5067//3593 5579//4100
f 5067//3593 5842//4340 5579//4100
f 5579//4100 5442//3965 5068//3594
f 5442//3965 5535//4056 5443//3966
f 5535//4056 5768//4282 5443//3966
f 4889//3416 5277//3800 5445//3968
f 5447//3970 5783//4296 5967//4413
f 5447//3970 5967//4413 5968//4414
f 5969//4415 5784//4297 5528//4049
f 5784//4297 5447//3970 5528//4049
f 4982//3509 5528//4049 5447//3970
f 5448//3971 5808//4319 4982//3509
f 5447//3970 5968//4414 5448//3971
f 5054//3580 5056//3582 5449//3972
f 5056//3582 5714//4233 5449//3972
f 5450//3973 5971//4417 5970//4416
f 5971//4417 5973//3973 5972//3973
f 5972//3973 5973//3973 5974//4417
f 5973//3973 5976//3973 5975//3973
f 5971//4417 5450//3973 5973//3973
f 5976//3973 5451//3973 5977//3973
f 5451//3973 5979//3973 5978//4417
f 5979//3973 5981//4417 5980//4417
f 5981//4417 5983//3973 5982//4418
f 5983//3973 5451//3973 5452//3973
f 5981//4417 5451//3973 5983//3973
f 5452//3973 5450//3973 5984//4417
f 5984//4417 5986//4417 5985//4417
f 5986//4417 5988//4419 5987//4417
f 5989//4417 5988//4419 5986//4417
f 5989//4417 5986//4417 5450//3973
f 5451//3973 5973//3973 5450//3973
f 5451//3973 5976//3973 5973//3973
f 5979//3973 5451//3973 5981//4417
f 5984//4417 5450//3973 5986//4417
f 5223//3746 5225//3748 5288//3811
f 5457//3978 5467//3988 5702//4222
f 5069//3595 5068//3594 5455//3976
f 5457//3978 5702//4222 5069//3595
f 5775//4289 5777//4291 5456//3977
f 5777//4291 5457//3978 5456//3977
f 5773//4287 5772//4286 5768//4282
f 5772//4286 5775//4289 5768//4282
f 5456//3977 5768//4282 5775//4289
f 5069//3595 5455//3976 5457//3978
f 5458//3979 4965//3492 5459//3980
f 5132//3657 5462//3983 5461//3982
f 5462//3983 5727//4244 5463//3984
f 5316//3839 5957//4404 5990//4420
f 5957//4404 5991//4421 5990//4420
f 5991//4421 5992//4422 5990//4420
f 5990//4420 5466//3987 5316//3839
f 5466//3987 5769//4283 5192//3715
f 5769//4283 5356//3879 5193//3716
f 5192//3715 5191//3714 5316//3839
f 5769//4283 5193//3716 5192//3715
f 5519//4040 5993//4423 5469//3990
f 5993//4423 5467//3988 5469//3990
f 5467//3988 5457//3978 5468//3989
f 5457//3978 5777//4291 5468//3989
f 5468//3989 5520//4041 5469//3990
f 5470//3991 5558//4079 5028//3555
f 4959//3486 4958//3485 5440//3963
f 5115//3640 5114//3639 5089//3614
f 5089//3614 5065//3591 5182//3705
f 5471//3992 4982//3509 5297//3820
f 5483//4004 5470//3991 5027//3554
f 5233//3756 5536//4057 5302//3825
f 5491//4012 5111//3636 5113//3638
f 5113//3638 5490//4011 5491//4012
f 5536//4057 5233//3756 5495//4016
f 5233//3756 5232//3755 5084//3609
f 5496//4017 5682//4202 5497//4018
f 5199//3722 5198//3721 5504//4025
f 5198//3721 5502//4023 5504//4025
f 5994//4424 5995//4425 5996//4426
f 5995//4425 5506//4027 5996//4426
f 5506//4027 5034//3560 5033//3559
f 5033//3559 5997//4427 5998//4428
f 5997//4427 5999//4429 5998//4428
f 5998//4428 6000//4430 6001//4431
f 6000//4430 6002//4429 6001//4431
f 6001//4431 6003//4432 6004//4433
f 6004//4433 6005//4434 6006//4435
f 6006//4435 6007//4436 6008//4437
f 6008//4437 6009//4438 5507//4028
f 5507//4028 6010//4439 6011//4440
f 6010//4439 6012//4441 6013//4442
f 6014//4443 6010//4439 6013//4442
f 6014//4443 6011//4440 6010//4439
f 6011//4440 6015//4444 5505//4026
f 5506//4027 5505//4026 5996//4426
f 6011//4440 5505//4026 5507//4028
f 5506//4027 5033//3559 6004//4433
f 5998//4428 6001//4431 6004//4433
f 5506//4027 6004//4433 5507//4028
f 6004//4433 6006//4435 5507//4028
f 5998//4428 6004//4433 5033//3559
f 6006//4435 6008//4437 5507//4028
f 5510//4031 4988//3515 4990//3517
f 5520//4041 5468//3989 5777//4291
f 5776//4290 5775//4289 5585//4106
f 5775//4289 5772//4286 5586//4107
f 5520//4041 5777//4291 5215//3738
f 5777//4291 5776//4290 5215//3738
f 5519//4040 5469//3990 5520//4041
f 5511//4032 5993//4423 5519//4040
f 5215//3738 5518//4039 5520//4041
f 5518//4039 5511//4032 5519//4040
f 5586//4107 5585//4106 5775//4289
f 5585//4106 5215//3738 5776//4290
f 5571//4092 5584//4105 5772//4286
f 5584//4105 5586//4107 5772//4286
f 5772//4286 5771//4285 5571//4092
f 5337//3860 5969//4415 5338//3861
f 5969//4415 5528//4049 5338//3861
f 5528//4049 5109//3634 5242//3765
f 5529//4050 5542//4063 5092//3617
f 5531//4052 5117//3642 5532//4053
f 5534//4055 5678//4198 5535//4056
f 5536//4057 5229//3752 5537//4058
f 5540//4061 5956//4403 5071//3597
f 5956//4403 5308//3831 5071//3597
f 5308//3831 5072//3598 5071//3597
f 5071//3597 5538//4059 5540//4061
f 5109//3634 5528//4049 4982//3509
f 5544//4065 5578//4099 5545//4066
f 6016//4445 5922//4376 4942//3469
f 5228//3751 5227//3750 5643//4164
f 6016//4445 4942//3469 6017//4446
f 4942//3469 5228//3751 5546//4067
f 6017//4446 4942//3469 5546//4067
f 5228//3751 5643//4164 5547//4068
f 5399//3922 5346//3869 5348//3871
f 4950//3477 4903//3430 4948//3475
f 4903//3430 4902//3429 4948//3475
f 5549//4070 5529//4050 5530//4051
f 5530//4051 5872//4361 5550//4071
f 6018//4447 5839//4337 5551//4072
f 5551//4072 5613//4134 5552//4073
f 5553//4074 6018//4447 5551//4072
f 5804//4315 5554//4075 5061//3587
f 5554//4075 5058//3584 5057//3583
f 5555//4076 5720//4239 5021//3548
f 5558//4079 5470//3991 5483//4004
f 5483//4004 5572//4093 5558//4079
f 5572//4093 5556//4077 5558//4079
f 5992//4422 5991//4421 5367//3890
f 5367//3890 5462//3983 5992//4422
f 5462//3983 5132//3657 5466//3987
f 5992//4422 5462//3983 5466//3987
f 5132//3657 5604//4125 5466//3987
f 5604//4125 5343//3866 5466//3987
f 5393//3916 5344//3867 5394//3917
f 5393//3916 5394//3917 5559//4080
f 5394//3917 5399//3922 5559//4080
f 5559//4080 5769//4283 5466//3987
f 5343//3866 5393//3916 5559//4080
f 5466//3987 5990//4420 5992//4422
f 5332//3855 5639//4160 5560//4081
f 5639//4160 5619//4140 5560//4081
f 5360//3883 5607//4128 5441//3964
f 5607//4128 5103//3628 5441//3964
f 5441//3964 5226//3749 5360//3883
f 5180//3703 5179//3702 5184//3707
f 5273//3796 5421//3944 5567//4088
f 5421//3944 5429//3952 5799//4310
f 5567//4088 5421//3944 5799//4310
f 4992//3519 4991//3518 5005//3532
f 5513//4034 5129//3654 5131//3656
f 5568//4089 5210//3733 5212//3735
f 5518//4039 5215//3738 5214//3737
f 5214//3737 5213//3736 5566//4087
f 5571//4092 5556//4077 5572//4093
f 5572//4093 5683//4203 5778//4292
f 5778//4292 5570//4091 5572//4093
f 5878//4367 5444//3967 6019//4448
f 5444//3967 5241//3764 5573//4094
f 5878//4367 6019//4448 6020//4449
f 5241//3764 5401//3924 5400//3923
f 5241//3764 5400//3923 5573//4094
f 5879//4368 5878//4367 6020//4449
f 6019//4448 5444//3967 5574//4095
f 5575//4096 5785//4298 5181//3704
f 5135//3660 5408//3931 5407//3930
f 5407//3930 5564//4085 5136//3661
f 5564//4085 5402//3925 5136//3661
f 5577//4098 4921//3448 5508//4029
f 5545//4066 5578//4099 5422//3945
f 5578//4099 5635//4156 5420//3943
f 5635//4156 5430//3953 5420//3943
f 5436//3959 6021//4450 5581//4102
f 5499//4020 5501//4022 4989//3516
f 5501//4022 5494//4015 4989//3516
f 5203//3726 5094//3619 5244//3767
f 5583//4104 5655//4175 5582//4103
f 5582//4103 5120//3645 5119//3644
f 5587//4108 5725//4242 5515//4036
f 5515//4036 5563//4084 4962//3489
f 5511//4032 6022//4451 6023//4452
f 6022//4451 5247//3770 6023//4452
f 6023//4452 5247//3770 5246//3769
f 5246//3769 5486//4007 5594//4115
f 6023//4452 5246//3769 5594//4115
f 5370//3893 5134//3659 5340//3863
f 5340//3863 5342//3865 5604//4125
f 5342//3865 5343//3866 5604//4125
f 5501//4022 5246//3769 5487//4008
f 5359//3882 5966//4412 5607//4128
f 5966//4412 5305//3828 5607//4128
f 5305//3828 5104//3629 5103//3628
f 5608//4129 5691//4211 5609//4130
f 5663//4183 6024//4453 5611//4132
f 5612//4133 5552//4073 5613//4134
f 5663//4183 5611//4132 5613//4134
f 5614//4135 4887//3414 5615//4136
f 5576//4097 5766//4280 5336//3859
f 4921//3448 5624//4145 5623//4144
f 5624//4145 5354//3877 5622//4143
f 4921//3448 5623//4144 4922//3449
f 5354//3877 5958//4405 5622//4143
f 6025//4454 5438//3961 5361//3884
f 5628//4149 5363//3886 6026//4455
f 5363//3886 5614//4135 5616//4137
f 5628//4149 6026//4455 5629//4150
f 6025//4454 5361//3884 5628//4149
f 5627//4148 6025//4454 5628//4149
f 5616//4137 6027//4456 5363//3886
f 6027//4456 6026//4455 5363//3886
f 5632//4153 5404//3927 5406//3929
f 5634//4155 5380//3903 5059//3585
f 5059//3585 5058//3584 4938//3465
f 5058//3584 5554//4075 4938//3465
f 5554//4075 5804//4315 4938//3465
f 5637//4158 5700//4220 5964//4410
f 5700//4220 5633//4154 5006//3533
f 5964//4410 5700//4220 5006//3533
f 5964//4410 5423//3946 5637//4158
f 5423//3946 5636//4157 5637//4158
f 5636//4157 5465//3986 5464//3985
f 5464//3985 5312//3835 5637//4158
f 5726//4243 5728//4245 5322//3845
f 5728//4245 5368//3891 5322//3845
f 5137//3662 5323//3846 5322//3845
f 5293//3816 5388//3911 5085//3610
f 5388//3911 5301//3824 5085//3610
f 5148//3673 5147//3672 5640//4161
f 5517//4038 5516//4037 5204//3727
f 5204//3727 5203//3726 5517//4038
f 5203//3726 5521//4042 5517//4038
f 5649//4169 6028//4457 5647//4168
f 6028//4457 6029//4458 5647//4168
f 5225//3748 5224//3747 5650//4170
f 5224//3747 5270//3793 5650//4170
f 5655//4175 5583//4104 5653//4173
f 5653//4173 5921//4375 5654//4174
f 5198//3721 5624//4145 5502//4023
f 5624//4145 4921//3448 5503//4024
f 4921//3448 5577//4098 5252//3775
f 5503//4024 5502//4023 5624//4145
f 5327//3850 5328//3851 5319//3842
f 5318//3841 5321//3844 5327//3850
f 5658//4178 5837//4335 5656//4176
f 5837//4335 5765//4279 5656//4176
f 5429//3952 5621//4142 5425//3948
f 5425//3948 5427//3950 5659//4179
f 5659//4179 5799//4310 5429//3952
f 5659//4179 5427//3950 5661//4181
f 5427//3950 5625//4146 5660//4180
f 5625//4146 5681//4201 5660//4180
f 5533//4054 5532//4053 5662//4182
f 5662//4182 6024//4453 5663//4183
f 5097//3622 5085//3610 5086//3611
f 5086//3611 5023//3550 5097//3622
f 4896//3423 5124//3649 5881//4370
f 5667//4187 5043//3569 5668//4188
f 4943//3470 5101//3626 5364//3887
f 5549//4070 5550//4071 5250//3773
f 5550//4071 5927//4381 5250//3773
f 5250//3773 5249//3772 5676//4196
f 5249//3772 5926//4380 5676//4196
f 5676//4196 5790//4303 5549//4070
f 5790//4303 5789//4302 5549//4070
f 5144//3669 5143//3668 5159//3684
f 5677//4197 5742//4259 5678//4198
f 5091//3616 5090//3615 5024//3551
f 5090//3615 5284//3807 5024//3551
f 5956//4403 5540//4061 5680//4200
f 5540//4061 5539//4060 5680//4200
f 5539//4060 6030//4459 5679//4199
f 5618//4139 5617//4138 5681//4201
f 5131//3656 5130//3655 5208//3731
f 5195//3718 5197//3720 5682//4202
f 5572//4093 5483//4004 5683//4203
f 5483//4004 5484//4005 5683//4203
f 5565//4086 5778//4292 5683//4203
f 4967//3494 5754//4269 4975//3502
f 4975//3502 4978//3505 4967//3494
f 5024//3551 5398//3921 5149//3674
f 5684//4204 5731//4248 5685//4205
f 5628//4149 5360//3883 5364//3887
f 4924//3451 4916//3443 4919//3446
f 5273//3796 5358//3881 5357//3880
f 5207//3730 4957//3484 5270//3793
f 5687//4207 5038//3564 5671//4191
f 5672//4192 5673//4193 5687//4207
f 5596//4117 6031//4460 5693//4213
f 5698//4218 5697//4217 6032//4461
f 6032//4461 6033//4462 6034//4463
f 6034//4463 6035//4464 6036//4465
f 6036//4465 6037//4466 5706//4226
f 5706//4226 5705//4225 5695//4215
f 5695//4215 6038//4467 6039//4468
f 6039//4468 6040//4469 5695//4215
f 6040//4469 6041//4470 6042//4471
f 5695//4215 6040//4469 5696//4216
f 6042//4471 6043//4472 5696//4216
f 5696//4216 6044//4473 6045//4474
f 6045//4474 6046//4475 5696//4216
f 6046//4475 6047//4476 5694//4214
f 5694//4214 6048//4466 6049//4477
f 6048//4466 6050//4478 6049//4477
f 6050//4478 6051//4479 6049//4477
f 6049//4477 5698//4218 5694//4214
f 5698//4218 6032//4461 6034//4463
f 6034//4463 6036//4465 5695//4215
f 6036//4465 5706//4226 5695//4215
f 5696//4216 6040//4469 6042//4471
f 5694//4214 5696//4216 6046//4475
f 5698//4218 6034//4463 5694//4214
f 5694//4214 6034//4463 5695//4215
f 5312//3835 5311//3834 5700//4220
f 5467//3988 5487//4008 5701//4221
f 5487//4008 5740//4257 5701//4221
f 5701//4221 5739//4256 5702//4222
f 5076//3602 5075//3601 4995//3522
f 5622//4143 5958//4405 5707//4227
f 6052//4480 6053//4228 5709//4229
f 6053//4228 6054//4481 6055//4228
f 5709//4229 6053//4228 6055//4228
f 6055//4228 6056//4482 5710//4229
f 5709//4229 6055//4228 5710//4229
f 5710//4229 6057//4483 6058//4228
f 6059//4228 5710//4229 6058//4228
f 6058//4228 6060//4484 6059//4228
f 6060//4484 6061//4485 6059//4228
f 6059//4228 6062//4228 5708//4228
f 6062//4228 6063//4486 6064//4229
f 6064//4229 6065//4229 5708//4228
f 6065//4229 6066//4228 6067//4229
f 6066//4228 6068//4487 6067//4229
f 6067//4229 6069//4488 6070//4229
f 6065//4229 6067//4229 5708//4228
f 6070//4229 6071//4228 6072//4483
f 6073//4229 6070//4229 6072//4483
f 6073//4229 6074//4480 6075//4489
f 6075//4489 5708//4228 6073//4229
f 5708//4228 6076//4490 6077//4228
f 6073//4229 5708//4228 6070//4229
f 6077//4228 6078//4486 5709//4229
f 5709//4229 6079//4491 6052//4480
f 5710//4229 6059//4228 5708//4228
f 6062//4228 6064//4229 5708//4228
f 6067//4229 6070//4229 5708//4228
f 6077//4228 5709//4229 5708//4228
f 5714//4233 5792//4305 5715//4234
f 5717//4236 5680//4200 5063//3589
f 5680//4200 5679//4199 5039//3565
f 5679//4199 6030//4459 6080//4492
f 6080//4492 5040//3566 5679//4199
f 5040//3566 5039//3565 5679//4199
f 5039//3565 5063//3589 5680//4200
f 5063//3589 5716//4235 5717//4236
f 5716//4235 5883//4372 5309//3832
f 5925//4379 5797//4308 5718//4237
f 5797//4308 5379//3902 5718//4237
f 5379//3902 5380//3903 5634//4155
f 5634//4155 5803//4314 5718//4237
f 5718//4237 5317//3840 5925//4379
f 5719//4238 5732//4249 5720//4239
f 6081//4240 5721//4240 6082//4240
f 5721//4240 6083//4493 6084//4240
f 5722//4240 6084//4240 6085//4240
f 5721//4240 6084//4240 5722//4240
f 5722//4240 6086//4240 6087//4240
f 6086//4240 6088//4240 6087//4240
f 6087//4240 5723//4240 5722//4240
f 5723//4240 6089//4240 6090//4240
f 6089//4240 6090//4240 6091//4494
f 6090//4240 6092//4240 6082//4240
f 6092//4240 6082//4240 6093//4495
f 6093//4495 6094//4496 6095//4240
f 6095//4240 6096//4240 6082//4240
f 6082//4240 6081//4240 6097//4495
f 5721//4240 5723//4240 6090//4240
f 5721//4240 6090//4240 6082//4240
f 6093//4495 6095//4240 6082//4240
f 5288//3811 4964//3491 5084//3609
f 5261//3784 5263//3786 5724//4241
f 5263//3786 5001//3528 5458//3979
f 5724//4241 5263//3786 5458//3979
f 5587//4108 5962//4408 5382//3905
f 5729//4246 6098//4246 4929//3456
f 5730//4247 5028//3555 5558//4079
f 5643//4164 5227//3750 4958//3485
f 5568//4089 5569//4090 5685//4205
f 4957//3484 5294//3817 5304//3827
f 5732//4249 5719//4238 5019//3546
f 5387//3910 5386//3909 5713//4232
f 5733//4250 5684//4204 5686//4206
f 5152//3677 5151//3676 4864//3391
f 5736//4253 5173//3696 5175//3698
f 4941//3468 5211//3734 5738//4255
f 5307//3830 5664//4184 5072//3598
f 5580//4101 5579//4100 5740//4257
f 5579//4100 5842//4340 5740//4257
f 5842//4340 5739//4256 5740//4257
f 5305//3828 5966//4412 5413//3936
f 5966//4412 5239//3762 5414//3937
f 5413//3936 5966//4412 5414//3937
f 5633//4154 5700//4220 5311//3834
f 4881//3408 4880//3407 4883//3410
f 5743//4260 4904//3431 4906//3433
f 5318//3841 5315//3838 6099//4497
f 5315//3838 5313//3836 6100//4498
f 5313//3836 6101//4499 6102//4500
f 6102//4500 6103//4501 5313//3836
f 6103//4501 6100//4498 5313//3836
f 6100//4498 6099//4497 5315//3838
f 6099//4497 5745//4262 5318//3841
f 5318//3841 5746//4263 5320//3843
f 5747//4264 5415//3938 5417//3940
f 5388//3911 5293//3816 5223//3746
f 6104//4502 6105//4503 5751//4266
f 6105//4503 5749//4265 5751//4266
f 5296//3819 5537//4058 5229//3752
f 4967//3494 4969//3496 4980//3507
f 5498//4019 5497//4018 5755//4270
f 5267//3790 5269//3792 5158//3683
f 5269//3792 5295//3818 5158//3683
f 5295//3818 5157//3682 5158//3683
f 5144//3669 5398//3921 5397//3920
f 5049//3575 4914//3441 5715//4234
f 4914//3441 4913//3440 5449//3972
f 4917//3444 5372//3895 5373//3896
f 5545//4066 5272//3795 5274//3797
f 5205//3728 5207//3730 5271//3794
f 5619//4140 5669//4189 5758//4273
f 5020//3547 6106//4504 5759//4274
f 5644//4165 5802//4313 5201//3724
f 5802//4313 4908//3435 5201//3724
f 5298//3821 5297//3820 4864//3391
f 5230//3753 5229//3752 5495//4016
f 5229//3752 5536//4057 5495//4016
f 5245//3768 5244//3767 5094//3619
f 5623//4144 5707//4227 4920//3447
f 6107//4505 6108//4278 5764//4278
f 6108//4278 5762//4277 5764//4278
f 5517//4038 5243//3766 5515//4036
f 5765//4279 5758//4273 5669//4189
f 5766//4280 5745//4262 5767//4281
f 5767//4281 6109//4506 5336//3859
f 6109//4506 5334//3857 5336//3859
f 5509//4030 5254//3777 5253//3776
f 5015//3542 5809//4320 5010//3537
f 5411//3934 5410//3933 5017//3544
f 5753//4268 5752//4267 5357//3880
f 5752//4267 5264//3787 5357//3880
f 5264//3787 5545//4066 5357//3880
f 5357//3880 4909//3436 5753//4268
f 4909//3436 5802//4313 5646//4167
f 5802//4313 5644//4165 5646//4167
f 5646//4167 5265//3788 5753//4268
f 5562//4083 5026//3553 5730//4247
f 5456//3977 5455//3976 5443//3966
f 5356//3879 5769//4283 5355//3878
f 5769//4283 5559//4080 5399//3922
f 5770//4284 4947//3474 5128//3653
f 5128//3653 5882//4371 5283//3806
f 5283//3806 5282//3805 5770//4284
f 5376//3899 5110//3635 5145//3670
f 5110//3635 5472//3993 5145//3670
f 5145//3670 5144//3669 5377//3900
f 5774//4288 5930//4384 4949//3476
f 5565//4086 5566//4087 5213//3736
f 5779//4293 5591//4112 5592//4113
f 5392//3915 5341//3864 5134//3659
f 5341//3864 5340//3863 5134//3659
f 5781//4294 5733//4250 5782//4295
f 5651//4171 5104//3629 5306//3829
f 5783//4296 5447//3970 5784//4297
f 5110//3635 5109//3634 5471//3992
f 5159//3684 5143//3668 5389//3912
f 4981//3508 5428//3951 5435//3958
f 5736//4253 5737//4254 5785//4298
f 5303//3826 5787//4300 5304//3827
f 5787//4300 5798//4309 5642//4163
f 5643//4164 5787//4300 5642//4163
f 5482//4003 5481//4002 5788//4301
f 4986//3513 4985//3512 5760//4275
f 5401//3924 5241//3764 5378//3901
f 5676//4196 5926//4380 5790//4303
f 5926//4380 5209//3732 5791//4304
f 5790//4303 5926//4380 5791//4304
f 5209//3732 5511//4032 5791//4304
f 5791//4304 5543//4064 5789//4302
f 5543//4064 5529//4050 5789//4302
f 5529//4050 5549//4070 5789//4302
f 5397//3920 5083//3608 5378//3901
f 4864//3391 5297//3820 5793//4306
f 6110//3685 6111//3685 5920//3685
f 5920//3685 6112//4307 5919//4374
f 6112//4307 5920//3685 6111//3685
f 6111//3685 6110//3685 6113//3685
f 6113//3685 6110//3685 6114//4307
f 6110//3685 6115//3685 6114//4307
f 6114//4307 6115//3685 6116//3685
f 6116//3685 6115//3685 6117//3685
f 6117//3685 5795//4307 5796//4307
f 5796//4307 5794//3685 6118//3685
f 6117//3685 6115//3685 5795//4307
f 6118//3685 5885//3685 6119//3685
f 6119//3685 5885//3685 5886//4307
f 5885//3685 6118//3685 5794//3685
f 5342//3865 5222//3745 5221//3744
f 5221//3744 5393//3916 5343//3866
f 5344//3867 5220//3743 5221//3744
f 5220//3743 5343//3866 5342//3865
f 5125//3650 5365//3888 5379//3902
f 5797//4308 5925//4379 5871//4360
f 5453//3974 5125//3650 5379//3902
f 5797//4308 5871//4360 5454//3975
f 5454//3975 5453//3974 5379//3902
l 4856 4857
l 4851 4852
l 4851 4860
l 4847 4862
l 4854 4857
l 4844 4845
l 4844 4850
l 4845 4852
l 4858 4859
l 4860 4861
l 4858 4862
l 4848 4849
l 4855 4856
l 4848 4853
l 4859 4861
l 4855 4863
l 4846 4847
l 4849 4850
l 4853 4854
l 4846 4863
